#include <lvgl.h>

static const uint8_t velaguard_img_icon_rainbow_rain_blue_8_data[] =
{
  0x00, 0x00, 0x00, 0x00, 0x00, 0x00, 0x00, 0x00, 0x00, 0x00, 0x00, 0x00, 0x00, 0x00, 0x00, 0x00,
  0x00, 0x00, 0x00, 0x00, 0x00, 0x00, 0x00, 0x00, 0x00, 0x00, 0x00, 0x00, 0x00, 0x00, 0x00, 0x00,
  0x00, 0x00, 0x00, 0x00, 0x00, 0x00, 0x00, 0x00, 0x00, 0x00, 0x00, 0x00, 0x00, 0x00, 0x00, 0x00,
  0x00, 0x00, 0x00, 0x00, 0x00, 0x00, 0x00, 0x00, 0x00, 0x00, 0x00, 0x00, 0x00, 0x00, 0xff, 0x7f,
  0xff, 0xaf, 0xff, 0x67, 0xbf, 0x7e, 0x5f, 0x55, 0x00, 0x00, 0x00, 0x00, 0x00, 0x00, 0x00, 0x00,
  0x00, 0x00, 0x00, 0x00, 0x00, 0x00, 0x00, 0x00, 0x00, 0x00, 0x00, 0x00, 0x00, 0x00, 0x00, 0x00,
  0x00, 0x00, 0x00, 0x00, 0x00, 0x00, 0x00, 0x00, 0x00, 0x00, 0xff, 0xaf, 0xff, 0x7f, 0xbf, 0x7e,
  0xff, 0xaf, 0xff, 0x07, 0x00, 0x00, 0x00, 0x00, 0x00, 0x00, 0x00, 0x00, 0x00, 0x00, 0x00, 0x00,
  0x00, 0x00, 0x00, 0x00, 0x00, 0x00, 0x00, 0x00, 0x00, 0x00, 0x00, 0x00, 0x00, 0x00, 0x00, 0x00,
  0x00, 0x00, 0x00, 0x00, 0x00, 0x00, 0x00, 0x00, 0x00, 0x00, 0x00, 0x00, 0x00, 0x00, 0x00, 0x00,
  0x00, 0x00, 0x00, 0x00, 0x00, 0x00, 0x00, 0x00, 0x00, 0x00, 0x00, 0x00, 0x00, 0x00, 0x00, 0x00,
  0x00, 0x00, 0x00, 0x00, 0x00, 0x00, 0x00, 0x00, 0x00, 0x00, 0x00, 0x00, 0x00, 0x00, 0x00, 0x00,
  0x00, 0x00, 0x00, 0x00, 0x00, 0x00, 0x00, 0x00, 0x00, 0x00, 0x00, 0x00, 0x00, 0x00, 0x00, 0x00,
  0x00, 0x00, 0x00, 0x00, 0x00, 0x00, 0x00, 0x00, 0x00, 0x00, 0x00, 0x00, 0x00, 0x00, 0x00, 0x00,
  0x00, 0x00, 0x00, 0x00, 0x00, 0x00, 0x00, 0x00, 0x00, 0x00, 0xff, 0x07, 0xff, 0x7f, 0xff, 0x7f,
  0x00, 0x00, 0x00, 0x00, 0x00, 0x00, 0x00, 0x00, 0x00, 0x00, 0xff, 0x6e, 0x5f, 0x77, 0x5f, 0x7f,
  0x5f, 0x7f, 0x5f, 0x7f, 0x3f, 0x77, 0x5f, 0x7f, 0x7f, 0x7f, 0x5f, 0x7f, 0x7f, 0x7f, 0x5f, 0x7f,
  0x5f, 0x77, 0x5f, 0x7f, 0x5f, 0x7f, 0x5f, 0x7f, 0x5f, 0x77, 0x7f, 0x77, 0x00, 0x00, 0x00, 0x00,
  0x00, 0x00, 0x00, 0x00, 0xff, 0xff, 0xff, 0x7d, 0xff, 0x7f, 0xff, 0x07, 0x00, 0x00, 0x00, 0x00,
  0x00, 0x00, 0x00, 0x00, 0x00, 0x00, 0x00, 0x00, 0x00, 0x00, 0x00, 0x00, 0x00, 0x00, 0x00, 0x00,
  0x00, 0x00, 0x00, 0x00, 0x00, 0x00, 0x00, 0x00, 0x00, 0x00, 0x00, 0x00, 0x00, 0x00, 0x00, 0x00,
  0x00, 0x00, 0x00, 0x00, 0x00, 0x00, 0x00, 0x00, 0x00, 0x00, 0x00, 0x00, 0x00, 0x00, 0x00, 0x00,
  0x00, 0x00, 0x00, 0x00, 0x00, 0x00, 0x00, 0x00, 0x00, 0x00, 0x00, 0x00, 0x00, 0x00, 0x00, 0x00,
  0x00, 0x00, 0x00, 0x00, 0x00, 0x00, 0x00, 0x00, 0x00, 0x00, 0x00, 0x00, 0x00, 0x00, 0x00, 0x00,
  0x00, 0x00, 0x00, 0x00, 0x00, 0x00, 0x00, 0x00, 0x00, 0x00, 0x00, 0x00, 0x00, 0x00, 0x00, 0x00,
  0x00, 0x00, 0x00, 0x00, 0x00, 0x00, 0x00, 0x00, 0x00, 0x00, 0x00, 0x00, 0x00, 0x00, 0x00, 0x00,
  0x00, 0x00, 0x00, 0x00, 0xff, 0x7f, 0x7f, 0x66, 0x1f, 0x77, 0x5f, 0x77, 0x5f, 0x7f, 0x5f, 0x7f,
  0x5f, 0x7f, 0x5f, 0x7f, 0x5f, 0x7f, 0x5f, 0x7f, 0x7f, 0x7f, 0xbf, 0x87, 0x9f, 0x7f, 0xbf, 0x87,
  0x7f, 0x7f, 0x5f, 0x7f, 0x5f, 0x7f, 0x5f, 0x7f, 0x5f, 0x7f, 0x5f, 0x7f, 0x3f, 0x7f, 0x5f, 0x7f,
  0x3f, 0x6f, 0xbf, 0x7e, 0xff, 0x7f, 0x00, 0x00, 0x00, 0x00, 0x00, 0x00, 0x00, 0x00, 0x00, 0x00,
  0x00, 0x00, 0x00, 0x00, 0x00, 0x00, 0x00, 0x00, 0x00, 0x00, 0x00, 0x00, 0x00, 0x00, 0x00, 0x00,
  0x00, 0x00, 0x00, 0x00, 0x00, 0x00, 0x00, 0x00, 0x00, 0x00, 0x00, 0x00, 0x00, 0x00, 0x00, 0x00,
  0x00, 0x00, 0x00, 0x00, 0x00, 0x00, 0x00, 0x00, 0x00, 0x00, 0x00, 0x00, 0x00, 0x00, 0x00, 0x00,
  0x00, 0x00, 0x00, 0x00, 0x00, 0x00, 0x00, 0x00, 0x00, 0x00, 0x00, 0x00, 0x00, 0x00, 0x00, 0x00,
  0x00, 0x00, 0x00, 0x00, 0x00, 0x00, 0x00, 0x00, 0x00, 0x00, 0x00, 0x00, 0x00, 0x00, 0x00, 0x00,
  0x00, 0x00, 0x00, 0x00, 0x00, 0x00, 0x00, 0x00, 0x00, 0x00, 0x00, 0x00, 0x00, 0x00, 0x00, 0x00,
  0x00, 0x00, 0x00, 0x00, 0x00, 0x00, 0x00, 0x00, 0x1f, 0x00, 0xff, 0x57, 0xdf, 0x6e, 0xff, 0xff,
  0x00, 0x00, 0x00, 0x00, 0x3f, 0x7f, 0x5f, 0x7f, 0x5f, 0x7f, 0x3f, 0x7f, 0x5f, 0x7f, 0x5f, 0x7f,
  0x5f, 0x7f, 0x5f, 0x7f, 0x5f, 0x7f, 0x7f, 0x7f, 0xbf, 0x87, 0xff, 0x87, 0xff, 0x87, 0xff, 0x87,
  0xff, 0x87, 0xff, 0x87, 0xbf, 0x87, 0x7f, 0x7f, 0x3f, 0x7f, 0x3f, 0x7f, 0x3f, 0x7f, 0x3f, 0x7f,
  0x5f, 0x87, 0x1f, 0x7f, 0x1f, 0x7f, 0x1f, 0x7f, 0x00, 0x00, 0x00, 0x00, 0x00, 0x00, 0xff, 0x7b,
  0xbf, 0x7e, 0x5f, 0x55, 0x1f, 0x00, 0x00, 0x00, 0x00, 0x00, 0x00, 0x00, 0x00, 0x00, 0x00, 0x00,
  0x00, 0x00, 0x00, 0x00, 0x00, 0x00, 0x00, 0x00, 0x00, 0x00, 0x00, 0x00, 0x00, 0x00, 0x00, 0x00,
  0x00, 0x00, 0x00, 0x00, 0x00, 0x00, 0x00, 0x00, 0x00, 0x00, 0x00, 0x00, 0x00, 0x00, 0x00, 0x00,
  0x00, 0x00, 0x00, 0x00, 0x00, 0x00, 0x00, 0x00, 0x00, 0x00, 0x00, 0x00, 0x00, 0x00, 0x00, 0x00,
  0x00, 0x00, 0x00, 0x00, 0x00, 0x00, 0x00, 0x00, 0x00, 0x00, 0x00, 0x00, 0x00, 0x00, 0x00, 0x00,
  0x00, 0x00, 0x00, 0x00, 0x00, 0x00, 0x00, 0x00, 0x00, 0x00, 0x00, 0x00, 0x00, 0x00, 0x00, 0x00,
  0x00, 0x00, 0x00, 0x00, 0x00, 0x00, 0x00, 0x00, 0xff, 0x07, 0x1f, 0x00, 0x00, 0x00, 0x00, 0x00,
  0x00, 0x00, 0x5f, 0x77, 0x3f, 0x77, 0x5f, 0x7f, 0x5f, 0x7f, 0x5f, 0x7f, 0x5f, 0x7f, 0xff, 0x87,
  0xdf, 0x87, 0xbf, 0x87, 0x7f, 0x7f, 0x5f, 0x7f, 0x5f, 0x7f, 0x5f, 0x7f, 0x5f, 0x7f, 0x5f, 0x7f,
  0x5f, 0x7f, 0x3f, 0x7f, 0x3f, 0x7f, 0x3f, 0x7f, 0x3f, 0x7f, 0x3f, 0x7f, 0x5f, 0x7f, 0x7f, 0x87,
  0x9f, 0x87, 0xff, 0x8f, 0x9f, 0x87, 0x1f, 0x7f, 0x1f, 0x7f, 0x1f, 0x7f, 0x3f, 0x7f, 0x9f, 0x76,
  0x00, 0x00, 0x00, 0x00, 0x00, 0x00, 0x00, 0x00, 0xff, 0x07, 0x00, 0x00, 0x00, 0x00, 0x00, 0x00,
  0x00, 0x00, 0x00, 0x00, 0x00, 0x00, 0x00, 0x00, 0x00, 0x00, 0x00, 0x00, 0x00, 0x00, 0x00, 0x00,
  0x00, 0x00, 0x00, 0x00, 0x00, 0x00, 0x00, 0x00, 0x00, 0x00, 0x00, 0x00, 0x00, 0x00, 0x00, 0x00,
  0x00, 0x00, 0x00, 0x00, 0x00, 0x00, 0x00, 0x00, 0x00, 0x00, 0x00, 0x00, 0x00, 0x00, 0x00, 0x00,
  0x00, 0x00, 0x00, 0x00, 0x00, 0x00, 0x00, 0x00, 0x00, 0x00, 0x00, 0x00, 0x00, 0x00, 0x00, 0x00,
  0x00, 0x00, 0x00, 0x00, 0x00, 0x00, 0x00, 0x00, 0x00, 0x00, 0x00, 0x00, 0x00, 0x00, 0x00, 0x00,
  0x00, 0x00, 0x00, 0x00, 0x00, 0x00, 0x00, 0x00, 0x00, 0x00, 0xff, 0x7f, 0xff, 0x7f, 0x00, 0x00,
  0x00, 0x00, 0x3f, 0x77, 0x5f, 0x7f, 0x5f, 0x7f, 0x5f, 0x7f, 0x7f, 0x7f, 0x5f, 0x7f, 0x5f, 0x7f,
  0x7f, 0x7f, 0x7f, 0x7f, 0x5f, 0x7f, 0x5f, 0x7f, 0x5f, 0x7f, 0x5f, 0x7f, 0x5f, 0x7f, 0x3f, 0x7f,
  0x3f, 0x7f, 0x3f, 0x7f, 0x3f, 0x7f, 0x3f, 0x7f, 0x3f, 0x7f, 0x1f, 0x7f, 0x1f, 0x7f, 0x1f, 0x7f,
  0x1f, 0x7f, 0x3f, 0x7f, 0x3f, 0x7f, 0x1f, 0x7f, 0x1f, 0x7f, 0x3f, 0x87, 0xff, 0x7e, 0xff, 0x7e,
  0xdf, 0x7e, 0xdf, 0x7e, 0x00, 0x00, 0x00, 0x00, 0xff, 0x7b, 0xff, 0x7f, 0x00, 0x00, 0x00, 0x00,
  0x00, 0x00, 0x00, 0x00, 0x00, 0x00, 0x00, 0x00, 0x00, 0x00, 0x00, 0x00, 0x00, 0x00, 0x00, 0x00,
  0x00, 0x00, 0x00, 0x00, 0x00, 0x00, 0x00, 0x00, 0x00, 0x00, 0x00, 0x00, 0x00, 0x00, 0x00, 0x00,
  0x00, 0x00, 0x00, 0x00, 0x00, 0x00, 0x00, 0x00, 0x00, 0x00, 0x00, 0x00, 0x00, 0x00, 0x00, 0x00,
  0x00, 0x00, 0x00, 0x00, 0x00, 0x00, 0x00, 0x00, 0x00, 0x00, 0x00, 0x00, 0x00, 0x00, 0x00, 0x00,
  0x00, 0x00, 0x00, 0x00, 0x00, 0x00, 0x00, 0x00, 0x00, 0x00, 0x00, 0x00, 0x00, 0x00, 0x00, 0x00,
  0x00, 0x00, 0x00, 0x00, 0x00, 0x00, 0x00, 0x00, 0xff, 0x57, 0xff, 0x7f, 0x00, 0x00, 0x00, 0x00,
  0x7f, 0x77, 0x3f, 0x7f, 0x5f, 0x7f, 0x7f, 0x7f, 0x5f, 0x7f, 0xdf, 0x87, 0xdf, 0x87, 0x7f, 0x7f,
  0x5f, 0x7f, 0x5f, 0x7f, 0x5f, 0x7f, 0x5f, 0x7f, 0x5f, 0x7f, 0x3f, 0x7f, 0x3f, 0x7f, 0x3f, 0x7f,
  0x3f, 0x7f, 0x3f, 0x7f, 0x1f, 0x7f, 0x1f, 0x7f, 0x1f, 0x7f, 0x1f, 0x7f, 0x1f, 0x7f, 0x1f, 0x7f,
  0x1f, 0x7f, 0x1f, 0x7f, 0xff, 0x7e, 0xff, 0x7e, 0xff, 0x7e, 0xff, 0x7e, 0x7f, 0x87, 0x9f, 0x8f,
  0xdf, 0x7e, 0xff, 0x7e, 0xdf, 0x7e, 0xdf, 0x7e, 0xdf, 0x7e, 0x00, 0x00, 0x00, 0x00, 0xff, 0x7d,
  0x5f, 0x55, 0x00, 0x00, 0x00, 0x00, 0x00, 0x00, 0x00, 0x00, 0x00, 0x00, 0x00, 0x00, 0x00, 0x00,
  0x00, 0x00, 0x00, 0x00, 0x00, 0x00, 0x00, 0x00, 0x00, 0x00, 0x00, 0x00, 0x00, 0x00, 0x00, 0x00,
  0x00, 0x00, 0x00, 0x00, 0x00, 0x00, 0x00, 0x00, 0x00, 0x00, 0x00, 0x00, 0x00, 0x00, 0x00, 0x00,
  0x00, 0x00, 0x00, 0x00, 0x00, 0x00, 0x00, 0x00, 0x00, 0x00, 0x00, 0x00, 0x00, 0x00, 0x00, 0x00,
  0x00, 0x00, 0x00, 0x00, 0x00, 0x00, 0x00, 0x00, 0x00, 0x00, 0x00, 0x00, 0x00, 0x00, 0x00, 0x00,
  0x00, 0x00, 0x00, 0x00, 0x00, 0x00, 0x00, 0x00, 0xff, 0x07, 0x00, 0x00, 0x00, 0x00, 0xff, 0x7f,
  0x9f, 0x7f, 0x5f, 0x77, 0x5f, 0x7f, 0x7f, 0x7f, 0x9f, 0x7f, 0x5f, 0x7f, 0x5f, 0x7f, 0x5f, 0x7f,
  0x5f, 0x7f, 0x3f, 0x7f, 0x3f, 0x7f, 0x3f, 0x7f, 0x3f, 0x7f, 0x3f, 0x7f, 0x3f, 0x7f, 0x3f, 0x7f,
  0x3f, 0x7f, 0x1f, 0x7f, 0x1f, 0x7f, 0x1f, 0x7f, 0x1f, 0x7f, 0x1f, 0x7f, 0x1f, 0x7f, 0x1f, 0x7f,
  0xff, 0x7e, 0xff, 0x7e, 0xff, 0x7e, 0xff, 0x7e, 0xff, 0x7e, 0xff, 0x7e, 0xdf, 0x7e, 0xdf, 0x7e,
  0xdf, 0x7e, 0xdf, 0x7e, 0x1f, 0x87, 0xff, 0x86, 0xdf, 0x7e, 0xbf, 0x7e, 0xbf, 0x7e, 0xff, 0x7f,
  0x00, 0x00, 0x00, 0x00, 0xff, 0x07, 0x00, 0x00, 0x00, 0x00, 0x00, 0x00, 0x00, 0x00, 0x00, 0x00,
  0x00, 0x00, 0x00, 0x00, 0x00, 0x00, 0x00, 0x00, 0x00, 0x00, 0x00, 0x00, 0x00, 0x00, 0x00, 0x00,
  0x00, 0x00, 0x00, 0x00, 0x00, 0x00, 0x00, 0x00, 0x00, 0x00, 0x00, 0x00, 0x00, 0x00, 0x00, 0x00,
  0x00, 0x00, 0x00, 0x00, 0x00, 0x00, 0x00, 0x00, 0x00, 0x00, 0x00, 0x00, 0x00, 0x00, 0x00, 0x00,
  0x00, 0x00, 0x00, 0x00, 0x00, 0x00, 0x00, 0x00, 0x00, 0x00, 0x00, 0x00, 0x00, 0x00, 0x00, 0x00,
  0x00, 0x00, 0x00, 0x00, 0x00, 0x00, 0x00, 0x00, 0x00, 0x00, 0xff, 0x7f, 0x00, 0x00, 0x00, 0x00,
  0x5f, 0x7f, 0x5f, 0x7f, 0x5f, 0x7f, 0x7f, 0x7f, 0x7f, 0x7f, 0x7f, 0x7f, 0x5f, 0x7f, 0x3f, 0x7f,
  0x3f, 0x7f, 0x3f, 0x7f, 0x3f, 0x7f, 0x3f, 0x7f, 0x3f, 0x7f, 0x1f, 0x7f, 0x1f, 0x7f, 0x1f, 0x7f,
  0x1f, 0x7f, 0x1f, 0x7f, 0x1f, 0x7f, 0x1f, 0x7f, 0x1f, 0x7f, 0xff, 0x7e, 0xff, 0x7e, 0xff, 0x7e,
  0xff, 0x7e, 0xff, 0x7e, 0xff, 0x7e, 0xdf, 0x7e, 0xdf, 0x7e, 0xdf, 0x7e, 0xdf, 0x7e, 0xdf, 0x7e,
  0xbf, 0x7e, 0xdf, 0x7e, 0xdf, 0x7e, 0xff, 0x86, 0xff, 0x86, 0xff, 0x86, 0xbf, 0x7e, 0x9f, 0x7e,
  0xdf, 0x86, 0x00, 0x00, 0x00, 0x00, 0xbf, 0x6d, 0x00, 0x00, 0x00, 0x00, 0x00, 0x00, 0x00, 0x00,
  0x00, 0x00, 0x00, 0x00, 0x00, 0x00, 0x00, 0x00, 0x00, 0x00, 0x00, 0x00, 0x00, 0x00, 0x00, 0x00,
  0x00, 0x00, 0x00, 0x00, 0x00, 0x00, 0x00, 0x00, 0x00, 0x00, 0x00, 0x00, 0x00, 0x00, 0x00, 0x00,
  0x00, 0x00, 0x00, 0x00, 0x00, 0x00, 0x00, 0x00, 0x00, 0x00, 0x00, 0x00, 0x00, 0x00, 0x00, 0x00,
  0x00, 0x00, 0x00, 0x00, 0x00, 0x00, 0x00, 0x00, 0x00, 0x00, 0x00, 0x00, 0x00, 0x00, 0x00, 0x00,
  0x00, 0x00, 0x00, 0x00, 0x00, 0x00, 0x00, 0x00, 0xff, 0x57, 0xff, 0xff, 0x00, 0x00, 0xff, 0x97,
  0x1f, 0x7f, 0x5f, 0x7f, 0x5f, 0x7f, 0x9f, 0x87, 0x7f, 0x7f, 0x3f, 0x7f, 0x3f, 0x7f, 0x3f, 0x7f,
  0x3f, 0x7f, 0x3f, 0x7f, 0x1f, 0x7f, 0x1f, 0x7f, 0x1f, 0x7f, 0x1f, 0x7f, 0x1f, 0x7f, 0x1f, 0x7f,
  0xff, 0x7e, 0xff, 0x7e, 0xff, 0x7e, 0xff, 0x7e, 0xff, 0x7e, 0xff, 0x7e, 0xff, 0x7e, 0xff, 0x7e,
  0xdf, 0x7e, 0xdf, 0x7e, 0xdf, 0x7e, 0xdf, 0x7e, 0xdf, 0x7e, 0xdf, 0x7e, 0xbf, 0x7e, 0xbf, 0x7e,
  0xdf, 0x7e, 0xbf, 0x7e, 0xbf, 0x7e, 0xbf, 0x7e, 0xbf, 0x7e, 0x9f, 0x7e, 0xdf, 0x86, 0xff, 0x86,
  0xbf, 0x86, 0x9f, 0x7e, 0x7f, 0x86, 0xbf, 0x7e, 0x00, 0x00, 0xff, 0x07, 0x5f, 0x55, 0x00, 0x00,
  0x00, 0x00, 0x00, 0x00, 0x00, 0x00, 0x00, 0x00, 0x00, 0x00, 0x00, 0x00, 0x00, 0x00, 0x00, 0x00,
  0x00, 0x00, 0x00, 0x00, 0x00, 0x00, 0x00, 0x00, 0x00, 0x00, 0x00, 0x00, 0x00, 0x00, 0x00, 0x00,
  0x00, 0x00, 0x00, 0x00, 0x00, 0x00, 0x00, 0x00, 0x00, 0x00, 0x00, 0x00, 0x00, 0x00, 0x00, 0x00,
  0x00, 0x00, 0x00, 0x00, 0x00, 0x00, 0x00, 0x00, 0x00, 0x00, 0x00, 0x00, 0x00, 0x00, 0x00, 0x00,
  0x00, 0x00, 0x00, 0x00, 0x00, 0x00, 0x00, 0x00, 0x00, 0x00, 0xff, 0x7f, 0x00, 0x00, 0x00, 0x00,
  0x3f, 0x7f, 0x3f, 0x7f, 0x3f, 0x7f, 0x5f, 0x7f, 0x3f, 0x7f, 0x3f, 0x7f, 0x1f, 0x7f, 0x1f, 0x7f,
  0x1f, 0x7f, 0x1f, 0x7f, 0x1f, 0x7f, 0x1f, 0x7f, 0x1f, 0x7f, 0x1f, 0x7f, 0xff, 0x7e, 0xff, 0x7e,
  0xff, 0x7e, 0xff, 0x7e, 0xff, 0x7e, 0xff, 0x7e, 0xdf, 0x7e, 0xdf, 0x7e, 0xdf, 0x7e, 0xdf, 0x7e,
  0xdf, 0x7e, 0xdf, 0x7e, 0xdf, 0x7e, 0xdf, 0x7e, 0xbf, 0x7e, 0xbf, 0x7e, 0xbf, 0x7e, 0xbf, 0x7e,
  0xbf, 0x7e, 0xbf, 0x7e, 0xbf, 0x86, 0xbf, 0x86, 0x9f, 0x7e, 0x9f, 0x7e, 0x9f, 0x7e, 0x9f, 0x7e,
  0x9f, 0x86, 0xbf, 0x86, 0x7f, 0x86, 0x7f, 0x7e, 0x7f, 0x7e, 0xff, 0x07, 0x00, 0x00, 0xff, 0x7f,
  0x00, 0x00, 0x00, 0x00, 0x00, 0x00, 0x00, 0x00, 0x00, 0x00, 0x00, 0x00, 0x00, 0x00, 0x00, 0x00,
  0x00, 0x00, 0x00, 0x00, 0x00, 0x00, 0x00, 0x00, 0x00, 0x00, 0x00, 0x00, 0x00, 0x00, 0x00, 0x00,
  0x00, 0x00, 0x00, 0x00, 0x00, 0x00, 0x00, 0x00, 0x00, 0x00, 0x00, 0x00, 0x00, 0x00, 0x00, 0x00,
  0x00, 0x00, 0x00, 0x00, 0x00, 0x00, 0x00, 0x00, 0x00, 0x00, 0x00, 0x00, 0x00, 0x00, 0x00, 0x00,
  0x00, 0x00, 0x00, 0x00, 0x00, 0x00, 0x00, 0x00, 0xff, 0xff, 0xff, 0x7b, 0x00, 0x00, 0x00, 0x00,
  0x7f, 0x7f, 0x1f, 0x7f, 0x3f, 0x7f, 0x9f, 0x87, 0x3f, 0x7f, 0x1f, 0x7f, 0x1f, 0x7f, 0x1f, 0x7f,
  0x1f, 0x7f, 0x1f, 0x7f, 0xff, 0x7e, 0xff, 0x7e, 0xff, 0x7e, 0xff, 0x7e, 0xff, 0x7e, 0xff, 0x7e,
  0xff, 0x7e, 0xff, 0x7e, 0xdf, 0x7e, 0xdf, 0x7e, 0xdf, 0x7e, 0xdf, 0x7e, 0xdf, 0x7e, 0xdf, 0x7e,
  0xdf, 0x7e, 0xdf, 0x7e, 0xbf, 0x7e, 0xbf, 0x7e, 0xbf, 0x7e, 0xbf, 0x7e, 0xbf, 0x7e, 0xbf, 0x86,
  0x9f, 0x7e, 0x9f, 0x7e, 0x9f, 0x86, 0x9f, 0x86, 0x9f, 0x86, 0x9f, 0x86, 0x9f, 0x7e, 0x7f, 0x7e,
  0x7f, 0x7e, 0x7f, 0x86, 0x9f, 0x86, 0xdf, 0x86, 0x7f, 0x7e, 0x5f, 0x7e, 0x7f, 0x86, 0x00, 0x00,
  0x00, 0x00, 0xff, 0x7b, 0xff, 0x7b, 0x00, 0x00, 0x00, 0x00, 0x00, 0x00, 0x00, 0x00, 0x00, 0x00,
  0x00, 0x00, 0x00, 0x00, 0x00, 0x00, 0x00, 0x00, 0x00, 0x00, 0x00, 0x00, 0x00, 0x00, 0x00, 0x00,
  0x00, 0x00, 0x00, 0x00, 0x00, 0x00, 0x00, 0x00, 0x00, 0x00, 0x00, 0x00, 0x00, 0x00, 0x00, 0x00,
  0x00, 0x00, 0x00, 0x00, 0x00, 0x00, 0x00, 0x00, 0x00, 0x00, 0x00, 0x00, 0x00, 0x00, 0x00, 0x00,
  0x00, 0x00, 0x00, 0x00, 0x00, 0x00, 0x00, 0x00, 0xff, 0x07, 0xff, 0xff, 0xff, 0xff, 0xff, 0x7d,
  0xdf, 0x7e, 0x3f, 0x7f, 0x3f, 0x7f, 0x3f, 0x7f, 0x3f, 0x7f, 0x1f, 0x7f, 0xff, 0x7e, 0x1f, 0x7f,
  0xff, 0x7e, 0xff, 0x7e, 0xff, 0x7e, 0xff, 0x7e, 0xff, 0x7e, 0xff, 0x7e, 0xdf, 0x7e, 0xdf, 0x7e,
  0xdf, 0x7e, 0xdf, 0x7e, 0xdf, 0x7e, 0xdf, 0x7e, 0xdf, 0x7e, 0xdf, 0x7e, 0xbf, 0x7e, 0xbf, 0x7e,
  0xbf, 0x7e, 0xbf, 0x7e, 0xbf, 0x7e, 0xbf, 0x7e, 0xbf, 0x7e, 0xbf, 0x7e, 0x9f, 0x7e, 0x9f, 0x7e,
  0x9f, 0x86, 0x9f, 0x86, 0x9f, 0x86, 0x9f, 0x86, 0x7f, 0x86, 0x7f, 0x86, 0x7f, 0x86, 0x7f, 0x86,
  0x7f, 0x86, 0x7f, 0x86, 0x7f, 0x86, 0x5f, 0x86, 0x9f, 0x86, 0x7f, 0x86, 0x7f, 0x86, 0x5f, 0x7e,
  0x3f, 0x7e, 0xff, 0x7d, 0xff, 0x7b, 0xff, 0x7b, 0xff, 0x07, 0x00, 0x00, 0x00, 0x00, 0x00, 0x00,
  0x00, 0x00, 0x00, 0x00, 0x00, 0x00, 0x00, 0x00, 0x00, 0x00, 0x00, 0x00, 0x00, 0x00, 0x00, 0x00,
  0x00, 0x00, 0x00, 0x00, 0x00, 0x00, 0x00, 0x00, 0x00, 0x00, 0x00, 0x00, 0x00, 0x00, 0x00, 0x00,
  0x00, 0x00, 0x00, 0x00, 0x00, 0x00, 0x00, 0x00, 0x00, 0x00, 0x00, 0x00, 0x00, 0x00, 0x00, 0x00,
  0x00, 0x00, 0x00, 0x00, 0x00, 0x00, 0x00, 0x00, 0x00, 0x00, 0xff, 0xaf, 0xff, 0x07, 0xff, 0xff,
  0xff, 0x7e, 0x1f, 0x7f, 0x1f, 0x7f, 0x7f, 0x87, 0x1f, 0x7f, 0x1f, 0x7f, 0xff, 0x7e, 0xff, 0x7e,
  0xff, 0x7e, 0xff, 0x7e, 0xdf, 0x7e, 0xdf, 0x7e, 0xdf, 0x7e, 0xdf, 0x7e, 0xdf, 0x7e, 0xdf, 0x7e,
  0xdf, 0x7e, 0xbf, 0x7e, 0xdf, 0x7e, 0xdf, 0x7e, 0xbf, 0x7e, 0xbf, 0x7e, 0xbf, 0x7e, 0xbf, 0x7e,
  0xbf, 0x7e, 0xbf, 0x86, 0x9f, 0x7e, 0x9f, 0x7e, 0x9f, 0x7e, 0x9f, 0x7e, 0x9f, 0x86, 0x7f, 0x7e,
  0x9f, 0x7e, 0x7f, 0x7e, 0x7f, 0x86, 0x7f, 0x86, 0x7f, 0x86, 0x7f, 0x86, 0x7f, 0x86, 0x5f, 0x86,
  0x5f, 0x86, 0x5f, 0x86, 0x5f, 0x86, 0x5f, 0x86, 0x5f, 0x86, 0x5f, 0x86, 0x5f, 0x86, 0x9f, 0x8e,
  0x3f, 0x86, 0x1f, 0x86, 0x1f, 0x86, 0xff, 0x7b, 0xff, 0xff, 0xff, 0xaf, 0x00, 0x00, 0x00, 0x00,
  0x00, 0x00, 0x00, 0x00, 0x00, 0x00, 0x00, 0x00, 0x00, 0x00, 0x00, 0x00, 0x00, 0x00, 0x00, 0x00,
  0x00, 0x00, 0x00, 0x00, 0x00, 0x00, 0x00, 0x00, 0x00, 0x00, 0x00, 0x00, 0x00, 0x00, 0x00, 0x00,
  0x00, 0x00, 0x00, 0x00, 0x00, 0x00, 0x00, 0x00, 0x00, 0x00, 0x00, 0x00, 0x00, 0x00, 0x00, 0x00,
  0x00, 0x00, 0x00, 0x00, 0x00, 0x00, 0x00, 0x00, 0x00, 0x00, 0x00, 0x00, 0xff, 0x7f, 0x00, 0x00,
  0x00, 0x00, 0xff, 0x7e, 0x1f, 0x7f, 0x3f, 0x87, 0x3f, 0x87, 0xff, 0x7e, 0xff, 0x7e, 0xff, 0x7e,
  0xff, 0x7e, 0xff, 0x7e, 0xdf, 0x7e, 0xdf, 0x7e, 0xdf, 0x7e, 0xdf, 0x7e, 0xdf, 0x7e, 0xdf, 0x7e,
  0xbf, 0x7e, 0xbf, 0x7e, 0xbf, 0x7e, 0xbf, 0x7e, 0xbf, 0x7e, 0xbf, 0x7e, 0x9f, 0x7e, 0x9f, 0x7e,
  0x9f, 0x7e, 0x9f, 0x86, 0x9f, 0x7e, 0x9f, 0x86, 0x9f, 0x7e, 0x7f, 0x7e, 0x7f, 0x7e, 0x7f, 0x86,
  0x7f, 0x86, 0x7f, 0x86, 0x7f, 0x7e, 0x7f, 0x86, 0x7f, 0x86, 0x5f, 0x86, 0x5f, 0x86, 0x5f, 0x86,
  0x5f, 0x86, 0x5f, 0x86, 0x5f, 0x86, 0x5f, 0x86, 0x5f, 0x86, 0x3f, 0x86, 0x3f, 0x86, 0x3f, 0x86,
  0x7f, 0x86, 0x5f, 0x86, 0x3f, 0x86, 0x3f, 0x86, 0x00, 0x00, 0x00, 0x00, 0xff, 0xbd, 0x00, 0x00,
  0x00, 0x00, 0x00, 0x00, 0x00, 0x00, 0x00, 0x00, 0x00, 0x00, 0x00, 0x00, 0x00, 0x00, 0x00, 0x00,
  0x00, 0x00, 0x00, 0x00, 0x00, 0x00, 0x00, 0x00, 0x00, 0x00, 0x00, 0x00, 0x00, 0x00, 0x00, 0x00,
  0x00, 0x00, 0x00, 0x00, 0x00, 0x00, 0x00, 0x00, 0x00, 0x00, 0x00, 0x00, 0x00, 0x00, 0x00, 0x00,
  0x00, 0x00, 0x00, 0x00, 0x00, 0x00, 0x00, 0x00, 0x00, 0x00, 0xff, 0x07, 0x00, 0x00, 0xff, 0x57,
  0xff, 0x7f, 0xdf, 0x7e, 0xff, 0x7e, 0x3f, 0x87, 0x1f, 0x87, 0xdf, 0x7e, 0xdf, 0x7e, 0xdf, 0x7e,
  0xdf, 0x7e, 0xdf, 0x7e, 0xdf, 0x7e, 0xdf, 0x7e, 0xbf, 0x7e, 0xbf, 0x7e, 0xbf, 0x7e, 0xbf, 0x7e,
  0xbf, 0x7e, 0xbf, 0x7e, 0xbf, 0x7e, 0xbf, 0x7e, 0xbf, 0x7e, 0xbf, 0x7e, 0x9f, 0x7e, 0x9f, 0x86,
  0x9f, 0x86, 0x9f, 0x86, 0x9f, 0x86, 0x9f, 0x7e, 0x7f, 0x86, 0x7f, 0x86, 0x7f, 0x7e, 0x7f, 0x7e,
  0x7f, 0x86, 0x7f, 0x86, 0x7f, 0x86, 0x5f, 0x86, 0x5f, 0x86, 0x5f, 0x86, 0x5f, 0x86, 0x5f, 0x86,
  0x5f, 0x86, 0x5f, 0x86, 0x5f, 0x86, 0x3f, 0x86, 0x3f, 0x86, 0x3f, 0x86, 0x3f, 0x86, 0x3f, 0x86,
  0x3f, 0x86, 0x1f, 0x86, 0x5f, 0x86, 0x5f, 0x86, 0x1f, 0x86, 0xdf, 0x7d, 0xff, 0x7b, 0xff, 0x7b,
  0x00, 0x00, 0xff, 0x07, 0x00, 0x00, 0x00, 0x00, 0x00, 0x00, 0x00, 0x00, 0x00, 0x00, 0x00, 0x00,
  0x00, 0x00, 0x00, 0x00, 0x00, 0x00, 0x00, 0x00, 0x00, 0x00, 0x00, 0x00, 0x00, 0x00, 0x00, 0x00,
  0x00, 0x00, 0x00, 0x00, 0x00, 0x00, 0x00, 0x00, 0x00, 0x00, 0x00, 0x00, 0x00, 0x00, 0x00, 0x00,
  0x00, 0x00, 0x00, 0x00, 0x00, 0x00, 0x00, 0x00, 0x00, 0x00, 0x00, 0x00, 0xff, 0xaf, 0x00, 0x00,
  0xff, 0x7d, 0xbf, 0x7e, 0xdf, 0x7e, 0xbf, 0x7e, 0x3f, 0x87, 0xff, 0x86, 0xdf, 0x7e, 0xdf, 0x7e,
  0xdf, 0x7e, 0xdf, 0x7e, 0xbf, 0x7e, 0xbf, 0x7e, 0xbf, 0x7e, 0xbf, 0x7e, 0xbf, 0x7e, 0xbf, 0x7e,
  0xbf, 0x7e, 0xbf, 0x7e, 0x9f, 0x86, 0x9f, 0x86, 0x9f, 0x86, 0x9f, 0x7e, 0x9f, 0x7e, 0x9f, 0x86,
  0x7f, 0x86, 0x7f, 0x86, 0x7f, 0x86, 0x7f, 0x86, 0x7f, 0x86, 0x7f, 0x86, 0x7f, 0x86, 0x7f, 0x86,
  0x7f, 0x86, 0x5f, 0x86, 0x5f, 0x86, 0x5f, 0x86, 0x5f, 0x86, 0x5f, 0x86, 0x5f, 0x86, 0x3f, 0x86,
  0x3f, 0x86, 0x3f, 0x86, 0x3f, 0x86, 0x3f, 0x86, 0x3f, 0x86, 0x1f, 0x86, 0x1f, 0x86, 0x1f, 0x86,
  0x1f, 0x86, 0x1f, 0x86, 0x1f, 0x86, 0x3f, 0x86, 0x3f, 0x8e, 0xff, 0x85, 0xff, 0x85, 0xff, 0x85,
  0x00, 0x00, 0x00, 0x00, 0xff, 0x7d, 0x00, 0x00, 0x00, 0x00, 0x00, 0x00, 0x00, 0x00, 0x00, 0x00,
  0x00, 0x00, 0x00, 0x00, 0x00, 0x00, 0x00, 0x00, 0x00, 0x00, 0x00, 0x00, 0x00, 0x00, 0x00, 0x00,
  0x00, 0x00, 0x00, 0x00, 0x00, 0x00, 0x00, 0x00, 0x00, 0x00, 0x00, 0x00, 0x00, 0x00, 0x00, 0x00,
  0x00, 0x00, 0x00, 0x00, 0x00, 0x00, 0x00, 0x00, 0x00, 0x00, 0x00, 0x00, 0x00, 0x00, 0xff, 0xaf,
  0x00, 0x00, 0x00, 0x00, 0xff, 0x86, 0xdf, 0x7e, 0x1f, 0x87, 0xdf, 0x86, 0xdf, 0x7e, 0xdf, 0x7e,
  0xbf, 0x7e, 0xbf, 0x7e, 0xbf, 0x7e, 0xbf, 0x7e, 0xbf, 0x7e, 0xbf, 0x7e, 0xbf, 0x7e, 0x9f, 0x7e,
  0x9f, 0x7e, 0x9f, 0x7e, 0x9f, 0x7e, 0x9f, 0x86, 0x9f, 0x86, 0x9f, 0x86, 0x7f, 0x7e, 0x7f, 0x7e,
  0x7f, 0x86, 0x7f, 0x86, 0x7f, 0x86, 0x7f, 0x86, 0x7f, 0x86, 0x5f, 0x86, 0x7f, 0x86, 0x5f, 0x86,
  0x5f, 0x86, 0x5f, 0x86, 0x5f, 0x86, 0x3f, 0x86, 0x3f, 0x86, 0x3f, 0x86, 0x3f, 0x86, 0x3f, 0x86,
  0x3f, 0x86, 0x3f, 0x86, 0x1f, 0x86, 0x1f, 0x86, 0x1f, 0x86, 0x1f, 0x86, 0x1f, 0x86, 0x1f, 0x86,
  0x1f, 0x86, 0x1f, 0x86, 0x1f, 0x86, 0xff, 0x85, 0xff, 0x85, 0xff, 0x85, 0x1f, 0x86, 0xff, 0x85,
  0xff, 0x85, 0x5f, 0xad, 0x00, 0x00, 0x5f, 0xad, 0x1f, 0x00, 0x00, 0x00, 0x00, 0x00, 0x00, 0x00,
  0x00, 0x00, 0x00, 0x00, 0x00, 0x00, 0x00, 0x00, 0x00, 0x00, 0x00, 0x00, 0x00, 0x00, 0x00, 0x00,
  0x00, 0x00, 0x00, 0x00, 0x00, 0x00, 0x00, 0x00, 0x00, 0x00, 0x00, 0x00, 0x00, 0x00, 0x00, 0x00,
  0x00, 0x00, 0x00, 0x00, 0x00, 0x00, 0x00, 0x00, 0x00, 0x00, 0x00, 0x00, 0x00, 0x00, 0xff, 0x07,
  0xff, 0xff, 0x00, 0x00, 0x00, 0x00, 0xbf, 0x7e, 0xdf, 0x7e, 0x5f, 0x8f, 0xbf, 0x7e, 0xbf, 0x7e,
  0xbf, 0x7e, 0xbf, 0x7e, 0xbf, 0x7e, 0x9f, 0x7e, 0x9f, 0x7e, 0x9f, 0x7e, 0x9f, 0x7e, 0x9f, 0x7e,
  0x9f, 0x7e, 0x9f, 0x7e, 0x9f, 0x86, 0x9f, 0x86, 0x7f, 0x86, 0x7f, 0x86, 0x7f, 0x86, 0x7f, 0x86,
  0x7f, 0x86, 0x5f, 0x86, 0x5f, 0x86, 0x5f, 0x86, 0x5f, 0x86, 0x5f, 0x86, 0x5f, 0x86, 0x5f, 0x86,
  0x5f, 0x86, 0x5f, 0x86, 0x3f, 0x86, 0x3f, 0x86, 0x3f, 0x86, 0x3f, 0x86, 0x3f, 0x86, 0x1f, 0x86,
  0x1f, 0x86, 0x1f, 0x86, 0x1f, 0x86, 0x1f, 0x86, 0x1f, 0x86, 0x1f, 0x86, 0x1f, 0x86, 0xff, 0x85,
  0xff, 0x85, 0xff, 0x85, 0xff, 0x85, 0xff, 0x85, 0xff, 0x85, 0xff, 0x85, 0xff, 0x85, 0x5f, 0x8e,
  0xdf, 0x85, 0xdf, 0x85, 0xbf, 0x8d, 0x00, 0x00, 0x00, 0x00, 0xff, 0x7b, 0x00, 0x00, 0x00, 0x00,
  0x00, 0x00, 0x00, 0x00, 0x00, 0x00, 0x00, 0x00, 0x00, 0x00, 0x00, 0x00, 0x00, 0x00, 0x00, 0x00,
  0x00, 0x00, 0x00, 0x00, 0x00, 0x00, 0x00, 0x00, 0x00, 0x00, 0x00, 0x00, 0x00, 0x00, 0x00, 0x00,
  0x00, 0x00, 0x00, 0x00, 0x00, 0x00, 0x00, 0x00, 0x00, 0x00, 0x00, 0x00, 0x00, 0x00, 0xff, 0x07,
  0x5f, 0x55, 0xff, 0xff, 0xff, 0x3d, 0x9f, 0x7e, 0x9f, 0x7e, 0xbf, 0x7e, 0x1f, 0x87, 0xbf, 0x7e,
  0x9f, 0x7e, 0x9f, 0x7e, 0x9f, 0x86, 0x9f, 0x86, 0x9f, 0x86, 0x9f, 0x7e, 0x9f, 0x7e, 0x9f, 0x86,
  0x7f, 0x86, 0x7f, 0x7e, 0x7f, 0x86, 0x7f, 0x86, 0x7f, 0x86, 0x5f, 0x86, 0x7f, 0x86, 0x7f, 0x86,
  0x7f, 0x86, 0x5f, 0x86, 0x5f, 0x86, 0x9f, 0x86, 0xdf, 0x8e, 0xff, 0x96, 0xff, 0x96, 0xff, 0x96,
  0xff, 0x96, 0xdf, 0x8e, 0xbf, 0x8e, 0x7f, 0x8e, 0x3f, 0x86, 0x1f, 0x86, 0x1f, 0x86, 0x1f, 0x86,
  0x1f, 0x86, 0x1f, 0x86, 0x1f, 0x86, 0x1f, 0x86, 0xff, 0x85, 0xff, 0x85, 0xff, 0x85, 0xff, 0x85,
  0xff, 0x85, 0xff, 0x85, 0xff, 0x85, 0xff, 0x85, 0xdf, 0x85, 0xdf, 0x85, 0xdf, 0x85, 0xdf, 0x85,
  0x3f, 0x8e, 0xdf, 0x85, 0xbf, 0x85, 0xdf, 0x85, 0x5f, 0x55, 0x00, 0x00, 0x5f, 0xad, 0xff, 0x07,
  0x00, 0x00, 0x00, 0x00, 0x00, 0x00, 0x00, 0x00, 0x00, 0x00, 0x00, 0x00, 0x00, 0x00, 0x00, 0x00,
  0x00, 0x00, 0x00, 0x00, 0x00, 0x00, 0x00, 0x00, 0x00, 0x00, 0x00, 0x00, 0x00, 0x00, 0x00, 0x00,
  0x00, 0x00, 0x00, 0x00, 0x00, 0x00, 0x00, 0x00, 0x00, 0x00, 0x00, 0x00, 0x00, 0x00, 0x00, 0x00,
  0xff, 0x07, 0xff, 0x7f, 0x00, 0x00, 0x3f, 0x76, 0xbf, 0x7e, 0xdf, 0x86, 0x9f, 0x86, 0xbf, 0x86,
  0x9f, 0x7e, 0x9f, 0x7e, 0x9f, 0x86, 0x9f, 0x86, 0x7f, 0x86, 0x7f, 0x86, 0x7f, 0x86, 0x7f, 0x86,
  0x7f, 0x86, 0x7f, 0x86, 0x7f, 0x86, 0x7f, 0x86, 0x5f, 0x86, 0x5f, 0x86, 0x5f, 0x86, 0x5f, 0x86,
  0x5f, 0x86, 0x7f, 0x86, 0x7f, 0x86, 0x5f, 0x86, 0x3f, 0x86, 0x3f, 0x86, 0x3f, 0x86, 0x3f, 0x86,
  0x3f, 0x86, 0x3f, 0x86, 0x1f, 0x86, 0x1f, 0x86, 0x1f, 0x86, 0x1f, 0x86, 0x3f, 0x86, 0x3f, 0x86,
  0x1f, 0x86, 0xff, 0x85, 0xff, 0x85, 0xff, 0x85, 0xff, 0x85, 0xff, 0x85, 0xff, 0x85, 0xff, 0x85,
  0xff, 0x85, 0xdf, 0x85, 0xdf, 0x85, 0xdf, 0x85, 0xdf, 0x85, 0xdf, 0x85, 0xbf, 0x85, 0xbf, 0x85,
  0xbf, 0x85, 0xdf, 0x8d, 0xbf, 0x85, 0xbf, 0x85, 0xbf, 0x85, 0xff, 0x7c, 0x00, 0x00, 0x5f, 0xad,
  0xff, 0x07, 0x00, 0x00, 0x00, 0x00, 0x00, 0x00, 0x00, 0x00, 0x00, 0x00, 0x00, 0x00, 0x00, 0x00,
  0x00, 0x00, 0x00, 0x00, 0x00, 0x00, 0x00, 0x00, 0x00, 0x00, 0x00, 0x00, 0x00, 0x00, 0x00, 0x00,
  0x00, 0x00, 0x00, 0x00, 0x00, 0x00, 0x00, 0x00, 0x00, 0x00, 0x00, 0x00, 0x00, 0x00, 0x00, 0x00,
  0x00, 0x00, 0x1f, 0x00, 0xff, 0x7f, 0x00, 0x00, 0x5f, 0x7e, 0x9f, 0x7e, 0x1f, 0x8f, 0x9f, 0x86,
  0x7f, 0x7e, 0x7f, 0x86, 0x9f, 0x86, 0x7f, 0x86, 0x7f, 0x86, 0x7f, 0x86, 0x7f, 0x86, 0x7f, 0x86,
  0x5f, 0x86, 0x5f, 0x86, 0x5f, 0x86, 0x5f, 0x86, 0x5f, 0x86, 0x5f, 0x86, 0x5f, 0x86, 0x5f, 0x86,
  0x3f, 0x86, 0x3f, 0x86, 0x5f, 0x86, 0x5f, 0x86, 0x3f, 0x86, 0x3f, 0x86, 0x3f, 0x86, 0x3f, 0x7e,
  0x3f, 0x7e, 0x1f, 0x7e, 0x3f, 0x7e, 0x3f, 0x7e, 0x1f, 0x86, 0xff, 0x85, 0xff, 0x85, 0x1f, 0x86,
  0x3f, 0x8e, 0xff, 0x85, 0xff, 0x85, 0xff, 0x85, 0xdf, 0x85, 0xdf, 0x85, 0xdf, 0x85, 0xdf, 0x85,
  0xdf, 0x85, 0xdf, 0x85, 0xdf, 0x85, 0xdf, 0x85, 0xbf, 0x85, 0xbf, 0x85, 0xbf, 0x85, 0xbf, 0x85,
  0xbf, 0x85, 0xbf, 0x85, 0x9f, 0x85, 0xbf, 0x85, 0xdf, 0x8d, 0x9f, 0x85, 0x9f, 0x85, 0x00, 0x00,
  0xff, 0x7d, 0x00, 0x00, 0x00, 0x00, 0x00, 0x00, 0x00, 0x00, 0x00, 0x00, 0x00, 0x00, 0x00, 0x00,
  0x00, 0x00, 0x00, 0x00, 0x00, 0x00, 0x00, 0x00, 0x00, 0x00, 0x00, 0x00, 0x00, 0x00, 0x00, 0x00,
  0x00, 0x00, 0x00, 0x00, 0x00, 0x00, 0x00, 0x00, 0x00, 0x00, 0x00, 0x00, 0x00, 0x00, 0x00, 0x00,
  0x00, 0x00, 0xff, 0x07, 0x1f, 0x00, 0xff, 0x7f, 0x7f, 0x9e, 0x9f, 0x86, 0x9f, 0x86, 0x3f, 0x8f,
  0x9f, 0x86, 0x7f, 0x86, 0x7f, 0x86, 0x7f, 0x86, 0x7f, 0x86, 0x7f, 0x86, 0x5f, 0x86, 0x5f, 0x86,
  0x5f, 0x86, 0x5f, 0x86, 0x5f, 0x86, 0x3f, 0x86, 0x3f, 0x86, 0x5f, 0x86, 0x3f, 0x86, 0x3f, 0x86,
  0x3f, 0x86, 0x7f, 0x86, 0x7f, 0x8e, 0x3f, 0x86, 0x3f, 0x86, 0x3f, 0x86, 0x3f, 0x86, 0x1f, 0x7e,
  0x00, 0x00, 0x00, 0x00, 0x00, 0x00, 0x00, 0x00, 0x00, 0x00, 0xff, 0x7d, 0xdf, 0x85, 0xff, 0x85,
  0xff, 0x85, 0xff, 0x85, 0x3f, 0x8e, 0x1f, 0x8e, 0xdf, 0x85, 0xdf, 0x85, 0xdf, 0x85, 0xdf, 0x85,
  0xdf, 0x85, 0xdf, 0x85, 0xbf, 0x85, 0xbf, 0x85, 0xbf, 0x85, 0xbf, 0x85, 0xbf, 0x85, 0xbf, 0x85,
  0xbf, 0x85, 0xbf, 0x85, 0x9f, 0x85, 0x9f, 0x85, 0x9f, 0x85, 0x1f, 0x96, 0x7f, 0x85, 0x9f, 0x85,
  0xdf, 0x64, 0xff, 0x7f, 0x00, 0x00, 0xff, 0x07, 0x00, 0x00, 0x00, 0x00, 0x00, 0x00, 0x00, 0x00,
  0x00, 0x00, 0x00, 0x00, 0x00, 0x00, 0x00, 0x00, 0x00, 0x00, 0x00, 0x00, 0x00, 0x00, 0x00, 0x00,
  0x00, 0x00, 0x00, 0x00, 0x00, 0x00, 0x00, 0x00, 0x00, 0x00, 0x00, 0x00, 0x00, 0x00, 0x00, 0x00,
  0x00, 0x00, 0x00, 0x00, 0xff, 0x7f, 0x00, 0x00, 0x00, 0x00, 0xbf, 0x86, 0x7f, 0x86, 0x7f, 0x7e,
  0xdf, 0x8e, 0x7f, 0x86, 0x7f, 0x86, 0x5f, 0x86, 0x5f, 0x86, 0x5f, 0x86, 0x5f, 0x86, 0x5f, 0x86,
  0x5f, 0x86, 0x5f, 0x86, 0x5f, 0x86, 0x3f, 0x86, 0x3f, 0x86, 0x3f, 0x86, 0x3f, 0x86, 0x3f, 0x86,
  0x3f, 0x86, 0x3f, 0x86, 0x5f, 0x86, 0x1f, 0x86, 0x1f, 0x86, 0xff, 0x85, 0x00, 0x00, 0x00, 0x00,
  0x5f, 0x55, 0xff, 0x57, 0xff, 0x7d, 0xff, 0x7d, 0xff, 0x7d, 0xff, 0x57, 0x5f, 0x55, 0x00, 0x00,
  0x00, 0x00, 0xdf, 0x85, 0xdf, 0x85, 0xdf, 0x85, 0x1f, 0x8e, 0xdf, 0x85, 0xdf, 0x85, 0xbf, 0x85,
  0xbf, 0x85, 0xbf, 0x85, 0xbf, 0x85, 0xbf, 0x85, 0xbf, 0x85, 0x9f, 0x85, 0x9f, 0x85, 0x9f, 0x85,
  0x9f, 0x85, 0x9f, 0x85, 0x9f, 0x85, 0x9f, 0x85, 0x9f, 0x85, 0x9f, 0x85, 0xdf, 0x8d, 0x7f, 0x85,
  0x7f, 0x85, 0xdf, 0x85, 0x00, 0x00, 0x00, 0x00, 0xff, 0x7f, 0x00, 0x00, 0x00, 0x00, 0x00, 0x00,
  0x00, 0x00, 0x00, 0x00, 0x00, 0x00, 0x00, 0x00, 0x00, 0x00, 0x00, 0x00, 0x00, 0x00, 0x00, 0x00,
  0x00, 0x00, 0x00, 0x00, 0x00, 0x00, 0x00, 0x00, 0x00, 0x00, 0x00, 0x00, 0x00, 0x00, 0x00, 0x00,
  0x00, 0x00, 0x00, 0x00, 0x00, 0x00, 0xff, 0xaf, 0x00, 0x00, 0x00, 0x00, 0x5f, 0x86, 0x7f, 0x86,
  0x5f, 0x86, 0x9f, 0x86, 0x5f, 0x86, 0x5f, 0x86, 0x5f, 0x86, 0x5f, 0x86, 0x5f, 0x86, 0x5f, 0x86,
  0x3f, 0x86, 0x3f, 0x86, 0x3f, 0x86, 0x3f, 0x86, 0x3f, 0x86, 0x3f, 0x86, 0x1f, 0x86, 0x1f, 0x86,
  0x3f, 0x86, 0x3f, 0x86, 0x3f, 0x86, 0x3f, 0x86, 0x1f, 0x86, 0x1f, 0x86, 0xff, 0x7d, 0x00, 0x00,
  0x00, 0x00, 0x00, 0x00, 0xff, 0x07, 0xff, 0x7f, 0x5f, 0x55, 0xff, 0x7f, 0xff, 0x07, 0x00, 0x00,
  0x00, 0x00, 0x00, 0x00, 0xff, 0x7d, 0xdf, 0x85, 0xdf, 0x85, 0xdf, 0x85, 0xdf, 0x8d, 0xdf, 0x85,
  0xbf, 0x85, 0xbf, 0x85, 0x9f, 0x85, 0x9f, 0x85, 0x9f, 0x85, 0x9f, 0x85, 0x9f, 0x85, 0x9f, 0x8d,
  0x9f, 0x8d, 0x9f, 0x8d, 0x7f, 0x85, 0x7f, 0x85, 0x7f, 0x8d, 0x7f, 0x8d, 0x7f, 0x8d, 0xbf, 0x8d,
  0x7f, 0x8d, 0x5f, 0x85, 0x3f, 0x85, 0x00, 0x00, 0x00, 0x00, 0xff, 0xaf, 0x00, 0x00, 0x00, 0x00,
  0x00, 0x00, 0x00, 0x00, 0x00, 0x00, 0x00, 0x00, 0x00, 0x00, 0x00, 0x00, 0x00, 0x00, 0x00, 0x00,
  0x00, 0x00, 0x00, 0x00, 0x00, 0x00, 0x00, 0x00, 0x00, 0x00, 0x00, 0x00, 0x00, 0x00, 0x00, 0x00,
  0x00, 0x00, 0x00, 0x00, 0x00, 0x00, 0x00, 0x00, 0xdf, 0x64, 0x00, 0x00, 0x00, 0x00, 0x5f, 0x86,
  0x5f, 0x86, 0x5f, 0x86, 0x7f, 0x86, 0x5f, 0x86, 0x5f, 0x86, 0x5f, 0x86, 0x3f, 0x86, 0x3f, 0x86,
  0x3f, 0x86, 0x3f, 0x86, 0x3f, 0x86, 0x1f, 0x86, 0x1f, 0x86, 0x1f, 0x86, 0x1f, 0x86, 0x1f, 0x86,
  0x1f, 0x86, 0x1f, 0x86, 0x3f, 0x86, 0x3f, 0x86, 0xff, 0x85, 0x1f, 0x86, 0xff, 0xff, 0x00, 0x00,
  0x5f, 0x7d, 0xbf, 0x7e, 0xff, 0x7b, 0x1f, 0x00, 0x00, 0x00, 0x00, 0x00, 0x00, 0x00, 0x1f, 0x00,
  0xff, 0x7b, 0xbf, 0x6d, 0x5f, 0x7d, 0x00, 0x00, 0xff, 0xff, 0xbf, 0x85, 0x9f, 0x85, 0xdf, 0x8d,
  0xbf, 0x8d, 0x9f, 0x85, 0x9f, 0x85, 0x9f, 0x85, 0x9f, 0x85, 0x9f, 0x85, 0x7f, 0x85, 0x7f, 0x85,
  0x7f, 0x8d, 0x7f, 0x8d, 0x7f, 0x8d, 0x7f, 0x85, 0x7f, 0x85, 0x7f, 0x8d, 0x5f, 0x8d, 0x5f, 0x8d,
  0x7f, 0x8d, 0x5f, 0x8d, 0x5f, 0x8d, 0x5f, 0x8d, 0x00, 0x00, 0x00, 0x00, 0xdf, 0x64, 0x00, 0x00,
  0x00, 0x00, 0x00, 0x00, 0x00, 0x00, 0x00, 0x00, 0x00, 0x00, 0x00, 0x00, 0x00, 0x00, 0x00, 0x00,
  0x00, 0x00, 0x00, 0x00, 0x00, 0x00, 0x00, 0x00, 0x00, 0x00, 0x00, 0x00, 0x00, 0x00, 0x00, 0x00,
  0x00, 0x00, 0x00, 0x00, 0x00, 0x00, 0x00, 0x00, 0x00, 0x00, 0x5f, 0x7d, 0x00, 0x00, 0x00, 0x00,
  0x3f, 0x86, 0x3f, 0x86, 0x3f, 0x86, 0x3f, 0x86, 0x3f, 0x86, 0x3f, 0x86, 0x3f, 0x86, 0x1f, 0x86,
  0x1f, 0x86, 0x1f, 0x86, 0x1f, 0x86, 0x1f, 0x86, 0x1f, 0x86, 0x1f, 0x86, 0xff, 0x85, 0xff, 0x85,
  0xff, 0x85, 0xff, 0x85, 0xff, 0x85, 0xff, 0x85, 0xff, 0x85, 0xff, 0x85, 0xff, 0x7b, 0x00, 0x00,
  0xdf, 0x9c, 0x00, 0x00, 0x00, 0x00, 0x00, 0x00, 0x00, 0x00, 0x00, 0x00, 0x00, 0x00, 0x00, 0x00,
  0x00, 0x00, 0x00, 0x00, 0x00, 0x00, 0x00, 0x00, 0xdf, 0x9c, 0x00, 0x00, 0xff, 0x7b, 0x7f, 0x85,
  0x9f, 0x85, 0x9f, 0x85, 0x9f, 0x8d, 0x9f, 0x8d, 0x9f, 0x8d, 0x7f, 0x85, 0x7f, 0x8d, 0x7f, 0x8d,
  0x7f, 0x8d, 0x7f, 0x8d, 0x7f, 0x8d, 0x5f, 0x8d, 0x5f, 0x8d, 0x5f, 0x8d, 0x5f, 0x8d, 0x5f, 0x8d,
  0x3f, 0x8d, 0x5f, 0x8d, 0x3f, 0x8d, 0x3f, 0x8d, 0x3f, 0x8d, 0x00, 0x00, 0x00, 0x00, 0x5f, 0x7d,
  0x00, 0x00, 0x00, 0x00, 0x00, 0x00, 0x00, 0x00, 0x00, 0x00, 0x00, 0x00, 0x00, 0x00, 0x00, 0x00,
  0x00, 0x00, 0x00, 0x00, 0x00, 0x00, 0x00, 0x00, 0x00, 0x00, 0x00, 0x00, 0x00, 0x00, 0x00, 0x00,
  0x00, 0x00, 0x00, 0x00, 0x00, 0x00, 0x00, 0x00, 0x00, 0x00, 0x00, 0x00, 0xbf, 0x6d, 0x00, 0x00,
  0x00, 0x00, 0x3f, 0x86, 0x3f, 0x86, 0x5f, 0x86, 0x3f, 0x86, 0x3f, 0x86, 0x1f, 0x86, 0x1f, 0x86,
  0x1f, 0x86, 0x1f, 0x86, 0x1f, 0x86, 0xff, 0x85, 0x1f, 0x86, 0xff, 0x85, 0xff, 0x85, 0xff, 0x85,
  0xff, 0x85, 0xff, 0x85, 0xff, 0x85, 0x3f, 0x8e, 0xdf, 0x85, 0xdf, 0x85, 0xdf, 0x85, 0x00, 0x00,
  0x1f, 0x00, 0x5f, 0x7d, 0x00, 0x00, 0x00, 0x00, 0x00, 0x00, 0x00, 0x00, 0x00, 0x00, 0x00, 0x00,
  0x00, 0x00, 0x00, 0x00, 0x00, 0x00, 0x00, 0x00, 0x00, 0x00, 0x5f, 0x7d, 0x1f, 0x00, 0x00, 0x00,
  0x7f, 0x85, 0x7f, 0x85, 0x7f, 0x85, 0xbf, 0x8d, 0x7f, 0x85, 0x7f, 0x8d, 0x7f, 0x8d, 0x7f, 0x8d,
  0x5f, 0x8d, 0x5f, 0x8d, 0x5f, 0x8d, 0x5f, 0x8d, 0x5f, 0x8d, 0x5f, 0x8d, 0x5f, 0x8d, 0x3f, 0x8d,
  0x3f, 0x8d, 0x3f, 0x8d, 0x3f, 0x8d, 0x3f, 0x8d, 0x3f, 0x8d, 0x3f, 0x8d, 0x00, 0x00, 0x00, 0x00,
  0x9f, 0x94, 0x00, 0x00, 0x00, 0x00, 0x00, 0x00, 0x00, 0x00, 0x00, 0x00, 0x00, 0x00, 0x00, 0x00,
  0x00, 0x00, 0x00, 0x00, 0x00, 0x00, 0x00, 0x00, 0x00, 0x00, 0x00, 0x00, 0x00, 0x00, 0x00, 0x00,
  0x00, 0x00, 0x00, 0x00, 0x00, 0x00, 0x00, 0x00, 0x00, 0x00, 0x00, 0x00, 0x00, 0x00, 0xbf, 0x6d,
  0x00, 0x00, 0x00, 0x00, 0x3f, 0x86, 0x3f, 0x86, 0x5f, 0x86, 0x1f, 0x86, 0x1f, 0x86, 0x1f, 0x86,
  0x1f, 0x86, 0x1f, 0x86, 0x1f, 0x86, 0xff, 0x85, 0xff, 0x85, 0xff, 0x85, 0xff, 0x85, 0xff, 0x85,
  0xff, 0x85, 0xdf, 0x85, 0xdf, 0x85, 0xdf, 0x85, 0x5f, 0x8e, 0xdf, 0x85, 0xdf, 0x85, 0xbf, 0x85,
  0x5f, 0xad, 0xff, 0x07, 0xff, 0xff, 0x00, 0x00, 0x00, 0x00, 0x00, 0x00, 0x00, 0x00, 0x00, 0x00,
  0x00, 0x00, 0x00, 0x00, 0x00, 0x00, 0x00, 0x00, 0x00, 0x00, 0x00, 0x00, 0xff, 0xff, 0xff, 0x07,
  0x5f, 0xad, 0xbf, 0x85, 0x7f, 0x8d, 0x7f, 0x8d, 0xdf, 0x95, 0x5f, 0x85, 0x5f, 0x8d, 0x5f, 0x8d,
  0x5f, 0x8d, 0x5f, 0x8d, 0x5f, 0x8d, 0x3f, 0x8d, 0x3f, 0x8d, 0x3f, 0x8d, 0x3f, 0x8d, 0x3f, 0x8d,
  0x3f, 0x8d, 0x3f, 0x8d, 0x3f, 0x8d, 0x3f, 0x8d, 0x5f, 0x8d, 0x1f, 0x8d, 0x1f, 0x8d, 0x00, 0x00,
  0x00, 0x00, 0x9f, 0x94, 0x00, 0x00, 0x00, 0x00, 0x00, 0x00, 0x00, 0x00, 0x00, 0x00, 0x00, 0x00,
  0x00, 0x00, 0x00, 0x00, 0x00, 0x00, 0x00, 0x00, 0x00, 0x00, 0x00, 0x00, 0x00, 0x00, 0x00, 0x00,
  0x00, 0x00, 0x00, 0x00, 0x00, 0x00, 0x00, 0x00, 0x00, 0x00, 0x00, 0x00, 0x00, 0x00, 0x00, 0x00,
  0xff, 0x7d, 0x00, 0x00, 0x00, 0x00, 0xff, 0x85, 0x3f, 0x8e, 0x7f, 0x8e, 0xff, 0x85, 0xff, 0x85,
  0xff, 0x85, 0xff, 0x85, 0xff, 0x85, 0xff, 0x85, 0xff, 0x85, 0xff, 0x85, 0xff, 0x85, 0xdf, 0x85,
  0xdf, 0x85, 0xdf, 0x85, 0xdf, 0x85, 0xdf, 0x85, 0xdf, 0x85, 0x5f, 0x96, 0xbf, 0x85, 0xbf, 0x85,
  0x1f, 0x00, 0xff, 0x7b, 0xff, 0x7b, 0x00, 0x00, 0x00, 0x00, 0x00, 0x00, 0x00, 0x00, 0x00, 0x00,
  0x00, 0x00, 0x00, 0x00, 0x00, 0x00, 0x00, 0x00, 0x00, 0x00, 0x00, 0x00, 0x00, 0x00, 0x00, 0x00,
  0xff, 0x7b, 0xff, 0x7b, 0x1f, 0x00, 0x5f, 0x8d, 0x5f, 0x8d, 0xdf, 0x95, 0x5f, 0x8d, 0x5f, 0x8d,
  0x5f, 0x8d, 0x3f, 0x8d, 0x3f, 0x8d, 0x3f, 0x8d, 0x3f, 0x8d, 0x3f, 0x8d, 0x3f, 0x8d, 0x1f, 0x8d,
  0x3f, 0x8d, 0x1f, 0x8d, 0x1f, 0x8d, 0x1f, 0x8d, 0x1f, 0x8d, 0x5f, 0x95, 0x3f, 0x8d, 0x1f, 0x8d,
  0x00, 0x00, 0x00, 0x00, 0xff, 0x7c, 0x00, 0x00, 0x00, 0x00, 0x00, 0x00, 0x00, 0x00, 0x00, 0x00,
  0x00, 0x00, 0x00, 0x00, 0x00, 0x00, 0x00, 0x00, 0x00, 0x00, 0x00, 0x00, 0x00, 0x00, 0x00, 0x00,
  0x00, 0x00, 0x00, 0x00, 0x00, 0x00, 0x00, 0x00, 0x00, 0x00, 0x00, 0x00, 0x00, 0x00, 0x00, 0x00,
  0x00, 0x00, 0xff, 0x7d, 0x00, 0x00, 0x00, 0x00, 0xff, 0x85, 0x3f, 0x8e, 0x7f, 0x8e, 0xff, 0x85,
  0xff, 0x85, 0xff, 0x85, 0xff, 0x85, 0xdf, 0x85, 0xdf, 0x85, 0xdf, 0x85, 0xdf, 0x85, 0xdf, 0x85,
  0xdf, 0x85, 0xdf, 0x85, 0xbf, 0x85, 0xbf, 0x85, 0xbf, 0x85, 0xbf, 0x85, 0x5f, 0x96, 0xbf, 0x85,
  0x7f, 0x85, 0x00, 0x00, 0x5f, 0x55, 0x5f, 0xad, 0x00, 0x00, 0x00, 0x00, 0x00, 0x00, 0x00, 0x00,
  0x00, 0x00, 0x00, 0x00, 0x00, 0x00, 0x00, 0x00, 0x00, 0x00, 0x00, 0x00, 0x00, 0x00, 0x00, 0x00,
  0x00, 0x00, 0x5f, 0xad, 0x5f, 0x55, 0x00, 0x00, 0x3f, 0x8d, 0x5f, 0x8d, 0xdf, 0x9d, 0x3f, 0x8d,
  0x3f, 0x8d, 0x3f, 0x8d, 0x3f, 0x8d, 0x3f, 0x8d, 0x3f, 0x8d, 0x1f, 0x8d, 0x1f, 0x8d, 0x1f, 0x8d,
  0x1f, 0x8d, 0x1f, 0x8d, 0x1f, 0x8d, 0x1f, 0x8d, 0x1f, 0x8d, 0xff, 0x8c, 0x5f, 0x95, 0x3f, 0x95,
  0xff, 0x8c, 0x00, 0x00, 0x00, 0x00, 0xff, 0x7c, 0x00, 0x00, 0x00, 0x00, 0x00, 0x00, 0x00, 0x00,
  0x00, 0x00, 0x00, 0x00, 0x00, 0x00, 0x00, 0x00, 0x00, 0x00, 0x00, 0x00, 0x00, 0x00, 0x00, 0x00,
  0x00, 0x00, 0x00, 0x00, 0x00, 0x00, 0x00, 0x00, 0x00, 0x00, 0x00, 0x00, 0x00, 0x00, 0x00, 0x00,
  0x00, 0x00, 0x00, 0x00, 0xff, 0x7d, 0x00, 0x00, 0x00, 0x00, 0xff, 0x85, 0x3f, 0x8e, 0x5f, 0x8e,
  0xdf, 0x85, 0xdf, 0x85, 0xdf, 0x85, 0xdf, 0x85, 0xdf, 0x85, 0xdf, 0x85, 0xdf, 0x85, 0xbf, 0x85,
  0xbf, 0x85, 0xbf, 0x85, 0xbf, 0x85, 0xbf, 0x85, 0xbf, 0x85, 0x9f, 0x85, 0xbf, 0x85, 0x5f, 0x96,
  0x9f, 0x85, 0x9f, 0x85, 0x00, 0x00, 0x5f, 0x55, 0x5f, 0xad, 0x00, 0x00, 0x00, 0x00, 0x00, 0x00,
  0x00, 0x00, 0x00, 0x00, 0x00, 0x00, 0x00, 0x00, 0x00, 0x00, 0x00, 0x00, 0x00, 0x00, 0x00, 0x00,
  0x00, 0x00, 0x00, 0x00, 0x5f, 0xad, 0x5f, 0x55, 0x00, 0x00, 0x1f, 0x85, 0x3f, 0x8d, 0xdf, 0x9d,
  0x3f, 0x8d, 0x1f, 0x8d, 0x1f, 0x8d, 0x1f, 0x8d, 0x1f, 0x8d, 0x1f, 0x8d, 0x1f, 0x8d, 0x1f, 0x8d,
  0x1f, 0x8d, 0x1f, 0x8d, 0xff, 0x8c, 0xff, 0x8c, 0xff, 0x8c, 0xff, 0x8c, 0xff, 0x8c, 0x5f, 0x95,
  0x1f, 0x95, 0xdf, 0x8c, 0x00, 0x00, 0x00, 0x00, 0xff, 0x7c, 0x00, 0x00, 0x00, 0x00, 0x00, 0x00,
  0x00, 0x00, 0x00, 0x00, 0x00, 0x00, 0x00, 0x00, 0x00, 0x00, 0x00, 0x00, 0x00, 0x00, 0x00, 0x00,
  0x00, 0x00, 0x00, 0x00, 0x00, 0x00, 0x00, 0x00, 0x00, 0x00, 0x00, 0x00, 0x00, 0x00, 0x00, 0x00,
  0x00, 0x00, 0x00, 0x00, 0x00, 0x00, 0xff, 0x7d, 0x00, 0x00, 0x00, 0x00, 0xff, 0x85, 0x3f, 0x8e,
  0x3f, 0x96, 0xdf, 0x85, 0xdf, 0x85, 0xdf, 0x85, 0xdf, 0x85, 0xbf, 0x85, 0xbf, 0x85, 0xbf, 0x85,
  0xbf, 0x85, 0xbf, 0x85, 0xbf, 0x85, 0xbf, 0x85, 0x9f, 0x85, 0x9f, 0x85, 0x9f, 0x85, 0x9f, 0x85,
  0x3f, 0x96, 0x9f, 0x85, 0x5f, 0x85, 0x00, 0x00, 0xbf, 0x52, 0xbf, 0x52, 0x00, 0x00, 0x00, 0x00,
  0x00, 0x00, 0x00, 0x00, 0x00, 0x00, 0x00, 0x00, 0x00, 0x00, 0x00, 0x00, 0x00, 0x00, 0x00, 0x00,
  0x00, 0x00, 0x00, 0x00, 0x00, 0x00, 0xbf, 0x52, 0xbf, 0x52, 0x00, 0x00, 0x1f, 0x8d, 0x1f, 0x8d,
  0xbf, 0x9d, 0x1f, 0x8d, 0x1f, 0x8d, 0x1f, 0x8d, 0x1f, 0x8d, 0x1f, 0x8d, 0xff, 0x8c, 0xff, 0x8c,
  0xff, 0x8c, 0xff, 0x8c, 0xff, 0x8c, 0xff, 0x8c, 0xff, 0x8c, 0xff, 0x8c, 0xdf, 0x8c, 0xdf, 0x8c,
  0x3f, 0x95, 0x1f, 0x95, 0xdf, 0x8c, 0x00, 0x00, 0x00, 0x00, 0xff, 0x7c, 0x00, 0x00, 0x00, 0x00,
  0x00, 0x00, 0x00, 0x00, 0x00, 0x00, 0x00, 0x00, 0x00, 0x00, 0x00, 0x00, 0x00, 0x00, 0x00, 0x00,
  0x00, 0x00, 0x00, 0x00, 0x00, 0x00, 0x00, 0x00, 0x00, 0x00, 0x00, 0x00, 0x00, 0x00, 0x00, 0x00,
  0x00, 0x00, 0x00, 0x00, 0x00, 0x00, 0x00, 0x00, 0xff, 0x7d, 0x00, 0x00, 0x00, 0x00, 0xdf, 0x85,
  0xff, 0x8d, 0x3f, 0x8e, 0xbf, 0x85, 0xbf, 0x85, 0xbf, 0x85, 0xbf, 0x85, 0xbf, 0x85, 0xbf, 0x85,
  0xbf, 0x85, 0x9f, 0x85, 0x9f, 0x85, 0x9f, 0x85, 0x9f, 0x85, 0x9f, 0x85, 0x9f, 0x85, 0x7f, 0x85,
  0x9f, 0x85, 0xff, 0x95, 0x7f, 0x8d, 0x5f, 0x8d, 0xff, 0x7b, 0xff, 0x7b, 0xff, 0x7b, 0x00, 0x00,
  0x00, 0x00, 0x00, 0x00, 0x00, 0x00, 0x00, 0x00, 0x00, 0x00, 0x00, 0x00, 0x00, 0x00, 0x00, 0x00,
  0x00, 0x00, 0x00, 0x00, 0x00, 0x00, 0x00, 0x00, 0xff, 0x7b, 0xff, 0x7b, 0xff, 0x7b, 0x1f, 0x8d,
  0x1f, 0x8d, 0x9f, 0x9d, 0x1f, 0x8d, 0xff, 0x8c, 0xff, 0x8c, 0xff, 0x8c, 0xff, 0x8c, 0xff, 0x8c,
  0xff, 0x8c, 0xff, 0x8c, 0xff, 0x8c, 0xdf, 0x8c, 0xdf, 0x8c, 0xdf, 0x8c, 0xdf, 0x8c, 0xdf, 0x8c,
  0xbf, 0x8c, 0x1f, 0x95, 0xff, 0x94, 0xdf, 0x8c, 0x00, 0x00, 0x00, 0x00, 0xff, 0x7c, 0x00, 0x00,
  0x00, 0x00, 0x00, 0x00, 0x00, 0x00, 0x00, 0x00, 0x00, 0x00, 0x00, 0x00, 0x00, 0x00, 0x00, 0x00,
  0x00, 0x00, 0x00, 0x00, 0x00, 0x00, 0x00, 0x00, 0x00, 0x00, 0x00, 0x00, 0x00, 0x00, 0x00, 0x00,
  0x00, 0x00, 0x00, 0x00, 0x00, 0x00, 0x00, 0x00, 0x00, 0x00, 0xbf, 0x6d, 0x00, 0x00, 0x00, 0x00,
  0xbf, 0x85, 0xbf, 0x85, 0xff, 0x8d, 0xbf, 0x85, 0x9f, 0x85, 0x9f, 0x85, 0x9f, 0x85, 0x9f, 0x85,
  0x9f, 0x85, 0x9f, 0x85, 0x9f, 0x85, 0x9f, 0x85, 0x7f, 0x85, 0x7f, 0x8d, 0x7f, 0x8d, 0x7f, 0x85,
  0x7f, 0x85, 0x5f, 0x85, 0xdf, 0x95, 0x5f, 0x8d, 0x7f, 0x8d, 0xbf, 0x95, 0xff, 0x7b, 0x00, 0x00,
  0xff, 0x7f, 0x00, 0x00, 0x00, 0x00, 0x00, 0x00, 0x00, 0x00, 0x00, 0x00, 0x00, 0x00, 0x00, 0x00,
  0x00, 0x00, 0x00, 0x00, 0x00, 0x00, 0x00, 0x00, 0xff, 0x7f, 0x00, 0x00, 0xff, 0x7b, 0xff, 0x84,
  0x1f, 0x8d, 0x1f, 0x8d, 0x5f, 0x95, 0xff, 0x8c, 0xff, 0x8c, 0xff, 0x8c, 0xdf, 0x8c, 0xdf, 0x8c,
  0xdf, 0x8c, 0xdf, 0x8c, 0xdf, 0x8c, 0xdf, 0x8c, 0xdf, 0x8c, 0xdf, 0x8c, 0xbf, 0x8c, 0xbf, 0x8c,
  0xbf, 0x8c, 0xbf, 0x8c, 0xdf, 0x94, 0xbf, 0x8c, 0xbf, 0x8c, 0x00, 0x00, 0x00, 0x00, 0x9f, 0x94,
  0x00, 0x00, 0x00, 0x00, 0x00, 0x00, 0x00, 0x00, 0x00, 0x00, 0x00, 0x00, 0x00, 0x00, 0x00, 0x00,
  0x00, 0x00, 0x00, 0x00, 0x00, 0x00, 0x00, 0x00, 0x00, 0x00, 0x00, 0x00, 0x00, 0x00, 0x00, 0x00,
  0x00, 0x00, 0x00, 0x00, 0x00, 0x00, 0x00, 0x00, 0x00, 0x00, 0x00, 0x00, 0x9f, 0x6c, 0x00, 0x00,
  0x00, 0x00, 0x9f, 0x85, 0x9f, 0x85, 0xbf, 0x85, 0x9f, 0x85, 0x9f, 0x85, 0x9f, 0x85, 0x9f, 0x85,
  0x9f, 0x85, 0x9f, 0x85, 0x7f, 0x85, 0x7f, 0x85, 0x7f, 0x85, 0x7f, 0x85, 0x7f, 0x8d, 0x7f, 0x8d,
  0x7f, 0x85, 0x5f, 0x85, 0x5f, 0x8d, 0x9f, 0x8d, 0x5f, 0x85, 0x5f, 0x8d, 0x7f, 0x8d, 0x00, 0x00,
  0xff, 0xff, 0xbf, 0x6d, 0x00, 0x00, 0x00, 0x00, 0x00, 0x00, 0x00, 0x00, 0x00, 0x00, 0x00, 0x00,
  0x00, 0x00, 0x00, 0x00, 0x00, 0x00, 0x00, 0x00, 0x00, 0x00, 0xbf, 0x95, 0xff, 0xff, 0x00, 0x00,
  0xdf, 0x8c, 0xdf, 0x8c, 0xff, 0x8c, 0x1f, 0x95, 0xdf, 0x8c, 0xdf, 0x8c, 0xdf, 0x8c, 0xdf, 0x8c,
  0xdf, 0x8c, 0xdf, 0x8c, 0xdf, 0x8c, 0xbf, 0x8c, 0xbf, 0x8c, 0xbf, 0x8c, 0xbf, 0x8c, 0xbf, 0x8c,
  0xbf, 0x8c, 0xbf, 0x8c, 0x9f, 0x8c, 0xbf, 0x8c, 0x9f, 0x8c, 0x9f, 0x8c, 0x00, 0x00, 0x00, 0x00,
  0x7f, 0x93, 0x00, 0x00, 0x00, 0x00, 0x00, 0x00, 0x00, 0x00, 0x00, 0x00, 0x00, 0x00, 0x00, 0x00,
  0x00, 0x00, 0x00, 0x00, 0x00, 0x00, 0x00, 0x00, 0x00, 0x00, 0x00, 0x00, 0x00, 0x00, 0x00, 0x00,
  0x00, 0x00, 0x00, 0x00, 0x00, 0x00, 0x00, 0x00, 0x00, 0x00, 0x00, 0x00, 0x00, 0x00, 0x5f, 0x7d,
  0x00, 0x00, 0x00, 0x00, 0x7f, 0x85, 0x7f, 0x85, 0x9f, 0x85, 0x9f, 0x85, 0x9f, 0x85, 0x7f, 0x85,
  0x7f, 0x85, 0x7f, 0x8d, 0x7f, 0x8d, 0x5f, 0x85, 0x5f, 0x85, 0x5f, 0x85, 0x5f, 0x8d, 0x5f, 0x8d,
  0x5f, 0x8d, 0x5f, 0x8d, 0x5f, 0x8d, 0x5f, 0x8d, 0x5f, 0x8d, 0x5f, 0x8d, 0x5f, 0x8d, 0x3f, 0x8d,
  0x9f, 0x94, 0x00, 0x00, 0xff, 0x7b, 0x00, 0x00, 0xff, 0x07, 0x00, 0x00, 0x00, 0x00, 0x00, 0x00,
  0x00, 0x00, 0x00, 0x00, 0x00, 0x00, 0x00, 0x00, 0xff, 0x07, 0x00, 0x00, 0xff, 0x7d, 0x00, 0x00,
  0x9f, 0x94, 0xdf, 0x8c, 0xdf, 0x8c, 0xdf, 0x8c, 0xdf, 0x8c, 0xdf, 0x8c, 0xdf, 0x8c, 0xdf, 0x8c,
  0xbf, 0x8c, 0xbf, 0x8c, 0xbf, 0x8c, 0xbf, 0x8c, 0xbf, 0x8c, 0xbf, 0x8c, 0x9f, 0x8c, 0x9f, 0x8c,
  0xbf, 0x8c, 0xbf, 0x8c, 0x9f, 0x8c, 0x9f, 0x94, 0x9f, 0x8c, 0x9f, 0x8c, 0x7f, 0x8c, 0x00, 0x00,
  0x00, 0x00, 0xff, 0x7b, 0x00, 0x00, 0x00, 0x00, 0x00, 0x00, 0x00, 0x00, 0x00, 0x00, 0x00, 0x00,
  0x00, 0x00, 0x00, 0x00, 0x00, 0x00, 0x00, 0x00, 0x00, 0x00, 0x00, 0x00, 0x00, 0x00, 0x00, 0x00,
  0x00, 0x00, 0x00, 0x00, 0x00, 0x00, 0x00, 0x00, 0x00, 0x00, 0x00, 0x00, 0x00, 0x00, 0x00, 0x00,
  0xff, 0x7d, 0x00, 0x00, 0x00, 0x00, 0x7f, 0x8d, 0x7f, 0x85, 0x7f, 0x85, 0x9f, 0x8d, 0x7f, 0x85,
  0x7f, 0x85, 0x7f, 0x8d, 0x7f, 0x8d, 0x5f, 0x8d, 0x5f, 0x8d, 0x5f, 0x8d, 0x5f, 0x8d, 0x5f, 0x8d,
  0x5f, 0x8d, 0x5f, 0x8d, 0x3f, 0x8d, 0x3f, 0x8d, 0x3f, 0x8d, 0x3f, 0x8d, 0x5f, 0x8d, 0x5f, 0x8d,
  0x1f, 0x85, 0xff, 0x8c, 0x5f, 0x7d, 0x00, 0x00, 0xdf, 0x9c, 0x9f, 0x6c, 0xff, 0x7b, 0x1f, 0x00,
  0x00, 0x00, 0x00, 0x00, 0x00, 0x00, 0x1f, 0x00, 0xff, 0x7b, 0x9f, 0x6c, 0xdf, 0x9c, 0x00, 0x00,
  0x5f, 0x7d, 0xdf, 0x94, 0xdf, 0x8c, 0xff, 0x94, 0xff, 0x8c, 0xdf, 0x8c, 0xdf, 0x8c, 0xbf, 0x8c,
  0xbf, 0x8c, 0xbf, 0x8c, 0xbf, 0x8c, 0xbf, 0x8c, 0xbf, 0x8c, 0xbf, 0x8c, 0x9f, 0x8c, 0x9f, 0x8c,
  0x9f, 0x8c, 0x9f, 0x8c, 0x9f, 0x8c, 0x9f, 0x8c, 0xbf, 0x94, 0x7f, 0x8c, 0x7f, 0x8c, 0x7f, 0x94,
  0x00, 0x00, 0x00, 0x00, 0xff, 0x7b, 0x00, 0x00, 0x00, 0x00, 0x00, 0x00, 0x00, 0x00, 0x00, 0x00,
  0x00, 0x00, 0x00, 0x00, 0x00, 0x00, 0x00, 0x00, 0x00, 0x00, 0x00, 0x00, 0x00, 0x00, 0x00, 0x00,
  0x00, 0x00, 0x00, 0x00, 0x00, 0x00, 0x00, 0x00, 0x00, 0x00, 0x00, 0x00, 0x00, 0x00, 0x00, 0x00,
  0x00, 0x00, 0xff, 0xaf, 0x00, 0x00, 0x00, 0x00, 0x7f, 0x85, 0x5f, 0x85, 0x7f, 0x85, 0x9f, 0x8d,
  0x5f, 0x8d, 0x5f, 0x85, 0x5f, 0x8d, 0x5f, 0x8d, 0x5f, 0x8d, 0x5f, 0x8d, 0x3f, 0x8d, 0x3f, 0x8d,
  0x3f, 0x8d, 0x3f, 0x8d, 0x3f, 0x8d, 0x3f, 0x8d, 0x3f, 0x8d, 0x1f, 0x8d, 0x1f, 0x8d, 0x3f, 0x8d,
  0x3f, 0x8d, 0x3f, 0x8d, 0xff, 0x8c, 0xff, 0x8c, 0xbf, 0x95, 0x00, 0x00, 0x00, 0x00, 0x00, 0x00,
  0xff, 0x7b, 0xff, 0x7b, 0xff, 0x7d, 0xff, 0x7b, 0xff, 0x7b, 0x00, 0x00, 0x00, 0x00, 0x00, 0x00,
  0xff, 0x9b, 0xbf, 0x94, 0xdf, 0x8c, 0xdf, 0x8c, 0xdf, 0x94, 0xdf, 0x8c, 0xbf, 0x8c, 0xbf, 0x8c,
  0xbf, 0x8c, 0xbf, 0x8c, 0x9f, 0x8c, 0x9f, 0x8c, 0x9f, 0x8c, 0x9f, 0x8c, 0x9f, 0x8c, 0x9f, 0x8c,
  0x9f, 0x8c, 0x9f, 0x8c, 0x7f, 0x8c, 0x7f, 0x8c, 0x7f, 0x8c, 0x9f, 0x94, 0x7f, 0x8c, 0x5f, 0x8c,
  0x7f, 0x94, 0x00, 0x00, 0x00, 0x00, 0x5f, 0xad, 0x00, 0x00, 0x00, 0x00, 0x00, 0x00, 0x00, 0x00,
  0x00, 0x00, 0x00, 0x00, 0x00, 0x00, 0x00, 0x00, 0x00, 0x00, 0x00, 0x00, 0x00, 0x00, 0x00, 0x00,
  0x00, 0x00, 0x00, 0x00, 0x00, 0x00, 0x00, 0x00, 0x00, 0x00, 0x00, 0x00, 0x00, 0x00, 0x00, 0x00,
  0x00, 0x00, 0x00, 0x00, 0xff, 0x7f, 0x00, 0x00, 0x00, 0x00, 0xbf, 0x85, 0x5f, 0x85, 0x5f, 0x8d,
  0xbf, 0x95, 0x5f, 0x8d, 0x3f, 0x8d, 0x3f, 0x8d, 0x3f, 0x8d, 0x3f, 0x8d, 0x3f, 0x8d, 0x3f, 0x8d,
  0x3f, 0x8d, 0x3f, 0x8d, 0x1f, 0x8d, 0x1f, 0x8d, 0x1f, 0x8d, 0x1f, 0x8d, 0x1f, 0x8d, 0x1f, 0x8d,
  0x1f, 0x8d, 0x1f, 0x8d, 0x5f, 0x95, 0xff, 0x8c, 0xff, 0x8c, 0xff, 0x8c, 0xff, 0x7b, 0xff, 0xff,
  0x5f, 0x55, 0x00, 0x00, 0x00, 0x00, 0x00, 0x00, 0x00, 0x00, 0x00, 0x00, 0xbf, 0x52, 0xff, 0xff,
  0xff, 0x7b, 0xbf, 0x8c, 0xbf, 0x8c, 0xbf, 0x8c, 0xff, 0x94, 0xbf, 0x8c, 0x9f, 0x8c, 0x9f, 0x8c,
  0x9f, 0x8c, 0x9f, 0x8c, 0x9f, 0x8c, 0x9f, 0x8c, 0x9f, 0x8c, 0x9f, 0x8c, 0x7f, 0x8c, 0x7f, 0x8c,
  0x7f, 0x8c, 0x7f, 0x8c, 0x7f, 0x8c, 0x7f, 0x8c, 0x5f, 0x8c, 0x7f, 0x8c, 0xbf, 0x9c, 0x7f, 0x8c,
  0x5f, 0x8c, 0x3f, 0x94, 0x00, 0x00, 0x00, 0x00, 0xff, 0x7b, 0x00, 0x00, 0x00, 0x00, 0x00, 0x00,
  0x00, 0x00, 0x00, 0x00, 0x00, 0x00, 0x00, 0x00, 0x00, 0x00, 0x00, 0x00, 0x00, 0x00, 0x00, 0x00,
  0x00, 0x00, 0x00, 0x00, 0x00, 0x00, 0x00, 0x00, 0x00, 0x00, 0x00, 0x00, 0x00, 0x00, 0x00, 0x00,
  0x00, 0x00, 0x00, 0x00, 0x00, 0x00, 0xff, 0x07, 0x00, 0x00, 0x5f, 0x55, 0x5f, 0xad, 0x5f, 0x8d,
  0x3f, 0x8d, 0xbf, 0x95, 0x5f, 0x8d, 0x3f, 0x8d, 0x3f, 0x8d, 0x3f, 0x8d, 0x3f, 0x8d, 0x3f, 0x8d,
  0x3f, 0x8d, 0x1f, 0x8d, 0x1f, 0x8d, 0x1f, 0x8d, 0x1f, 0x8d, 0x1f, 0x8d, 0x1f, 0x8d, 0x1f, 0x8d,
  0x1f, 0x8d, 0xff, 0x8c, 0xff, 0x8c, 0x1f, 0x8d, 0x1f, 0x95, 0xff, 0x8c, 0xdf, 0x8c, 0xbf, 0x8c,
  0xbf, 0x8c, 0xdf, 0x84, 0x00, 0x00, 0x00, 0x00, 0x00, 0x00, 0x00, 0x00, 0x00, 0x00, 0x9f, 0x84,
  0x9f, 0x8c, 0x9f, 0x8c, 0xbf, 0x8c, 0xbf, 0x8c, 0xdf, 0x94, 0xbf, 0x94, 0x9f, 0x8c, 0x9f, 0x8c,
  0x9f, 0x8c, 0x9f, 0x8c, 0x9f, 0x8c, 0x9f, 0x8c, 0x7f, 0x8c, 0x7f, 0x8c, 0x7f, 0x8c, 0x7f, 0x8c,
  0x7f, 0x8c, 0x7f, 0x8c, 0x5f, 0x8c, 0x5f, 0x8c, 0x5f, 0x8c, 0x5f, 0x8c, 0x5f, 0x94, 0xdf, 0xa4,
  0x5f, 0x94, 0x3f, 0x8c, 0x5f, 0xad, 0xbf, 0xaa, 0x1f, 0x00, 0x1f, 0x00, 0x00, 0x00, 0x00, 0x00,
  0x00, 0x00, 0x00, 0x00, 0x00, 0x00, 0x00, 0x00, 0x00, 0x00, 0x00, 0x00, 0x00, 0x00, 0x00, 0x00,
  0x00, 0x00, 0x00, 0x00, 0x00, 0x00, 0x00, 0x00, 0x00, 0x00, 0x00, 0x00, 0x00, 0x00, 0x00, 0x00,
  0x00, 0x00, 0x00, 0x00, 0x00, 0x00, 0x00, 0x00, 0x00, 0x00, 0x00, 0x00, 0xff, 0x7d, 0x00, 0x00,
  0x3f, 0x8d, 0x3f, 0x8d, 0x5f, 0x8d, 0x3f, 0x8d, 0x3f, 0x8d, 0x3f, 0x8d, 0x1f, 0x8d, 0x1f, 0x8d,
  0x1f, 0x8d, 0x1f, 0x8d, 0x1f, 0x8d, 0xff, 0x8c, 0xff, 0x8c, 0xff, 0x8c, 0xff, 0x8c, 0xff, 0x8c,
  0xff, 0x8c, 0xff, 0x8c, 0xff, 0x8c, 0xdf, 0x8c, 0xdf, 0x8c, 0xdf, 0x8c, 0xff, 0x94, 0x1f, 0x95,
  0xbf, 0x8c, 0xbf, 0x8c, 0xbf, 0x8c, 0xdf, 0x8c, 0xbf, 0x8c, 0x9f, 0x8c, 0x9f, 0x8c, 0xbf, 0x8c,
  0x9f, 0x8c, 0xbf, 0x8c, 0x9f, 0x8c, 0xdf, 0x94, 0xbf, 0x94, 0x9f, 0x8c, 0x9f, 0x8c, 0x9f, 0x8c,
  0x9f, 0x8c, 0x9f, 0x8c, 0x7f, 0x8c, 0x7f, 0x8c, 0x7f, 0x8c, 0x7f, 0x8c, 0x7f, 0x8c, 0x5f, 0x8c,
  0x5f, 0x8c, 0x5f, 0x8c, 0x5f, 0x94, 0x5f, 0x8c, 0x5f, 0x8c, 0x5f, 0x94, 0x5f, 0x94, 0x5f, 0x94,
  0x9f, 0x9c, 0x3f, 0x94, 0xdf, 0x93, 0x00, 0x00, 0x3f, 0x9b, 0x1f, 0x00, 0x00, 0x00, 0x00, 0x00,
  0x00, 0x00, 0x00, 0x00, 0x00, 0x00, 0x00, 0x00, 0x00, 0x00, 0x00, 0x00, 0x00, 0x00, 0x00, 0x00,
  0x00, 0x00, 0x00, 0x00, 0x00, 0x00, 0x00, 0x00, 0x00, 0x00, 0x00, 0x00, 0x00, 0x00, 0x00, 0x00,
  0x00, 0x00, 0x00, 0x00, 0x00, 0x00, 0x00, 0x00, 0x00, 0x00, 0x00, 0x00, 0xff, 0x07, 0x5f, 0xad,
  0x00, 0x00, 0x9f, 0x6c, 0x3f, 0x8d, 0x3f, 0x8d, 0x1f, 0x8d, 0x3f, 0x8d, 0x1f, 0x8d, 0x1f, 0x8d,
  0xff, 0x8c, 0xff, 0x8c, 0xff, 0x8c, 0xff, 0x8c, 0xff, 0x8c, 0xff, 0x8c, 0xff, 0x8c, 0xff, 0x8c,
  0xdf, 0x8c, 0xdf, 0x8c, 0xdf, 0x8c, 0xdf, 0x8c, 0xdf, 0x8c, 0xdf, 0x8c, 0xbf, 0x8c, 0xdf, 0x8c,
  0xdf, 0x8c, 0xbf, 0x8c, 0xbf, 0x8c, 0xbf, 0x8c, 0xbf, 0x8c, 0xbf, 0x8c, 0x9f, 0x8c, 0x9f, 0x8c,
  0x9f, 0x8c, 0x9f, 0x8c, 0x9f, 0x8c, 0x9f, 0x8c, 0x9f, 0x94, 0x9f, 0x8c, 0x7f, 0x8c, 0x7f, 0x8c,
  0x7f, 0x8c, 0x7f, 0x8c, 0x7f, 0x8c, 0x7f, 0x8c, 0x7f, 0x8c, 0x5f, 0x8c, 0x5f, 0x8c, 0x5f, 0x94,
  0x5f, 0x94, 0x5f, 0x94, 0x5f, 0x94, 0x3f, 0x94, 0x3f, 0x94, 0x3f, 0x94, 0x3f, 0x94, 0x3f, 0x94,
  0x3f, 0x94, 0x3f, 0x94, 0x3f, 0x94, 0xff, 0x7b, 0x00, 0x00, 0xff, 0x7b, 0x1f, 0xf8, 0x00, 0x00,
  0x00, 0x00, 0x00, 0x00, 0x00, 0x00, 0x00, 0x00, 0x00, 0x00, 0x00, 0x00, 0x00, 0x00, 0x00, 0x00,
  0x00, 0x00, 0x00, 0x00, 0x00, 0x00, 0x00, 0x00, 0x00, 0x00, 0x00, 0x00, 0x00, 0x00, 0x00, 0x00,
  0x00, 0x00, 0x00, 0x00, 0x00, 0x00, 0x00, 0x00, 0x00, 0x00, 0x00, 0x00, 0x00, 0x00, 0xff, 0x07,
  0xbf, 0xaa, 0x00, 0x00, 0xff, 0x7b, 0x1f, 0x8d, 0xff, 0x8c, 0x1f, 0x8d, 0x5f, 0x95, 0xff, 0x8c,
  0xff, 0x8c, 0xff, 0x8c, 0xff, 0x8c, 0xff, 0x8c, 0xff, 0x8c, 0xdf, 0x8c, 0xdf, 0x8c, 0xdf, 0x8c,
  0xdf, 0x8c, 0xdf, 0x8c, 0xdf, 0x8c, 0xdf, 0x8c, 0xdf, 0x8c, 0xbf, 0x8c, 0xbf, 0x8c, 0xbf, 0x8c,
  0xbf, 0x8c, 0xbf, 0x8c, 0xbf, 0x8c, 0xdf, 0x94, 0xff, 0x9c, 0x1f, 0x9d, 0x1f, 0x9d, 0x1f, 0x9d,
  0x1f, 0x9d, 0x1f, 0x9d, 0xdf, 0x9c, 0xbf, 0x94, 0x9f, 0x8c, 0x7f, 0x8c, 0x7f, 0x8c, 0x7f, 0x8c,
  0x7f, 0x8c, 0x7f, 0x8c, 0x7f, 0x94, 0x5f, 0x94, 0x5f, 0x94, 0x5f, 0x8c, 0x5f, 0x8c, 0x5f, 0x8c,
  0x5f, 0x94, 0x5f, 0x94, 0x3f, 0x94, 0x3f, 0x94, 0x3f, 0x94, 0x3f, 0x94, 0x3f, 0x94, 0x1f, 0x94,
  0x7f, 0x9c, 0x1f, 0x94, 0x1f, 0x8c, 0x5f, 0x94, 0xff, 0x7f, 0xff, 0xff, 0xbf, 0x52, 0x00, 0x00,
  0x00, 0x00, 0x00, 0x00, 0x00, 0x00, 0x00, 0x00, 0x00, 0x00, 0x00, 0x00, 0x00, 0x00, 0x00, 0x00,
  0x00, 0x00, 0x00, 0x00, 0x00, 0x00, 0x00, 0x00, 0x00, 0x00, 0x00, 0x00, 0x00, 0x00, 0x00, 0x00,
  0x00, 0x00, 0x00, 0x00, 0x00, 0x00, 0x00, 0x00, 0x00, 0x00, 0x00, 0x00, 0x00, 0x00, 0x00, 0x00,
  0x00, 0x00, 0xff, 0x7b, 0x00, 0x00, 0x00, 0x00, 0xdf, 0x7c, 0xff, 0x8c, 0xff, 0x8c, 0x5f, 0x95,
  0xff, 0x8c, 0xff, 0x8c, 0xff, 0x8c, 0xdf, 0x8c, 0xdf, 0x8c, 0xdf, 0x8c, 0xdf, 0x8c, 0xdf, 0x8c,
  0xdf, 0x8c, 0xdf, 0x8c, 0xdf, 0x8c, 0xbf, 0x8c, 0xbf, 0x8c, 0xbf, 0x8c, 0xbf, 0x8c, 0xbf, 0x8c,
  0xbf, 0x8c, 0x9f, 0x8c, 0x9f, 0x8c, 0x9f, 0x8c, 0x9f, 0x8c, 0x9f, 0x8c, 0x7f, 0x8c, 0x7f, 0x8c,
  0x7f, 0x8c, 0x7f, 0x8c, 0x7f, 0x8c, 0x7f, 0x8c, 0x7f, 0x8c, 0x7f, 0x8c, 0x7f, 0x8c, 0x7f, 0x8c,
  0x5f, 0x8c, 0x5f, 0x94, 0x5f, 0x94, 0x5f, 0x94, 0x5f, 0x94, 0x5f, 0x94, 0x3f, 0x8c, 0x3f, 0x8c,
  0x3f, 0x94, 0x3f, 0x94, 0x3f, 0x94, 0x3f, 0x94, 0x3f, 0x94, 0x1f, 0x94, 0x1f, 0x94, 0x1f, 0x94,
  0x1f, 0x94, 0x7f, 0x9c, 0x1f, 0x94, 0x1f, 0x94, 0x00, 0x00, 0x00, 0x00, 0xff, 0x7b, 0x1f, 0x00,
  0x00, 0x00, 0x00, 0x00, 0x00, 0x00, 0x00, 0x00, 0x00, 0x00, 0x00, 0x00, 0x00, 0x00, 0x00, 0x00,
  0x00, 0x00, 0x00, 0x00, 0x00, 0x00, 0x00, 0x00, 0x00, 0x00, 0x00, 0x00, 0x00, 0x00, 0x00, 0x00,
  0x00, 0x00, 0x00, 0x00, 0x00, 0x00, 0x00, 0x00, 0x00, 0x00, 0x00, 0x00, 0x00, 0x00, 0x00, 0x00,
  0x00, 0x00, 0x00, 0x00, 0x00, 0x00, 0x5f, 0xad, 0x00, 0x00, 0xff, 0x7b, 0xff, 0x8c, 0xdf, 0x8c,
  0xff, 0x8c, 0xdf, 0x8c, 0xdf, 0x8c, 0xdf, 0x8c, 0xdf, 0x8c, 0xdf, 0x8c, 0xdf, 0x8c, 0xbf, 0x8c,
  0xbf, 0x8c, 0xbf, 0x8c, 0xbf, 0x8c, 0xbf, 0x8c, 0xbf, 0x8c, 0xbf, 0x8c, 0xbf, 0x8c, 0x9f, 0x8c,
  0x9f, 0x8c, 0x9f, 0x8c, 0x9f, 0x8c, 0x9f, 0x8c, 0x7f, 0x8c, 0x7f, 0x8c, 0x7f, 0x8c, 0x7f, 0x8c,
  0x7f, 0x8c, 0x7f, 0x8c, 0x7f, 0x8c, 0x7f, 0x8c, 0x5f, 0x8c, 0x5f, 0x8c, 0x5f, 0x94, 0x5f, 0x94,
  0x5f, 0x94, 0x5f, 0x94, 0x3f, 0x94, 0x3f, 0x94, 0x3f, 0x94, 0x3f, 0x94, 0x3f, 0x94, 0x3f, 0x94,
  0x3f, 0x94, 0x3f, 0x94, 0x3f, 0x94, 0x1f, 0x94, 0x1f, 0x94, 0x1f, 0x94, 0x1f, 0x94, 0x1f, 0x94,
  0x1f, 0x94, 0x1f, 0x94, 0x1f, 0x94, 0xff, 0x93, 0xdf, 0x93, 0x00, 0x00, 0x00, 0x00, 0x5f, 0xad,
  0x00, 0x00, 0x00, 0x00, 0x00, 0x00, 0x00, 0x00, 0x00, 0x00, 0x00, 0x00, 0x00, 0x00, 0x00, 0x00,
  0x00, 0x00, 0x00, 0x00, 0x00, 0x00, 0x00, 0x00, 0x00, 0x00, 0x00, 0x00, 0x00, 0x00, 0x00, 0x00,
  0x00, 0x00, 0x00, 0x00, 0x00, 0x00, 0x00, 0x00, 0x00, 0x00, 0x00, 0x00, 0x00, 0x00, 0x00, 0x00,
  0x00, 0x00, 0x00, 0x00, 0x00, 0x00, 0x00, 0x00, 0xff, 0x7b, 0x00, 0x00, 0x00, 0x00, 0xff, 0x94,
  0xdf, 0x8c, 0xbf, 0x8c, 0xff, 0x94, 0xff, 0x8c, 0xbf, 0x8c, 0xbf, 0x8c, 0xbf, 0x8c, 0xbf, 0x8c,
  0xbf, 0x8c, 0xbf, 0x8c, 0xbf, 0x8c, 0x9f, 0x8c, 0x9f, 0x8c, 0x9f, 0x8c, 0x9f, 0x8c, 0x9f, 0x8c,
  0x9f, 0x8c, 0x9f, 0x8c, 0x9f, 0x8c, 0x7f, 0x8c, 0x7f, 0x8c, 0x7f, 0x8c, 0x7f, 0x8c, 0x7f, 0x8c,
  0x7f, 0x8c, 0x5f, 0x8c, 0x5f, 0x8c, 0x5f, 0x8c, 0x5f, 0x8c, 0x5f, 0x8c, 0x5f, 0x8c, 0x5f, 0x94,
  0x3f, 0x94, 0x3f, 0x94, 0x3f, 0x94, 0x3f, 0x94, 0x3f, 0x94, 0x3f, 0x94, 0x3f, 0x94, 0x3f, 0x94,
  0x3f, 0x94, 0x1f, 0x94, 0x1f, 0x94, 0x1f, 0x94, 0x1f, 0x94, 0x1f, 0x94, 0xff, 0x93, 0xff, 0x93,
  0xff, 0x93, 0x1f, 0x94, 0x3f, 0x9c, 0xdf, 0x8b, 0xdf, 0x93, 0xdf, 0x93, 0xff, 0xbb, 0x00, 0x00,
  0xff, 0x7b, 0x00, 0x00, 0x00, 0x00, 0x00, 0x00, 0x00, 0x00, 0x00, 0x00, 0x00, 0x00, 0x00, 0x00,
  0x00, 0x00, 0x00, 0x00, 0x00, 0x00, 0x00, 0x00, 0x00, 0x00, 0x00, 0x00, 0x00, 0x00, 0x00, 0x00,
  0x00, 0x00, 0x00, 0x00, 0x00, 0x00, 0x00, 0x00, 0x00, 0x00, 0x00, 0x00, 0x00, 0x00, 0x00, 0x00,
  0x00, 0x00, 0x00, 0x00, 0x00, 0x00, 0x00, 0x00, 0x00, 0x00, 0x1f, 0x00, 0x00, 0x00, 0x5f, 0xad,
  0x00, 0x00, 0x5f, 0x95, 0xbf, 0x8c, 0xbf, 0x8c, 0xdf, 0x94, 0xbf, 0x8c, 0xbf, 0x8c, 0x9f, 0x8c,
  0x9f, 0x8c, 0x9f, 0x8c, 0x9f, 0x8c, 0x9f, 0x8c, 0x9f, 0x8c, 0x9f, 0x8c, 0x7f, 0x8c, 0x7f, 0x8c,
  0x7f, 0x8c, 0x7f, 0x8c, 0x7f, 0x8c, 0x7f, 0x8c, 0x7f, 0x8c, 0x7f, 0x8c, 0x5f, 0x8c, 0x5f, 0x8c,
  0x5f, 0x8c, 0x5f, 0x94, 0x5f, 0x94, 0x5f, 0x8c, 0x3f, 0x8c, 0x3f, 0x8c, 0x3f, 0x94, 0x3f, 0x94,
  0x3f, 0x94, 0x3f, 0x94, 0x3f, 0x94, 0x1f, 0x94, 0x1f, 0x94, 0x1f, 0x94, 0x1f, 0x94, 0x1f, 0x94,
  0x1f, 0x94, 0x1f, 0x94, 0x1f, 0x94, 0xff, 0x93, 0xff, 0x93, 0xff, 0x93, 0xff, 0x93, 0xff, 0x93,
  0xff, 0x93, 0xdf, 0x93, 0xff, 0x93, 0xff, 0x93, 0xdf, 0x93, 0x3f, 0x9c, 0x00, 0x00, 0xbf, 0xaa,
  0x00, 0x00, 0x1f, 0x00, 0x00, 0x00, 0x00, 0x00, 0x00, 0x00, 0x00, 0x00, 0x00, 0x00, 0x00, 0x00,
  0x00, 0x00, 0x00, 0x00, 0x00, 0x00, 0x00, 0x00, 0x00, 0x00, 0x00, 0x00, 0x00, 0x00, 0x00, 0x00,
  0x00, 0x00, 0x00, 0x00, 0x00, 0x00, 0x00, 0x00, 0x00, 0x00, 0x00, 0x00, 0x00, 0x00, 0x00, 0x00,
  0x00, 0x00, 0x00, 0x00, 0x00, 0x00, 0x00, 0x00, 0x00, 0x00, 0x00, 0x00, 0x00, 0x00, 0x00, 0x00,
  0xff, 0xbd, 0x00, 0x00, 0x00, 0x00, 0xbf, 0x8c, 0x9f, 0x8c, 0xbf, 0x94, 0xbf, 0x94, 0x9f, 0x8c,
  0x9f, 0x8c, 0x9f, 0x8c, 0x9f, 0x8c, 0x7f, 0x8c, 0x9f, 0x8c, 0x7f, 0x8c, 0x7f, 0x8c, 0x7f, 0x8c,
  0x7f, 0x8c, 0x7f, 0x8c, 0x7f, 0x8c, 0x5f, 0x8c, 0x5f, 0x8c, 0x5f, 0x8c, 0x5f, 0x8c, 0x5f, 0x8c,
  0x5f, 0x8c, 0x5f, 0x94, 0x3f, 0x94, 0x3f, 0x94, 0x3f, 0x94, 0x3f, 0x94, 0x3f, 0x94, 0x1f, 0x94,
  0x1f, 0x94, 0x1f, 0x94, 0x1f, 0x94, 0x1f, 0x94, 0x1f, 0x94, 0x1f, 0x94, 0x1f, 0x94, 0x1f, 0x94,
  0x1f, 0x94, 0xff, 0x93, 0xff, 0x93, 0xff, 0x93, 0xff, 0x93, 0xff, 0x93, 0xff, 0x93, 0xdf, 0x93,
  0xdf, 0x93, 0xdf, 0x93, 0xff, 0x9b, 0xdf, 0x9b, 0xdf, 0x93, 0xff, 0x93, 0x00, 0x00, 0x00, 0x00,
  0x5f, 0xad, 0x00, 0x00, 0x00, 0x00, 0x00, 0x00, 0x00, 0x00, 0x00, 0x00, 0x00, 0x00, 0x00, 0x00,
  0x00, 0x00, 0x00, 0x00, 0x00, 0x00, 0x00, 0x00, 0x00, 0x00, 0x00, 0x00, 0x00, 0x00, 0x00, 0x00,
  0x00, 0x00, 0x00, 0x00, 0x00, 0x00, 0x00, 0x00, 0x00, 0x00, 0x00, 0x00, 0x00, 0x00, 0x00, 0x00,
  0x00, 0x00, 0x00, 0x00, 0x00, 0x00, 0x00, 0x00, 0x00, 0x00, 0x00, 0x00, 0x00, 0x00, 0x00, 0x00,
  0x00, 0x00, 0x5f, 0xad, 0xff, 0xff, 0x00, 0x00, 0xdf, 0x94, 0x9f, 0x8c, 0x7e, 0x8c, 0xdf, 0x94,
  0x9f, 0x8c, 0x7f, 0x8c, 0x7f, 0x8c, 0x7f, 0x8c, 0x7f, 0x8c, 0x7f, 0x8c, 0x7f, 0x8c, 0x7f, 0x8c,
  0x7f, 0x8c, 0x5f, 0x8c, 0x5f, 0x8c, 0x5f, 0x8c, 0x5f, 0x8c, 0x5f, 0x8c, 0x3f, 0x8c, 0x3f, 0x8c,
  0x3f, 0x94, 0x3f, 0x94, 0x3f, 0x94, 0x3f, 0x94, 0x3f, 0x94, 0x3f, 0x94, 0x3f, 0x94, 0x1f, 0x94,
  0x1f, 0x94, 0x1f, 0x94, 0x1f, 0x94, 0x1f, 0x94, 0x1f, 0x94, 0xff, 0x93, 0xff, 0x93, 0xff, 0x93,
  0xff, 0x93, 0xff, 0x93, 0xff, 0x93, 0xdf, 0x93, 0xdf, 0x93, 0xdf, 0x93, 0xdf, 0x93, 0xdf, 0x93,
  0xdf, 0x93, 0xbf, 0x93, 0xdf, 0x93, 0xff, 0x9b, 0xbe, 0x8b, 0xbe, 0x8b, 0xdf, 0x9b, 0x00, 0x00,
  0x1f, 0xf8, 0x5f, 0xad, 0x00, 0x00, 0x00, 0x00, 0x00, 0x00, 0x00, 0x00, 0x00, 0x00, 0x00, 0x00,
  0x00, 0x00, 0x00, 0x00, 0x00, 0x00, 0x00, 0x00, 0x00, 0x00, 0x00, 0x00, 0x00, 0x00, 0x00, 0x00,
  0x00, 0x00, 0x00, 0x00, 0x00, 0x00, 0x00, 0x00, 0x00, 0x00, 0x00, 0x00, 0x00, 0x00, 0x00, 0x00,
  0x00, 0x00, 0x00, 0x00, 0x00, 0x00, 0x00, 0x00, 0x00, 0x00, 0x00, 0x00, 0x00, 0x00, 0x00, 0x00,
  0x00, 0x00, 0x00, 0x00, 0x55, 0x55, 0xef, 0x7b, 0x00, 0x00, 0x00, 0x00, 0x15, 0x5c, 0x5a, 0x74,
  0xdf, 0x8c, 0x7f, 0x8c, 0x7f, 0x8c, 0x7f, 0x8c, 0x7f, 0x8c, 0x5f, 0x8c, 0x5f, 0x94, 0x5f, 0x8c,
  0x5f, 0x8c, 0x5f, 0x8c, 0x5f, 0x94, 0x5f, 0x94, 0x5f, 0x94, 0x3f, 0x94, 0x3f, 0x94, 0x3f, 0x94,
  0x3f, 0x94, 0x3f, 0x94, 0x3f, 0x94, 0x3f, 0x94, 0x1f, 0x94, 0x1f, 0x94, 0x1f, 0x94, 0x1f, 0x94,
  0x1f, 0x94, 0x1f, 0x94, 0xff, 0x93, 0xff, 0x93, 0xff, 0x93, 0xff, 0x93, 0xff, 0x93, 0xdf, 0x93,
  0xdf, 0x93, 0xff, 0x93, 0xdf, 0x93, 0xdf, 0x93, 0xdf, 0x93, 0xdf, 0x93, 0xdf, 0x93, 0xdf, 0x93,
  0xdf, 0x93, 0xbf, 0x93, 0xbf, 0x93, 0xbf, 0x93, 0xdd, 0x8b, 0xb9, 0x73, 0x74, 0x5b, 0xa7, 0x13,
  0x00, 0x00, 0xef, 0x7b, 0x55, 0x55, 0x00, 0x00, 0x00, 0x00, 0x00, 0x00, 0x00, 0x00, 0x00, 0x00,
  0x00, 0x00, 0x00, 0x00, 0x00, 0x00, 0x00, 0x00, 0x00, 0x00, 0x00, 0x00, 0x00, 0x00, 0x00, 0x00,
  0x00, 0x00, 0x00, 0x00, 0x00, 0x00, 0x00, 0x00, 0x00, 0x00, 0x00, 0x00, 0x00, 0x00, 0x00, 0x00,
  0x00, 0x00, 0x00, 0x00, 0x00, 0x00, 0x00, 0x00, 0x00, 0x00, 0x00, 0x00, 0x00, 0x00, 0x00, 0x00,
  0x00, 0x00, 0xff, 0xff, 0x1f, 0x00, 0x00, 0x00, 0x00, 0x00, 0xf2, 0x53, 0xf0, 0x3b, 0x32, 0x44,
  0x34, 0x54, 0x7a, 0x6c, 0x5e, 0x84, 0x5f, 0x94, 0x5f, 0x94, 0x5f, 0x8c, 0x5f, 0x8c, 0x5f, 0x94,
  0x5f, 0x8c, 0x3f, 0x8c, 0x3f, 0x94, 0x3f, 0x94, 0x3f, 0x94, 0x3f, 0x94, 0x3f, 0x94, 0x3f, 0x94,
  0x3f, 0x94, 0x1f, 0x94, 0x3f, 0x94, 0x1f, 0x94, 0x1f, 0x94, 0x1f, 0x94, 0x1f, 0x94, 0x1f, 0x94,
  0xff, 0x93, 0xff, 0x93, 0xff, 0x93, 0xff, 0x93, 0xff, 0x93, 0xff, 0x93, 0xff, 0x93, 0xdf, 0x93,
  0xdf, 0x93, 0xdf, 0x93, 0xdf, 0x93, 0xdf, 0x93, 0xdf, 0x93, 0xdf, 0x93, 0xdf, 0x93, 0xbf, 0x93,
  0xbf, 0x93, 0xbf, 0x93, 0xbf, 0x93, 0x9f, 0x93, 0x9e, 0x8b, 0xb9, 0x6b, 0xd3, 0x53, 0xd1, 0x43,
  0x90, 0x43, 0x70, 0x4b, 0x00, 0x00, 0xef, 0x7b, 0x1f, 0x00, 0xff, 0xff, 0x00, 0x00, 0x00, 0x00,
  0x00, 0x00, 0x00, 0x00, 0x00, 0x00, 0x00, 0x00, 0x00, 0x00, 0x00, 0x00, 0x00, 0x00, 0x00, 0x00,
  0x00, 0x00, 0x00, 0x00, 0x00, 0x00, 0x00, 0x00, 0x00, 0x00, 0x00, 0x00, 0x00, 0x00, 0x00, 0x00,
  0x00, 0x00, 0x00, 0x00, 0x00, 0x00, 0x00, 0x00, 0x00, 0x00, 0x00, 0x00, 0x00, 0x00, 0x00, 0x00,
  0x00, 0x00, 0x00, 0x00, 0xef, 0x7b, 0x00, 0x00, 0x00, 0x00, 0x71, 0x4c, 0x52, 0x4c, 0x53, 0x4c,
  0x93, 0x4c, 0x52, 0x4c, 0x34, 0x54, 0x5a, 0x74, 0x5e, 0x8c, 0x5f, 0x94, 0x5f, 0x94, 0x3f, 0x94,
  0x3f, 0x94, 0x3f, 0x94, 0x3f, 0x94, 0x3f, 0x94, 0x3f, 0x94, 0x1f, 0x94, 0x1f, 0x94, 0x1f, 0x94,
  0x1f, 0x94, 0x1f, 0x94, 0x1f, 0x94, 0x1f, 0x94, 0x1f, 0x94, 0xff, 0x93, 0xff, 0x93, 0xff, 0x93,
  0xff, 0x93, 0xff, 0x93, 0xff, 0x93, 0xff, 0x93, 0xff, 0x93, 0xdf, 0x93, 0xdf, 0x93, 0xdf, 0x93,
  0xdf, 0x93, 0xdf, 0x93, 0xdf, 0x93, 0xbf, 0x93, 0xbf, 0x93, 0xbf, 0x93, 0xbf, 0x93, 0xbf, 0x93,
  0xbf, 0x93, 0x9f, 0x93, 0x9f, 0x93, 0x9f, 0x93, 0x9e, 0x8b, 0xba, 0x73, 0xd4, 0x5b, 0xf2, 0x4b,
  0x13, 0x4c, 0xd3, 0x4b, 0xd2, 0x4b, 0xd2, 0x53, 0x00, 0x00, 0x00, 0x00, 0xef, 0x7b, 0x00, 0x00,
  0x00, 0x00, 0x00, 0x00, 0x00, 0x00, 0x00, 0x00, 0x00, 0x00, 0x00, 0x00, 0x00, 0x00, 0x00, 0x00,
  0x00, 0x00, 0x00, 0x00, 0x00, 0x00, 0x00, 0x00, 0x00, 0x00, 0x00, 0x00, 0x00, 0x00, 0x00, 0x00,
  0x00, 0x00, 0x00, 0x00, 0x00, 0x00, 0x00, 0x00, 0x00, 0x00, 0x00, 0x00, 0x00, 0x00, 0x00, 0x00,
  0x00, 0x00, 0x00, 0x00, 0xff, 0xff, 0xef, 0x3b, 0xff, 0x7f, 0x96, 0x4c, 0x73, 0x4c, 0x73, 0x4c,
  0xb4, 0x54, 0x94, 0x54, 0x73, 0x4c, 0x52, 0x4c, 0x55, 0x5c, 0x59, 0x6c, 0x3d, 0x84, 0x3f, 0x94,
  0x3f, 0x94, 0x3f, 0x8c, 0x3f, 0x94, 0x3f, 0x94, 0x1f, 0x94, 0x1f, 0x94, 0x1f, 0x94, 0x1f, 0x94,
  0x1f, 0x94, 0x1f, 0x94, 0xff, 0x93, 0xff, 0x93, 0xff, 0x93, 0xff, 0x93, 0xff, 0x93, 0xff, 0x93,
  0xff, 0x93, 0xdf, 0x93, 0xdf, 0x93, 0xdf, 0x93, 0xdf, 0x93, 0xdf, 0x93, 0xdf, 0x93, 0xbf, 0x93,
  0xbf, 0x93, 0xbf, 0x93, 0xbf, 0x93, 0xbf, 0x93, 0xbf, 0x93, 0xbf, 0x93, 0xbf, 0x93, 0x9f, 0x93,
  0xbf, 0x93, 0x9f, 0x93, 0x9f, 0x93, 0x9f, 0x93, 0x9e, 0x8b, 0xda, 0x73, 0xf5, 0x5b, 0xf3, 0x4b,
  0x13, 0x54, 0x14, 0x54, 0x34, 0x54, 0xf3, 0x53, 0xf3, 0x53, 0xb5, 0x52, 0xff, 0xff, 0xf7, 0x7b,
  0xff, 0xff, 0x00, 0x00, 0x00, 0x00, 0x00, 0x00, 0x00, 0x00, 0x00, 0x00, 0x00, 0x00, 0x00, 0x00,
  0x00, 0x00, 0x00, 0x00, 0x00, 0x00, 0x00, 0x00, 0x00, 0x00, 0x00, 0x00, 0x00, 0x00, 0x00, 0x00,
  0x00, 0x00, 0x00, 0x00, 0x00, 0x00, 0x00, 0x00, 0x00, 0x00, 0x00, 0x00, 0x00, 0x00, 0x00, 0x00,
  0x00, 0x00, 0x00, 0x00, 0x00, 0x00, 0xef, 0x7b, 0x00, 0x00, 0x00, 0x00, 0x94, 0x54, 0xb4, 0x54,
  0xb5, 0x54, 0xd5, 0x5c, 0x94, 0x54, 0x94, 0x54, 0x93, 0x54, 0x93, 0x4c, 0x75, 0x5c, 0x59, 0x6c,
  0x3d, 0x84, 0x1f, 0x94, 0x1f, 0x94, 0x1f, 0x94, 0x1f, 0x94, 0x1f, 0x94, 0x1f, 0x94, 0x1f, 0x94,
  0xff, 0x93, 0xff, 0x93, 0xff, 0x93, 0xff, 0x93, 0xff, 0x93, 0xdf, 0x93, 0xdf, 0x93, 0xdf, 0x93,
  0xdf, 0x93, 0xdf, 0x93, 0xdf, 0x93, 0xdf, 0x93, 0xdf, 0x93, 0xdf, 0x93, 0xbf, 0x93, 0xbf, 0x93,
  0xbf, 0x93, 0xbf, 0x93, 0xbf, 0x93, 0xbf, 0x93, 0xbf, 0x93, 0x9f, 0x93, 0x9f, 0x93, 0x9f, 0x93,
  0x9f, 0x93, 0x9f, 0x93, 0x7f, 0x93, 0x9f, 0x93, 0xbd, 0x8b, 0xda, 0x73, 0x16, 0x5c, 0x33, 0x54,
  0x33, 0x54, 0x14, 0x54, 0x14, 0x54, 0x75, 0x5c, 0x54, 0x5c, 0x34, 0x5c, 0xf4, 0x5b, 0x00, 0x00,
  0x00, 0x00, 0xef, 0x7b, 0x00, 0x00, 0x00, 0x00, 0x00, 0x00, 0x00, 0x00, 0x00, 0x00, 0x00, 0x00,
  0x00, 0x00, 0x00, 0x00, 0x00, 0x00, 0x00, 0x00, 0x00, 0x00, 0x00, 0x00, 0x00, 0x00, 0x00, 0x00,
  0x00, 0x00, 0x00, 0x00, 0x00, 0x00, 0x00, 0x00, 0x00, 0x00, 0x00, 0x00, 0x00, 0x00, 0x00, 0x00,
  0x00, 0x00, 0x00, 0x00, 0xff, 0x07, 0x00, 0x00, 0x5f, 0x55, 0x00, 0x00, 0xf4, 0x54, 0xb4, 0x54,
  0xd5, 0x5c, 0xb5, 0x5c, 0xb4, 0x5c, 0xb4, 0x5c, 0xb4, 0x5c, 0xb4, 0x5c, 0xb4, 0x5c, 0xb4, 0x54,
  0x95, 0x5c, 0x79, 0x6c, 0x3d, 0x84, 0x1f, 0x94, 0xff, 0x93, 0xff, 0x93, 0xff, 0x93, 0xff, 0x93,
  0xff, 0x93, 0xff, 0x93, 0xff, 0x93, 0xdf, 0x93, 0xdf, 0x93, 0xdf, 0x93, 0xdf, 0x93, 0xdf, 0x93,
  0xdf, 0x93, 0xbf, 0x93, 0xbf, 0x93, 0xbf, 0x93, 0xbf, 0x93, 0xbf, 0x93, 0xbf, 0x93, 0xbf, 0x93,
  0xbf, 0x93, 0x9f, 0x93, 0x9f, 0x93, 0x9f, 0x93, 0x9f, 0x93, 0x9f, 0x93, 0x9f, 0x93, 0x9f, 0x93,
  0x9f, 0x93, 0x9f, 0x93, 0x7f, 0x93, 0x7f, 0x93, 0xbd, 0x8b, 0x19, 0x74, 0x35, 0x64, 0x54, 0x5c,
  0x54, 0x5c, 0x54, 0x5c, 0x54, 0x5c, 0x54, 0x5c, 0x54, 0x5c, 0x55, 0x5c, 0x55, 0x64, 0x34, 0x5c,
  0xf5, 0x53, 0x00, 0x00, 0xf7, 0x3b, 0x00, 0x00, 0x1f, 0x00, 0x00, 0x00, 0x00, 0x00, 0x00, 0x00,
  0x00, 0x00, 0x00, 0x00, 0x00, 0x00, 0x00, 0x00, 0x00, 0x00, 0x00, 0x00, 0x00, 0x00, 0x00, 0x00,
  0x00, 0x00, 0x00, 0x00, 0x00, 0x00, 0x00, 0x00, 0x00, 0x00, 0x00, 0x00, 0x00, 0x00, 0x00, 0x00,
  0x00, 0x00, 0x00, 0x00, 0x00, 0x00, 0xd9, 0x64, 0x00, 0x00, 0x00, 0x00, 0xf5, 0x64, 0xd5, 0x5c,
  0xf6, 0x5c, 0x16, 0x65, 0xd5, 0x5c, 0xd5, 0x5c, 0xd5, 0x5c, 0xd5, 0x5c, 0xd5, 0x5c, 0xd5, 0x5c,
  0xd5, 0x5c, 0xd5, 0x5c, 0xb6, 0x64, 0x98, 0x6c, 0x5b, 0x7c, 0x3d, 0x84, 0xff, 0x8b, 0xdf, 0x93,
  0xdf, 0x93, 0xdf, 0x93, 0xdf, 0x93, 0xdf, 0x93, 0xdf, 0x93, 0xdf, 0x93, 0xdf, 0x93, 0xdf, 0x93,
  0xdf, 0x93, 0xbf, 0x93, 0xbf, 0x93, 0xbf, 0x93, 0xbf, 0x93, 0xbf, 0x93, 0xbf, 0x93, 0x9f, 0x93,
  0x9f, 0x93, 0x9f, 0x93, 0x9f, 0x93, 0x9f, 0x93, 0x9f, 0x93, 0x9f, 0x93, 0x9f, 0x93, 0x7f, 0x93,
  0x7f, 0x9b, 0x7f, 0x9b, 0x7f, 0x93, 0xbd, 0x8b, 0xfb, 0x7b, 0x38, 0x6c, 0x56, 0x64, 0x75, 0x5c,
  0x75, 0x5c, 0x75, 0x5c, 0x55, 0x64, 0x55, 0x5c, 0x55, 0x5c, 0x55, 0x5c, 0x55, 0x64, 0x96, 0x64,
  0x75, 0x64, 0x55, 0x64, 0x76, 0x64, 0x00, 0x00, 0x00, 0x00, 0xbf, 0x52, 0x00, 0x00, 0x00, 0x00,
  0x00, 0x00, 0x00, 0x00, 0x00, 0x00, 0x00, 0x00, 0x00, 0x00, 0x00, 0x00, 0x00, 0x00, 0x00, 0x00,
  0x00, 0x00, 0x00, 0x00, 0x00, 0x00, 0x00, 0x00, 0x00, 0x00, 0x00, 0x00, 0x00, 0x00, 0x00, 0x00,
  0x00, 0x00, 0x00, 0x00, 0x00, 0x00, 0x00, 0x00, 0x96, 0x6c, 0x00, 0x00, 0x58, 0x75, 0xf5, 0x64,
  0xf6, 0x64, 0x37, 0x65, 0xf6, 0x64, 0xf6, 0x64, 0xf6, 0x5c, 0xf6, 0x5c, 0xf6, 0x64, 0xf6, 0x64,
  0xf6, 0x64, 0xf6, 0x64, 0xf6, 0x64, 0xf6, 0x64, 0xf5, 0x5c, 0xd7, 0x64, 0x99, 0x74, 0x3c, 0x84,
  0xfe, 0x8b, 0xdf, 0x93, 0xdf, 0x93, 0xbf, 0x93, 0xbf, 0x93, 0xbf, 0x93, 0xbf, 0x93, 0xbf, 0x93,
  0xbf, 0x93, 0xbf, 0x93, 0xbf, 0x93, 0x9f, 0x93, 0x9f, 0x93, 0x9f, 0x93, 0x9f, 0x93, 0x9f, 0x93,
  0x9f, 0x93, 0x7f, 0x93, 0x7f, 0x93, 0x7f, 0x93, 0x7f, 0x93, 0x7f, 0x93, 0x7f, 0x9b, 0x7f, 0x93,
  0x9f, 0x93, 0x9f, 0x93, 0xbe, 0x93, 0xdd, 0x83, 0x3a, 0x74, 0x77, 0x64, 0x95, 0x5c, 0x96, 0x64,
  0x96, 0x64, 0x96, 0x64, 0x96, 0x64, 0x76, 0x64, 0x76, 0x64, 0x76, 0x64, 0x76, 0x64, 0x76, 0x64,
  0x76, 0x64, 0xb7, 0x64, 0x76, 0x64, 0x76, 0x64, 0xf6, 0x63, 0x00, 0x00, 0xf7, 0x7b, 0x00, 0x00,
  0x00, 0x00, 0x00, 0x00, 0x00, 0x00, 0x00, 0x00, 0x00, 0x00, 0x00, 0x00, 0x00, 0x00, 0x00, 0x00,
  0x00, 0x00, 0x00, 0x00, 0x00, 0x00, 0x00, 0x00, 0x00, 0x00, 0x00, 0x00, 0x00, 0x00, 0x00, 0x00,
  0x00, 0x00, 0x00, 0x00, 0x00, 0x00, 0xef, 0x7b, 0x00, 0x00, 0xf7, 0x7b, 0x57, 0x6d, 0x37, 0x65,
  0x16, 0x65, 0x57, 0x6d, 0x58, 0x6d, 0x17, 0x65, 0x17, 0x65, 0x17, 0x65, 0x17, 0x65, 0x17, 0x65,
  0x17, 0x65, 0x16, 0x65, 0x17, 0x65, 0x17, 0x65, 0x16, 0x65, 0x16, 0x65, 0x16, 0x65, 0xf7, 0x64,
  0xd8, 0x6c, 0x99, 0x74, 0x5b, 0x7c, 0xfe, 0x8b, 0xbf, 0x93, 0x9f, 0x9b, 0x9f, 0x93, 0x9f, 0x93,
  0x9f, 0x93, 0x9f, 0x93, 0x9f, 0x93, 0x9f, 0x93, 0x9f, 0x93, 0x9f, 0x93, 0x9f, 0x93, 0x9f, 0x93,
  0x9f, 0x93, 0x9f, 0x93, 0x9f, 0x93, 0x9f, 0x93, 0x7f, 0x93, 0x7f, 0x93, 0x7f, 0x9b, 0x7f, 0x9b,
  0x9f, 0x93, 0xdd, 0x8b, 0x1b, 0x84, 0x3a, 0x7c, 0x78, 0x74, 0xb7, 0x6c, 0xb7, 0x64, 0xb6, 0x64,
  0xb6, 0x64, 0xb7, 0x64, 0xb7, 0x64, 0xb7, 0x6c, 0xb7, 0x6c, 0xb7, 0x6c, 0x97, 0x6c, 0x97, 0x6c,
  0x97, 0x6c, 0x97, 0x64, 0xd8, 0x6c, 0xb7, 0x6c, 0x76, 0x64, 0x77, 0x6c, 0x56, 0x74, 0xf7, 0x7b,
  0x00, 0x00, 0xef, 0x7b, 0x00, 0x00, 0x00, 0x00, 0x00, 0x00, 0x00, 0x00, 0x00, 0x00, 0x00, 0x00,
  0x00, 0x00, 0x00, 0x00, 0x00, 0x00, 0x00, 0x00, 0x00, 0x00, 0x00, 0x00, 0x00, 0x00, 0x00, 0x00,
  0x00, 0x00, 0x00, 0x00, 0x00, 0x00, 0x00, 0x00, 0xef, 0x7b, 0x00, 0x00, 0x00, 0x00, 0x17, 0x6d,
  0x57, 0x6d, 0x98, 0x6d, 0x57, 0x6d, 0x58, 0x6d, 0x37, 0x6d, 0x37, 0x6d, 0x37, 0x6d, 0x37, 0x6d,
  0x37, 0x6d, 0x37, 0x6d, 0x37, 0x6d, 0x17, 0x6d, 0x17, 0x6d, 0x17, 0x6d, 0x17, 0x6d, 0x17, 0x6d,
  0x17, 0x65, 0x36, 0x65, 0x17, 0x65, 0xd9, 0x6c, 0x9b, 0x7c, 0x5c, 0x84, 0x1d, 0x8c, 0xfd, 0x8b,
  0xde, 0x8b, 0xbf, 0x93, 0x9f, 0x93, 0x9f, 0x93, 0x7f, 0x93, 0x5f, 0x9b, 0x5f, 0x9b, 0x5f, 0x9b,
  0x5f, 0x9b, 0x5f, 0x9b, 0x7f, 0x93, 0x9f, 0x93, 0x9f, 0x93, 0xbf, 0x93, 0xde, 0x8b, 0xde, 0x8b,
  0xfd, 0x83, 0x3c, 0x84, 0x7a, 0x7c, 0x99, 0x74, 0xb7, 0x6c, 0xd7, 0x6c, 0xd7, 0x64, 0xd7, 0x6c,
  0xd7, 0x6c, 0xb7, 0x6c, 0xb7, 0x6c, 0xb7, 0x6c, 0xb7, 0x6c, 0xb7, 0x6c, 0xb7, 0x6c, 0xb7, 0x6c,
  0xb7, 0x6c, 0xb7, 0x6c, 0xb7, 0x6c, 0xb8, 0x6c, 0xb7, 0x6c, 0xf8, 0x74, 0x97, 0x6c, 0xb8, 0x6c,
  0x00, 0x00, 0x00, 0x00, 0xef, 0x7b, 0x00, 0x00, 0x00, 0x00, 0x00, 0x00, 0x00, 0x00, 0x00, 0x00,
  0x00, 0x00, 0x00, 0x00, 0x00, 0x00, 0x00, 0x00, 0x00, 0x00, 0x00, 0x00, 0x00, 0x00, 0x00, 0x00,
  0x00, 0x00, 0x00, 0x00, 0x00, 0x00, 0x00, 0x00, 0xff, 0x07, 0x00, 0x00, 0x00, 0x00, 0xff, 0x7b,
  0x38, 0x6d, 0x58, 0x6d, 0xda, 0x75, 0x58, 0x6d, 0x58, 0x6d, 0x58, 0x6d, 0x58, 0x6d, 0x58, 0x6d,
  0x58, 0x6d, 0x58, 0x6d, 0x58, 0x6d, 0x38, 0x6d, 0x38, 0x6d, 0x38, 0x6d, 0x38, 0x6d, 0x38, 0x6d,
  0x38, 0x6d, 0x38, 0x6d, 0x38, 0x6d, 0x38, 0x6d, 0x38, 0x6d, 0x38, 0x6d, 0x18, 0x6d, 0xf9, 0x74,
  0xba, 0x7c, 0x7b, 0x84, 0x3c, 0x84, 0x1d, 0x8c, 0xde, 0x8b, 0xbe, 0x93, 0x9f, 0x93, 0x9f, 0x93,
  0x9f, 0x93, 0x9f, 0x93, 0x9f, 0x93, 0xbe, 0x93, 0xde, 0x8b, 0xfd, 0x8b, 0x3c, 0x84, 0x5b, 0x84,
  0x9a, 0x7c, 0xd9, 0x74, 0xf8, 0x6c, 0xf8, 0x6c, 0xf8, 0x6c, 0xf8, 0x6c, 0xd8, 0x6c, 0xd8, 0x6c,
  0xf8, 0x6c, 0xf8, 0x6c, 0xd8, 0x6c, 0xd8, 0x6c, 0xd8, 0x6c, 0xd8, 0x6c, 0xd8, 0x6c, 0xd8, 0x6c,
  0xd8, 0x6c, 0xd8, 0x6c, 0xd8, 0x6c, 0xd8, 0x6c, 0xb8, 0x6c, 0xb8, 0x6c, 0x3a, 0x7d, 0xb8, 0x6c,
  0xd8, 0x6c, 0x55, 0x55, 0x00, 0x00, 0x00, 0x00, 0xff, 0x07, 0x00, 0x00, 0x00, 0x00, 0x00, 0x00,
  0x00, 0x00, 0x00, 0x00, 0x00, 0x00, 0x00, 0x00, 0x00, 0x00, 0x00, 0x00, 0x00, 0x00, 0x00, 0x00,
  0x00, 0x00, 0x00, 0x00, 0x00, 0x00, 0x00, 0x00, 0x00, 0x00, 0xf7, 0x3d, 0xef, 0x7b, 0xff, 0x07,
  0x58, 0x6d, 0x58, 0x6d, 0x78, 0x6d, 0xda, 0x7d, 0x78, 0x6d, 0x78, 0x6d, 0x78, 0x6d, 0x78, 0x6d,
  0x58, 0x6d, 0x58, 0x6d, 0x58, 0x6d, 0x58, 0x6d, 0x58, 0x6d, 0x58, 0x6d, 0x58, 0x75, 0x58, 0x6d,
  0x58, 0x75, 0x58, 0x75, 0x38, 0x6d, 0x39, 0x75, 0x38, 0x75, 0x58, 0x6d, 0x58, 0x6d, 0x58, 0x6d,
  0x38, 0x6d, 0x39, 0x75, 0x19, 0x75, 0xfa, 0x74, 0xda, 0x74, 0xda, 0x7c, 0xda, 0x7c, 0xbb, 0x7c,
  0xbb, 0x7c, 0xbb, 0x7c, 0xbb, 0x7c, 0xbb, 0x7c, 0xba, 0x7c, 0xda, 0x7c, 0xda, 0x7c, 0xda, 0x74,
  0xf9, 0x74, 0xf9, 0x74, 0x18, 0x75, 0x18, 0x6d, 0x18, 0x6d, 0x18, 0x6d, 0x18, 0x75, 0xf8, 0x74,
  0xf8, 0x74, 0xf8, 0x74, 0xf9, 0x74, 0xf8, 0x74, 0xf8, 0x74, 0xf8, 0x74, 0xf8, 0x74, 0xf8, 0x74,
  0xf8, 0x74, 0xd8, 0x74, 0xd8, 0x74, 0xd8, 0x74, 0xd9, 0x74, 0xd8, 0x74, 0xd8, 0x74, 0x1a, 0x7d,
  0xd8, 0x74, 0xb8, 0x74, 0xb8, 0x74, 0x00, 0x00, 0xff, 0x07, 0xd9, 0x64, 0x00, 0x00, 0x00, 0x00,
  0x00, 0x00, 0x00, 0x00, 0x00, 0x00, 0x00, 0x00, 0x00, 0x00, 0x00, 0x00, 0x00, 0x00, 0x00, 0x00,
  0x00, 0x00, 0x00, 0x00, 0x00, 0x00, 0x00, 0x00, 0x00, 0x00, 0x00, 0x00, 0xd9, 0x64, 0x00, 0x00,
  0x00, 0x00, 0x99, 0x75, 0xba, 0x75, 0x99, 0x75, 0x99, 0x75, 0x79, 0x75, 0x79, 0x75, 0x79, 0x75,
  0x79, 0x75, 0x79, 0x75, 0x79, 0x75, 0x79, 0x75, 0x79, 0x75, 0x79, 0x75, 0x59, 0x75, 0x59, 0x75,
  0x79, 0x75, 0x79, 0x75, 0x79, 0x75, 0x59, 0x75, 0x59, 0x75, 0x59, 0x75, 0x59, 0x75, 0x59, 0x75,
  0x59, 0x75, 0x59, 0x75, 0x59, 0x75, 0x59, 0x75, 0x59, 0x75, 0x58, 0x6d, 0x58, 0x6d, 0x78, 0x6d,
  0x78, 0x6d, 0x78, 0x6d, 0x58, 0x6d, 0x58, 0x75, 0x58, 0x75, 0x58, 0x6d, 0x58, 0x75, 0x58, 0x75,
  0x39, 0x75, 0x39, 0x75, 0x39, 0x75, 0x19, 0x75, 0x19, 0x75, 0x19, 0x75, 0x19, 0x75, 0x19, 0x75,
  0x19, 0x75, 0x19, 0x75, 0x19, 0x75, 0x19, 0x75, 0xf9, 0x74, 0xf9, 0x74, 0xf9, 0x74, 0xf9, 0x74,
  0xf9, 0x74, 0xf9, 0x74, 0xf9, 0x74, 0xf9, 0x74, 0xf9, 0x74, 0xf9, 0x74, 0xf9, 0x74, 0xf9, 0x74,
  0xd9, 0x74, 0xf9, 0x74, 0xfa, 0x7c, 0xd9, 0x74, 0xff, 0x7b, 0x00, 0x00, 0xfa, 0x7b, 0x00, 0x00,
  0x00, 0x00, 0x00, 0x00, 0x00, 0x00, 0x00, 0x00, 0x00, 0x00, 0x00, 0x00, 0x00, 0x00, 0x00, 0x00,
  0x00, 0x00, 0x00, 0x00, 0x00, 0x00, 0x00, 0x00, 0x00, 0x00, 0xff, 0x07, 0x00, 0x00, 0x5f, 0xad,
  0x00, 0x00, 0x9a, 0x6d, 0xba, 0x75, 0x1c, 0x7e, 0xda, 0x7d, 0x9a, 0x75, 0x9a, 0x75, 0x9a, 0x75,
  0x9a, 0x75, 0x9a, 0x75, 0x9a, 0x75, 0x9a, 0x75, 0x9a, 0x75, 0x9a, 0x75, 0x9a, 0x75, 0x7a, 0x75,
  0x7a, 0x75, 0x7a, 0x75, 0x7a, 0x75, 0x7a, 0x75, 0x7a, 0x75, 0x7a, 0x75, 0x7a, 0x75, 0x7a, 0x75,
  0x7a, 0x75, 0x7a, 0x75, 0x7a, 0x75, 0x7a, 0x75, 0x7a, 0x75, 0x59, 0x75, 0x59, 0x75, 0x59, 0x75,
  0x59, 0x75, 0x59, 0x75, 0x5a, 0x75, 0x5a, 0x75, 0x5a, 0x75, 0x59, 0x75, 0x39, 0x75, 0x59, 0x75,
  0x59, 0x75, 0x3a, 0x75, 0x3a, 0x75, 0x3a, 0x75, 0x3a, 0x7d, 0x3a, 0x7d, 0x3a, 0x7d, 0x3a, 0x7d,
  0x3a, 0x7d, 0x3a, 0x7d, 0x3a, 0x7d, 0x3a, 0x7d, 0x1a, 0x7d, 0x1a, 0x7d, 0x1a, 0x7d, 0x1a, 0x7d,
  0x1a, 0x7d, 0x1a, 0x7d, 0x1a, 0x7d, 0x1a, 0x7d, 0x1a, 0x7d, 0x1a, 0x7d, 0xfa, 0x7c, 0xfa, 0x7c,
  0x1a, 0x7d, 0xf9, 0x7c, 0x1a, 0x7d, 0x5c, 0x85, 0xfa, 0x7c, 0xfb, 0x7c, 0x00, 0x00, 0xf7, 0x7b,
  0x00, 0x00, 0x1f, 0x00, 0x00, 0x00, 0x00, 0x00, 0x00, 0x00, 0x00, 0x00, 0x00, 0x00, 0x00, 0x00,
  0x00, 0x00, 0x00, 0x00, 0x00, 0x00, 0x00, 0x00, 0x00, 0x00, 0x00, 0x00, 0xff, 0x7f, 0x00, 0x00,
  0xff, 0x7b, 0xfb, 0x7d, 0xba, 0x75, 0xba, 0x75, 0x1c, 0x86, 0xdb, 0x7d, 0xba, 0x75, 0xba, 0x75,
  0x9a, 0x75, 0x9a, 0x75, 0x9a, 0x7d, 0x9a, 0x7d, 0x9a, 0x7d, 0x9a, 0x7d, 0x9a, 0x7d, 0x9a, 0x7d,
  0x9a, 0x7d, 0x9a, 0x7d, 0x9a, 0x7d, 0x9a, 0x7d, 0x9a, 0x7d, 0x9a, 0x7d, 0x9a, 0x7d, 0x7a, 0x7d,
  0x7a, 0x7d, 0x7a, 0x7d, 0x7a, 0x7d, 0x7a, 0x7d, 0x7a, 0x7d, 0x5a, 0x7d, 0x5a, 0x7d, 0x7b, 0x7d,
  0xbc, 0x85, 0xdd, 0x85, 0xfd, 0x8d, 0xfd, 0x8d, 0xfd, 0x8d, 0xfd, 0x8d, 0xdd, 0x8d, 0xdd, 0x85,
  0x9c, 0x85, 0x7b, 0x7d, 0x5a, 0x7d, 0x3a, 0x7d, 0x5a, 0x7d, 0x5a, 0x7d, 0x3a, 0x7d, 0x3a, 0x7d,
  0x3a, 0x7d, 0x3a, 0x7d, 0x3a, 0x7d, 0x3a, 0x7d, 0x3a, 0x7d, 0x3a, 0x7d, 0x3a, 0x7d, 0x3a, 0x7d,
  0x3a, 0x7d, 0x3a, 0x7d, 0x1a, 0x7d, 0x1a, 0x7d, 0x1a, 0x7d, 0x1a, 0x7d, 0x1a, 0x7d, 0x1a, 0x7d,
  0x1a, 0x7d, 0x1a, 0x7d, 0x1a, 0x7d, 0x3b, 0x7d, 0x7c, 0x85, 0xfa, 0x7c, 0xfb, 0x7c, 0xfa, 0x74,
  0xef, 0x7b, 0x00, 0x00, 0xff, 0x7b, 0x00, 0x00, 0x00, 0x00, 0x00, 0x00, 0x00, 0x00, 0x00, 0x00,
  0x00, 0x00, 0x00, 0x00, 0x00, 0x00, 0x00, 0x00, 0x00, 0x00, 0x00, 0x00, 0x00, 0x00, 0xd9, 0x64,
  0x00, 0x00, 0x00, 0x00, 0xfa, 0x7d, 0xdb, 0x7d, 0xbb, 0x7d, 0xbb, 0x7d, 0xdb, 0x7d, 0xdb, 0x7d,
  0xbb, 0x7d, 0xbb, 0x7d, 0xbb, 0x7d, 0xbb, 0x7d, 0xbb, 0x7d, 0xbb, 0x7d, 0xbb, 0x7d, 0xbb, 0x7d,
  0xbb, 0x7d, 0x9b, 0x7d, 0x9b, 0x7d, 0x9b, 0x7d, 0x9b, 0x7d, 0x9b, 0x7d, 0x9b, 0x7d, 0x9b, 0x7d,
  0x9b, 0x7d, 0x9b, 0x7d, 0x9b, 0x7d, 0x9b, 0x7d, 0x9b, 0x7d, 0x7b, 0x7d, 0x9b, 0x7d, 0x9b, 0x85,
  0x7b, 0x7d, 0x7b, 0x7d, 0x7b, 0x7d, 0x7a, 0x7d, 0x7b, 0x7d, 0x7b, 0x7d, 0x7b, 0x7d, 0x5a, 0x7d,
  0x7b, 0x7d, 0x5b, 0x7d, 0x5b, 0x7d, 0x7b, 0x7d, 0x7b, 0x85, 0x5b, 0x7d, 0x5b, 0x7d, 0x5b, 0x7d,
  0x5b, 0x7d, 0x5b, 0x7d, 0x5b, 0x7d, 0x3b, 0x7d, 0x3b, 0x7d, 0x3b, 0x7d, 0x3b, 0x7d, 0x3b, 0x7d,
  0x3b, 0x7d, 0x3b, 0x7d, 0x3b, 0x7d, 0x3b, 0x7d, 0x3b, 0x7d, 0x3b, 0x7d, 0x1b, 0x7d, 0x1b, 0x7d,
  0x1b, 0x7d, 0x1b, 0x7d, 0x1b, 0x7d, 0x1b, 0x7d, 0x3b, 0x85, 0x3b, 0x85, 0x1b, 0x85, 0x1b, 0x7d,
  0xfb, 0x84, 0x00, 0x00, 0x00, 0x00, 0xff, 0x7d, 0x00, 0x00, 0x00, 0x00, 0x00, 0x00, 0x00, 0x00,
  0x00, 0x00, 0x00, 0x00, 0x00, 0x00, 0x00, 0x00, 0x00, 0x00, 0x00, 0x00, 0x00, 0x00, 0x00, 0x00,
  0x5a, 0x7d, 0x00, 0x00, 0x00, 0x00, 0xfb, 0x7d, 0xfb, 0x7d, 0xfc, 0x7d, 0xdb, 0x7d, 0xdb, 0x7d,
  0xdb, 0x7d, 0xdb, 0x7d, 0xdb, 0x7d, 0xdb, 0x7d, 0xdb, 0x7d, 0xbb, 0x7d, 0xbb, 0x7d, 0xbb, 0x7d,
  0xbb, 0x7d, 0xbb, 0x7d, 0xbb, 0x7d, 0xbb, 0x7d, 0xbb, 0x7d, 0xbb, 0x7d, 0xbb, 0x7d, 0xbb, 0x7d,
  0xbb, 0x7d, 0x9b, 0x7d, 0x9b, 0x7d, 0x9b, 0x7d, 0x9b, 0x7d, 0x9b, 0x7d, 0x9b, 0x85, 0xfd, 0x8d,
  0xbc, 0x85, 0x9b, 0x85, 0x7b, 0x7d, 0x7b, 0x7d, 0x9b, 0x7d, 0x9b, 0x85, 0x7b, 0x7d, 0x7b, 0x7d,
  0x7b, 0x7d, 0x7b, 0x7d, 0x5b, 0x7d, 0x7b, 0x7d, 0x9c, 0x85, 0xdd, 0x8d, 0x7b, 0x85, 0x7b, 0x7d,
  0x5b, 0x7d, 0x5b, 0x85, 0x5b, 0x85, 0x5b, 0x7d, 0x5b, 0x85, 0x5b, 0x85, 0x5b, 0x85, 0x5b, 0x85,
  0x5b, 0x85, 0x5b, 0x85, 0x5b, 0x85, 0x5b, 0x85, 0x3b, 0x85, 0x3b, 0x85, 0x3b, 0x85, 0x3b, 0x85,
  0x3b, 0x85, 0x3b, 0x85, 0x3b, 0x85, 0x3b, 0x85, 0x3b, 0x85, 0x1b, 0x85, 0x1b, 0x85, 0x5d, 0x8d,
  0x1b, 0x85, 0x1b, 0x85, 0x00, 0x00, 0x00, 0x00, 0x5a, 0x7d, 0x00, 0x00, 0x00, 0x00, 0x00, 0x00,
  0x00, 0x00, 0x00, 0x00, 0x00, 0x00, 0x00, 0x00, 0x00, 0x00, 0x00, 0x00, 0x00, 0x00, 0x00, 0x00,
  0x00, 0x00, 0xf7, 0x7d, 0x00, 0x00, 0xef, 0x7b, 0xdc, 0x7d, 0xfb, 0x7d, 0x3d, 0x86, 0xdc, 0x7d,
  0xdb, 0x7d, 0xdb, 0x7d, 0xdb, 0x7d, 0xdb, 0x7d, 0xdb, 0x7d, 0xdb, 0x7d, 0xdb, 0x7d, 0xdb, 0x7d,
  0xbb, 0x7d, 0xbb, 0x85, 0xdb, 0x85, 0xbb, 0x85, 0xbb, 0x85, 0xbb, 0x85, 0xbb, 0x85, 0xbb, 0x85,
  0xbb, 0x7d, 0xbb, 0x7d, 0xbb, 0x85, 0x9b, 0x7d, 0x9b, 0x7d, 0x9c, 0x85, 0xdc, 0x85, 0xbc, 0x85,
  0xbc, 0x85, 0x7b, 0x7d, 0x7b, 0x7d, 0x7b, 0x7d, 0x1c, 0x75, 0x00, 0x00, 0x00, 0x00, 0x00, 0x00,
  0x00, 0x00, 0x00, 0x00, 0xdc, 0x75, 0x7b, 0x85, 0x7b, 0x7d, 0x7b, 0x7d, 0x9c, 0x85, 0x7c, 0x85,
  0x9d, 0x85, 0x7c, 0x85, 0x7c, 0x85, 0x5b, 0x85, 0x5b, 0x85, 0x5b, 0x85, 0x5b, 0x85, 0x5b, 0x85,
  0x5b, 0x85, 0x5b, 0x85, 0x5b, 0x85, 0x5b, 0x85, 0x5b, 0x85, 0x5b, 0x85, 0x5b, 0x85, 0x5b, 0x85,
  0x3b, 0x85, 0x3b, 0x85, 0x3b, 0x85, 0x3b, 0x85, 0x3b, 0x85, 0x3b, 0x85, 0x1b, 0x85, 0x1c, 0x85,
  0x9e, 0x95, 0x3b, 0x85, 0x1b, 0x85, 0xff, 0xff, 0x00, 0x00, 0xf7, 0x7d, 0x00, 0x00, 0x00, 0x00,
  0x00, 0x00, 0x00, 0x00, 0x00, 0x00, 0x00, 0x00, 0x00, 0x00, 0x00, 0x00, 0x00, 0x00, 0x00, 0x00,
  0x00, 0x00, 0xff, 0x07, 0x00, 0x00, 0x00, 0x00, 0x5a, 0x75, 0xfc, 0x7d, 0xfc, 0x85, 0x5e, 0x8e,
  0xfc, 0x85, 0xfc, 0x85, 0xdc, 0x85, 0xdc, 0x85, 0xdc, 0x85, 0xdc, 0x85, 0xdc, 0x85, 0xdc, 0x85,
  0xdc, 0x85, 0xdc, 0x85, 0xdc, 0x85, 0xdc, 0x85, 0xdc, 0x85, 0xdc, 0x85, 0xbc, 0x85, 0xbc, 0x85,
  0xbc, 0x85, 0xbc, 0x85, 0xbc, 0x85, 0xbc, 0x85, 0xbc, 0x85, 0xbc, 0x85, 0xbc, 0x85, 0xbc, 0x85,
  0x9c, 0x85, 0xbc, 0x85, 0xdb, 0x74, 0x00, 0x00, 0x00, 0x00, 0xff, 0xff, 0x00, 0x00, 0xff, 0x07,
  0xff, 0x07, 0xff, 0x07, 0x00, 0x00, 0xff, 0x07, 0x00, 0x00, 0x00, 0x00, 0xef, 0x03, 0x7c, 0x85,
  0x7c, 0x85, 0x9c, 0x85, 0x7c, 0x85, 0x7c, 0x85, 0x7c, 0x85, 0x7c, 0x85, 0x7c, 0x85, 0x7c, 0x85,
  0x5c, 0x85, 0x5c, 0x85, 0x5c, 0x85, 0x5c, 0x85, 0x5c, 0x85, 0x5c, 0x85, 0x5c, 0x85, 0x5c, 0x85,
  0x5c, 0x85, 0x5c, 0x85, 0x3c, 0x85, 0x3c, 0x85, 0x3c, 0x85, 0x3c, 0x85, 0x3c, 0x85, 0x3c, 0x85,
  0x1c, 0x85, 0x9e, 0x95, 0x3c, 0x85, 0x1c, 0x85, 0x3e, 0x85, 0x00, 0x00, 0x00, 0x00, 0xff, 0x07,
  0x00, 0x00, 0x00, 0x00, 0x00, 0x00, 0x00, 0x00, 0x00, 0x00, 0x00, 0x00, 0x00, 0x00, 0x00, 0x00,
  0x00, 0x00, 0xff, 0xff, 0xff, 0x7b, 0x00, 0x00, 0xf7, 0x7d, 0x3d, 0x86, 0xfc, 0x85, 0xfd, 0x85,
  0x5e, 0x8e, 0xfc, 0x85, 0xfc, 0x85, 0xfc, 0x85, 0xfc, 0x85, 0xdc, 0x85, 0xdc, 0x85, 0xdc, 0x85,
  0xdc, 0x85, 0xdc, 0x85, 0xdc, 0x85, 0xdc, 0x85, 0xdc, 0x85, 0xdc, 0x85, 0xdc, 0x85, 0xdc, 0x85,
  0xdc, 0x85, 0xbc, 0x85, 0xbc, 0x85, 0xbc, 0x85, 0xbc, 0x85, 0x9c, 0x85, 0xdd, 0x85, 0xfe, 0x8d,
  0xbd, 0x85, 0x9c, 0x85, 0x9c, 0x7d, 0x00, 0x00, 0x00, 0x00, 0x00, 0x00, 0x00, 0x00, 0xff, 0xff,
  0x5f, 0x55, 0xf7, 0x7d, 0x5f, 0xad, 0xff, 0xff, 0x00, 0x00, 0x00, 0x00, 0x00, 0x00, 0x00, 0x00,
  0x5b, 0x8d, 0x7c, 0x85, 0x9d, 0x85, 0xbd, 0x8d, 0x9d, 0x8d, 0x5c, 0x85, 0x7c, 0x85, 0x7d, 0x85,
  0x7c, 0x85, 0x5c, 0x85, 0x5c, 0x85, 0x5c, 0x85, 0x5c, 0x85, 0x5c, 0x85, 0x5c, 0x8d, 0x5c, 0x8d,
  0x5c, 0x85, 0x5c, 0x85, 0x5c, 0x85, 0x5c, 0x8d, 0x3c, 0x85, 0x3c, 0x85, 0x3c, 0x8d, 0x3c, 0x85,
  0x3c, 0x8d, 0x3c, 0x85, 0x7e, 0x8d, 0x3c, 0x8d, 0x3d, 0x8d, 0x3d, 0x8d, 0xf7, 0x7b, 0x00, 0x00,
  0xff, 0x7b, 0xff, 0xff, 0x00, 0x00, 0x00, 0x00, 0x00, 0x00, 0x00, 0x00, 0x00, 0x00, 0x00, 0x00,
  0x00, 0x00, 0x00, 0x00, 0xff, 0xff, 0xff, 0x7b, 0x00, 0x00, 0x3c, 0x8e, 0x1d, 0x86, 0x1d, 0x86,
  0x1d, 0x86, 0x3e, 0x8e, 0xfd, 0x85, 0xfd, 0x85, 0xfd, 0x85, 0xfd, 0x85, 0xfd, 0x85, 0xfd, 0x85,
  0xfd, 0x85, 0xfd, 0x85, 0xfd, 0x85, 0xdd, 0x85, 0xdd, 0x85, 0xdd, 0x85, 0xdd, 0x85, 0xdd, 0x85,
  0xdd, 0x85, 0xdd, 0x85, 0xdd, 0x85, 0xbd, 0x85, 0xbd, 0x85, 0xbd, 0x85, 0xfd, 0x8d, 0xdd, 0x85,
  0xbd, 0x85, 0x9d, 0x85, 0x00, 0x00, 0x00, 0x00, 0xf7, 0x5d, 0x79, 0x9e, 0xff, 0x7b, 0xef, 0x7b,
  0x1f, 0x00, 0x00, 0x00, 0x00, 0x00, 0x00, 0x00, 0x1f, 0x00, 0xef, 0x7b, 0xf7, 0x3b, 0xd9, 0x9c,
  0x3c, 0x8e, 0x00, 0x00, 0x00, 0x00, 0x7c, 0x85, 0x9d, 0x8d, 0x9d, 0x8d, 0x9d, 0x8d, 0x7d, 0x85,
  0x7d, 0x8d, 0x7d, 0x8d, 0x7d, 0x8d, 0x5d, 0x8d, 0x5d, 0x8d, 0x5d, 0x8d, 0x5d, 0x8d, 0x5d, 0x8d,
  0x5d, 0x8d, 0x5d, 0x8d, 0x5d, 0x8d, 0x5d, 0x8d, 0x5d, 0x8d, 0x3d, 0x8d, 0x3d, 0x8d, 0x5d, 0x8d,
  0x5d, 0x8d, 0x3d, 0x8d, 0x3d, 0x8d, 0x5e, 0x8d, 0x3d, 0x8d, 0x3d, 0x8d, 0x5d, 0x8d, 0x7c, 0x8c,
  0x00, 0x00, 0xff, 0x7b, 0xff, 0xff, 0x00, 0x00, 0x00, 0x00, 0x00, 0x00, 0x00, 0x00, 0x00, 0x00,
  0x00, 0x00, 0x00, 0x00, 0x00, 0x00, 0xef, 0x7b, 0x5f, 0xad, 0x00, 0x00, 0xdb, 0x8d, 0xfd, 0x85,
  0x1d, 0x86, 0xfd, 0x85, 0x1e, 0x8e, 0xfd, 0x85, 0xfd, 0x85, 0xfd, 0x85, 0xfd, 0x85, 0xfd, 0x85,
  0xfd, 0x85, 0xfd, 0x85, 0xfd, 0x85, 0xfd, 0x85, 0xdd, 0x85, 0xdd, 0x85, 0xdd, 0x85, 0xdd, 0x85,
  0xdd, 0x85, 0xdd, 0x85, 0xdd, 0x85, 0xdd, 0x8d, 0xdd, 0x8d, 0xbd, 0x85, 0xdd, 0x85, 0x5f, 0x96,
  0xbd, 0x8d, 0xbd, 0x85, 0x3f, 0x8e, 0x00, 0x00, 0x00, 0x00, 0xff, 0x07, 0x00, 0x00, 0x00, 0x00,
  0x00, 0x00, 0x00, 0x00, 0x00, 0x00, 0x00, 0x00, 0x00, 0x00, 0x00, 0x00, 0x00, 0x00, 0x00, 0x00,
  0x00, 0x00, 0xff, 0xff, 0x00, 0x00, 0x00, 0x00, 0xfd, 0x95, 0x9d, 0x8d, 0x7d, 0x8d, 0xff, 0x95,
  0x7d, 0x8d, 0x7d, 0x8d, 0x7d, 0x8d, 0x7d, 0x8d, 0x5d, 0x8d, 0x5d, 0x8d, 0x5d, 0x8d, 0x5d, 0x8d,
  0x5d, 0x8d, 0x5d, 0x8d, 0x5d, 0x8d, 0x5d, 0x8d, 0x5d, 0x8d, 0x5d, 0x8d, 0x5d, 0x8d, 0x3d, 0x8d,
  0x3d, 0x8d, 0x3d, 0x8d, 0x3d, 0x8d, 0x3d, 0x8d, 0x5e, 0x95, 0x3d, 0x8d, 0x3d, 0x8d, 0x3d, 0x85,
  0x5d, 0x95, 0x00, 0x00, 0x5f, 0x55, 0xff, 0xff, 0x00, 0x00, 0x00, 0x00, 0x00, 0x00, 0x00, 0x00,
  0x00, 0x00, 0x00, 0x00, 0x00, 0x00, 0x00, 0x00, 0xef, 0x7b, 0xff, 0xaf, 0x00, 0x00, 0xfd, 0x7d,
  0xfd, 0x85, 0xfd, 0x85, 0x1d, 0x86, 0x1e, 0x8e, 0x1d, 0x86, 0xfd, 0x8d, 0xfd, 0x8d, 0xfd, 0x85,
  0xfd, 0x85, 0xfd, 0x85, 0xfd, 0x8d, 0xfd, 0x8d, 0xfd, 0x8d, 0xdd, 0x8d, 0xdd, 0x8d, 0xdd, 0x8d,
  0xdd, 0x8d, 0xdd, 0x8d, 0xdd, 0x85, 0xdd, 0x8d, 0xdd, 0x8d, 0xdd, 0x8d, 0xde, 0x8d, 0xdd, 0x8d,
  0x1f, 0x96, 0xbd, 0x8d, 0xbe, 0x8d, 0x00, 0x00, 0xf7, 0x7d, 0xf7, 0x7b, 0xff, 0x07, 0x00, 0x00,
  0x00, 0x00, 0x00, 0x00, 0x00, 0x00, 0x00, 0x00, 0x00, 0x00, 0x00, 0x00, 0x00, 0x00, 0x00, 0x00,
  0x00, 0x00, 0x00, 0x00, 0x00, 0x00, 0x5f, 0xad, 0xf7, 0x7b, 0x00, 0x00, 0xde, 0x95, 0x7d, 0x8d,
  0xdf, 0x95, 0x7d, 0x8d, 0x7e, 0x8d, 0x7d, 0x8d, 0x7d, 0x8d, 0x7d, 0x8d, 0x7d, 0x8d, 0x5d, 0x8d,
  0x5d, 0x8d, 0x5d, 0x8d, 0x5d, 0x8d, 0x5d, 0x8d, 0x5d, 0x8d, 0x5d, 0x8d, 0x5d, 0x8d, 0x5d, 0x8d,
  0x5d, 0x8d, 0x3d, 0x8d, 0x3d, 0x8d, 0x3d, 0x8d, 0x3d, 0x8d, 0x3e, 0x8d, 0x3d, 0x8d, 0x3d, 0x8d,
  0x3e, 0x8d, 0xfd, 0x8c, 0x00, 0x00, 0xf7, 0x7b, 0xff, 0xff, 0x00, 0x00, 0x00, 0x00, 0x00, 0x00,
  0x00, 0x00, 0x00, 0x00, 0x00, 0x00, 0x00, 0x00, 0x00, 0x00, 0xff, 0x7b, 0xff, 0xaf, 0x00, 0x00,
  0xde, 0x7d, 0x1d, 0x86, 0x1e, 0x8e, 0x1e, 0x8e, 0x1e, 0x8e, 0xfe, 0x8d, 0xfe, 0x8d, 0xfe, 0x8d,
  0xfe, 0x8d, 0xfe, 0x8d, 0xfe, 0x8d, 0xfe, 0x8d, 0xfe, 0x8d, 0xfe, 0x8d, 0xde, 0x8d, 0xde, 0x8d,
  0xde, 0x8d, 0xde, 0x8d, 0xde, 0x8d, 0xde, 0x8d, 0xde, 0x8d, 0xde, 0x8d, 0xde, 0x8d, 0xff, 0x8d,
  0xde, 0x8d, 0xbe, 0x8d, 0xde, 0x85, 0xbe, 0x85, 0x55, 0x55, 0xff, 0x7b, 0xff, 0x7b, 0x00, 0x00,
  0x00, 0x00, 0x00, 0x00, 0x00, 0x00, 0x00, 0x00, 0x00, 0x00, 0x00, 0x00, 0x00, 0x00, 0x00, 0x00,
  0x00, 0x00, 0x00, 0x00, 0x00, 0x00, 0x00, 0x00, 0xff, 0x7b, 0xff, 0x7b, 0xff, 0x7f, 0x7d, 0x8d,
  0x7d, 0x8d, 0x7e, 0x8d, 0x7e, 0x8d, 0x9f, 0x95, 0x7e, 0x8d, 0x7e, 0x8d, 0x7e, 0x8d, 0x7e, 0x8d,
  0x5e, 0x8d, 0x5e, 0x8d, 0x5e, 0x8d, 0x5e, 0x8d, 0x5e, 0x8d, 0x5e, 0x8d, 0x5e, 0x8d, 0x5e, 0x8d,
  0x5e, 0x8d, 0x5e, 0x8d, 0x3e, 0x8d, 0x3e, 0x8d, 0x3e, 0x8d, 0x3e, 0x8d, 0x3e, 0x8d, 0x3e, 0x8d,
  0x3e, 0x8d, 0x3e, 0x8d, 0x1e, 0x95, 0x00, 0x00, 0xf7, 0x7b, 0xff, 0x7b, 0x00, 0x00, 0x00, 0x00,
  0x00, 0x00, 0x00, 0x00, 0x00, 0x00, 0x00, 0x00, 0x00, 0x00, 0x00, 0x00, 0xff, 0x7f, 0xff, 0x7d,
  0x00, 0x00, 0x3e, 0x8e, 0xfe, 0x8d, 0x5f, 0x96, 0xfe, 0x8d, 0x1e, 0x8e, 0xfe, 0x8d, 0xfe, 0x8d,
  0xfe, 0x8d, 0xfe, 0x8d, 0xfe, 0x8d, 0xfe, 0x8d, 0xfe, 0x8d, 0xfe, 0x8d, 0xfe, 0x8d, 0xfe, 0x8d,
  0xde, 0x8d, 0xde, 0x8d, 0xde, 0x8d, 0xde, 0x8d, 0xde, 0x8d, 0xde, 0x8d, 0xde, 0x8d, 0xde, 0x8d,
  0x1f, 0x96, 0xde, 0x8d, 0xbe, 0x8d, 0xde, 0x85, 0xff, 0x57, 0xff, 0x07, 0x1f, 0x00, 0xff, 0x07,
  0x00, 0x00, 0x00, 0x00, 0x00, 0x00, 0x00, 0x00, 0x00, 0x00, 0x00, 0x00, 0x00, 0x00, 0x00, 0x00,
  0x00, 0x00, 0x00, 0x00, 0x00, 0x00, 0x00, 0x00, 0x00, 0x00, 0xff, 0x07, 0x1f, 0x00, 0x00, 0x00,
  0xff, 0x7f, 0x9e, 0x95, 0x7e, 0x8d, 0x7e, 0x8d, 0xbf, 0x95, 0x7e, 0x8d, 0x5e, 0x8d, 0x5e, 0x8d,
  0x5e, 0x8d, 0x5e, 0x8d, 0x5e, 0x8d, 0x5e, 0x8d, 0x5e, 0x8d, 0x5e, 0x8d, 0x5e, 0x8d, 0x3e, 0x8d,
  0x3e, 0x8d, 0x3e, 0x8d, 0x5e, 0x8d, 0x3e, 0x8d, 0x3e, 0x8d, 0x3e, 0x8d, 0x3e, 0x8d, 0x3e, 0x8d,
  0x3e, 0x8d, 0x3f, 0x95, 0x3e, 0x8d, 0x9f, 0x9d, 0x00, 0x00, 0xff, 0x7b, 0xff, 0x7b, 0x00, 0x00,
  0x00, 0x00, 0x00, 0x00, 0x00, 0x00, 0x00, 0x00, 0x00, 0x00, 0x00, 0x00, 0x00, 0x00, 0xff, 0x7f,
  0xff, 0x7d, 0x00, 0x00, 0x1e, 0x8e, 0xfe, 0x8d, 0x9f, 0x9e, 0xfe, 0x8d, 0xfe, 0x8d, 0xfe, 0x8d,
  0xfe, 0x8d, 0xfe, 0x8d, 0xfe, 0x8d, 0xfe, 0x8d, 0xfe, 0x8d, 0xfe, 0x8d, 0xfe, 0x8d, 0xfe, 0x8d,
  0xfe, 0x8d, 0xde, 0x8d, 0xde, 0x8d, 0xde, 0x8d, 0xde, 0x8d, 0xde, 0x8d, 0xde, 0x8d, 0xde, 0x8d,
  0xde, 0x8d, 0x3f, 0x96, 0xdf, 0x8d, 0xde, 0x8d, 0xbe, 0x85, 0x00, 0x00, 0xff, 0xff, 0x1f, 0x00,
  0x00, 0x00, 0x00, 0x00, 0x00, 0x00, 0x00, 0x00, 0x00, 0x00, 0x00, 0x00, 0x00, 0x00, 0x00, 0x00,
  0x00, 0x00, 0x00, 0x00, 0x00, 0x00, 0x00, 0x00, 0x00, 0x00, 0x00, 0x00, 0x00, 0x00, 0x1f, 0x00,
  0xff, 0x7b, 0xff, 0x07, 0xff, 0x8d, 0x7f, 0x8d, 0x7f, 0x8d, 0xbf, 0x95, 0x5e, 0x8d, 0x5e, 0x8d,
  0x5e, 0x8d, 0x5e, 0x8d, 0x5e, 0x8d, 0x5e, 0x8d, 0x5e, 0x8d, 0x5e, 0x8d, 0x5e, 0x8d, 0x3e, 0x8d,
  0x3e, 0x8d, 0x3e, 0x8d, 0x3e, 0x8d, 0x3e, 0x8d, 0x3e, 0x95, 0x3e, 0x8d, 0x3e, 0x8d, 0x3e, 0x95,
  0x3e, 0x8d, 0x1e, 0x95, 0x7f, 0x95, 0x1e, 0x8d, 0x7f, 0x95, 0x00, 0x00, 0xff, 0x7b, 0xff, 0x7b,
  0x00, 0x00, 0x00, 0x00, 0x00, 0x00, 0x00, 0x00, 0x00, 0x00, 0x00, 0x00, 0x00, 0x00, 0x00, 0x00,
  0xff, 0x7f, 0xff, 0x7d, 0x00, 0x00, 0x1f, 0x8e, 0xfe, 0x8d, 0xbf, 0x9e, 0xff, 0x8d, 0xfe, 0x8d,
  0xfe, 0x8d, 0xfe, 0x8d, 0xfe, 0x8d, 0xfe, 0x8d, 0xfe, 0x8d, 0xde, 0x8d, 0xde, 0x8d, 0xde, 0x8d,
  0xde, 0x8d, 0xdf, 0x8d, 0xdf, 0x8d, 0xdf, 0x8d, 0xde, 0x8d, 0xde, 0x8d, 0xdf, 0x8d, 0xbe, 0x8d,
  0xbe, 0x8d, 0xbe, 0x8d, 0x3f, 0x96, 0xdf, 0x8d, 0xbe, 0x8d, 0x00, 0x00, 0x00, 0x00, 0xdf, 0x9c,
  0x00, 0x00, 0x00, 0x00, 0x00, 0x00, 0x00, 0x00, 0x00, 0x00, 0x00, 0x00, 0x00, 0x00, 0x00, 0x00,
  0x00, 0x00, 0x00, 0x00, 0x00, 0x00, 0x00, 0x00, 0x00, 0x00, 0x00, 0x00, 0x00, 0x00, 0x00, 0x00,
  0x00, 0x00, 0xdf, 0x9c, 0x00, 0x00, 0x00, 0x00, 0x5e, 0x8d, 0x7f, 0x95, 0xdf, 0x9d, 0x5e, 0x8d,
  0x5f, 0x8d, 0x5e, 0x8d, 0x5e, 0x8d, 0x5e, 0x8d, 0x5f, 0x8d, 0x5f, 0x8d, 0x3f, 0x95, 0x3f, 0x95,
  0x3f, 0x95, 0x3f, 0x95, 0x3e, 0x8d, 0x3e, 0x8d, 0x3e, 0x8d, 0x3f, 0x95, 0x3e, 0x95, 0x3e, 0x8d,
  0x1e, 0x95, 0x1e, 0x95, 0x1f, 0x95, 0xbf, 0xa5, 0x1f, 0x95, 0x1f, 0x8d, 0x00, 0x00, 0xff, 0xbd,
  0xff, 0x7b, 0x00, 0x00, 0x00, 0x00, 0x00, 0x00, 0x00, 0x00, 0x00, 0x00, 0x00, 0x00, 0x00, 0x00,
  0x00, 0x00, 0xff, 0x7f, 0xff, 0x7d, 0x00, 0x00, 0x1f, 0x8e, 0xff, 0x8d, 0xbf, 0x9e, 0xff, 0x8d,
  0xff, 0x8d, 0xff, 0x8d, 0xff, 0x8d, 0xff, 0x8d, 0xff, 0x8d, 0xdf, 0x8d, 0xdf, 0x8d, 0xdf, 0x8d,
  0xdf, 0x8d, 0xdf, 0x8d, 0xdf, 0x8d, 0xdf, 0x8d, 0xdf, 0x8d, 0xbf, 0x8d, 0xbf, 0x8d, 0xbf, 0x8d,
  0xbf, 0x8d, 0xbf, 0x8d, 0xbf, 0x8d, 0x3f, 0x9e, 0xdf, 0x8d, 0xbe, 0x8d, 0x00, 0x00, 0x00, 0x00,
  0xbf, 0x95, 0x00, 0x00, 0x00, 0x00, 0x00, 0x00, 0x00, 0x00, 0x00, 0x00, 0x00, 0x00, 0x00, 0x00,
  0x00, 0x00, 0x00, 0x00, 0x00, 0x00, 0x00, 0x00, 0x00, 0x00, 0x00, 0x00, 0x00, 0x00, 0x00, 0x00,
  0x00, 0x00, 0x00, 0x00, 0xbf, 0x95, 0x00, 0x00, 0x00, 0x00, 0x5e, 0x8d, 0x7f, 0x95, 0xdf, 0x9d,
  0x5f, 0x95, 0x5f, 0x8d, 0x5f, 0x95, 0x5f, 0x8d, 0x5f, 0x8d, 0x5f, 0x8d, 0x3f, 0x8d, 0x3f, 0x95,
  0x3f, 0x95, 0x3f, 0x8d, 0x3f, 0x8d, 0x3f, 0x8d, 0x1f, 0x8d, 0x1f, 0x8d, 0x3f, 0x95, 0x3f, 0x95,
  0x1f, 0x8d, 0x1f, 0x95, 0x1f, 0x8d, 0x1f, 0x95, 0xbf, 0xa5, 0x1f, 0x95, 0x1f, 0x9d, 0x00, 0x00,
  0xff, 0xbd, 0xff, 0x7b, 0x00, 0x00, 0x00, 0x00, 0x00, 0x00, 0x00, 0x00, 0x00, 0x00, 0x00, 0x00,
  0x00, 0x00, 0x00, 0x00, 0xff, 0x7f, 0xff, 0x7d, 0x00, 0x00, 0x1f, 0x8e, 0xff, 0x8d, 0xbf, 0x9e,
  0xff, 0x8d, 0xff, 0x8d, 0xff, 0x8d, 0xff, 0x8d, 0xff, 0x8d, 0xdf, 0x8d, 0xdf, 0x8d, 0xdf, 0x8d,
  0xdf, 0x8d, 0xdf, 0x8d, 0xdf, 0x8d, 0xbf, 0x8d, 0xbf, 0x8d, 0xbf, 0x8d, 0xbf, 0x8d, 0xbf, 0x8d,
  0xbf, 0x8d, 0xbf, 0x8d, 0xbf, 0x8d, 0xbf, 0x8d, 0x1f, 0x9e, 0xbf, 0x8d, 0x9f, 0x8d, 0x00, 0x00,
  0x00, 0x00, 0xbf, 0x95, 0x00, 0x00, 0x00, 0x00, 0x00, 0x00, 0x00, 0x00, 0x00, 0x00, 0x00, 0x00,
  0x00, 0x00, 0x00, 0x00, 0x00, 0x00, 0x00, 0x00, 0x00, 0x00, 0x00, 0x00, 0x00, 0x00, 0x00, 0x00,
  0x00, 0x00, 0x00, 0x00, 0x00, 0x00, 0xbf, 0x95, 0x00, 0x00, 0x00, 0x00, 0x5f, 0x8d, 0x5f, 0x95,
  0xbf, 0x9d, 0x5f, 0x95, 0x3f, 0x8d, 0x3f, 0x95, 0x3f, 0x95, 0x3f, 0x8d, 0x3f, 0x8d, 0x3f, 0x8d,
  0x3f, 0x8d, 0x3f, 0x8d, 0x1f, 0x8d, 0x3f, 0x8d, 0x3f, 0x8d, 0x1f, 0x8d, 0x1f, 0x8d, 0x1f, 0x95,
  0x1f, 0x95, 0x1f, 0x95, 0x1f, 0x95, 0x1f, 0x8d, 0xff, 0x94, 0x9f, 0xa5, 0xff, 0x94, 0x1f, 0x9d,
  0x00, 0x00, 0xff, 0xbd, 0xff, 0x7b, 0x00, 0x00, 0x00, 0x00, 0x00, 0x00, 0x00, 0x00, 0x00, 0x00,
  0x00, 0x00, 0x00, 0x00, 0x00, 0x00, 0xff, 0x7f, 0xff, 0x7d, 0x00, 0x00, 0x1f, 0x8e, 0xff, 0x8d,
  0x9f, 0x9e, 0xdf, 0x8d, 0xdf, 0x8d, 0xdf, 0x8d, 0xdf, 0x8d, 0xdf, 0x8d, 0xdf, 0x8d, 0xdf, 0x8d,
  0xdf, 0x8d, 0xbf, 0x8d, 0xbf, 0x8d, 0xbf, 0x8d, 0xbf, 0x8d, 0xbf, 0x8d, 0xbf, 0x8d, 0xbf, 0x8d,
  0xbf, 0x8d, 0xbf, 0x8d, 0xbf, 0x8d, 0x9f, 0x8d, 0x9f, 0x8d, 0x1f, 0x96, 0xbf, 0x8d, 0x9f, 0x8d,
  0x00, 0x00, 0x00, 0x00, 0x5f, 0x7d, 0x00, 0x00, 0x00, 0x00, 0x00, 0x00, 0x00, 0x00, 0x00, 0x00,
  0x00, 0x00, 0x00, 0x00, 0x00, 0x00, 0x00, 0x00, 0x00, 0x00, 0x00, 0x00, 0x00, 0x00, 0x00, 0x00,
  0x00, 0x00, 0x00, 0x00, 0x00, 0x00, 0x00, 0x00, 0x5f, 0x7d, 0x00, 0x00, 0x00, 0x00, 0x5f, 0x8d,
  0x5f, 0x95, 0xbf, 0x9d, 0x3f, 0x8d, 0x3f, 0x8d, 0x3f, 0x8d, 0x3f, 0x95, 0x3f, 0x8d, 0x3f, 0x8d,
  0x3f, 0x95, 0x1f, 0x8d, 0x1f, 0x8d, 0x1f, 0x95, 0x1f, 0x95, 0x1f, 0x95, 0x1f, 0x95, 0x1f, 0x95,
  0x1f, 0x95, 0xff, 0x94, 0xff, 0x94, 0xff, 0x94, 0xff, 0x94, 0xff, 0x94, 0x9f, 0xa5, 0xff, 0x94,
  0x1f, 0x8d, 0x00, 0x00, 0xff, 0xbd, 0xff, 0x7b, 0x00, 0x00, 0x00, 0x00, 0x00, 0x00, 0x00, 0x00,
  0x00, 0x00, 0x00, 0x00, 0x00, 0x00, 0x00, 0x00, 0xff, 0x7f, 0xff, 0x7d, 0x00, 0x00, 0xff, 0x95,
  0xdf, 0x8d, 0x5f, 0x96, 0xdf, 0x8d, 0xdf, 0x8d, 0xdf, 0x8d, 0xdf, 0x8d, 0xdf, 0x8d, 0xdf, 0x8d,
  0xbf, 0x8d, 0xbf, 0x8d, 0xbf, 0x8d, 0xbf, 0x8d, 0xbf, 0x8d, 0xbf, 0x8d, 0xbf, 0x8d, 0xbf, 0x8d,
  0x9f, 0x8d, 0x9f, 0x8d, 0x9f, 0x8d, 0x9f, 0x8d, 0x9f, 0x8d, 0x9f, 0x8d, 0xff, 0x95, 0x9f, 0x8d,
  0x9f, 0x8d, 0x5f, 0x8d, 0x00, 0x00, 0xff, 0xff, 0x00, 0x00, 0x00, 0x00, 0x00, 0x00, 0x00, 0x00,
  0x00, 0x00, 0x00, 0x00, 0x00, 0x00, 0x00, 0x00, 0x00, 0x00, 0x00, 0x00, 0x00, 0x00, 0x00, 0x00,
  0x00, 0x00, 0x00, 0x00, 0x00, 0x00, 0x00, 0x00, 0x00, 0x00, 0xff, 0x7b, 0x00, 0x00, 0xff, 0x9c,
  0x3f, 0x8d, 0x3f, 0x95, 0x9f, 0x9d, 0x1f, 0x8d, 0x3f, 0x8d, 0x3f, 0x8d, 0x3f, 0x95, 0x1f, 0x8d,
  0x1f, 0x8d, 0x1f, 0x95, 0x1f, 0x95, 0x1f, 0x8d, 0x1f, 0x8d, 0x1f, 0x8d, 0x1f, 0x95, 0xff, 0x94,
  0xff, 0x94, 0xff, 0x94, 0xff, 0x94, 0xff, 0x94, 0xff, 0x94, 0xff, 0x94, 0xff, 0x94, 0x7f, 0x9d,
  0xff, 0x8c, 0xdf, 0x8c, 0x00, 0x00, 0xff, 0xbd, 0xff, 0x7b, 0x00, 0x00, 0x00, 0x00, 0x00, 0x00,
  0x00, 0x00, 0x00, 0x00, 0x00, 0x00, 0x00, 0x00, 0x00, 0x00, 0xff, 0x7b, 0xff, 0x7d, 0x00, 0x00,
  0xbf, 0x85, 0xbf, 0x8d, 0xdf, 0x8d, 0xdf, 0x8d, 0xdf, 0x8d, 0xbf, 0x8d, 0xbf, 0x8d, 0xbf, 0x8d,
  0xbf, 0x8d, 0xbf, 0x8d, 0xbf, 0x8d, 0xbf, 0x8d, 0xbf, 0x8d, 0x9f, 0x8d, 0x9f, 0x8d, 0x9f, 0x8d,
  0x9f, 0x8d, 0x9f, 0x8d, 0x9f, 0x8d, 0x9f, 0x8d, 0x9f, 0x8d, 0x9f, 0x8d, 0x7f, 0x8d, 0xdf, 0x95,
  0x9f, 0x8d, 0x7f, 0x8d, 0x7f, 0x8d, 0x1f, 0x00, 0x00, 0x00, 0x1f, 0x00, 0xff, 0x07, 0x00, 0x00,
  0x00, 0x00, 0x00, 0x00, 0x00, 0x00, 0x00, 0x00, 0x00, 0x00, 0x00, 0x00, 0x00, 0x00, 0x00, 0x00,
  0x00, 0x00, 0x00, 0x00, 0x00, 0x00, 0x00, 0x00, 0x1f, 0x00, 0x1f, 0x00, 0x00, 0x00, 0x1f, 0x00,
  0xff, 0x94, 0x1f, 0x8d, 0x3f, 0x95, 0x5f, 0x95, 0x1f, 0x8d, 0x1f, 0x8d, 0x1f, 0x8d, 0x1f, 0x95,
  0x1f, 0x8d, 0x1f, 0x8d, 0x1f, 0x95, 0x1f, 0x95, 0xff, 0x8c, 0xff, 0x8c, 0xff, 0x8c, 0xff, 0x8c,
  0xff, 0x8c, 0xff, 0x8c, 0xff, 0x94, 0xff, 0x94, 0xff, 0x94, 0xdf, 0x94, 0xdf, 0x94, 0xdf, 0x94,
  0x1f, 0x9d, 0xdf, 0x8c, 0xdf, 0x94, 0x00, 0x00, 0xff, 0x7d, 0xff, 0x7b, 0x00, 0x00, 0x00, 0x00,
  0x00, 0x00, 0x00, 0x00, 0x00, 0x00, 0x00, 0x00, 0x00, 0x00, 0x00, 0x00, 0xff, 0x7b, 0xff, 0x7d,
  0x00, 0x00, 0x9f, 0x7d, 0xbf, 0x8d, 0xbf, 0x8d, 0xbf, 0x8d, 0xbf, 0x8d, 0xbf, 0x8d, 0xbf, 0x8d,
  0x9f, 0x8d, 0x9f, 0x8d, 0x9f, 0x8d, 0x9f, 0x8d, 0x9f, 0x8d, 0x9f, 0x8d, 0x9f, 0x8d, 0x9f, 0x8d,
  0x9f, 0x8d, 0x7f, 0x8d, 0x7f, 0x8d, 0x7f, 0x8d, 0x7f, 0x8d, 0x7f, 0x8d, 0x7f, 0x8d, 0x7f, 0x8d,
  0x9f, 0x95, 0x7f, 0x8d, 0x5f, 0x8d, 0x5f, 0x8d, 0x5f, 0x95, 0xff, 0x7b, 0xbf, 0x52, 0xff, 0x7b,
  0x00, 0x00, 0x00, 0x00, 0x00, 0x00, 0x00, 0x00, 0x00, 0x00, 0x00, 0x00, 0x00, 0x00, 0x00, 0x00,
  0x00, 0x00, 0x00, 0x00, 0x00, 0x00, 0x00, 0x00, 0x00, 0x00, 0xff, 0x7b, 0xbf, 0x52, 0xff, 0x7b,
  0x1f, 0x95, 0x1f, 0x95, 0xff, 0x8c, 0x1f, 0x8d, 0x3f, 0x95, 0x1f, 0x8d, 0xff, 0x8c, 0xff, 0x8c,
  0xff, 0x8c, 0xff, 0x8c, 0xff, 0x8c, 0xff, 0x8c, 0xff, 0x8c, 0xff, 0x8c, 0xff, 0x8c, 0xdf, 0x8c,
  0xdf, 0x8c, 0xdf, 0x8c, 0xdf, 0x8c, 0xdf, 0x8c, 0xdf, 0x8c, 0xdf, 0x8c, 0xbf, 0x94, 0xdf, 0x94,
  0xbf, 0x8c, 0xbf, 0x94, 0xbf, 0x8c, 0xdf, 0x9c, 0x00, 0x00, 0x5f, 0xad, 0xff, 0x7b, 0x00, 0x00,
  0x00, 0x00, 0x00, 0x00, 0x00, 0x00, 0x00, 0x00, 0x00, 0x00, 0x00, 0x00, 0x00, 0x00, 0xff, 0x7b,
  0xff, 0x7d, 0x00, 0x00, 0xdf, 0x7d, 0xbf, 0x8d, 0x9f, 0x85, 0x9f, 0x85, 0xbf, 0x8d, 0x9f, 0x8d,
  0x9f, 0x8d, 0x9f, 0x8d, 0x9f, 0x8d, 0x9f, 0x85, 0x9f, 0x8d, 0x9f, 0x8d, 0x9f, 0x8d, 0x7f, 0x8d,
  0x7f, 0x8d, 0x7f, 0x8d, 0x7f, 0x8d, 0x7f, 0x8d, 0x7f, 0x8d, 0x7f, 0x8d, 0x7f, 0x8d, 0x5f, 0x8d,
  0x5f, 0x8d, 0x7f, 0x8d, 0x5f, 0x8d, 0x7f, 0x8d, 0x3f, 0x8d, 0x7f, 0x8d, 0x00, 0x00, 0xff, 0x7b,
  0xbf, 0x52, 0x00, 0x00, 0x00, 0x00, 0x00, 0x00, 0x00, 0x00, 0x00, 0x00, 0x00, 0x00, 0x00, 0x00,
  0x00, 0x00, 0x00, 0x00, 0x00, 0x00, 0x00, 0x00, 0x00, 0x00, 0x00, 0x00, 0x5f, 0xad, 0xff, 0x7b,
  0x00, 0x00, 0x9f, 0x8d, 0xff, 0x8c, 0x3f, 0x95, 0xff, 0x8c, 0x1f, 0x8d, 0xff, 0x8c, 0xff, 0x8c,
  0xdf, 0x8c, 0xdf, 0x8c, 0xdf, 0x8c, 0xdf, 0x8c, 0xdf, 0x8c, 0xdf, 0x8c, 0xdf, 0x8c, 0xdf, 0x8c,
  0xdf, 0x8c, 0xdf, 0x8c, 0xbf, 0x8c, 0xbf, 0x8c, 0xbf, 0x8c, 0xbf, 0x8c, 0xbf, 0x8c, 0xbf, 0x8c,
  0xbf, 0x94, 0xbf, 0x8c, 0x9f, 0x8c, 0x9f, 0x8c, 0x7f, 0x8c, 0x00, 0x00, 0x5f, 0xad, 0xff, 0x7b,
  0x00, 0x00, 0x00, 0x00, 0x00, 0x00, 0x00, 0x00, 0x00, 0x00, 0x00, 0x00, 0x00, 0x00, 0x00, 0x00,
  0xff, 0xff, 0x5f, 0x55, 0x00, 0x00, 0x9f, 0x8d, 0x7f, 0x85, 0x7f, 0x85, 0x9f, 0x85, 0xbf, 0x8d,
  0x9f, 0x8d, 0x7f, 0x85, 0x7f, 0x85, 0x7f, 0x8d, 0x7f, 0x85, 0x7f, 0x85, 0x7f, 0x8d, 0x7f, 0x8d,
  0x7f, 0x8d, 0x5f, 0x8d, 0x5f, 0x8d, 0x5f, 0x8d, 0x5f, 0x8d, 0x5f, 0x8d, 0x5f, 0x8d, 0x5f, 0x8d,
  0x5f, 0x8d, 0x5f, 0x8d, 0x3f, 0x8d, 0x3f, 0x8d, 0xbf, 0x95, 0x3f, 0x8d, 0x5f, 0x8d, 0x00, 0x00,
  0xff, 0x7b, 0xff, 0xff, 0xff, 0xff, 0x00, 0x00, 0x00, 0x00, 0x00, 0x00, 0x00, 0x00, 0x00, 0x00,
  0x00, 0x00, 0x00, 0x00, 0x00, 0x00, 0x00, 0x00, 0x00, 0x00, 0x00, 0x00, 0xff, 0xff, 0xff, 0xff,
  0xff, 0xff, 0x00, 0x00, 0xff, 0x8c, 0xdf, 0x8c, 0x5f, 0x9d, 0xdf, 0x8c, 0xdf, 0x8c, 0xdf, 0x8c,
  0xdf, 0x8c, 0xdf, 0x8c, 0xdf, 0x8c, 0xbf, 0x8c, 0xbf, 0x8c, 0xbf, 0x8c, 0xbf, 0x8c, 0xbf, 0x8c,
  0xbf, 0x8c, 0xbf, 0x8c, 0xbf, 0x8c, 0xbf, 0x8c, 0x9f, 0x8c, 0x9f, 0x8c, 0x9f, 0x8c, 0x9f, 0x8c,
  0x9f, 0x8c, 0xbf, 0x94, 0x9f, 0x8c, 0x9f, 0x8c, 0x9f, 0x8c, 0x5f, 0x8c, 0x00, 0x00, 0x5f, 0xad,
  0xff, 0x7b, 0x00, 0x00, 0x00, 0x00, 0x00, 0x00, 0x00, 0x00, 0x00, 0x00, 0x00, 0x00, 0x00, 0x00,
  0x00, 0x00, 0xff, 0xff, 0xff, 0x7b, 0x00, 0x00, 0x9f, 0x7d, 0x7f, 0x85, 0x7f, 0x85, 0x7f, 0x85,
  0xbf, 0x8d, 0x7f, 0x8d, 0x7f, 0x85, 0x7f, 0x85, 0x7f, 0x85, 0x7f, 0x8d, 0x5f, 0x85, 0x5f, 0x8d,
  0x5f, 0x8d, 0x5f, 0x8d, 0x5f, 0x8d, 0x5f, 0x8d, 0x5f, 0x8d, 0x3f, 0x8d, 0x3f, 0x8d, 0x5f, 0x8d,
  0x3f, 0x8d, 0x3f, 0x8d, 0x3f, 0x8d, 0x3f, 0x8d, 0x3f, 0x8d, 0x7f, 0x95, 0x3f, 0x8d, 0x3f, 0x8d,
  0x1f, 0x8d, 0x00, 0x00, 0x00, 0x00, 0x5f, 0x8d, 0xdf, 0x9c, 0x5f, 0x55, 0xff, 0xff, 0x1f, 0x00,
  0x00, 0x00, 0x00, 0x00, 0x00, 0x00, 0x1f, 0x00, 0xff, 0xff, 0xff, 0x7b, 0xdf, 0x9c, 0x5f, 0xad,
  0x00, 0x00, 0x00, 0x00, 0xdf, 0x8c, 0xdf, 0x8c, 0xdf, 0x8c, 0x1f, 0x95, 0xdf, 0x8c, 0xdf, 0x8c,
  0xdf, 0x8c, 0xbf, 0x8c, 0xbf, 0x8c, 0xbf, 0x8c, 0xbf, 0x8c, 0xbf, 0x8c, 0xbf, 0x8c, 0xbf, 0x8c,
  0xbf, 0x8c, 0xbf, 0x8c, 0xbf, 0x8c, 0x9f, 0x8c, 0x9f, 0x8c, 0x9f, 0x8c, 0x9f, 0x8c, 0x7f, 0x8c,
  0x7f, 0x8c, 0x7f, 0x8c, 0xbf, 0x94, 0x9f, 0x8c, 0x7f, 0x8c, 0x7f, 0x8c, 0x5f, 0x8c, 0x00, 0x00,
  0x5f, 0xad, 0xff, 0x7b, 0x00, 0x00, 0x00, 0x00, 0x00, 0x00, 0x00, 0x00, 0x00, 0x00, 0x00, 0x00,
  0x00, 0x00, 0x00, 0x00, 0xff, 0xff, 0xff, 0x7b, 0x00, 0x00, 0x5f, 0x7d, 0x7f, 0x85, 0x7f, 0x85,
  0x5f, 0x8d, 0xbf, 0x8d, 0x5f, 0x8d, 0x5f, 0x8d, 0x5f, 0x85, 0x5f, 0x85, 0x5f, 0x8d, 0x5f, 0x8d,
  0x5f, 0x8d, 0x5f, 0x8d, 0x5f, 0x8d, 0x3f, 0x8d, 0x3f, 0x8d, 0x3f, 0x8d, 0x3f, 0x8d, 0x3f, 0x8d,
  0x3f, 0x8d, 0x3f, 0x8d, 0x3f, 0x8d, 0x3f, 0x8d, 0x3f, 0x8d, 0x1f, 0x8d, 0x1f, 0x8d, 0x3f, 0x8d,
  0x1f, 0x8d, 0x1f, 0x8d, 0xff, 0x8c, 0x5f, 0x7d, 0x00, 0x00, 0x00, 0x00, 0x00, 0x00, 0x00, 0x00,
  0x00, 0x00, 0x1f, 0x00, 0xff, 0xff, 0x1f, 0x00, 0x00, 0x00, 0x00, 0x00, 0x00, 0x00, 0x00, 0x00,
  0x00, 0x00, 0xff, 0x7c, 0xdf, 0x8c, 0xdf, 0x8c, 0xdf, 0x8c, 0xdf, 0x8c, 0xbf, 0x8c, 0xbf, 0x8c,
  0xbf, 0x8c, 0xbf, 0x8c, 0xbf, 0x8c, 0xbf, 0x8c, 0xbf, 0x8c, 0xbf, 0x8c, 0xbf, 0x8c, 0xbf, 0x8c,
  0xbf, 0x8c, 0x9f, 0x8c, 0x9f, 0x8c, 0x9f, 0x8c, 0x9f, 0x8c, 0x9f, 0x8c, 0x9f, 0x8c, 0x7f, 0x8c,
  0x7f, 0x8c, 0x7f, 0x8c, 0x7f, 0x8c, 0xbf, 0x94, 0x7f, 0x94, 0x5f, 0x8c, 0x5f, 0x8c, 0xdf, 0x9c,
  0x00, 0x00, 0xff, 0x7b, 0xff, 0xff, 0x00, 0x00, 0x00, 0x00, 0x00, 0x00, 0x00, 0x00, 0x00, 0x00,
  0x00, 0x00, 0x00, 0x00, 0x00, 0x00, 0x00, 0x00, 0xff, 0x07, 0x00, 0x00, 0xff, 0x07, 0x1f, 0x7d,
  0x5f, 0x85, 0x5f, 0x85, 0xbf, 0x95, 0x5f, 0x8d, 0x5f, 0x8d, 0x5f, 0x8d, 0x5f, 0x8d, 0x5f, 0x8d,
  0x5f, 0x8d, 0x3f, 0x8d, 0x3f, 0x8d, 0x3f, 0x8d, 0x3f, 0x8d, 0x3f, 0x8d, 0x3f, 0x8d, 0x3f, 0x8d,
  0x3f, 0x8d, 0x1f, 0x8d, 0x1f, 0x8d, 0x1f, 0x8d, 0x1f, 0x8d, 0x1f, 0x8d, 0x1f, 0x8d, 0xff, 0x8c,
  0x1f, 0x8d, 0x1f, 0x8d, 0x1f, 0x8d, 0xff, 0x8c, 0xff, 0x84, 0x00, 0x00, 0x00, 0x00, 0x00, 0x00,
  0x1f, 0x00, 0xff, 0x7b, 0xff, 0x7b, 0x9f, 0x94, 0xff, 0x7b, 0xff, 0x7b, 0xff, 0x7b, 0x00, 0x00,
  0x00, 0x00, 0x00, 0x00, 0xdf, 0x8c, 0xbf, 0x8c, 0xdf, 0x8c, 0xdf, 0x8c, 0xbf, 0x8c, 0xbf, 0x8c,
  0xbf, 0x8c, 0xbf, 0x8c, 0x9f, 0x8c, 0x9f, 0x8c, 0xbf, 0x8c, 0xbf, 0x8c, 0x9f, 0x8c, 0x9f, 0x8c,
  0x9f, 0x8c, 0x9f, 0x8c, 0x9f, 0x8c, 0x7f, 0x8c, 0x7f, 0x8c, 0x7f, 0x8c, 0x7f, 0x8c, 0x7f, 0x8c,
  0x7f, 0x8c, 0x7f, 0x8c, 0x7f, 0x94, 0x7f, 0x8c, 0xbf, 0x9c, 0x5f, 0x8c, 0x5f, 0x8c, 0x3f, 0x94,
  0x1f, 0x00, 0x00, 0x00, 0x1f, 0x00, 0x00, 0x00, 0x00, 0x00, 0x00, 0x00, 0x00, 0x00, 0x00, 0x00,
  0x00, 0x00, 0x00, 0x00, 0x00, 0x00, 0x00, 0x00, 0x00, 0x00, 0x00, 0x00, 0x5f, 0x55, 0x00, 0x00,
  0x3f, 0x63, 0x5f, 0x85, 0x5f, 0x8d, 0xdf, 0x95, 0x5f, 0x8d, 0x5f, 0x8d, 0x5f, 0x8d, 0x3f, 0x8d,
  0x3f, 0x8d, 0x3f, 0x8d, 0x3f, 0x8d, 0x3f, 0x8d, 0x3f, 0x8d, 0x3f, 0x8d, 0x3f, 0x8d, 0x1f, 0x8d,
  0x1f, 0x8d, 0x1f, 0x8d, 0x1f, 0x8d, 0x1f, 0x8d, 0x1f, 0x8d, 0x1f, 0x8d, 0x1f, 0x8d, 0xff, 0x8c,
  0xff, 0x8c, 0xff, 0x8c, 0xff, 0x8c, 0x3f, 0x95, 0xff, 0x8c, 0xff, 0x8c, 0xff, 0x8c, 0xdf, 0x8c,
  0xdf, 0x8c, 0xbf, 0x52, 0x00, 0x00, 0x00, 0x00, 0x00, 0x00, 0x00, 0x00, 0x00, 0x00, 0x5f, 0xad,
  0xbf, 0x8c, 0xbf, 0x8c, 0xdf, 0x8c, 0xdf, 0x8c, 0xbf, 0x8c, 0xdf, 0x94, 0xbf, 0x8c, 0x9f, 0x8c,
  0xbf, 0x8c, 0x9f, 0x8c, 0x9f, 0x8c, 0x9f, 0x8c, 0x9f, 0x8c, 0x9f, 0x8c, 0x9f, 0x8c, 0x9f, 0x8c,
  0x9f, 0x8c, 0x9f, 0x8c, 0x7f, 0x8c, 0x7f, 0x8c, 0x7f, 0x8c, 0x7f, 0x8c, 0x7f, 0x8c, 0x7f, 0x8c,
  0x7f, 0x8c, 0x7f, 0x8c, 0x7f, 0x8c, 0x7f, 0x94, 0x5f, 0x8c, 0x9f, 0x9c, 0x5f, 0x8c, 0x5f, 0x8c,
  0xff, 0x7b, 0x00, 0x00, 0xbf, 0x52, 0x00, 0x00, 0x00, 0x00, 0x00, 0x00, 0x00, 0x00, 0x00, 0x00,
  0x00, 0x00, 0x00, 0x00, 0x00, 0x00, 0x00, 0x00, 0x00, 0x00, 0x00, 0x00, 0x00, 0x00, 0x5f, 0x7d,
  0x00, 0x00, 0x00, 0x00, 0x3f, 0x85, 0x3f, 0x8d, 0x9f, 0x95, 0x3f, 0x8d, 0x3f, 0x8d, 0x3f, 0x8d,
  0x3f, 0x8d, 0x3f, 0x8d, 0x3f, 0x8d, 0x1f, 0x8d, 0x1f, 0x8d, 0x1f, 0x8d, 0x1f, 0x8d, 0x1f, 0x8d,
  0x1f, 0x8d, 0x1f, 0x8d, 0x1f, 0x8d, 0x1f, 0x8d, 0x1f, 0x8d, 0xff, 0x8c, 0xff, 0x8c, 0xff, 0x8c,
  0xff, 0x8c, 0xff, 0x8c, 0xff, 0x8c, 0xff, 0x8c, 0xdf, 0x8c, 0xdf, 0x8c, 0x1f, 0x95, 0xdf, 0x8c,
  0xdf, 0x8c, 0xdf, 0x8c, 0xdf, 0x8c, 0xff, 0x84, 0xff, 0x7c, 0x7f, 0x8c, 0x7f, 0x7c, 0xbf, 0x8c,
  0xdf, 0x8c, 0xbf, 0x8c, 0xbf, 0x8c, 0x9f, 0x8c, 0xdf, 0x94, 0x9f, 0x8c, 0x9f, 0x8c, 0x9f, 0x8c,
  0x9f, 0x8c, 0x9f, 0x8c, 0x9f, 0x8c, 0x9f, 0x8c, 0x9f, 0x8c, 0x9f, 0x8c, 0x7f, 0x8c, 0x7f, 0x8c,
  0x7f, 0x8c, 0x7f, 0x8c, 0x7f, 0x8c, 0x7f, 0x8c, 0x7f, 0x8c, 0x7f, 0x8c, 0x7f, 0x8c, 0x5f, 0x8c,
  0x5f, 0x8c, 0x5f, 0x8c, 0x5f, 0x8c, 0x5f, 0x94, 0x5f, 0x8c, 0x5f, 0x8c, 0x7f, 0x94, 0x5f, 0x94,
  0x5f, 0x8c, 0x00, 0x00, 0x00, 0x00, 0xff, 0x7b, 0x00, 0x00, 0x00, 0x00, 0x00, 0x00, 0x00, 0x00,
  0x00, 0x00, 0x00, 0x00, 0x00, 0x00, 0x00, 0x00, 0x00, 0x00, 0x00, 0x00, 0x00, 0x00, 0x00, 0x00,
  0xdf, 0x9c, 0x00, 0x00, 0x00, 0x00, 0x5f, 0x8d, 0x3f, 0x8d, 0x5f, 0x8d, 0x3f, 0x8d, 0x3f, 0x8d,
  0x1f, 0x8d, 0x1f, 0x8d, 0x1f, 0x8d, 0x1f, 0x8d, 0x1f, 0x8d, 0x1f, 0x8d, 0x1f, 0x8d, 0x1f, 0x8d,
  0x1f, 0x8d, 0x1f, 0x8d, 0xff, 0x8c, 0xff, 0x8c, 0xff, 0x8c, 0xff, 0x8c, 0xff, 0x8c, 0xff, 0x8c,
  0xff, 0x8c, 0xff, 0x8c, 0xff, 0x8c, 0xdf, 0x8c, 0xdf, 0x8c, 0xdf, 0x8c, 0xdf, 0x8c, 0x1f, 0x95,
  0x1f, 0x95, 0xdf, 0x8c, 0xbf, 0x8c, 0xbf, 0x8c, 0xbf, 0x8c, 0xbf, 0x8c, 0xbf, 0x8c, 0x9f, 0x8c,
  0xbf, 0x8c, 0xbf, 0x8c, 0xbf, 0x8c, 0x9f, 0x8c, 0xdf, 0x94, 0xdf, 0x94, 0x9f, 0x8c, 0x9f, 0x8c,
  0x9f, 0x8c, 0x9f, 0x8c, 0x9f, 0x8c, 0x9f, 0x8c, 0x7f, 0x8c, 0x7f, 0x8c, 0x7f, 0x8c, 0x7f, 0x8c,
  0x7f, 0x8c, 0x7f, 0x8c, 0x7f, 0x8c, 0x7f, 0x8c, 0x5f, 0x8c, 0x5f, 0x8c, 0x5f, 0x8c, 0x5f, 0x8c,
  0x5f, 0x8c, 0x5f, 0x8c, 0x5f, 0x8c, 0x3f, 0x8c, 0x5f, 0x94, 0x5f, 0x94, 0x3f, 0x94, 0x3f, 0x94,
  0x3f, 0x94, 0x5f, 0x94, 0x00, 0x00, 0x00, 0x00, 0xdf, 0x9c, 0x00, 0x00, 0x00, 0x00, 0x00, 0x00,
  0x00, 0x00, 0x00, 0x00, 0x00, 0x00, 0x00, 0x00, 0x00, 0x00, 0x00, 0x00, 0x00, 0x00, 0x00, 0x00,
  0x00, 0x00, 0xff, 0x7b, 0x00, 0x00, 0xff, 0xff, 0x3f, 0x8d, 0x3f, 0x8d, 0x1f, 0x8d, 0x7f, 0x95,
  0x3f, 0x8d, 0x1f, 0x8d, 0x1f, 0x8d, 0x1f, 0x8d, 0x1f, 0x8d, 0xff, 0x8c, 0xff, 0x8c, 0xff, 0x8c,
  0xff, 0x8c, 0xff, 0x8c, 0xff, 0x8c, 0xff, 0x8c, 0xff, 0x8c, 0xff, 0x8c, 0xff, 0x8c, 0xdf, 0x8c,
  0xdf, 0x8c, 0xdf, 0x8c, 0xdf, 0x8c, 0xdf, 0x8c, 0xdf, 0x8c, 0xbf, 0x8c, 0xdf, 0x8c, 0xbf, 0x8c,
  0xbf, 0x8c, 0xbf, 0x8c, 0xdf, 0x8c, 0xff, 0x94, 0x1f, 0x9d, 0x1f, 0x9d, 0x3f, 0x9d, 0x3f, 0x9d,
  0x1f, 0x9d, 0x1f, 0x9d, 0xff, 0x9c, 0xdf, 0x94, 0x9f, 0x94, 0x9f, 0x8c, 0x9f, 0x8c, 0x9f, 0x8c,
  0x7f, 0x8c, 0x7f, 0x8c, 0x7f, 0x8c, 0x7f, 0x8c, 0x7f, 0x8c, 0x7f, 0x8c, 0x7f, 0x8c, 0x7f, 0x8c,
  0x7f, 0x8c, 0x5f, 0x8c, 0x5f, 0x8c, 0x5f, 0x8c, 0x5f, 0x8c, 0x5f, 0x8c, 0x5f, 0x8c, 0x5f, 0x8c,
  0x5f, 0x8c, 0x3f, 0x8c, 0x3f, 0x8c, 0x3f, 0x8c, 0x3f, 0x8c, 0x3f, 0x8c, 0x5f, 0x94, 0x7f, 0x9c,
  0x3f, 0x94, 0x3f, 0x94, 0x1f, 0x8c, 0xff, 0xff, 0x00, 0x00, 0xbf, 0x52, 0x00, 0x00, 0x00, 0x00,
  0x00, 0x00, 0x00, 0x00, 0x00, 0x00, 0x00, 0x00, 0x00, 0x00, 0x00, 0x00, 0x00, 0x00, 0x00, 0x00,
  0x00, 0x00, 0x00, 0x00, 0xff, 0x07, 0x00, 0x00, 0x5f, 0xad, 0xff, 0xff, 0x1f, 0x8d, 0x1f, 0x8d,
  0x7f, 0x95, 0x3f, 0x8d, 0xff, 0x8c, 0xff, 0x8c, 0xff, 0x8c, 0xff, 0x8c, 0xff, 0x8c, 0xff, 0x8c,
  0xff, 0x8c, 0xff, 0x8c, 0xff, 0x8c, 0xdf, 0x8c, 0xdf, 0x8c, 0xdf, 0x8c, 0xdf, 0x8c, 0xdf, 0x8c,
  0xdf, 0x8c, 0xdf, 0x8c, 0xdf, 0x8c, 0xdf, 0x8c, 0xbf, 0x8c, 0xbf, 0x8c, 0xbf, 0x8c, 0xbf, 0x8c,
  0xbf, 0x8c, 0xbf, 0x8c, 0xbf, 0x8c, 0xbf, 0x8c, 0xbf, 0x8c, 0xbf, 0x8c, 0xbf, 0x8c, 0xbf, 0x94,
  0xbf, 0x94, 0xbf, 0x94, 0xbf, 0x8c, 0x9f, 0x94, 0x9f, 0x94, 0x7f, 0x8c, 0x7f, 0x8c, 0x7f, 0x8c,
  0x7f, 0x8c, 0x7f, 0x8c, 0x7f, 0x8c, 0x7f, 0x8c, 0x7f, 0x8c, 0x5f, 0x8c, 0x5f, 0x8c, 0x5f, 0x8c,
  0x5f, 0x8c, 0x5f, 0x8c, 0x5f, 0x8c, 0x5f, 0x94, 0x5f, 0x94, 0x5f, 0x94, 0x5f, 0x94, 0x3f, 0x94,
  0x3f, 0x94, 0x3f, 0x8c, 0x3f, 0x8c, 0x3f, 0x94, 0x3f, 0x94, 0x3f, 0x94, 0x1f, 0x94, 0x3f, 0x94,
  0x7f, 0x9c, 0x1f, 0x94, 0x1f, 0x94, 0xff, 0x7b, 0xff, 0x7b, 0x00, 0x00, 0x1f, 0x00, 0x00, 0x00,
  0x00, 0x00, 0x00, 0x00, 0x00, 0x00, 0x00, 0x00, 0x00, 0x00, 0x00, 0x00, 0x00, 0x00, 0x00, 0x00,
  0x00, 0x00, 0x00, 0x00, 0x00, 0x00, 0x00, 0x00, 0x00, 0x00, 0x7f, 0x9e, 0x00, 0x00, 0x5f, 0x7d,
  0xff, 0x8c, 0x3f, 0x8d, 0x1f, 0x8d, 0xff, 0x8c, 0xff, 0x8c, 0xff, 0x8c, 0xff, 0x8c, 0xff, 0x8c,
  0xdf, 0x8c, 0xdf, 0x8c, 0xdf, 0x8c, 0xdf, 0x8c, 0xdf, 0x8c, 0xdf, 0x8c, 0xdf, 0x8c, 0xdf, 0x8c,
  0xbf, 0x8c, 0xdf, 0x8c, 0xdf, 0x8c, 0xbf, 0x8c, 0xbf, 0x8c, 0xbf, 0x8c, 0xbf, 0x8c, 0xbf, 0x8c,
  0xbf, 0x8c, 0x9f, 0x8c, 0x9f, 0x8c, 0x9f, 0x8c, 0x9f, 0x8c, 0x9f, 0x8c, 0x9f, 0x8c, 0x9f, 0x8c,
  0x9f, 0x8c, 0x9f, 0x8c, 0x7f, 0x8c, 0x7f, 0x8c, 0x7f, 0x8c, 0x7f, 0x8c, 0x7f, 0x8c, 0x7f, 0x8c,
  0x7f, 0x8c, 0x7f, 0x8c, 0x5f, 0x8c, 0x5f, 0x8c, 0x5f, 0x8c, 0x5f, 0x8c, 0x5f, 0x8c, 0x5f, 0x94,
  0x5f, 0x94, 0x5f, 0x8c, 0x5f, 0x8c, 0x5f, 0x94, 0x3f, 0x8c, 0x3f, 0x8c, 0x3f, 0x94, 0x3f, 0x94,
  0x3f, 0x94, 0x3f, 0x94, 0x3f, 0x94, 0x3f, 0x94, 0x1f, 0x94, 0x1f, 0x94, 0x1f, 0x94, 0x1f, 0x94,
  0x3f, 0x94, 0x5f, 0x94, 0x1f, 0x94, 0xff, 0xff, 0x00, 0x00, 0x3f, 0x9b, 0x00, 0x00, 0x00, 0x00,
  0x00, 0x00, 0x00, 0x00, 0x00, 0x00, 0x00, 0x00, 0x00, 0x00, 0x00, 0x00, 0x00, 0x00, 0x00, 0x00,
  0x00, 0x00, 0x00, 0x00, 0x00, 0x00, 0x00, 0x00, 0x00, 0x00, 0x00, 0x00, 0x5f, 0x7d, 0x1f, 0x00,
  0x00, 0x00, 0xff, 0x8c, 0xff, 0x8c, 0xff, 0x8c, 0x1f, 0x8d, 0xff, 0x8c, 0xdf, 0x8c, 0xdf, 0x8c,
  0xdf, 0x8c, 0xdf, 0x8c, 0xdf, 0x8c, 0xdf, 0x8c, 0xdf, 0x8c, 0xdf, 0x8c, 0xdf, 0x8c, 0xdf, 0x8c,
  0xbf, 0x8c, 0xbf, 0x8c, 0xbf, 0x8c, 0xbf, 0x8c, 0xbf, 0x8c, 0xbf, 0x8c, 0x9f, 0x8c, 0x9f, 0x8c,
  0x9f, 0x8c, 0x9f, 0x8c, 0x9f, 0x8c, 0x9f, 0x8c, 0x9f, 0x8c, 0x9f, 0x8c, 0x9f, 0x8c, 0x7f, 0x8c,
  0x7f, 0x8c, 0x7f, 0x8c, 0x7f, 0x8c, 0x7f, 0x8c, 0x7f, 0x8c, 0x7f, 0x8c, 0x7f, 0x8c, 0x7f, 0x8c,
  0x7f, 0x8c, 0x5f, 0x8c, 0x5f, 0x8c, 0x5f, 0x8c, 0x5f, 0x8c, 0x5f, 0x8c, 0x5f, 0x8c, 0x5f, 0x8c,
  0x5f, 0x94, 0x5f, 0x94, 0x3f, 0x94, 0x3f, 0x94, 0x3f, 0x94, 0x3f, 0x8c, 0x3f, 0x8c, 0x3f, 0x94,
  0x1f, 0x94, 0x1f, 0x94, 0x1f, 0x94, 0x1f, 0x94, 0x1f, 0x94, 0x1f, 0x94, 0x1f, 0x94, 0x1f, 0x94,
  0x3f, 0x9c, 0x1f, 0x94, 0x1f, 0x94, 0x1f, 0x94, 0x1f, 0x00, 0xff, 0xff, 0x3f, 0x9b, 0x00, 0x00,
  0x00, 0x00, 0x00, 0x00, 0x00, 0x00, 0x00, 0x00, 0x00, 0x00, 0x00, 0x00, 0x00, 0x00, 0x00, 0x00,
  0x00, 0x00, 0x00, 0x00, 0x00, 0x00, 0x00, 0x00, 0x00, 0x00, 0x00, 0x00, 0x00, 0x00, 0xff, 0xff,
  0x1f, 0x00, 0x00, 0x00, 0xdf, 0x8c, 0xff, 0x8c, 0xdf, 0x8c, 0x5f, 0x9d, 0xdf, 0x8c, 0xdf, 0x8c,
  0xdf, 0x8c, 0xdf, 0x8c, 0xdf, 0x8c, 0xbf, 0x8c, 0xbf, 0x8c, 0xbf, 0x8c, 0xbf, 0x8c, 0xbf, 0x8c,
  0xbf, 0x8c, 0xbf, 0x8c, 0xbf, 0x8c, 0xbf, 0x8c, 0x9f, 0x8c, 0x9f, 0x8c, 0x9f, 0x8c, 0x9f, 0x8c,
  0x9f, 0x8c, 0x9f, 0x8c, 0x9f, 0x8c, 0x9f, 0x8c, 0x9f, 0x8c, 0x9f, 0x8c, 0x7f, 0x8c, 0x7f, 0x8c,
  0x7f, 0x8c, 0x7f, 0x8c, 0x7f, 0x8c, 0x7f, 0x8c, 0x7f, 0x8c, 0x7f, 0x8c, 0x7f, 0x8c, 0x7f, 0x8c,
  0x5f, 0x94, 0x5f, 0x94, 0x5f, 0x94, 0x5f, 0x8c, 0x5f, 0x8c, 0x5f, 0x8c, 0x3f, 0x94, 0x3f, 0x94,
  0x3f, 0x94, 0x3f, 0x94, 0x3f, 0x94, 0x3f, 0x94, 0x3f, 0x94, 0x3f, 0x94, 0x1f, 0x94, 0x1f, 0x94,
  0x1f, 0x94, 0x1f, 0x94, 0x1f, 0x94, 0x1f, 0x94, 0x1f, 0x94, 0x1f, 0x94, 0x1f, 0x94, 0xff, 0x93,
  0xff, 0x93, 0x7f, 0xa4, 0xff, 0x93, 0xff, 0x8b, 0xff, 0x93, 0x00, 0x00, 0x1f, 0x00, 0x1f, 0xf8,
  0x00, 0x00, 0x00, 0x00, 0x00, 0x00, 0x00, 0x00, 0x00, 0x00, 0x00, 0x00, 0x00, 0x00, 0x00, 0x00,
  0x00, 0x00, 0x00, 0x00, 0x00, 0x00, 0x00, 0x00, 0x00, 0x00, 0x00, 0x00, 0x00, 0x00, 0x00, 0x00,
  0x00, 0x00, 0x1f, 0x00, 0xff, 0x07, 0x00, 0x00, 0xff, 0x8c, 0xdf, 0x8c, 0x3f, 0x95, 0xdf, 0x8c,
  0xdf, 0x8c, 0xbf, 0x8c, 0xbf, 0x8c, 0xbf, 0x8c, 0xbf, 0x8c, 0xbf, 0x8c, 0xbf, 0x8c, 0xbf, 0x8c,
  0xbf, 0x8c, 0xbf, 0x8c, 0x9f, 0x8c, 0x9f, 0x8c, 0x9f, 0x8c, 0x9f, 0x8c, 0x9f, 0x8c, 0x9f, 0x8c,
  0x9f, 0x8c, 0x9f, 0x8c, 0x7f, 0x8c, 0x7f, 0x8c, 0x7f, 0x8c, 0x7f, 0x8c, 0x7f, 0x8c, 0x7f, 0x8c,
  0x7f, 0x94, 0x7f, 0x94, 0x5f, 0x8c, 0x5f, 0x8c, 0x7f, 0x8c, 0x5f, 0x8c, 0x5f, 0x8c, 0x5f, 0x8c,
  0x5f, 0x8c, 0x5f, 0x94, 0x5f, 0x94, 0x5f, 0x94, 0x3f, 0x8c, 0x3f, 0x8c, 0x3f, 0x8c, 0x3f, 0x94,
  0x3f, 0x94, 0x3f, 0x94, 0x3f, 0x94, 0x1f, 0x94, 0x3f, 0x94, 0x1f, 0x94, 0x1f, 0x94, 0x1f, 0x94,
  0x1f, 0x94, 0x1f, 0x94, 0x1f, 0x94, 0x1f, 0x94, 0xff, 0x93, 0xff, 0x93, 0xff, 0x93, 0xff, 0x93,
  0xff, 0x93, 0xff, 0x93, 0x3f, 0x9c, 0xff, 0x93, 0x1f, 0x94, 0x00, 0x00, 0x1f, 0xf8, 0x1f, 0x00,
  0x00, 0x00, 0x00, 0x00, 0x00, 0x00, 0x00, 0x00, 0x00, 0x00, 0x00, 0x00, 0x00, 0x00, 0x00, 0x00,
  0x00, 0x00, 0x00, 0x00, 0x00, 0x00, 0x00, 0x00, 0x00, 0x00, 0x00, 0x00, 0x00, 0x00, 0x00, 0x00,
  0x00, 0x00, 0x00, 0x00, 0xff, 0x7b, 0x00, 0x00, 0x00, 0x00, 0x3f, 0x84, 0x9f, 0x8c, 0xbf, 0x8c,
  0xdf, 0x8c, 0xdf, 0x94, 0xbf, 0x8c, 0xbf, 0x8c, 0xbf, 0x8c, 0xbf, 0x8c, 0x9f, 0x8c, 0x9f, 0x8c,
  0x9f, 0x8c, 0x9f, 0x8c, 0x9f, 0x8c, 0x9f, 0x8c, 0x9f, 0x8c, 0x9f, 0x8c, 0x7f, 0x8c, 0x7f, 0x8c,
  0x7f, 0x8c, 0x7f, 0x8c, 0x7f, 0x8c, 0x7f, 0x8c, 0x7f, 0x8c, 0x7f, 0x8c, 0x7f, 0x8c, 0x7f, 0x8c,
  0x5f, 0x8c, 0x5f, 0x94, 0x5f, 0x94, 0x5f, 0x94, 0x5f, 0x94, 0x5f, 0x94, 0x5f, 0x8c, 0x3f, 0x8c,
  0x3f, 0x94, 0x3f, 0x94, 0x3f, 0x94, 0x3f, 0x94, 0x3f, 0x94, 0x3f, 0x94, 0x3f, 0x94, 0x1f, 0x94,
  0x1f, 0x94, 0x1f, 0x94, 0x1f, 0x94, 0x1f, 0x94, 0x1f, 0x94, 0x1f, 0x94, 0x1f, 0x94, 0x1f, 0x94,
  0x1f, 0x94, 0x1f, 0x94, 0xff, 0x93, 0xff, 0x93, 0xff, 0x93, 0xff, 0x93, 0xff, 0x93, 0xff, 0x93,
  0xdf, 0x93, 0xff, 0x93, 0xff, 0x93, 0xff, 0x93, 0xff, 0x93, 0xff, 0x9b, 0x00, 0x00, 0x00, 0x00,
  0xff, 0x7b, 0x00, 0x00, 0x00, 0x00, 0x00, 0x00, 0x00, 0x00, 0x00, 0x00, 0x00, 0x00, 0x00, 0x00,
  0x00, 0x00, 0x00, 0x00, 0x00, 0x00, 0x00, 0x00, 0x00, 0x00, 0x00, 0x00, 0x00, 0x00, 0x00, 0x00,
  0x00, 0x00, 0x00, 0x00, 0x00, 0x00, 0x1f, 0x00, 0x00, 0x00, 0xdf, 0x64, 0xbf, 0x52, 0x9f, 0x94,
  0x9f, 0x8c, 0xdf, 0x94, 0xff, 0x94, 0x9f, 0x8c, 0x9f, 0x8c, 0x9f, 0x8c, 0x9f, 0x8c, 0x9f, 0x8c,
  0x9f, 0x8c, 0x9f, 0x8c, 0x9f, 0x8c, 0x9f, 0x8c, 0x7f, 0x8c, 0x7f, 0x8c, 0x7f, 0x8c, 0x7f, 0x8c,
  0x7f, 0x8c, 0x7f, 0x8c, 0x7f, 0x8c, 0x7f, 0x8c, 0x7f, 0x8c, 0x5f, 0x8c, 0x5f, 0x8c, 0x5f, 0x94,
  0x5f, 0x94, 0x5f, 0x8c, 0x5f, 0x8c, 0x5f, 0x94, 0x5f, 0x94, 0x5f, 0x94, 0x3f, 0x94, 0x3f, 0x94,
  0x3f, 0x94, 0x3f, 0x94, 0x3f, 0x94, 0x3f, 0x94, 0x3f, 0x94, 0x3f, 0x94, 0x1f, 0x94, 0x1f, 0x94,
  0x1f, 0x94, 0x1f, 0x94, 0x1f, 0x94, 0x1f, 0x94, 0x1f, 0x94, 0x1f, 0x94, 0x1f, 0x94, 0x1f, 0x94,
  0xff, 0x93, 0xff, 0x93, 0xff, 0x93, 0xff, 0x93, 0xff, 0x93, 0xff, 0x93, 0xff, 0x93, 0xff, 0x93,
  0xdf, 0x93, 0xdf, 0x93, 0x1f, 0x9c, 0xff, 0x9b, 0xdf, 0x93, 0xdf, 0x93, 0xff, 0x7b, 0x7f, 0x93,
  0x00, 0x00, 0x1f, 0x00, 0x00, 0x00, 0x00, 0x00, 0x00, 0x00, 0x00, 0x00, 0x00, 0x00, 0x00, 0x00,
  0x00, 0x00, 0x00, 0x00, 0x00, 0x00, 0x00, 0x00, 0x00, 0x00, 0x00, 0x00, 0x00, 0x00, 0x00, 0x00,
  0x00, 0x00, 0x00, 0x00, 0x00, 0x00, 0x00, 0x00, 0x00, 0x00, 0x00, 0x00, 0xff, 0x7d, 0x00, 0x00,
  0x00, 0x00, 0x9f, 0x94, 0x9f, 0x8c, 0xbf, 0x8c, 0xbf, 0x94, 0x9f, 0x8c, 0x9f, 0x8c, 0x9f, 0x8c,
  0x9f, 0x8c, 0x7f, 0x8c, 0x7f, 0x8c, 0x7f, 0x8c, 0x7f, 0x8c, 0x7f, 0x8c, 0x7f, 0x8c, 0x7f, 0x8c,
  0x7f, 0x8c, 0x7f, 0x8c, 0x5f, 0x8c, 0x5f, 0x8c, 0x5f, 0x8c, 0x5f, 0x8c, 0x5f, 0x8c, 0x5f, 0x94,
  0x5f, 0x94, 0x5f, 0x94, 0x5f, 0x8c, 0x3f, 0x8c, 0x3f, 0x94, 0x3f, 0x94, 0x3f, 0x94, 0x3f, 0x94,
  0x3f, 0x94, 0x3f, 0x94, 0x3f, 0x94, 0x1f, 0x94, 0x1f, 0x94, 0x1f, 0x94, 0x1f, 0x94, 0x1f, 0x94,
  0x1f, 0x94, 0x1f, 0x94, 0x1f, 0x94, 0xff, 0x93, 0x1f, 0x94, 0xff, 0x93, 0xff, 0x93, 0xff, 0x93,
  0xff, 0x93, 0xff, 0x93, 0xff, 0x93, 0xdf, 0x93, 0xdf, 0x93, 0xdf, 0x93, 0xdf, 0x93, 0xdf, 0x93,
  0xdf, 0x93, 0xdf, 0x93, 0xff, 0x93, 0xdf, 0x93, 0xdf, 0x93, 0xdf, 0x93, 0x00, 0x00, 0x00, 0x00,
  0xff, 0xab, 0x00, 0x00, 0x00, 0x00, 0x00, 0x00, 0x00, 0x00, 0x00, 0x00, 0x00, 0x00, 0x00, 0x00,
  0x00, 0x00, 0x00, 0x00, 0x00, 0x00, 0x00, 0x00, 0x00, 0x00, 0x00, 0x00, 0x00, 0x00, 0x00, 0x00,
  0x00, 0x00, 0x00, 0x00, 0x00, 0x00, 0x00, 0x00, 0x00, 0x00, 0x00, 0x00, 0x00, 0x00, 0xff, 0xff,
  0x00, 0x00, 0x00, 0x00, 0x9f, 0x94, 0x9f, 0x8c, 0x7f, 0x8c, 0xdf, 0x94, 0x7f, 0x8c, 0x7f, 0x8c,
  0x7f, 0x8c, 0x7f, 0x8c, 0x7f, 0x8c, 0x7f, 0x8c, 0x7f, 0x8c, 0x7f, 0x8c, 0x5f, 0x8c, 0x5f, 0x8c,
  0x5f, 0x8c, 0x5f, 0x94, 0x5f, 0x94, 0x5f, 0x94, 0x5f, 0x8c, 0x3f, 0x8c, 0x3f, 0x8c, 0x3f, 0x8c,
  0x3f, 0x94, 0x3f, 0x94, 0x3f, 0x94, 0x3f, 0x94, 0x3f, 0x94, 0x3f, 0x94, 0x1f, 0x94, 0x1f, 0x94,
  0x1f, 0x94, 0x1f, 0x94, 0x1f, 0x94, 0x1f, 0x94, 0x1f, 0x94, 0x1f, 0x94, 0x1f, 0x94, 0x1f, 0x94,
  0xff, 0x93, 0xff, 0x93, 0xff, 0x93, 0xff, 0x93, 0xff, 0x93, 0xff, 0x93, 0xff, 0x93, 0xff, 0x93,
  0xdf, 0x93, 0xdf, 0x93, 0xdf, 0x93, 0xdf, 0x93, 0xdf, 0x93, 0xdf, 0x93, 0xdf, 0x93, 0xbf, 0x93,
  0xdf, 0x93, 0xbf, 0x93, 0xbf, 0x93, 0xff, 0x9b, 0xbf, 0x93, 0xdf, 0x9b, 0xff, 0x7b, 0x00, 0x00,
  0x00, 0x00, 0x1f, 0x78, 0x00, 0x00, 0x00, 0x00, 0x00, 0x00, 0x00, 0x00, 0x00, 0x00, 0x00, 0x00,
  0x00, 0x00, 0x00, 0x00, 0x00, 0x00, 0x00, 0x00, 0x00, 0x00, 0x00, 0x00, 0x00, 0x00, 0x00, 0x00,
  0x00, 0x00, 0x00, 0x00, 0x00, 0x00, 0x00, 0x00, 0x00, 0x00, 0x00, 0x00, 0x00, 0x00, 0x00, 0x00,
  0x00, 0x00, 0x00, 0x00, 0xdf, 0x9c, 0x00, 0x00, 0xff, 0x7b, 0x7f, 0x94, 0x9f, 0x94, 0xbf, 0x94,
  0xbf, 0x94, 0x7f, 0x8c, 0x5f, 0x8c, 0x5f, 0x8c, 0x5f, 0x8c, 0x5f, 0x94, 0x5f, 0x94, 0x5f, 0x8c,
  0x5f, 0x8c, 0x5f, 0x8c, 0x5f, 0x94, 0x5f, 0x94, 0x5f, 0x94, 0x3f, 0x94, 0x3f, 0x94, 0x3f, 0x94,
  0x3f, 0x8c, 0x3f, 0x94, 0x3f, 0x94, 0x3f, 0x94, 0x3f, 0x94, 0x3f, 0x94, 0x1f, 0x94, 0x1f, 0x94,
  0x1f, 0x94, 0x1f, 0x94, 0x1f, 0x94, 0x1f, 0x94, 0x1f, 0x94, 0x1f, 0x94, 0x1f, 0x94, 0xff, 0x93,
  0xff, 0x93, 0xff, 0x93, 0xff, 0x93, 0xff, 0x93, 0xff, 0x93, 0xff, 0x93, 0xdf, 0x93, 0xdf, 0x93,
  0xdf, 0x93, 0xdf, 0x93, 0xdf, 0x93, 0xdf, 0x93, 0xdf, 0x93, 0xdf, 0x93, 0xdf, 0x93, 0xbf, 0x93,
  0xbf, 0x93, 0xbf, 0x93, 0xdf, 0x9b, 0xdf, 0x9b, 0xdf, 0x93, 0xbf, 0x93, 0xff, 0xff, 0x00, 0x00,
  0xbf, 0x7a, 0x00, 0x00, 0x00, 0x00, 0x00, 0x00, 0x00, 0x00, 0x00, 0x00, 0x00, 0x00, 0x00, 0x00,
  0x00, 0x00, 0x00, 0x00, 0x00, 0x00, 0x00, 0x00, 0x00, 0x00, 0x00, 0x00, 0x00, 0x00, 0x00, 0x00,
  0x00, 0x00, 0x00, 0x00, 0x00, 0x00, 0x00, 0x00, 0x00, 0x00, 0x00, 0x00, 0x00, 0x00, 0x00, 0x00,
  0x00, 0x00, 0x00, 0x00, 0x00, 0x00, 0xff, 0x7b, 0xff, 0x7b, 0xff, 0xff, 0x9f, 0x94, 0x7f, 0x8c,
  0x7f, 0x8c, 0xbf, 0x9c, 0x5f, 0x8c, 0x5f, 0x8c, 0x5f, 0x94, 0x5f, 0x8c, 0x5f, 0x94, 0x5f, 0x94,
  0x5f, 0x8c, 0x3f, 0x8c, 0x3f, 0x8c, 0x3f, 0x94, 0x3f, 0x94, 0x3f, 0x94, 0x3f, 0x94, 0x3f, 0x94,
  0x3f, 0x94, 0x3f, 0x94, 0x1f, 0x94, 0x1f, 0x94, 0x1f, 0x94, 0x1f, 0x94, 0x1f, 0x94, 0x1f, 0x94,
  0x1f, 0x94, 0x1f, 0x94, 0x1f, 0x94, 0xff, 0x93, 0xff, 0x93, 0xff, 0x93, 0xff, 0x93, 0xff, 0x93,
  0xff, 0x93, 0xff, 0x93, 0xdf, 0x93, 0xdf, 0x93, 0xdf, 0x93, 0xdf, 0x93, 0xdf, 0x93, 0xdf, 0x93,
  0xdf, 0x93, 0xdf, 0x93, 0xdf, 0x93, 0xdf, 0x93, 0xdf, 0x93, 0xbf, 0x93, 0xbf, 0x93, 0xbf, 0x93,
  0xbf, 0x93, 0xbf, 0x93, 0xbf, 0x93, 0xdf, 0x9b, 0xbf, 0x93, 0x9f, 0x93, 0x9f, 0x93, 0xff, 0xfb,
  0xff, 0x7b, 0xff, 0x7b, 0x00, 0x00, 0x00, 0x00, 0x00, 0x00, 0x00, 0x00, 0x00, 0x00, 0x00, 0x00,
  0x00, 0x00, 0x00, 0x00, 0x00, 0x00, 0x00, 0x00, 0x00, 0x00, 0x00, 0x00, 0x00, 0x00, 0x00, 0x00,
  0x00, 0x00, 0x00, 0x00, 0x00, 0x00, 0x00, 0x00, 0x00, 0x00, 0x00, 0x00, 0x00, 0x00, 0x00, 0x00,
  0x00, 0x00, 0x00, 0x00, 0x00, 0x00, 0x00, 0x00, 0x00, 0x00, 0xbf, 0x52, 0x00, 0x00, 0x00, 0x00,
  0x5f, 0x8c, 0x5f, 0x94, 0x7f, 0x94, 0x9f, 0x9c, 0x5f, 0x94, 0x3f, 0x8c, 0x5f, 0x94, 0x5f, 0x94,
  0x5f, 0x94, 0x3f, 0x94, 0x3f, 0x94, 0x3f, 0x94, 0x3f, 0x94, 0x3f, 0x94, 0x3f, 0x94, 0x1f, 0x94,
  0x1f, 0x94, 0x1f, 0x94, 0x1f, 0x94, 0x1f, 0x94, 0x1f, 0x94, 0x1f, 0x94, 0x1f, 0x94, 0xff, 0x93,
  0x1f, 0x94, 0xff, 0x93, 0xff, 0x93, 0xff, 0x93, 0xff, 0x93, 0xff, 0x93, 0xff, 0x93, 0xff, 0x93,
  0xff, 0x93, 0xff, 0x93, 0xdf, 0x93, 0xdf, 0x93, 0xdf, 0x93, 0xdf, 0x93, 0xdf, 0x93, 0xdf, 0x93,
  0xdf, 0x93, 0xbf, 0x93, 0xbf, 0x93, 0xbf, 0x93, 0xbf, 0x93, 0xbf, 0x93, 0xbf, 0x93, 0xbf, 0x93,
  0x9f, 0x93, 0xbf, 0x93, 0xbf, 0x9b, 0xff, 0xa3, 0xbf, 0x93, 0x9f, 0x93, 0x7f, 0x93, 0x00, 0x00,
  0x00, 0x00, 0xbf, 0x52, 0x00, 0x00, 0x00, 0x00, 0x00, 0x00, 0x00, 0x00, 0x00, 0x00, 0x00, 0x00,
  0x00, 0x00, 0x00, 0x00, 0x00, 0x00, 0x00, 0x00, 0x00, 0x00, 0x00, 0x00, 0x00, 0x00, 0x00, 0x00,
  0x00, 0x00, 0x00, 0x00, 0x00, 0x00, 0x00, 0x00, 0x00, 0x00, 0x00, 0x00, 0x00, 0x00, 0x00, 0x00,
  0x00, 0x00, 0x00, 0x00, 0x00, 0x00, 0x00, 0x00, 0x00, 0x00, 0x00, 0x00, 0xff, 0x7b, 0xff, 0xff,
  0x5f, 0xad, 0x00, 0x00, 0xff, 0x8b, 0x3f, 0x8c, 0x5f, 0x94, 0x5f, 0x94, 0x5f, 0x94, 0x3f, 0x94,
  0x3f, 0x94, 0x3f, 0x94, 0x3f, 0x94, 0x3f, 0x94, 0x1f, 0x94, 0x3f, 0x94, 0x3f, 0x94, 0x1f, 0x94,
  0x1f, 0x94, 0x1f, 0x94, 0x1f, 0x94, 0x1f, 0x94, 0x1f, 0x94, 0xff, 0x93, 0xff, 0x93, 0xff, 0x93,
  0xff, 0x93, 0xff, 0x93, 0xff, 0x93, 0xff, 0x93, 0xff, 0x93, 0xdf, 0x93, 0xdf, 0x93, 0xdf, 0x93,
  0xdf, 0x93, 0xdf, 0x93, 0xdf, 0x93, 0xdf, 0x93, 0xdf, 0x93, 0xdf, 0x93, 0xdf, 0x93, 0xbf, 0x93,
  0xbf, 0x93, 0xbf, 0x93, 0xbf, 0x93, 0xbf, 0x93, 0xbf, 0x93, 0xbf, 0x93, 0xbf, 0x93, 0x9f, 0x93,
  0x9f, 0x93, 0x9f, 0x93, 0xbf, 0x9b, 0xbf, 0x9b, 0xbf, 0x9b, 0x7f, 0x93, 0x5f, 0x93, 0x00, 0x00,
  0xff, 0x07, 0x1f, 0xf8, 0xff, 0x7b, 0x00, 0x00, 0x00, 0x00, 0x00, 0x00, 0x00, 0x00, 0x00, 0x00,
  0x00, 0x00, 0x00, 0x00, 0x00, 0x00, 0x00, 0x00, 0x00, 0x00, 0x00, 0x00, 0x00, 0x00, 0x00, 0x00,
  0x00, 0x00, 0x00, 0x00, 0x00, 0x00, 0x00, 0x00, 0x00, 0x00, 0x00, 0x00, 0x00, 0x00, 0x00, 0x00,
  0x00, 0x00, 0x00, 0x00, 0x00, 0x00, 0x00, 0x00, 0x00, 0x00, 0x00, 0x00, 0x00, 0x00, 0x00, 0x00,
  0x00, 0x00, 0xff, 0x7b, 0x00, 0x00, 0x00, 0x00, 0x5f, 0x94, 0x3f, 0x94, 0x1f, 0x94, 0x5f, 0x94,
  0x3f, 0x94, 0x1f, 0x94, 0x1f, 0x94, 0x1f, 0x94, 0x1f, 0x94, 0x1f, 0x94, 0x1f, 0x94, 0x1f, 0x94,
  0x1f, 0x94, 0xff, 0x93, 0xff, 0x93, 0xff, 0x93, 0xff, 0x93, 0xff, 0x93, 0xff, 0x93, 0xff, 0x93,
  0xff, 0x93, 0xff, 0x93, 0xdf, 0x93, 0xdf, 0x93, 0xdf, 0x93, 0xdf, 0x93, 0xdf, 0x93, 0xdf, 0x93,
  0xdf, 0x93, 0xdf, 0x93, 0xbf, 0x93, 0xbf, 0x93, 0xbf, 0x93, 0xbf, 0x93, 0xbf, 0x93, 0xbf, 0x93,
  0xbf, 0x93, 0xbf, 0x93, 0xbf, 0x93, 0xbf, 0x93, 0xbf, 0x93, 0x9f, 0x93, 0x9f, 0x93, 0x9f, 0x93,
  0x9f, 0x93, 0x9f, 0x93, 0x9f, 0x93, 0xbf, 0x9b, 0x7f, 0x93, 0x7f, 0x93, 0x9f, 0x8b, 0x00, 0x00,
  0x00, 0x00, 0xff, 0x7b, 0x00, 0x00, 0x00, 0x00, 0x00, 0x00, 0x00, 0x00, 0x00, 0x00, 0x00, 0x00,
  0x00, 0x00, 0x00, 0x00, 0x00, 0x00, 0x00, 0x00, 0x00, 0x00, 0x00, 0x00, 0x00, 0x00, 0x00, 0x00,
  0x00, 0x00, 0x00, 0x00, 0x00, 0x00, 0x00, 0x00, 0x00, 0x00, 0x00, 0x00, 0x00, 0x00, 0x00, 0x00,
  0x00, 0x00, 0x00, 0x00, 0x00, 0x00, 0x00, 0x00, 0x00, 0x00, 0x00, 0x00, 0x00, 0x00, 0x00, 0x00,
  0x00, 0x00, 0x00, 0x00, 0xff, 0xff, 0x1f, 0x00, 0x00, 0x00, 0x00, 0x00, 0xff, 0x8b, 0x1f, 0x94,
  0x1f, 0x94, 0x3f, 0x94, 0x7f, 0x9c, 0x1f, 0x94, 0x1f, 0x94, 0x1f, 0x94, 0x1f, 0x94, 0x1f, 0x94,
  0xff, 0x93, 0xff, 0x93, 0xff, 0x93, 0xff, 0x93, 0xff, 0x93, 0xff, 0x93, 0xff, 0x93, 0xff, 0x93,
  0xff, 0x93, 0xdf, 0x93, 0xdf, 0x93, 0xdf, 0x93, 0xdf, 0x93, 0xdf, 0x93, 0xdf, 0x93, 0xbf, 0x93,
  0xbf, 0x93, 0xbf, 0x93, 0xbf, 0x93, 0xbf, 0x93, 0xbf, 0x93, 0xbf, 0x93, 0xbf, 0x93, 0xbf, 0x93,
  0xbf, 0x93, 0x9f, 0x93, 0x9f, 0x93, 0x9f, 0x93, 0x9f, 0x93, 0x9f, 0x93, 0x9f, 0x93, 0x7f, 0x93,
  0x7f, 0x93, 0x9f, 0x93, 0xdf, 0xa3, 0x9f, 0x9b, 0x9f, 0x9b, 0x7f, 0x9b, 0xff, 0x82, 0x00, 0x00,
  0x00, 0x00, 0x1f, 0x00, 0xff, 0x7b, 0x00, 0x00, 0x00, 0x00, 0x00, 0x00, 0x00, 0x00, 0x00, 0x00,
  0x00, 0x00, 0x00, 0x00, 0x00, 0x00, 0x00, 0x00, 0x00, 0x00, 0x00, 0x00, 0x00, 0x00, 0x00, 0x00,
  0x00, 0x00, 0x00, 0x00, 0x00, 0x00, 0x00, 0x00, 0x00, 0x00, 0x00, 0x00, 0x00, 0x00, 0x00, 0x00,
  0x00, 0x00, 0x00, 0x00, 0x00, 0x00, 0x00, 0x00, 0x00, 0x00, 0x00, 0x00, 0x00, 0x00, 0x00, 0x00,
  0x00, 0x00, 0x00, 0x00, 0x00, 0x00, 0x00, 0x00, 0x00, 0x00, 0xff, 0x7b, 0xff, 0x7b, 0x00, 0x00,
  0x00, 0x00, 0xdf, 0x8b, 0xff, 0x93, 0x1f, 0x94, 0x1f, 0x94, 0x1f, 0x9c, 0x1f, 0x9c, 0x1f, 0x94,
  0xff, 0x93, 0xff, 0x93, 0xff, 0x93, 0xff, 0x93, 0xff, 0x93, 0xdf, 0x93, 0xdf, 0x93, 0xdf, 0x93,
  0xdf, 0x93, 0xdf, 0x93, 0xdf, 0x93, 0xbf, 0x93, 0xdf, 0x93, 0xdf, 0x93, 0xdf, 0x93, 0xbf, 0x93,
  0xbf, 0x93, 0xbf, 0x93, 0xbf, 0x93, 0xbf, 0x93, 0xbf, 0x93, 0xbf, 0x93, 0xbf, 0x93, 0x9f, 0x93,
  0x9f, 0x93, 0x9f, 0x93, 0x9f, 0x93, 0x9f, 0x93, 0x9f, 0x93, 0x7f, 0x93, 0x7f, 0x93, 0x7f, 0x93,
  0x9f, 0x9b, 0x9f, 0x9b, 0x9f, 0x93, 0x9f, 0x9b, 0x7f, 0x93, 0x5f, 0x93, 0x00, 0x00, 0x00, 0x00,
  0xdf, 0x9c, 0xff, 0x7b, 0x00, 0x00, 0x00, 0x00, 0x00, 0x00, 0x00, 0x00, 0x00, 0x00, 0x00, 0x00,
  0x00, 0x00, 0x00, 0x00, 0x00, 0x00, 0x00, 0x00, 0x00, 0x00, 0x00, 0x00, 0x00, 0x00, 0x00, 0x00,
  0x00, 0x00, 0x00, 0x00, 0x00, 0x00, 0x00, 0x00, 0x00, 0x00, 0x00, 0x00, 0x00, 0x00, 0x00, 0x00,
  0x00, 0x00, 0x00, 0x00, 0x00, 0x00, 0x00, 0x00, 0x00, 0x00, 0x00, 0x00, 0x00, 0x00, 0x00, 0x00,
  0x00, 0x00, 0x00, 0x00, 0x00, 0x00, 0x00, 0x00, 0x00, 0x00, 0x00, 0x00, 0x00, 0x00, 0x00, 0x00,
  0x00, 0x00, 0x00, 0x00, 0x7f, 0x93, 0x3f, 0x94, 0xff, 0x93, 0xff, 0x93, 0x1f, 0x94, 0x3f, 0x9c,
  0xff, 0x93, 0xff, 0x93, 0xdf, 0x93, 0xdf, 0x93, 0xdf, 0x93, 0xdf, 0x93, 0xdf, 0x93, 0xdf, 0x93,
  0xbf, 0x93, 0xbf, 0x93, 0xdf, 0x93, 0xbf, 0x93, 0xbf, 0x93, 0xbf, 0x93, 0xbf, 0x93, 0xbf, 0x93,
  0xbf, 0x93, 0xbf, 0x93, 0xbf, 0x93, 0x9f, 0x93, 0x9f, 0x93, 0x9f, 0x93, 0x9f, 0x93, 0x9f, 0x93,
  0x9f, 0x93, 0x7f, 0x93, 0x7f, 0x93, 0x9f, 0x93, 0x9f, 0x93, 0x7f, 0x93, 0x9f, 0x93, 0x9f, 0x93,
  0x7f, 0x93, 0xbf, 0xa3, 0x9f, 0x9b, 0x7f, 0x93, 0x9f, 0x93, 0x9f, 0x9b, 0x7f, 0x93, 0x00, 0x00,
  0x00, 0x00, 0x00, 0x00, 0x00, 0x00, 0x00, 0x00, 0x00, 0x00, 0x00, 0x00, 0x00, 0x00, 0x00, 0x00,
  0x00, 0x00, 0x00, 0x00, 0x00, 0x00, 0x00, 0x00, 0x00, 0x00, 0x00, 0x00, 0x00, 0x00, 0x00, 0x00,
  0x00, 0x00, 0x00, 0x00, 0x00, 0x00, 0x00, 0x00, 0x00, 0x00, 0x00, 0x00, 0x00, 0x00, 0x00, 0x00,
  0x00, 0x00, 0x00, 0x00, 0x00, 0x00, 0x00, 0x00, 0x00, 0x00, 0x00, 0x00, 0x00, 0x00, 0x00, 0x00,
  0x00, 0x00, 0x00, 0x00, 0x00, 0x00, 0x00, 0x00, 0x00, 0x00, 0x00, 0x00, 0x00, 0x00, 0x00, 0x00,
  0x00, 0x00, 0xbf, 0xaa, 0x9f, 0x94, 0x00, 0x00, 0x00, 0x00, 0x5f, 0x83, 0xdf, 0x93, 0xff, 0x93,
  0x1f, 0x94, 0xdf, 0x93, 0x1f, 0x9c, 0x1f, 0x9c, 0xff, 0x93, 0xdf, 0x93, 0xbf, 0x93, 0xdf, 0x93,
  0xbf, 0x93, 0xbf, 0x93, 0xbf, 0x93, 0xbf, 0x93, 0xbf, 0x93, 0xbf, 0x93, 0xbf, 0x93, 0xbf, 0x93,
  0xbf, 0x93, 0xbf, 0x93, 0x9f, 0x93, 0x9f, 0x93, 0x9f, 0x93, 0x9f, 0x93, 0x9f, 0x93, 0x9f, 0x93,
  0x9f, 0x93, 0x7f, 0x93, 0x7f, 0x93, 0x7f, 0x93, 0x9f, 0x93, 0x9f, 0x93, 0xbf, 0x9b, 0xdf, 0xa3,
  0xdf, 0xa3, 0x9f, 0x93, 0x9f, 0x9b, 0x7f, 0x93, 0x7f, 0x93, 0x9f, 0x8b, 0x00, 0x00, 0x00, 0x00,
  0xff, 0x7b, 0xff, 0x7b, 0x00, 0x00, 0x00, 0x00, 0x00, 0x00, 0x00, 0x00, 0x00, 0x00, 0x00, 0x00,
  0x00, 0x00, 0x00, 0x00, 0x00, 0x00, 0x00, 0x00, 0x00, 0x00, 0x00, 0x00, 0x00, 0x00, 0x00, 0x00,
  0x00, 0x00, 0x00, 0x00, 0x00, 0x00, 0x00, 0x00, 0x00, 0x00, 0x00, 0x00, 0x00, 0x00, 0x00, 0x00,
  0x00, 0x00, 0x00, 0x00, 0x00, 0x00, 0x00, 0x00, 0x00, 0x00, 0x00, 0x00, 0x00, 0x00, 0x00, 0x00,
  0x00, 0x00, 0x00, 0x00, 0x00, 0x00, 0x00, 0x00, 0x00, 0x00, 0x00, 0x00, 0x00, 0x00, 0x00, 0x00,
  0x00, 0x00, 0x00, 0x00, 0x00, 0x00, 0x00, 0x00, 0xbf, 0x52, 0x5f, 0xad, 0x00, 0x00, 0x00, 0x00,
  0x9f, 0x8b, 0xdf, 0x93, 0xdf, 0x93, 0xbf, 0x93, 0xdf, 0x93, 0xbf, 0x93, 0xbf, 0x93, 0xbf, 0x93,
  0xdf, 0x93, 0xbf, 0x93, 0xbf, 0x93, 0xbf, 0x93, 0xbf, 0x93, 0x9f, 0x93, 0x9f, 0x93, 0x9f, 0x93,
  0x9f, 0x93, 0x9f, 0x93, 0x9f, 0x93, 0x9f, 0x93, 0x7f, 0x93, 0x9f, 0x93, 0x9f, 0x93, 0x7f, 0x93,
  0x9f, 0x93, 0x9f, 0x93, 0x9f, 0x93, 0x9f, 0x9b, 0x9f, 0x9b, 0x9f, 0x9b, 0x9f, 0x93, 0x9f, 0x93,
  0x7f, 0x93, 0x7f, 0x93, 0x9f, 0x93, 0x9f, 0x93, 0x7f, 0xb3, 0x00, 0x00, 0x00, 0x00, 0xff, 0x7b,
  0xbf, 0x52, 0x00, 0x00, 0x00, 0x00, 0x00, 0x00, 0x00, 0x00, 0x00, 0x00, 0x00, 0x00, 0x00, 0x00,
  0x00, 0x00, 0x00, 0x00, 0x00, 0x00, 0x00, 0x00, 0x00, 0x00, 0x00, 0x00, 0x00, 0x00, 0x00, 0x00,
  0x00, 0x00, 0x00, 0x00, 0x00, 0x00, 0x00, 0x00, 0x00, 0x00, 0x00, 0x00, 0x00, 0x00, 0x00, 0x00,
  0x00, 0x00, 0x00, 0x00, 0x00, 0x00, 0x00, 0x00, 0x00, 0x00, 0x00, 0x00, 0x00, 0x00, 0x00, 0x00,
  0x00, 0x00, 0x00, 0x00, 0x00, 0x00, 0x00, 0x00, 0x00, 0x00, 0x00, 0x00, 0x00, 0x00, 0x00, 0x00,
  0x00, 0x00, 0x00, 0x00, 0x00, 0x00, 0x00, 0x00, 0x00, 0x00, 0xff, 0xff, 0xff, 0x7b, 0x00, 0x00,
  0x00, 0x00, 0x00, 0x00, 0x3f, 0x7b, 0xbf, 0x93, 0xbf, 0x93, 0xbf, 0x93, 0xbf, 0x93, 0xbf, 0x93,
  0xbf, 0x93, 0xff, 0xa3, 0xff, 0x9b, 0xdf, 0x9b, 0xbf, 0x93, 0x9f, 0x93, 0x9f, 0x93, 0x9f, 0x93,
  0x9f, 0x93, 0x7f, 0x93, 0x7f, 0x93, 0x9f, 0x93, 0x7f, 0x93, 0x7f, 0x93, 0x9f, 0x93, 0x9f, 0x93,
  0x7f, 0x93, 0x9f, 0x93, 0x9f, 0x9b, 0xbf, 0x9b, 0xbf, 0x9b, 0xdf, 0xa3, 0xdf, 0xa3, 0x7f, 0x93,
  0x9f, 0x93, 0x7f, 0x93, 0x7f, 0x9b, 0x9f, 0x93, 0x5f, 0x83, 0x00, 0x00, 0x00, 0x00, 0x00, 0x00,
  0x1f, 0x00, 0x1f, 0xf8, 0x00, 0x00, 0x00, 0x00, 0x00, 0x00, 0x00, 0x00, 0x00, 0x00, 0x00, 0x00,
  0x00, 0x00, 0x00, 0x00, 0x00, 0x00, 0x00, 0x00, 0x00, 0x00, 0x00, 0x00, 0x00, 0x00, 0x00, 0x00,
  0x00, 0x00, 0x00, 0x00, 0x00, 0x00, 0x00, 0x00, 0x00, 0x00, 0x00, 0x00, 0x00, 0x00, 0x00, 0x00,
  0x00, 0x00, 0x00, 0x00, 0x00, 0x00, 0x00, 0x00, 0x00, 0x00, 0x00, 0x00, 0x00, 0x00, 0x00, 0x00,
  0x00, 0x00, 0x00, 0x00, 0x00, 0x00, 0x00, 0x00, 0x00, 0x00, 0x00, 0x00, 0x00, 0x00, 0x00, 0x00,
  0x00, 0x00, 0x00, 0x00, 0x00, 0x00, 0x00, 0x00, 0x00, 0x00, 0x00, 0x00, 0x00, 0x00, 0x00, 0x00,
  0xff, 0x7b, 0xdf, 0x9c, 0x3f, 0x9b, 0x00, 0x00, 0x00, 0x00, 0x00, 0x00, 0x3f, 0x93, 0x9f, 0x93,
  0x9f, 0x93, 0x9f, 0x93, 0x9f, 0x93, 0x9f, 0x93, 0x9f, 0x93, 0x9f, 0x93, 0x9f, 0x93, 0x7f, 0x93,
  0x9f, 0x9b, 0xdf, 0xa3, 0xdf, 0xa3, 0xdf, 0xa3, 0xdf, 0xa3, 0xdf, 0xa3, 0xdf, 0xa3, 0xbf, 0x9b,
  0xbf, 0x9b, 0x9f, 0x9b, 0x7f, 0x93, 0x7f, 0x93, 0x9f, 0x93, 0x9f, 0x93, 0x7f, 0x93, 0x7f, 0x93,
  0x7f, 0x93, 0x7f, 0x93, 0x5f, 0x93, 0x00, 0x00, 0x00, 0x00, 0x00, 0x00, 0xbf, 0x7a, 0x3f, 0x9b,
  0xff, 0x7b, 0x1f, 0x00, 0x00, 0x00, 0x00, 0x00, 0x00, 0x00, 0x00, 0x00, 0x00, 0x00, 0x00, 0x00,
  0x00, 0x00, 0x00, 0x00, 0x00, 0x00, 0x00, 0x00, 0x00, 0x00, 0x00, 0x00, 0x00, 0x00, 0x00, 0x00,
  0x00, 0x00, 0x00, 0x00, 0x00, 0x00, 0x00, 0x00, 0x00, 0x00, 0x00, 0x00, 0x00, 0x00, 0x00, 0x00,
  0x00, 0x00, 0x00, 0x00, 0x00, 0x00, 0x00, 0x00, 0x00, 0x00, 0x00, 0x00, 0x00, 0x00, 0x00, 0x00,
  0x00, 0x00, 0x00, 0x00, 0x00, 0x00, 0x00, 0x00, 0x00, 0x00, 0x00, 0x00, 0x00, 0x00, 0x00, 0x00,
  0x00, 0x00, 0x00, 0x00, 0x00, 0x00, 0x00, 0x00, 0x00, 0x00, 0x00, 0x00, 0x00, 0x00, 0x00, 0x00,
  0x00, 0x00, 0x00, 0x00, 0x00, 0x00, 0x00, 0x00, 0x00, 0x00, 0x00, 0x00, 0x00, 0x00, 0x1f, 0x00,
  0xff, 0xbb, 0x7f, 0x93, 0x1f, 0x8b, 0x9f, 0x93, 0x7f, 0x93, 0x7f, 0x93, 0x7f, 0x93, 0x7f, 0x93,
  0x7f, 0x93, 0x7f, 0x93, 0x7f, 0x93, 0x9f, 0x9b, 0x9f, 0x9b, 0x9f, 0x9b, 0xbf, 0x9b, 0x9f, 0x9b,
  0x7f, 0x93, 0x7f, 0x93, 0x7f, 0x93, 0x7f, 0x93, 0x7f, 0x93, 0x7f, 0x93, 0x9f, 0x93, 0x7f, 0x93,
  0x7f, 0x93, 0xff, 0xab, 0xbf, 0xaa, 0x1f, 0x00, 0x00, 0x00, 0x00, 0x00, 0x00, 0x00, 0x00, 0x00,
  0x00, 0x00, 0x00, 0x00, 0x00, 0x00, 0x00, 0x00, 0x00, 0x00, 0x00, 0x00, 0x00, 0x00, 0x00, 0x00,
  0x00, 0x00, 0x00, 0x00, 0x00, 0x00, 0x00, 0x00, 0x00, 0x00, 0x00, 0x00, 0x00, 0x00, 0x00, 0x00,
  0x00, 0x00, 0x00, 0x00, 0x00, 0x00, 0x00, 0x00, 0x00, 0x00, 0x00, 0x00, 0x00, 0x00, 0x00, 0x00,
  0x00, 0x00, 0x00, 0x00, 0x00, 0x00, 0x00, 0x00, 0x00, 0x00, 0x00, 0x00, 0x00, 0x00, 0x00, 0x00,
  0x00, 0x00, 0x00, 0x00, 0x00, 0x00, 0x00, 0x00, 0x00, 0x00, 0x00, 0x00, 0x00, 0x00, 0x00, 0x00,
  0x00, 0x00, 0x00, 0x00, 0x00, 0x00, 0x00, 0x00, 0x00, 0x00, 0x00, 0x00, 0x00, 0x00, 0x00, 0x00,
  0x00, 0x00, 0x00, 0x00, 0x00, 0x00, 0x00, 0x00, 0x00, 0x00, 0xff, 0x7b, 0xbf, 0xaa, 0xbf, 0xaa,
  0x00, 0x00, 0x00, 0x00, 0x00, 0x00, 0x00, 0x00, 0x00, 0x00, 0xff, 0x8a, 0x7f, 0x9b, 0x7f, 0x93,
  0x7f, 0x93, 0x7f, 0x93, 0x7f, 0x93, 0x7f, 0x93, 0x7f, 0x93, 0x7f, 0x93, 0x7f, 0x93, 0x9f, 0x93,
  0x7f, 0x93, 0x7f, 0x93, 0x7f, 0x93, 0x9f, 0x93, 0x7f, 0x93, 0x7f, 0x93, 0x7f, 0x93, 0xff, 0x93,
  0x00, 0x00, 0x00, 0x00, 0x00, 0x00, 0x00, 0x00, 0x00, 0x00, 0xbf, 0x52, 0xff, 0x7b, 0xff, 0x7b,
  0x00, 0x00, 0x00, 0x00, 0x00, 0x00, 0x00, 0x00, 0x00, 0x00, 0x00, 0x00, 0x00, 0x00, 0x00, 0x00,
  0x00, 0x00, 0x00, 0x00, 0x00, 0x00, 0x00, 0x00, 0x00, 0x00, 0x00, 0x00, 0x00, 0x00, 0x00, 0x00,
  0x00, 0x00, 0x00, 0x00, 0x00, 0x00, 0x00, 0x00, 0x00, 0x00, 0x00, 0x00, 0x00, 0x00, 0x00, 0x00,
  0x00, 0x00, 0x00, 0x00, 0x00, 0x00, 0x00, 0x00, 0x00, 0x00, 0x00, 0x00, 0x00, 0x00, 0x00, 0x00,
  0x00, 0x00, 0x00, 0x00, 0x00, 0x00, 0x00, 0x00, 0x00, 0x00, 0x00, 0x00, 0x00, 0x00, 0x00, 0x00,
  0x00, 0x00, 0x00, 0x00, 0x00, 0x00, 0x00, 0x00, 0x00, 0x00, 0x00, 0x00, 0x00, 0x00, 0x00, 0x00,
  0x00, 0x00, 0x00, 0x00, 0x00, 0x00, 0x00, 0x00, 0x00, 0x00, 0x00, 0x00, 0x00, 0x00, 0x00, 0x00,
  0x00, 0x00, 0xff, 0x7b, 0x3f, 0x9b, 0xff, 0xab, 0x7f, 0x93, 0xbf, 0xaa, 0x00, 0x00, 0x00, 0x00,
  0x00, 0x00, 0x00, 0x00, 0x00, 0x00, 0x00, 0x00, 0x00, 0x00, 0x00, 0x00, 0x00, 0x00, 0x00, 0x00,
  0x00, 0x00, 0x00, 0x00, 0x00, 0x00, 0x00, 0x00, 0x00, 0x00, 0x00, 0x00, 0x00, 0x00, 0x00, 0x00,
  0x00, 0x00, 0xbf, 0xaa, 0x7f, 0x93, 0xff, 0xab, 0xff, 0x7b, 0xff, 0x7b, 0x1f, 0x00, 0x00, 0x00,
  0x00, 0x00, 0x00, 0x00, 0x00, 0x00, 0x00, 0x00, 0x00, 0x00, 0x00, 0x00, 0x00, 0x00, 0x00, 0x00,
  0x00, 0x00, 0x00, 0x00, 0x00, 0x00, 0x00, 0x00, 0x00, 0x00, 0x00, 0x00, 0x00, 0x00, 0x00, 0x00,
  0x00, 0x00, 0x00, 0x00, 0x00, 0x00, 0x00, 0x00, 0x00, 0x00, 0x00, 0x00, 0x00, 0x00, 0x00, 0x00,
  0x00, 0x00, 0x00, 0x00, 0x00, 0x00, 0x00, 0x00, 0x00, 0x00, 0x00, 0x00, 0x00, 0x00, 0x00, 0x00,
  0x00, 0x00, 0x00, 0x00, 0x00, 0x00, 0x00, 0x00, 0x00, 0x00, 0x00, 0x00, 0x00, 0x00, 0x00, 0x00,
  0x00, 0x00, 0x00, 0x00, 0x00, 0x00, 0x00, 0x02, 0x03, 0x05, 0x06, 0x03, 0x00, 0x00, 0x00, 0x00,
  0x00, 0x00, 0x00, 0x00, 0x00, 0x00, 0x00, 0x00, 0x00, 0x00, 0x00, 0x00, 0x00, 0x03, 0x06, 0x06,
  0x03, 0x01, 0x00, 0x00, 0x00, 0x00, 0x00, 0x00, 0x00, 0x00, 0x00, 0x00, 0x00, 0x00, 0x00, 0x00,
  0x00, 0x00, 0x00, 0x00, 0x00, 0x00, 0x00, 0x00, 0x00, 0x00, 0x00, 0x00, 0x00, 0x00, 0x00, 0x00,
  0x00, 0x00, 0x00, 0x00, 0x00, 0x00, 0x00, 0x00, 0x00, 0x00, 0x00, 0x00, 0x00, 0x00, 0x00, 0x00,
  0x00, 0x00, 0x00, 0x00, 0x00, 0x00, 0x00, 0x00, 0x00, 0x00, 0x00, 0x00, 0x00, 0x01, 0x02, 0x02,
  0x00, 0x00, 0x00, 0x00, 0x00, 0x10, 0x23, 0x32, 0x40, 0x49, 0x53, 0x5d, 0x5f, 0x5f, 0x5f, 0x5c,
  0x53, 0x49, 0x40, 0x32, 0x23, 0x0f, 0x00, 0x00, 0x00, 0x00, 0x01, 0x04, 0x02, 0x01, 0x00, 0x00,
  0x00, 0x00, 0x00, 0x00, 0x00, 0x00, 0x00, 0x00, 0x00, 0x00, 0x00, 0x00, 0x00, 0x00, 0x00, 0x00,
  0x00, 0x00, 0x00, 0x00, 0x00, 0x00, 0x00, 0x00, 0x00, 0x00, 0x00, 0x00, 0x00, 0x00, 0x00, 0x00,
  0x00, 0x00, 0x00, 0x00, 0x00, 0x00, 0x00, 0x00, 0x00, 0x00, 0x00, 0x00, 0x00, 0x00, 0x00, 0x00,
  0x00, 0x00, 0x00, 0x00, 0x00, 0x00, 0x00, 0x00, 0x00, 0x00, 0x02, 0x05, 0x12, 0x30, 0x5c, 0x87,
  0xa8, 0xc6, 0xda, 0xee, 0xff, 0xff, 0xff, 0xff, 0xff, 0xee, 0xda, 0xc6, 0xa8, 0x86, 0x5c, 0x30,
  0x13, 0x06, 0x02, 0x00, 0x00, 0x00, 0x00, 0x00, 0x00, 0x00, 0x00, 0x00, 0x00, 0x00, 0x00, 0x00,
  0x00, 0x00, 0x00, 0x00, 0x00, 0x00, 0x00, 0x00, 0x00, 0x00, 0x00, 0x00, 0x00, 0x00, 0x00, 0x00,
  0x00, 0x00, 0x00, 0x00, 0x00, 0x00, 0x00, 0x00, 0x00, 0x00, 0x00, 0x00, 0x00, 0x00, 0x00, 0x00,
  0x00, 0x00, 0x00, 0x00, 0x00, 0x00, 0x00, 0x00, 0x00, 0x00, 0x00, 0x00, 0x01, 0x03, 0x07, 0x01,
  0x00, 0x00, 0x15, 0x3b, 0x6a, 0xa3, 0xc4, 0xd4, 0xe5, 0xf1, 0xfd, 0xff, 0xff, 0xff, 0xff, 0xff,
  0xff, 0xff, 0xff, 0xff, 0xfd, 0xf1, 0xe4, 0xd5, 0xc5, 0xb3, 0x7c, 0x35, 0x00, 0x00, 0x00, 0x02,
  0x06, 0x03, 0x01, 0x00, 0x00, 0x00, 0x00, 0x00, 0x00, 0x00, 0x00, 0x00, 0x00, 0x00, 0x00, 0x00,
  0x00, 0x00, 0x00, 0x00, 0x00, 0x00, 0x00, 0x00, 0x00, 0x00, 0x00, 0x00, 0x00, 0x00, 0x00, 0x00,
  0x00, 0x00, 0x00, 0x00, 0x00, 0x00, 0x00, 0x00, 0x00, 0x00, 0x00, 0x00, 0x00, 0x00, 0x00, 0x00,
  0x00, 0x00, 0x00, 0x00, 0x01, 0x01, 0x00, 0x00, 0x00, 0x1a, 0x42, 0x75, 0x9d, 0xcc, 0xff, 0xff,
  0xff, 0xff, 0xff, 0xff, 0xfd, 0xfa, 0xf7, 0xf6, 0xf6, 0xf7, 0xf8, 0xfa, 0xfd, 0xff, 0xff, 0xff,
  0xff, 0xff, 0xff, 0xdf, 0x97, 0x59, 0x30, 0x16, 0x00, 0x00, 0x00, 0x00, 0x01, 0x00, 0x00, 0x00,
  0x00, 0x00, 0x00, 0x00, 0x00, 0x00, 0x00, 0x00, 0x00, 0x00, 0x00, 0x00, 0x00, 0x00, 0x00, 0x00,
  0x00, 0x00, 0x00, 0x00, 0x00, 0x00, 0x00, 0x00, 0x00, 0x00, 0x00, 0x00, 0x00, 0x00, 0x00, 0x00,
  0x00, 0x00, 0x00, 0x00, 0x00, 0x00, 0x00, 0x00, 0x00, 0x00, 0x00, 0x00, 0x00, 0x02, 0x02, 0x00,
  0x00, 0x1f, 0x79, 0xcb, 0xf3, 0xf8, 0xfa, 0xff, 0xff, 0xff, 0xff, 0xff, 0xff, 0xff, 0xfe, 0xfe,
  0xfe, 0xff, 0xff, 0xff, 0xfe, 0xff, 0xff, 0xff, 0xff, 0xff, 0xff, 0xff, 0xfb, 0xf8, 0xf1, 0xbc,
  0x6b, 0x1d, 0x00, 0x00, 0x02, 0x02, 0x00, 0x00, 0x00, 0x00, 0x00, 0x00, 0x00, 0x00, 0x00, 0x00,
  0x00, 0x00, 0x00, 0x00, 0x00, 0x00, 0x00, 0x00, 0x00, 0x00, 0x00, 0x00, 0x00, 0x00, 0x00, 0x00,
  0x00, 0x00, 0x00, 0x00, 0x00, 0x00, 0x00, 0x00, 0x00, 0x00, 0x00, 0x00, 0x00, 0x00, 0x00, 0x00,
  0x00, 0x00, 0x00, 0x00, 0x03, 0x04, 0x00, 0x00, 0x21, 0x5d, 0x9d, 0xd7, 0xff, 0xff, 0xff, 0xff,
  0xfc, 0xf9, 0xfa, 0xfb, 0xfc, 0xfd, 0xfd, 0xfe, 0xff, 0xff, 0xfe, 0xff, 0xff, 0xfe, 0xfe, 0xfd,
  0xfc, 0xfb, 0xfb, 0xfa, 0xfa, 0xff, 0xff, 0xff, 0xfc, 0xcf, 0x9b, 0x5d, 0x21, 0x00, 0x00, 0x04,
  0x03, 0x00, 0x00, 0x00, 0x00, 0x00, 0x00, 0x00, 0x00, 0x00, 0x00, 0x00, 0x00, 0x00, 0x00, 0x00,
  0x00, 0x00, 0x00, 0x00, 0x00, 0x00, 0x00, 0x00, 0x00, 0x00, 0x00, 0x00, 0x00, 0x00, 0x00, 0x00,
  0x00, 0x00, 0x00, 0x00, 0x00, 0x00, 0x00, 0x00, 0x00, 0x00, 0x00, 0x00, 0x01, 0x00, 0x00, 0x04,
  0x22, 0x76, 0xcf, 0xff, 0xff, 0xfa, 0xfa, 0xfa, 0xfc, 0xfe, 0xfe, 0xfe, 0xfe, 0xfe, 0xff, 0xff,
  0xff, 0xff, 0xff, 0xfe, 0xff, 0xff, 0xff, 0xff, 0xff, 0xfe, 0xfe, 0xff, 0xff, 0xff, 0xfd, 0xfa,
  0xfa, 0xfc, 0xff, 0xff, 0xce, 0x75, 0x20, 0x02, 0x00, 0x00, 0x01, 0x00, 0x00, 0x00, 0x00, 0x00,
  0x00, 0x00, 0x00, 0x00, 0x00, 0x00, 0x00, 0x00, 0x00, 0x00, 0x00, 0x00, 0x00, 0x00, 0x00, 0x00,
  0x00, 0x00, 0x00, 0x00, 0x00, 0x00, 0x00, 0x00, 0x00, 0x00, 0x00, 0x00, 0x00, 0x00, 0x00, 0x00,
  0x00, 0x00, 0x00, 0x00, 0x00, 0x06, 0x00, 0x00, 0x35, 0x91, 0xe0, 0xfc, 0xff, 0xff, 0xff, 0xfe,
  0xfd, 0xfe, 0xff, 0xff, 0xfe, 0xfe, 0xfe, 0xff, 0xff, 0xff, 0xfe, 0xfe, 0xff, 0xfe, 0xfe, 0xfe,
  0xfe, 0xff, 0xff, 0xff, 0xfe, 0xfe, 0xff, 0xff, 0xfe, 0xfd, 0xff, 0xff, 0xff, 0xfc, 0xde, 0x84,
  0x29, 0x00, 0x00, 0x07, 0x00, 0x00, 0x00, 0x00, 0x00, 0x00, 0x00, 0x00, 0x00, 0x00, 0x00, 0x00,
  0x00, 0x00, 0x00, 0x00, 0x00, 0x00, 0x00, 0x00, 0x00, 0x00, 0x00, 0x00, 0x00, 0x00, 0x00, 0x00,
  0x00, 0x00, 0x00, 0x00, 0x00, 0x00, 0x00, 0x00, 0x00, 0x00, 0x00, 0x00, 0x03, 0x01, 0x00, 0x07,
  0x36, 0x94, 0xe5, 0xff, 0xff, 0xf8, 0xfb, 0xfe, 0xff, 0xfe, 0xfe, 0xff, 0xff, 0xfe, 0xfe, 0xfe,
  0xff, 0xff, 0xff, 0xfe, 0xfe, 0xff, 0xfe, 0xfe, 0xfe, 0xfe, 0xff, 0xff, 0xff, 0xfe, 0xfe, 0xfe,
  0xff, 0xff, 0xfe, 0xfd, 0xf9, 0xf8, 0xff, 0xff, 0xda, 0x8b, 0x35, 0x06, 0x00, 0x01, 0x03, 0x00,
  0x00, 0x00, 0x00, 0x00, 0x00, 0x00, 0x00, 0x00, 0x00, 0x00, 0x00, 0x00, 0x00, 0x00, 0x00, 0x00,
  0x00, 0x00, 0x00, 0x00, 0x00, 0x00, 0x00, 0x00, 0x00, 0x00, 0x00, 0x00, 0x00, 0x00, 0x00, 0x00,
  0x00, 0x00, 0x00, 0x00, 0x00, 0x04, 0x00, 0x00, 0x36, 0xa6, 0xee, 0xff, 0xff, 0xfc, 0xfe, 0xff,
  0xff, 0xff, 0xfe, 0xfe, 0xfe, 0xfe, 0xfe, 0xfe, 0xfe, 0xfe, 0xfe, 0xfe, 0xfe, 0xfe, 0xfe, 0xff,
  0xff, 0xfe, 0xfe, 0xff, 0xfe, 0xfe, 0xfe, 0xfe, 0xfe, 0xff, 0xff, 0xff, 0xfe, 0xfe, 0xfe, 0xfc,
  0xff, 0xff, 0xef, 0xa6, 0x36, 0x01, 0x00, 0x04, 0x00, 0x00, 0x00, 0x00, 0x00, 0x00, 0x00, 0x00,
  0x00, 0x00, 0x00, 0x00, 0x00, 0x00, 0x00, 0x00, 0x00, 0x00, 0x00, 0x00, 0x00, 0x00, 0x00, 0x00,
  0x00, 0x00, 0x00, 0x00, 0x00, 0x00, 0x00, 0x00, 0x00, 0x00, 0x00, 0x00, 0x01, 0x02, 0x00, 0x00,
  0x2d, 0x8d, 0xee, 0xff, 0xff, 0xfd, 0xfc, 0xfe, 0xfe, 0xfe, 0xfe, 0xfe, 0xfe, 0xff, 0xff, 0xff,
  0xff, 0xff, 0xfe, 0xfe, 0xfe, 0xfe, 0xfe, 0xfe, 0xfe, 0xfe, 0xfe, 0xff, 0xff, 0xfe, 0xfe, 0xff,
  0xff, 0xff, 0xff, 0xff, 0xff, 0xfe, 0xfe, 0xff, 0xfd, 0xfd, 0xff, 0xff, 0xef, 0x97, 0x39, 0x00,
  0x00, 0x02, 0x02, 0x00, 0x00, 0x00, 0x00, 0x00, 0x00, 0x00, 0x00, 0x00, 0x00, 0x00, 0x00, 0x00,
  0x00, 0x00, 0x00, 0x00, 0x00, 0x00, 0x00, 0x00, 0x00, 0x00, 0x00, 0x00, 0x00, 0x00, 0x00, 0x00,
  0x00, 0x00, 0x00, 0x00, 0x01, 0x01, 0x01, 0x04, 0x22, 0x85, 0xda, 0xff, 0xfc, 0xf8, 0xfe, 0xff,
  0xfe, 0xfe, 0xfe, 0xfe, 0xfe, 0xfe, 0xff, 0xff, 0xff, 0xff, 0xff, 0xfe, 0xfe, 0xfe, 0xfe, 0xfe,
  0xfe, 0xfe, 0xfe, 0xfe, 0xff, 0xff, 0xfe, 0xfe, 0xff, 0xff, 0xff, 0xff, 0xff, 0xff, 0xfe, 0xfe,
  0xff, 0xff, 0xfe, 0xf9, 0xfb, 0xff, 0xe5, 0x92, 0x24, 0x04, 0x02, 0x02, 0x01, 0x00, 0x00, 0x00,
  0x00, 0x00, 0x00, 0x00, 0x00, 0x00, 0x00, 0x00, 0x00, 0x00, 0x00, 0x00, 0x00, 0x00, 0x00, 0x00,
  0x00, 0x00, 0x00, 0x00, 0x00, 0x00, 0x00, 0x00, 0x00, 0x00, 0x00, 0x00, 0x00, 0x03, 0x01, 0x01,
  0x25, 0x79, 0xe0, 0xfd, 0xff, 0xfc, 0xfd, 0xfe, 0xff, 0xff, 0xfe, 0xfe, 0xfe, 0xff, 0xff, 0xff,
  0xfe, 0xfe, 0xff, 0xff, 0xfe, 0xfe, 0xfe, 0xfe, 0xfe, 0xff, 0xfe, 0xfe, 0xfe, 0xff, 0xff, 0xfe,
  0xfe, 0xfe, 0xfe, 0xfe, 0xfe, 0xff, 0xff, 0xfe, 0xfe, 0xff, 0xff, 0xfe, 0xfd, 0xfc, 0xff, 0xff,
  0xe2, 0x79, 0x25, 0x02, 0x01, 0x03, 0x00, 0x00, 0x00, 0x00, 0x00, 0x00, 0x00, 0x00, 0x00, 0x00,
  0x00, 0x00, 0x00, 0x00, 0x00, 0x00, 0x00, 0x00, 0x00, 0x00, 0x00, 0x00, 0x00, 0x00, 0x00, 0x00,
  0x00, 0x00, 0x00, 0x00, 0x00, 0x00, 0x04, 0x00, 0x00, 0x5f, 0xd3, 0xff, 0xff, 0xfc, 0xfc, 0xff,
  0xfe, 0xff, 0xff, 0xfe, 0xfe, 0xff, 0xff, 0xff, 0xfe, 0xfe, 0xfe, 0xfe, 0xfe, 0xfe, 0xff, 0xff,
  0xfe, 0xfe, 0xfe, 0xfe, 0xfe, 0xfe, 0xfe, 0xff, 0xfe, 0xfe, 0xfe, 0xfe, 0xfe, 0xfe, 0xff, 0xff,
  0xfe, 0xfe, 0xff, 0xff, 0xff, 0xfe, 0xfc, 0xfc, 0xfe, 0xff, 0xd2, 0x5d, 0x00, 0x00, 0x04, 0x00,
  0x00, 0x00, 0x00, 0x00, 0x00, 0x00, 0x00, 0x00, 0x00, 0x00, 0x00, 0x00, 0x00, 0x00, 0x00, 0x00,
  0x00, 0x00, 0x00, 0x00, 0x00, 0x00, 0x00, 0x00, 0x00, 0x00, 0x00, 0x00, 0x00, 0x01, 0x00, 0x03,
  0x02, 0x21, 0xa2, 0xff, 0xfd, 0xf8, 0xfe, 0xfe, 0xfe, 0xfe, 0xfe, 0xfe, 0xfe, 0xfe, 0xff, 0xff,
  0xff, 0xfe, 0xfe, 0xff, 0xfe, 0xfe, 0xfe, 0xff, 0xff, 0xfe, 0xfe, 0xfe, 0xfe, 0xfe, 0xfe, 0xfe,
  0xff, 0xff, 0xff, 0xfe, 0xff, 0xff, 0xfe, 0xfe, 0xff, 0xfe, 0xfe, 0xff, 0xff, 0xff, 0xfe, 0xfe,
  0xff, 0xf9, 0xfe, 0xff, 0xa2, 0x22, 0x02, 0x02, 0x00, 0x01, 0x00, 0x00, 0x00, 0x00, 0x00, 0x00,
  0x00, 0x00, 0x00, 0x00, 0x00, 0x00, 0x00, 0x00, 0x00, 0x00, 0x00, 0x00, 0x00, 0x00, 0x00, 0x00,
  0x00, 0x00, 0x00, 0x00, 0x00, 0x00, 0x03, 0x00, 0x04, 0x1a, 0x70, 0xd7, 0xff, 0xff, 0xfa, 0xfe,
  0xfe, 0xfe, 0xfe, 0xfe, 0xfe, 0xfe, 0xfe, 0xfe, 0xfe, 0xfe, 0xfe, 0xff, 0xff, 0xfe, 0xfe, 0xfe,
  0xfe, 0xfe, 0xfe, 0xfe, 0xff, 0xfe, 0xfe, 0xff, 0xff, 0xff, 0xff, 0xff, 0xfe, 0xfe, 0xfe, 0xfe,
  0xfe, 0xfe, 0xfe, 0xfe, 0xfe, 0xfe, 0xfe, 0xfe, 0xfe, 0xfe, 0xfb, 0xff, 0xff, 0xde, 0x7d, 0x1b,
  0x00, 0x00, 0x04, 0x00, 0x00, 0x00, 0x00, 0x00, 0x00, 0x00, 0x00, 0x00, 0x00, 0x00, 0x00, 0x00,
  0x00, 0x00, 0x00, 0x00, 0x00, 0x00, 0x00, 0x00, 0x00, 0x00, 0x00, 0x00, 0x00, 0x00, 0x00, 0x03,
  0x00, 0x00, 0x35, 0xc1, 0xf4, 0xf9, 0xfe, 0xfc, 0xfe, 0xfe, 0xfe, 0xfe, 0xfe, 0xfe, 0xfe, 0xfe,
  0xfe, 0xfe, 0xfe, 0xfe, 0xff, 0xff, 0xfe, 0xfe, 0xfd, 0xfc, 0xfb, 0xfb, 0xfb, 0xfb, 0xfa, 0xfb,
  0xfc, 0xfd, 0xfe, 0xff, 0xff, 0xfe, 0xfe, 0xfe, 0xfe, 0xfe, 0xfe, 0xfe, 0xfe, 0xfe, 0xfe, 0xfe,
  0xfe, 0xfe, 0xfe, 0xfd, 0xfe, 0xf9, 0xfa, 0xce, 0x46, 0x03, 0x00, 0x03, 0x01, 0x00, 0x00, 0x00,
  0x00, 0x00, 0x00, 0x00, 0x00, 0x00, 0x00, 0x00, 0x00, 0x00, 0x00, 0x00, 0x00, 0x00, 0x00, 0x00,
  0x00, 0x00, 0x00, 0x00, 0x00, 0x00, 0x00, 0x01, 0x01, 0x00, 0x00, 0x61, 0xf3, 0xff, 0xf9, 0xfd,
  0xfe, 0xff, 0xff, 0xff, 0xfe, 0xfe, 0xfe, 0xfe, 0xfe, 0xfe, 0xff, 0xff, 0xfe, 0xfe, 0xff, 0xfe,
  0xfe, 0xfe, 0xfe, 0xfd, 0xfe, 0xfe, 0xfd, 0xfd, 0xfd, 0xfd, 0xfe, 0xfe, 0xfe, 0xfe, 0xff, 0xfe,
  0xfe, 0xff, 0xff, 0xff, 0xff, 0xff, 0xfe, 0xfe, 0xfe, 0xfe, 0xfe, 0xfe, 0xfe, 0xfd, 0xf9, 0xff,
  0xf6, 0x7b, 0x18, 0x00, 0x00, 0x02, 0x00, 0x00, 0x00, 0x00, 0x00, 0x00, 0x00, 0x00, 0x00, 0x00,
  0x00, 0x00, 0x00, 0x00, 0x00, 0x00, 0x00, 0x00, 0x00, 0x00, 0x00, 0x00, 0x00, 0x00, 0x00, 0x01,
  0x03, 0x01, 0x04, 0x39, 0xa3, 0xff, 0xff, 0xfa, 0xfd, 0xfe, 0xfe, 0xfe, 0xfe, 0xff, 0xff, 0xfe,
  0xfe, 0xfe, 0xff, 0xff, 0xfe, 0xfe, 0xff, 0xff, 0xfb, 0xfa, 0xff, 0xff, 0xff, 0xff, 0xff, 0xff,
  0xff, 0xff, 0xff, 0xff, 0xff, 0xfa, 0xfb, 0xfe, 0xfe, 0xfe, 0xfe, 0xfe, 0xff, 0xfe, 0xfe, 0xff,
  0xff, 0xfe, 0xfe, 0xfe, 0xfe, 0xff, 0xfd, 0xfa, 0xff, 0xff, 0xa5, 0x3c, 0x03, 0x00, 0x03, 0x01,
  0x00, 0x00, 0x00, 0x00, 0x00, 0x00, 0x00, 0x00, 0x00, 0x00, 0x00, 0x00, 0x00, 0x00, 0x00, 0x00,
  0x00, 0x00, 0x00, 0x00, 0x00, 0x00, 0x00, 0x00, 0x01, 0x04, 0x00, 0x09, 0x83, 0xde, 0xfb, 0xfd,
  0xfd, 0xfd, 0xfe, 0xfe, 0xfe, 0xfe, 0xff, 0xff, 0xfe, 0xfe, 0xfe, 0xff, 0xff, 0xfe, 0xfe, 0xfe,
  0xfe, 0xff, 0xff, 0xfe, 0xef, 0xdf, 0xd6, 0xd1, 0xcf, 0xd1, 0xd5, 0xe0, 0xf0, 0xfe, 0xff, 0xff,
  0xfd, 0xfd, 0xfe, 0xfe, 0xfe, 0xfe, 0xfe, 0xfe, 0xff, 0xff, 0xfe, 0xfe, 0xfe, 0xfe, 0xff, 0xfe,
  0xfd, 0xfe, 0xfb, 0xcf, 0x70, 0x08, 0x00, 0x03, 0x01, 0x00, 0x00, 0x00, 0x00, 0x00, 0x00, 0x00,
  0x00, 0x00, 0x00, 0x00, 0x00, 0x00, 0x00, 0x00, 0x00, 0x00, 0x00, 0x00, 0x00, 0x00, 0x00, 0x00,
  0x00, 0x01, 0x04, 0x00, 0x18, 0xb8, 0xfd, 0xff, 0xfb, 0xff, 0xff, 0xfe, 0xfe, 0xff, 0xff, 0xfe,
  0xfe, 0xfe, 0xfe, 0xfe, 0xff, 0xfe, 0xfe, 0xff, 0xfc, 0xfc, 0xff, 0xff, 0xdc, 0x9d, 0x5e, 0x36,
  0x24, 0x1e, 0x24, 0x36, 0x5e, 0x9d, 0xdc, 0xff, 0xff, 0xfc, 0xfc, 0xfe, 0xfe, 0xfe, 0xfe, 0xfe,
  0xfe, 0xfe, 0xfe, 0xfe, 0xfe, 0xfe, 0xfe, 0xfe, 0xfe, 0xfd, 0xfd, 0xff, 0xfa, 0xa8, 0x17, 0x00,
  0x04, 0x00, 0x00, 0x00, 0x00, 0x00, 0x00, 0x00, 0x00, 0x00, 0x00, 0x00, 0x00, 0x00, 0x00, 0x00,
  0x00, 0x00, 0x00, 0x00, 0x00, 0x00, 0x00, 0x00, 0x00, 0x01, 0x01, 0x02, 0x05, 0x37, 0xcf, 0xff,
  0xff, 0xf9, 0xff, 0xff, 0xfe, 0xfe, 0xff, 0xff, 0xfe, 0xfe, 0xfe, 0xfe, 0xfe, 0xff, 0xfe, 0xfd,
  0xfb, 0xff, 0xff, 0xe5, 0xaa, 0x68, 0x39, 0x11, 0x00, 0x00, 0x00, 0x00, 0x00, 0x10, 0x39, 0x68,
  0xaa, 0xe5, 0xff, 0xff, 0xfb, 0xfe, 0xff, 0xfe, 0xff, 0xff, 0xfe, 0xfe, 0xfe, 0xfe, 0xfe, 0xfe,
  0xfe, 0xff, 0xfd, 0xfb, 0xff, 0xff, 0xc8, 0x37, 0x05, 0x02, 0x00, 0x01, 0x00, 0x00, 0x00, 0x00,
  0x00, 0x00, 0x00, 0x00, 0x00, 0x00, 0x00, 0x00, 0x00, 0x00, 0x00, 0x00, 0x00, 0x00, 0x00, 0x00,
  0x00, 0x00, 0x02, 0x00, 0x00, 0x13, 0x61, 0xd7, 0xfe, 0xff, 0xfa, 0xfe, 0xff, 0xff, 0xff, 0xfe,
  0xfe, 0xfe, 0xfe, 0xfe, 0xfe, 0xfe, 0xff, 0xfe, 0xfd, 0xfb, 0xfe, 0xf3, 0x99, 0x37, 0x00, 0x00,
  0x03, 0x03, 0x04, 0x04, 0x04, 0x03, 0x03, 0x00, 0x00, 0x37, 0x99, 0xf4, 0xfe, 0xfb, 0xfe, 0xff,
  0xff, 0xff, 0xff, 0xfe, 0xfe, 0xfe, 0xfe, 0xfe, 0xfe, 0xff, 0xff, 0xfe, 0xfa, 0xff, 0xfe, 0xd6,
  0x62, 0x13, 0x00, 0x00, 0x02, 0x00, 0x00, 0x00, 0x00, 0x00, 0x00, 0x00, 0x00, 0x00, 0x00, 0x00,
  0x00, 0x00, 0x00, 0x00, 0x00, 0x00, 0x00, 0x00, 0x00, 0x00, 0x00, 0x03, 0x00, 0x00, 0x2b, 0x8b,
  0xe5, 0xfe, 0xff, 0xfb, 0xfe, 0xff, 0xff, 0xff, 0xff, 0xff, 0xfe, 0xfe, 0xfe, 0xff, 0xff, 0xfe,
  0xfa, 0xfe, 0xfe, 0xe2, 0x96, 0x36, 0x04, 0x00, 0x00, 0x00, 0x01, 0x02, 0x03, 0x02, 0x01, 0x00,
  0x00, 0x00, 0x04, 0x36, 0x97, 0xe3, 0xfe, 0xfe, 0xfb, 0xff, 0xfe, 0xfe, 0xfe, 0xfe, 0xfe, 0xff,
  0xff, 0xff, 0xfe, 0xfe, 0xfe, 0xfb, 0xff, 0xfe, 0xe5, 0x8b, 0x2b, 0x00, 0x00, 0x03, 0x00, 0x00,
  0x00, 0x00, 0x00, 0x00, 0x00, 0x00, 0x00, 0x00, 0x00, 0x00, 0x00, 0x00, 0x00, 0x00, 0x00, 0x00,
  0x00, 0x00, 0x00, 0x00, 0x05, 0x00, 0x00, 0x3f, 0xac, 0xf1, 0xff, 0xff, 0xfc, 0xfe, 0xff, 0xff,
  0xff, 0xff, 0xff, 0xfe, 0xfe, 0xfe, 0xff, 0xff, 0xfe, 0xfb, 0xff, 0xfc, 0xae, 0x36, 0x01, 0x00,
  0x06, 0x06, 0x02, 0x01, 0x00, 0x00, 0x00, 0x01, 0x02, 0x07, 0x06, 0x00, 0x01, 0x37, 0xaf, 0xfc,
  0xff, 0xfb, 0xff, 0xfe, 0xfe, 0xfe, 0xfe, 0xfe, 0xff, 0xff, 0xff, 0xfe, 0xfe, 0xfe, 0xfd, 0xff,
  0xff, 0xf1, 0xac, 0x3f, 0x00, 0x00, 0x05, 0x00, 0x00, 0x00, 0x00, 0x00, 0x00, 0x00, 0x00, 0x00,
  0x00, 0x00, 0x00, 0x00, 0x00, 0x00, 0x00, 0x00, 0x00, 0x00, 0x00, 0x00, 0x00, 0x06, 0x00, 0x00,
  0x4f, 0xc9, 0xfb, 0xff, 0xff, 0xfd, 0xfe, 0xfe, 0xfe, 0xff, 0xff, 0xff, 0xfe, 0xfe, 0xfe, 0xfe,
  0xfe, 0xff, 0xff, 0xfe, 0xdc, 0x6c, 0x02, 0x00, 0x05, 0x00, 0x00, 0x00, 0x00, 0x00, 0x00, 0x00,
  0x00, 0x00, 0x00, 0x00, 0x05, 0x00, 0x02, 0x6c, 0xdc, 0xfe, 0xff, 0xff, 0xfd, 0xfe, 0xff, 0xff,
  0xff, 0xfe, 0xfe, 0xfe, 0xfe, 0xfe, 0xfe, 0xfd, 0xff, 0xff, 0xfc, 0xc9, 0x4f, 0x00, 0x00, 0x06,
  0x00, 0x00, 0x00, 0x00, 0x00, 0x00, 0x00, 0x00, 0x00, 0x00, 0x00, 0x00, 0x00, 0x00, 0x00, 0x00,
  0x00, 0x00, 0x00, 0x00, 0x00, 0x00, 0x07, 0x00, 0x00, 0x5a, 0xde, 0xff, 0xfd, 0xfe, 0xfe, 0xff,
  0xff, 0xff, 0xfe, 0xfe, 0xfe, 0xff, 0xfe, 0xfe, 0xfe, 0xfd, 0xfe, 0xff, 0xf0, 0x9d, 0x33, 0x00,
  0x01, 0x06, 0x00, 0x00, 0x00, 0x00, 0x00, 0x00, 0x00, 0x00, 0x00, 0x00, 0x00, 0x06, 0x01, 0x00,
  0x33, 0x9d, 0xf1, 0xff, 0xff, 0xfc, 0xfe, 0xff, 0xff, 0xff, 0xfe, 0xfe, 0xfe, 0xfe, 0xfe, 0xff,
  0xfe, 0xfe, 0xfd, 0xff, 0xde, 0x5a, 0x00, 0x00, 0x07, 0x00, 0x00, 0x00, 0x00, 0x00, 0x00, 0x00,
  0x00, 0x00, 0x00, 0x00, 0x00, 0x00, 0x00, 0x00, 0x00, 0x00, 0x00, 0x00, 0x00, 0x00, 0x00, 0x07,
  0x00, 0x00, 0x64, 0xee, 0xff, 0xfa, 0xfe, 0xfe, 0xff, 0xff, 0xff, 0xfe, 0xfe, 0xfe, 0xff, 0xfe,
  0xfe, 0xff, 0xfc, 0xfd, 0xff, 0xe1, 0x5e, 0x11, 0x03, 0x01, 0x01, 0x00, 0x00, 0x00, 0x00, 0x00,
  0x00, 0x00, 0x00, 0x00, 0x00, 0x00, 0x01, 0x01, 0x03, 0x11, 0x5e, 0xe2, 0xff, 0xfe, 0xfc, 0xfe,
  0xfe, 0xfe, 0xfe, 0xfe, 0xfe, 0xfe, 0xfe, 0xfe, 0xff, 0xfe, 0xfe, 0xfa, 0xff, 0xef, 0x64, 0x00,
  0x00, 0x07, 0x00, 0x00, 0x00, 0x00, 0x00, 0x00, 0x00, 0x00, 0x00, 0x00, 0x00, 0x00, 0x00, 0x00,
  0x00, 0x00, 0x00, 0x00, 0x00, 0x00, 0x00, 0x00, 0x08, 0x00, 0x00, 0x71, 0xfd, 0xff, 0xf8, 0xfe,
  0xfe, 0xfe, 0xfe, 0xfe, 0xff, 0xfe, 0xfe, 0xff, 0xff, 0xfe, 0xff, 0xfc, 0xfd, 0xff, 0xda, 0x39,
  0x01, 0x02, 0x02, 0x00, 0x00, 0x00, 0x00, 0x00, 0x00, 0x00, 0x00, 0x00, 0x00, 0x00, 0x00, 0x00,
  0x02, 0x02, 0x01, 0x39, 0xd9, 0xff, 0xfd, 0xfc, 0xff, 0xfe, 0xfe, 0xfe, 0xfe, 0xfe, 0xfe, 0xfe,
  0xfe, 0xfe, 0xff, 0xff, 0xf7, 0xff, 0xfd, 0x71, 0x00, 0x00, 0x08, 0x00, 0x00, 0x00, 0x00, 0x00,
  0x00, 0x00, 0x00, 0x00, 0x00, 0x00, 0x00, 0x00, 0x00, 0x00, 0x00, 0x00, 0x00, 0x00, 0x00, 0x00,
  0x00, 0x08, 0x00, 0x00, 0x74, 0xff, 0xff, 0xf6, 0xfe, 0xfe, 0xfe, 0xfe, 0xfe, 0xff, 0xfe, 0xfe,
  0xff, 0xff, 0xfe, 0xff, 0xfc, 0xfd, 0xff, 0xd6, 0x29, 0x00, 0x03, 0x03, 0x00, 0x00, 0x00, 0x00,
  0x00, 0x00, 0x00, 0x00, 0x00, 0x00, 0x00, 0x00, 0x00, 0x03, 0x03, 0x00, 0x29, 0xd6, 0xff, 0xfd,
  0xfc, 0xff, 0xfe, 0xfe, 0xfe, 0xfe, 0xfe, 0xfe, 0xfe, 0xfe, 0xfe, 0xff, 0xff, 0xf6, 0xff, 0xff,
  0x74, 0x00, 0x00, 0x08, 0x00, 0x00, 0x00, 0x00, 0x00, 0x00, 0x00, 0x00, 0x00, 0x00, 0x00, 0x00,
  0x00, 0x00, 0x00, 0x00, 0x00, 0x00, 0x00, 0x00, 0x00, 0x00, 0x08, 0x00, 0x00, 0x73, 0xff, 0xff,
  0xf6, 0xfe, 0xff, 0xff, 0xfe, 0xfe, 0xfe, 0xfe, 0xfe, 0xff, 0xff, 0xfe, 0xfe, 0xfb, 0xfc, 0xff,
  0xd5, 0x24, 0x00, 0x03, 0x03, 0x00, 0x00, 0x00, 0x00, 0x00, 0x00, 0x00, 0x00, 0x00, 0x00, 0x00,
  0x00, 0x00, 0x03, 0x03, 0x00, 0x24, 0xd5, 0xff, 0xfc, 0xfb, 0xfe, 0xfe, 0xfe, 0xfe, 0xfe, 0xfe,
  0xfe, 0xfe, 0xfe, 0xfe, 0xfe, 0xfe, 0xf6, 0xff, 0xff, 0x73, 0x00, 0x00, 0x08, 0x00, 0x00, 0x00,
  0x00, 0x00, 0x00, 0x00, 0x00, 0x00, 0x00, 0x00, 0x00, 0x00, 0x00, 0x00, 0x00, 0x00, 0x00, 0x00,
  0x00, 0x00, 0x00, 0x08, 0x00, 0x00, 0x74, 0xff, 0xff, 0xf6, 0xfe, 0xff, 0xff, 0xfe, 0xfe, 0xff,
  0xff, 0xff, 0xff, 0xff, 0xff, 0xfe, 0xfb, 0xfc, 0xff, 0xd7, 0x2b, 0x00, 0x03, 0x03, 0x00, 0x00,
  0x00, 0x00, 0x00, 0x00, 0x00, 0x00, 0x00, 0x00, 0x00, 0x00, 0x00, 0x03, 0x03, 0x00, 0x2b, 0xd7,
  0xff, 0xfc, 0xfb, 0xfe, 0xfe, 0xfe, 0xfe, 0xfe, 0xfe, 0xfe, 0xfe, 0xfe, 0xff, 0xff, 0xff, 0xf6,
  0xff, 0xff, 0x74, 0x00, 0x00, 0x08, 0x00, 0x00, 0x00, 0x00, 0x00, 0x00, 0x00, 0x00, 0x00, 0x00,
  0x00, 0x00, 0x00, 0x00, 0x00, 0x00, 0x00, 0x00, 0x00, 0x00, 0x00, 0x00, 0x08, 0x00, 0x00, 0x6f,
  0xfb, 0xff, 0xf8, 0xfe, 0xff, 0xff, 0xfe, 0xfe, 0xff, 0xff, 0xff, 0xff, 0xff, 0xff, 0xfe, 0xfb,
  0xfc, 0xff, 0xdb, 0x3d, 0x02, 0x02, 0x02, 0x00, 0x00, 0x00, 0x00, 0x00, 0x00, 0x00, 0x00, 0x00,
  0x00, 0x00, 0x00, 0x00, 0x02, 0x02, 0x02, 0x3d, 0xdb, 0xff, 0xfc, 0xfb, 0xfe, 0xfe, 0xfe, 0xfe,
  0xfe, 0xfe, 0xfe, 0xfe, 0xfe, 0xff, 0xff, 0xff, 0xf7, 0xff, 0xfb, 0x6f, 0x00, 0x00, 0x08, 0x00,
  0x00, 0x00, 0x00, 0x00, 0x00, 0x00, 0x00, 0x00, 0x00, 0x00, 0x00, 0x00, 0x00, 0x00, 0x00, 0x00,
  0x00, 0x00, 0x00, 0x00, 0x00, 0x07, 0x00, 0x00, 0x62, 0xeb, 0xff, 0xfb, 0xfe, 0xfe, 0xff, 0xfe,
  0xfe, 0xff, 0xfe, 0xfe, 0xfe, 0xff, 0xff, 0xfe, 0xfb, 0xfd, 0xff, 0xe3, 0x66, 0x15, 0x02, 0x00,
  0x02, 0x00, 0x00, 0x00, 0x00, 0x00, 0x00, 0x00, 0x00, 0x00, 0x00, 0x00, 0x02, 0x00, 0x02, 0x15,
  0x66, 0xe3, 0xff, 0xfd, 0xfc, 0xfe, 0xfe, 0xff, 0xff, 0xfe, 0xfe, 0xfe, 0xfe, 0xfe, 0xfe, 0xfd,
  0xfe, 0xfb, 0xff, 0xeb, 0x62, 0x00, 0x00, 0x07, 0x00, 0x00, 0x00, 0x00, 0x00, 0x00, 0x00, 0x00,
  0x00, 0x00, 0x00, 0x00, 0x00, 0x00, 0x00, 0x00, 0x00, 0x00, 0x00, 0x00, 0x00, 0x00, 0x07, 0x00,
  0x00, 0x58, 0xda, 0xfe, 0xfe, 0xff, 0xfd, 0xfe, 0xfe, 0xfe, 0xfe, 0xfe, 0xfe, 0xfe, 0xfe, 0xfe,
  0xff, 0xfd, 0xfe, 0xff, 0xf4, 0xa9, 0x3b, 0x00, 0x01, 0x07, 0x00, 0x00, 0x00, 0x00, 0x00, 0x00,
  0x00, 0x00, 0x00, 0x00, 0x00, 0x07, 0x01, 0x00, 0x3b, 0xa9, 0xf3, 0xff, 0xfe, 0xfd, 0xff, 0xfe,
  0xfe, 0xfe, 0xff, 0xff, 0xfe, 0xfe, 0xfe, 0xfe, 0xfd, 0xfe, 0xfe, 0xff, 0xda, 0x58, 0x00, 0x00,
  0x07, 0x00, 0x00, 0x00, 0x00, 0x00, 0x00, 0x00, 0x00, 0x00, 0x00, 0x00, 0x00, 0x00, 0x00, 0x00,
  0x00, 0x00, 0x00, 0x00, 0x00, 0x00, 0x00, 0x06, 0x00, 0x00, 0x4d, 0xc6, 0xfa, 0xff, 0xff, 0xfd,
  0xfe, 0xfe, 0xfe, 0xfe, 0xfe, 0xfe, 0xfe, 0xfe, 0xfe, 0xff, 0xfe, 0xff, 0xfe, 0xff, 0xe3, 0x75,
  0x07, 0x00, 0x04, 0x00, 0x01, 0x00, 0x00, 0x00, 0x00, 0x00, 0x00, 0x00, 0x01, 0x00, 0x04, 0x00,
  0x07, 0x76, 0xe3, 0xff, 0xfe, 0xfe, 0xfe, 0xff, 0xfe, 0xfe, 0xfe, 0xff, 0xff, 0xfe, 0xfe, 0xfe,
  0xfe, 0xfd, 0xff, 0xff, 0xfb, 0xc6, 0x4d, 0x00, 0x00, 0x06, 0x00, 0x00, 0x00, 0x00, 0x00, 0x00,
  0x00, 0x00, 0x00, 0x00, 0x00, 0x00, 0x00, 0x00, 0x00, 0x00, 0x00, 0x00, 0x00, 0x00, 0x00, 0x00,
  0x04, 0x00, 0x00, 0x3c, 0xa7, 0xef, 0xff, 0xff, 0xfc, 0xfe, 0xff, 0xff, 0xfe, 0xfe, 0xfe, 0xfe,
  0xfe, 0xfe, 0xfe, 0xfe, 0xff, 0xfb, 0xff, 0xfe, 0xb8, 0x45, 0x06, 0x00, 0x05, 0x07, 0x02, 0x01,
  0x00, 0x00, 0x00, 0x01, 0x02, 0x07, 0x05, 0x00, 0x06, 0x45, 0xb9, 0xfe, 0xff, 0xfb, 0xff, 0xff,
  0xff, 0xfe, 0xff, 0xff, 0xfe, 0xfe, 0xfe, 0xfe, 0xfe, 0xff, 0xfc, 0xff, 0xff, 0xf0, 0xa8, 0x3c,
  0x00, 0x00, 0x04, 0x00, 0x00, 0x00, 0x00, 0x00, 0x00, 0x00, 0x00, 0x00, 0x00, 0x00, 0x00, 0x00,
  0x00, 0x00, 0x00, 0x00, 0x00, 0x00, 0x00, 0x00, 0x00, 0x03, 0x00, 0x00, 0x26, 0x84, 0xe3, 0xfe,
  0xff, 0xfc, 0xfe, 0xff, 0xff, 0xfe, 0xfe, 0xfe, 0xfe, 0xfe, 0xfe, 0xfe, 0xfe, 0xff, 0xfc, 0xfe,
  0xff, 0xe9, 0xa9, 0x45, 0x07, 0x00, 0x00, 0x00, 0x02, 0x04, 0x04, 0x04, 0x02, 0x00, 0x00, 0x00,
  0x08, 0x45, 0xa9, 0xea, 0xff, 0xfe, 0xfc, 0xff, 0xff, 0xfe, 0xfe, 0xff, 0xff, 0xfe, 0xfe, 0xfe,
  0xfe, 0xfe, 0xff, 0xfb, 0xff, 0xfe, 0xe2, 0x85, 0x26, 0x00, 0x00, 0x03, 0x00, 0x00, 0x00, 0x00,
  0x00, 0x00, 0x00, 0x00, 0x00, 0x00, 0x00, 0x00, 0x00, 0x00, 0x00, 0x00, 0x00, 0x00, 0x00, 0x00,
  0x00, 0x00, 0x02, 0x00, 0x00, 0x11, 0x5b, 0xd5, 0xff, 0xff, 0xfb, 0xfe, 0xfe, 0xfe, 0xfe, 0xff,
  0xff, 0xfe, 0xfe, 0xfe, 0xfe, 0xfe, 0xfe, 0xfe, 0xfe, 0xfb, 0xff, 0xfb, 0xa7, 0x45, 0x06, 0x01,
  0x03, 0x00, 0x00, 0x00, 0x00, 0x00, 0x03, 0x01, 0x06, 0x46, 0xa8, 0xfb, 0xff, 0xfb, 0xfe, 0xfe,
  0xfe, 0xfe, 0xfe, 0xfe, 0xfe, 0xfe, 0xff, 0xff, 0xfe, 0xfe, 0xfe, 0xfe, 0xfa, 0xff, 0xff, 0xd5,
  0x5b, 0x11, 0x00, 0x00, 0x02, 0x00, 0x00, 0x00, 0x00, 0x00, 0x00, 0x00, 0x00, 0x00, 0x00, 0x00,
  0x00, 0x00, 0x00, 0x00, 0x00, 0x00, 0x00, 0x00, 0x00, 0x00, 0x00, 0x01, 0x00, 0x03, 0x03, 0x30,
  0xc5, 0xff, 0xff, 0xfa, 0xfe, 0xfe, 0xfe, 0xfe, 0xfe, 0xfe, 0xfe, 0xfe, 0xfe, 0xfe, 0xfe, 0xfe,
  0xff, 0xff, 0xfc, 0xff, 0xff, 0xed, 0xbf, 0x81, 0x49, 0x17, 0x00, 0x00, 0x00, 0x00, 0x00, 0x17,
  0x49, 0x80, 0xbe, 0xee, 0xff, 0xff, 0xfc, 0xff, 0xff, 0xff, 0xff, 0xff, 0xfe, 0xfe, 0xfe, 0xfe,
  0xfe, 0xff, 0xfe, 0xfe, 0xff, 0xf9, 0xff, 0xff, 0xcc, 0x30, 0x03, 0x03, 0x01, 0x01, 0x00, 0x00,
  0x00, 0x00, 0x00, 0x00, 0x00, 0x00, 0x00, 0x00, 0x00, 0x00, 0x00, 0x00, 0x00, 0x00, 0x00, 0x00,
  0x00, 0x00, 0x00, 0x00, 0x00, 0x00, 0x04, 0x00, 0x14, 0xa1, 0xf5, 0xfe, 0xfc, 0xfd, 0xfe, 0xfe,
  0xfe, 0xfe, 0xfe, 0xfe, 0xfe, 0xfe, 0xfe, 0xfe, 0xfe, 0xff, 0xff, 0xff, 0xfb, 0xfb, 0xff, 0xff,
  0xe8, 0xac, 0x72, 0x4d, 0x3d, 0x38, 0x3d, 0x4d, 0x72, 0xac, 0xe7, 0xff, 0xff, 0xfb, 0xfb, 0xfe,
  0xff, 0xff, 0xff, 0xff, 0xff, 0xfe, 0xfe, 0xfe, 0xfe, 0xfe, 0xff, 0xfe, 0xfe, 0xff, 0xfb, 0xfe,
  0xfa, 0xb2, 0x15, 0x00, 0x05, 0x01, 0x00, 0x00, 0x00, 0x00, 0x00, 0x00, 0x00, 0x00, 0x00, 0x00,
  0x00, 0x00, 0x00, 0x00, 0x00, 0x00, 0x00, 0x00, 0x00, 0x00, 0x00, 0x00, 0x00, 0x00, 0x01, 0x03,
  0x00, 0x07, 0x66, 0xc7, 0xfb, 0xfe, 0xfb, 0xfd, 0xfe, 0xfe, 0xff, 0xff, 0xff, 0xff, 0xff, 0xfe,
  0xfe, 0xfe, 0xff, 0xff, 0xff, 0xfe, 0xfe, 0xff, 0xff, 0xff, 0xf7, 0xf0, 0xeb, 0xe9, 0xe8, 0xe9,
  0xeb, 0xf0, 0xf7, 0xfe, 0xff, 0xff, 0xfe, 0xfe, 0xfe, 0xfe, 0xfe, 0xff, 0xfe, 0xfe, 0xfe, 0xff,
  0xff, 0xff, 0xff, 0xfe, 0xff, 0xfe, 0xfd, 0xfe, 0xfb, 0xd5, 0x77, 0x08, 0x00, 0x04, 0x01, 0x00,
  0x00, 0x00, 0x00, 0x00, 0x00, 0x00, 0x00, 0x00, 0x00, 0x00, 0x00, 0x00, 0x00, 0x00, 0x00, 0x00,
  0x00, 0x00, 0x00, 0x00, 0x00, 0x00, 0x00, 0x01, 0x03, 0x00, 0x02, 0x34, 0x9e, 0xff, 0xff, 0xfa,
  0xfd, 0xff, 0xfe, 0xff, 0xff, 0xff, 0xff, 0xff, 0xfe, 0xfe, 0xfe, 0xff, 0xff, 0xff, 0xff, 0xfe,
  0xfd, 0xfc, 0xff, 0xff, 0xff, 0xff, 0xff, 0xff, 0xff, 0xff, 0xff, 0xff, 0xff, 0xfc, 0xfd, 0xfe,
  0xff, 0xfe, 0xfe, 0xfe, 0xff, 0xfe, 0xfe, 0xfe, 0xff, 0xff, 0xff, 0xff, 0xfe, 0xff, 0xfe, 0xfa,
  0xff, 0xff, 0x96, 0x2b, 0x02, 0x01, 0x03, 0x00, 0x00, 0x00, 0x00, 0x00, 0x00, 0x00, 0x00, 0x00,
  0x00, 0x00, 0x00, 0x00, 0x00, 0x00, 0x00, 0x00, 0x00, 0x00, 0x00, 0x00, 0x00, 0x00, 0x00, 0x00,
  0x00, 0x02, 0x00, 0x00, 0x14, 0x73, 0xf3, 0xff, 0xfa, 0xfe, 0xff, 0xfe, 0xff, 0xff, 0xfe, 0xfe,
  0xfe, 0xfe, 0xfe, 0xfe, 0xff, 0xff, 0xff, 0xff, 0xff, 0xff, 0xff, 0xfe, 0xfd, 0xfb, 0xfa, 0xfa,
  0xfa, 0xfa, 0xfa, 0xfb, 0xfd, 0xfe, 0xff, 0xff, 0xff, 0xff, 0xff, 0xff, 0xff, 0xff, 0xfe, 0xfe,
  0xfe, 0xfe, 0xfe, 0xff, 0xff, 0xfe, 0xfe, 0xfe, 0xfa, 0xff, 0xef, 0x57, 0x00, 0x00, 0x02, 0x01,
  0x00, 0x00, 0x00, 0x00, 0x00, 0x00, 0x00, 0x00, 0x00, 0x00, 0x00, 0x00, 0x00, 0x00, 0x00, 0x00,
  0x00, 0x00, 0x00, 0x00, 0x00, 0x00, 0x00, 0x00, 0x00, 0x00, 0x00, 0x03, 0x00, 0x02, 0x3e, 0xc4,
  0xf8, 0xfa, 0xfe, 0xfd, 0xfe, 0xfe, 0xfe, 0xfe, 0xfe, 0xff, 0xff, 0xff, 0xff, 0xff, 0xff, 0xff,
  0xff, 0xff, 0xff, 0xff, 0xff, 0xfe, 0xfe, 0xfd, 0xfd, 0xfd, 0xfd, 0xfd, 0xfe, 0xfe, 0xff, 0xff,
  0xff, 0xff, 0xff, 0xff, 0xff, 0xff, 0xff, 0xff, 0xff, 0xff, 0xfe, 0xfe, 0xfe, 0xfe, 0xfe, 0xfc,
  0xfe, 0xfa, 0xf1, 0xb5, 0x30, 0x00, 0x00, 0x03, 0x00, 0x00, 0x00, 0x00, 0x00, 0x00, 0x00, 0x00,
  0x00, 0x00, 0x00, 0x00, 0x00, 0x00, 0x00, 0x00, 0x00, 0x00, 0x00, 0x00, 0x00, 0x00, 0x00, 0x00,
  0x00, 0x00, 0x00, 0x00, 0x04, 0x00, 0x00, 0x15, 0x6d, 0xd7, 0xff, 0xff, 0xfb, 0xfe, 0xfe, 0xfe,
  0xfe, 0xfe, 0xff, 0xff, 0xff, 0xff, 0xff, 0xff, 0xff, 0xff, 0xff, 0xff, 0xff, 0xff, 0xff, 0xff,
  0xff, 0xff, 0xff, 0xff, 0xff, 0xff, 0xff, 0xff, 0xff, 0xff, 0xff, 0xff, 0xff, 0xff, 0xff, 0xff,
  0xff, 0xff, 0xff, 0xfe, 0xfe, 0xfe, 0xfe, 0xfe, 0xfa, 0xff, 0xff, 0xd1, 0x61, 0x15, 0x04, 0x00,
  0x02, 0x00, 0x00, 0x00, 0x00, 0x00, 0x00, 0x00, 0x00, 0x00, 0x00, 0x00, 0x00, 0x00, 0x00, 0x00,
  0x00, 0x00, 0x00, 0x00, 0x00, 0x00, 0x00, 0x00, 0x00, 0x00, 0x00, 0x00, 0x00, 0x01, 0x00, 0x03,
  0x00, 0x18, 0x97, 0xff, 0xff, 0xfb, 0xfe, 0xfe, 0xfe, 0xff, 0xff, 0xff, 0xff, 0xff, 0xff, 0xff,
  0xff, 0xff, 0xff, 0xff, 0xff, 0xff, 0xff, 0xff, 0xff, 0xff, 0xff, 0xff, 0xff, 0xff, 0xff, 0xff,
  0xff, 0xff, 0xff, 0xff, 0xff, 0xff, 0xff, 0xff, 0xff, 0xff, 0xff, 0xff, 0xff, 0xff, 0xfe, 0xfe,
  0xfe, 0xfa, 0xff, 0xff, 0x97, 0x17, 0x00, 0x03, 0x00, 0x01, 0x00, 0x00, 0x00, 0x00, 0x00, 0x00,
  0x00, 0x00, 0x00, 0x00, 0x00, 0x00, 0x00, 0x00, 0x00, 0x00, 0x00, 0x00, 0x00, 0x00, 0x00, 0x00,
  0x00, 0x00, 0x00, 0x00, 0x00, 0x00, 0x00, 0x00, 0x04, 0x00, 0x00, 0x56, 0xc1, 0xf5, 0xfd, 0xfd,
  0xfe, 0xff, 0xff, 0xff, 0xff, 0xff, 0xff, 0xff, 0xff, 0xff, 0xff, 0xff, 0xff, 0xff, 0xff, 0xff,
  0xff, 0xff, 0xff, 0xff, 0xff, 0xff, 0xff, 0xff, 0xff, 0xff, 0xff, 0xff, 0xff, 0xff, 0xff, 0xff,
  0xff, 0xff, 0xff, 0xff, 0xff, 0xff, 0xff, 0xff, 0xfd, 0xfd, 0xfd, 0xf6, 0xbe, 0x54, 0x00, 0x00,
  0x03, 0x00, 0x00, 0x00, 0x00, 0x00, 0x00, 0x00, 0x00, 0x00, 0x00, 0x00, 0x00, 0x00, 0x00, 0x00,
  0x00, 0x00, 0x00, 0x00, 0x00, 0x00, 0x00, 0x00, 0x00, 0x00, 0x00, 0x00, 0x00, 0x00, 0x00, 0x00,
  0x00, 0x03, 0x01, 0x00, 0x17, 0x6e, 0xe6, 0xff, 0xfd, 0xfd, 0xff, 0xff, 0xff, 0xff, 0xff, 0xff,
  0xff, 0xff, 0xff, 0xff, 0xff, 0xff, 0xff, 0xff, 0xff, 0xff, 0xff, 0xff, 0xff, 0xff, 0xff, 0xff,
  0xff, 0xff, 0xff, 0xff, 0xff, 0xff, 0xff, 0xff, 0xff, 0xff, 0xff, 0xff, 0xff, 0xff, 0xff, 0xff,
  0xff, 0xfd, 0xfd, 0xff, 0xe3, 0x71, 0x19, 0x00, 0x01, 0x03, 0x00, 0x00, 0x00, 0x00, 0x00, 0x00,
  0x00, 0x00, 0x00, 0x00, 0x00, 0x00, 0x00, 0x00, 0x00, 0x00, 0x00, 0x00, 0x00, 0x00, 0x00, 0x00,
  0x00, 0x00, 0x00, 0x00, 0x00, 0x00, 0x00, 0x00, 0x00, 0x00, 0x03, 0x02, 0x00, 0x01, 0x52, 0xdf,
  0xff, 0xfe, 0xfc, 0xff, 0xff, 0xff, 0xff, 0xff, 0xff, 0xff, 0xff, 0xff, 0xff, 0xff, 0xff, 0xff,
  0xff, 0xff, 0xff, 0xff, 0xff, 0xff, 0xff, 0xff, 0xff, 0xff, 0xff, 0xff, 0xff, 0xff, 0xff, 0xff,
  0xff, 0xff, 0xff, 0xff, 0xff, 0xff, 0xff, 0xff, 0xff, 0xff, 0xfe, 0xff, 0xff, 0xd5, 0x5e, 0x0d,
  0x00, 0x02, 0x03, 0x00, 0x00, 0x00, 0x00, 0x00, 0x00, 0x00, 0x00, 0x00, 0x00, 0x00, 0x00, 0x00,
  0x00, 0x00, 0x00, 0x00, 0x00, 0x00, 0x00, 0x00, 0x00, 0x00, 0x00, 0x00, 0x00, 0x00, 0x00, 0x00,
  0x00, 0x01, 0x01, 0x00, 0x00, 0x16, 0x59, 0xa6, 0xee, 0xfc, 0xfe, 0xfd, 0xff, 0xff, 0xff, 0xff,
  0xff, 0xff, 0xff, 0xff, 0xff, 0xff, 0xff, 0xff, 0xff, 0xff, 0xff, 0xff, 0xff, 0xff, 0xff, 0xff,
  0xff, 0xff, 0xff, 0xff, 0xff, 0xff, 0xff, 0xff, 0xff, 0xff, 0xff, 0xff, 0xff, 0xff, 0xff, 0xff,
  0xff, 0xff, 0xff, 0xff, 0xff, 0xfb, 0xe7, 0xae, 0x61, 0x17, 0x00, 0x02, 0x01, 0x01, 0x00, 0x00,
  0x00, 0x00, 0x00, 0x00, 0x00, 0x00, 0x00, 0x00, 0x00, 0x00, 0x00, 0x00, 0x00, 0x00, 0x00, 0x00,
  0x00, 0x00, 0x00, 0x00, 0x00, 0x00, 0x00, 0x00, 0x00, 0x00, 0x02, 0x00, 0x00, 0x14, 0x63, 0xd0,
  0xff, 0xff, 0xf9, 0xfe, 0xff, 0xff, 0xff, 0xff, 0xff, 0xff, 0xff, 0xff, 0xff, 0xff, 0xff, 0xff,
  0xff, 0xff, 0xff, 0xff, 0xff, 0xff, 0xff, 0xff, 0xff, 0xff, 0xff, 0xff, 0xff, 0xff, 0xff, 0xff,
  0xff, 0xff, 0xff, 0xff, 0xff, 0xff, 0xff, 0xff, 0xff, 0xff, 0xff, 0xff, 0xff, 0xfe, 0xf9, 0xff,
  0xff, 0xcf, 0x63, 0x13, 0x00, 0x00, 0x02, 0x00, 0x00, 0x00, 0x00, 0x00, 0x00, 0x00, 0x00, 0x00,
  0x00, 0x00, 0x00, 0x00, 0x00, 0x00, 0x00, 0x00, 0x00, 0x00, 0x00, 0x00, 0x00, 0x00, 0x00, 0x00,
  0x00, 0x00, 0x01, 0x04, 0x02, 0x0e, 0x5d, 0xd3, 0xfd, 0xff, 0xff, 0xfc, 0xfe, 0xfe, 0xfe, 0xff,
  0xff, 0xff, 0xff, 0xff, 0xff, 0xff, 0xff, 0xff, 0xff, 0xff, 0xff, 0xff, 0xff, 0xff, 0xff, 0xff,
  0xff, 0xff, 0xff, 0xff, 0xff, 0xff, 0xff, 0xff, 0xff, 0xff, 0xff, 0xff, 0xff, 0xff, 0xff, 0xff,
  0xff, 0xff, 0xff, 0xff, 0xfe, 0xfe, 0xff, 0xfd, 0xff, 0xff, 0xfc, 0xd2, 0x52, 0x03, 0x01, 0x04,
  0x01, 0x00, 0x00, 0x00, 0x00, 0x00, 0x00, 0x00, 0x00, 0x00, 0x00, 0x00, 0x00, 0x00, 0x00, 0x00,
  0x00, 0x00, 0x00, 0x00, 0x00, 0x00, 0x00, 0x00, 0x00, 0x00, 0x00, 0x04, 0x00, 0x00, 0x50, 0xba,
  0xff, 0xff, 0xf6, 0xfc, 0xff, 0xfe, 0xfe, 0xfe, 0xff, 0xff, 0xff, 0xff, 0xff, 0xff, 0xff, 0xff,
  0xff, 0xff, 0xff, 0xff, 0xff, 0xff, 0xff, 0xff, 0xff, 0xff, 0xff, 0xff, 0xff, 0xff, 0xff, 0xff,
  0xff, 0xff, 0xff, 0xff, 0xff, 0xff, 0xff, 0xff, 0xff, 0xff, 0xff, 0xff, 0xff, 0xfe, 0xfe, 0xff,
  0xff, 0xfd, 0xf5, 0xff, 0xff, 0xaf, 0x45, 0x00, 0x00, 0x04, 0x00, 0x00, 0x00, 0x00, 0x00, 0x00,
  0x00, 0x00, 0x00, 0x00, 0x00, 0x00, 0x00, 0x00, 0x00, 0x00, 0x00, 0x00, 0x00, 0x00, 0x00, 0x00,
  0x00, 0x00, 0x01, 0x00, 0x03, 0x00, 0x25, 0xb1, 0xfc, 0xff, 0xfd, 0xff, 0xfe, 0xfe, 0xfe, 0xfe,
  0xfe, 0xfe, 0xfe, 0xff, 0xff, 0xff, 0xff, 0xff, 0xff, 0xff, 0xff, 0xff, 0xff, 0xff, 0xff, 0xff,
  0xff, 0xff, 0xff, 0xff, 0xff, 0xff, 0xff, 0xff, 0xff, 0xff, 0xff, 0xff, 0xff, 0xff, 0xff, 0xff,
  0xff, 0xff, 0xff, 0xff, 0xff, 0xff, 0xff, 0xff, 0xfe, 0xfe, 0xfe, 0xfe, 0xfc, 0xff, 0xfc, 0xb0,
  0x24, 0x00, 0x04, 0x00, 0x01, 0x00, 0x00, 0x00, 0x00, 0x00, 0x00, 0x00, 0x00, 0x00, 0x00, 0x00,
  0x00, 0x00, 0x00, 0x00, 0x00, 0x00, 0x00, 0x00, 0x00, 0x00, 0x00, 0x05, 0x00, 0x00, 0x2f, 0x9d,
  0xef, 0xff, 0xfc, 0xfb, 0xff, 0xfe, 0xfe, 0xfe, 0xfe, 0xfe, 0xfe, 0xfe, 0xff, 0xff, 0xff, 0xff,
  0xff, 0xff, 0xff, 0xff, 0xff, 0xff, 0xff, 0xff, 0xff, 0xff, 0xff, 0xff, 0xff, 0xff, 0xff, 0xff,
  0xff, 0xff, 0xff, 0xff, 0xff, 0xff, 0xff, 0xff, 0xff, 0xff, 0xfe, 0xfe, 0xfe, 0xfe, 0xfe, 0xff,
  0xff, 0xfe, 0xfe, 0xfe, 0xff, 0xfa, 0xfc, 0xff, 0xf0, 0x9c, 0x36, 0x00, 0x00, 0x03, 0x00, 0x00,
  0x00, 0x00, 0x00, 0x00, 0x00, 0x00, 0x00, 0x00, 0x00, 0x00, 0x00, 0x00, 0x00, 0x00, 0x00, 0x00,
  0x00, 0x00, 0x00, 0x00, 0x07, 0x00, 0x09, 0x77, 0xfe, 0xff, 0xf7, 0xfe, 0xfd, 0xfe, 0xfe, 0xfe,
  0xfe, 0xfe, 0xfe, 0xfe, 0xfe, 0xff, 0xff, 0xff, 0xff, 0xff, 0xff, 0xff, 0xff, 0xff, 0xff, 0xff,
  0xff, 0xff, 0xff, 0xff, 0xff, 0xff, 0xff, 0xff, 0xff, 0xff, 0xff, 0xff, 0xff, 0xff, 0xff, 0xff,
  0xff, 0xff, 0xff, 0xfe, 0xfe, 0xfe, 0xfe, 0xfe, 0xfe, 0xfe, 0xfe, 0xfe, 0xfe, 0xfe, 0xfe, 0xfe,
  0xf7, 0xff, 0xfc, 0x81, 0x0a, 0x01, 0x04, 0x00, 0x00, 0x00, 0x00, 0x00, 0x00, 0x00, 0x00, 0x00,
  0x00, 0x00, 0x00, 0x00, 0x00, 0x00, 0x00, 0x00, 0x00, 0x00, 0x00, 0x02, 0x00, 0x04, 0x0c, 0x4c,
  0xb7, 0xff, 0xff, 0xfa, 0xfe, 0xfe, 0xfe, 0xfe, 0xfe, 0xfe, 0xfe, 0xfe, 0xfe, 0xfe, 0xff, 0xff,
  0xff, 0xfe, 0xff, 0xff, 0xff, 0xff, 0xff, 0xff, 0xff, 0xff, 0xff, 0xff, 0xff, 0xff, 0xff, 0xff,
  0xff, 0xff, 0xff, 0xff, 0xff, 0xff, 0xff, 0xff, 0xff, 0xff, 0xff, 0xfe, 0xfe, 0xfe, 0xff, 0xff,
  0xfe, 0xfe, 0xfe, 0xff, 0xfe, 0xfe, 0xff, 0xff, 0xff, 0xf9, 0xff, 0xff, 0xba, 0x4d, 0x0d, 0x04,
  0x00, 0x02, 0x00, 0x00, 0x00, 0x00, 0x00, 0x00, 0x00, 0x00, 0x00, 0x00, 0x00, 0x00, 0x00, 0x00,
  0x00, 0x00, 0x00, 0x00, 0x02, 0x01, 0x00, 0x21, 0xa5, 0xe7, 0xfa, 0xfc, 0xfc, 0xfe, 0xfe, 0xfe,
  0xfe, 0xfe, 0xff, 0xfe, 0xfe, 0xfe, 0xfe, 0xff, 0xff, 0xff, 0xfe, 0xff, 0xff, 0xff, 0xff, 0xfe,
  0xff, 0xff, 0xff, 0xff, 0xff, 0xff, 0xff, 0xff, 0xff, 0xff, 0xff, 0xff, 0xff, 0xff, 0xff, 0xff,
  0xff, 0xff, 0xff, 0xff, 0xfe, 0xfe, 0xfe, 0xff, 0xff, 0xff, 0xfe, 0xfe, 0xff, 0xfe, 0xfe, 0xff,
  0xff, 0xff, 0xfc, 0xfc, 0xfa, 0xe6, 0xa5, 0x1d, 0x00, 0x01, 0x02, 0x00, 0x00, 0x00, 0x00, 0x00,
  0x00, 0x00, 0x00, 0x00, 0x00, 0x00, 0x00, 0x00, 0x00, 0x00, 0x00, 0x00, 0x01, 0x01, 0x00, 0x02,
  0x51, 0xe8, 0xff, 0xfb, 0xfc, 0xfe, 0xfe, 0xfe, 0xfe, 0xfe, 0xfe, 0xff, 0xfe, 0xfe, 0xfe, 0xfe,
  0xfe, 0xfe, 0xfe, 0xff, 0xfe, 0xfe, 0xff, 0xff, 0xfe, 0xff, 0xff, 0xff, 0xff, 0xff, 0xff, 0xff,
  0xff, 0xff, 0xff, 0xff, 0xff, 0xff, 0xff, 0xff, 0xff, 0xfe, 0xfe, 0xfe, 0xfe, 0xfe, 0xfe, 0xfe,
  0xfe, 0xff, 0xff, 0xfe, 0xfe, 0xfe, 0xfe, 0xfe, 0xff, 0xff, 0xff, 0xff, 0xfc, 0xfb, 0xff, 0xe8,
  0x51, 0x03, 0x00, 0x01, 0x01, 0x00, 0x00, 0x00, 0x00, 0x00, 0x00, 0x00, 0x00, 0x00, 0x00, 0x00,
  0x00, 0x00, 0x00, 0x00, 0x00, 0x04, 0x02, 0x01, 0x37, 0x9b, 0xfb, 0xff, 0xfc, 0xfc, 0xfe, 0xfe,
  0xfe, 0xfe, 0xfe, 0xfe, 0xfe, 0xfe, 0xfe, 0xfe, 0xfe, 0xfe, 0xfe, 0xfe, 0xfe, 0xfe, 0xfe, 0xff,
  0xff, 0xff, 0xfe, 0xfe, 0xfe, 0xfe, 0xfe, 0xff, 0xff, 0xfe, 0xff, 0xff, 0xff, 0xff, 0xfe, 0xfe,
  0xfe, 0xfe, 0xfe, 0xfe, 0xfe, 0xfe, 0xfe, 0xfe, 0xfe, 0xff, 0xff, 0xfe, 0xfe, 0xfe, 0xfe, 0xfe,
  0xfe, 0xfe, 0xfe, 0xfe, 0xff, 0xfd, 0xfc, 0xff, 0xff, 0xb2, 0x4a, 0x00, 0x01, 0x05, 0x00, 0x00,
  0x00, 0x00, 0x00, 0x00, 0x00, 0x00, 0x00, 0x00, 0x00, 0x00, 0x00, 0x00, 0x00, 0x00, 0x05, 0x00,
  0x00, 0x75, 0xdb, 0xf9, 0xfb, 0xfe, 0xfd, 0xfe, 0xfe, 0xfe, 0xfe, 0xfe, 0xfe, 0xfe, 0xfe, 0xfe,
  0xfe, 0xfe, 0xfe, 0xfe, 0xfe, 0xfe, 0xfe, 0xfe, 0xff, 0xff, 0xff, 0xfe, 0xfe, 0xfd, 0xfd, 0xfc,
  0xfc, 0xfc, 0xfb, 0xfc, 0xfc, 0xfd, 0xfd, 0xfd, 0xfe, 0xfe, 0xfe, 0xfe, 0xfe, 0xfe, 0xfe, 0xfe,
  0xfe, 0xfe, 0xff, 0xff, 0xfe, 0xfe, 0xfe, 0xfe, 0xfe, 0xfe, 0xfe, 0xfe, 0xfe, 0xff, 0xfe, 0xfe,
  0xfc, 0xfd, 0xf4, 0x8a, 0x02, 0x00, 0x06, 0x00, 0x00, 0x00, 0x00, 0x00, 0x00, 0x00, 0x00, 0x00,
  0x00, 0x00, 0x00, 0x00, 0x00, 0x01, 0x00, 0x03, 0x00, 0x17, 0xa9, 0xfd, 0xff, 0xf8, 0xfe, 0xfe,
  0xfe, 0xfe, 0xff, 0xff, 0xff, 0xff, 0xff, 0xfe, 0xfe, 0xff, 0xff, 0xff, 0xfe, 0xfe, 0xfe, 0xfe,
  0xfe, 0xfe, 0xfe, 0xff, 0xff, 0xff, 0xfd, 0xfd, 0xfc, 0xfb, 0xfa, 0xfa, 0xfa, 0xfb, 0xfc, 0xfd,
  0xfd, 0xfe, 0xfe, 0xff, 0xff, 0xfe, 0xfe, 0xfe, 0xfe, 0xff, 0xff, 0xfe, 0xfe, 0xfe, 0xfe, 0xfe,
  0xff, 0xfe, 0xfe, 0xfe, 0xfe, 0xfe, 0xfe, 0xfe, 0xff, 0xf9, 0xff, 0xff, 0xab, 0x18, 0x00, 0x04,
  0x00, 0x01, 0x00, 0x00, 0x00, 0x00, 0x00, 0x00, 0x00, 0x00, 0x00, 0x00, 0x00, 0x00, 0x02, 0x00,
  0x02, 0x17, 0x60, 0xd4, 0xff, 0xff, 0xf9, 0xfe, 0xfe, 0xfe, 0xfe, 0xfe, 0xfe, 0xff, 0xff, 0xff,
  0xfe, 0xfe, 0xfe, 0xfe, 0xfe, 0xff, 0xff, 0xff, 0xfe, 0xfe, 0xfe, 0xfe, 0xfd, 0xfb, 0xfb, 0xff,
  0xff, 0xff, 0xff, 0xff, 0xff, 0xff, 0xff, 0xff, 0xff, 0xff, 0xfa, 0xfa, 0xfe, 0xff, 0xfe, 0xff,
  0xff, 0xff, 0xfe, 0xfe, 0xfe, 0xff, 0xff, 0xfe, 0xfe, 0xff, 0xfe, 0xfe, 0xff, 0xff, 0xfe, 0xfe,
  0xfe, 0xfe, 0xf9, 0xff, 0xff, 0xc6, 0x48, 0x0d, 0x02, 0x00, 0x02, 0x00, 0x00, 0x00, 0x00, 0x00,
  0x00, 0x00, 0x00, 0x00, 0x00, 0x00, 0x00, 0x05, 0x00, 0x00, 0x33, 0xac, 0xef, 0xfd, 0xff, 0xfc,
  0xfe, 0xfe, 0xfe, 0xfe, 0xfe, 0xfe, 0xfe, 0xfe, 0xff, 0xfe, 0xfe, 0xfe, 0xfe, 0xfe, 0xff, 0xff,
  0xff, 0xfe, 0xfe, 0xfe, 0xfd, 0xff, 0xff, 0xff, 0xfa, 0xf0, 0xe8, 0xe4, 0xe1, 0xe0, 0xe1, 0xe4,
  0xe9, 0xf1, 0xfa, 0xff, 0xff, 0xff, 0xfd, 0xfe, 0xff, 0xff, 0xff, 0xfe, 0xfe, 0xfe, 0xff, 0xff,
  0xfe, 0xfe, 0xff, 0xfe, 0xfe, 0xff, 0xff, 0xfe, 0xfe, 0xfe, 0xfe, 0xfc, 0xff, 0xfd, 0xe1, 0x90,
  0x27, 0x00, 0x00, 0x04, 0x00, 0x00, 0x00, 0x00, 0x00, 0x00, 0x00, 0x00, 0x00, 0x00, 0x00, 0x00,
  0x06, 0x00, 0x00, 0x44, 0xd4, 0xfe, 0xfc, 0xff, 0xfe, 0xff, 0xfe, 0xfe, 0xff, 0xff, 0xff, 0xfe,
  0xfe, 0xff, 0xff, 0xff, 0xff, 0xff, 0xff, 0xfe, 0xfe, 0xfe, 0xfe, 0xfe, 0xfe, 0xf9, 0xfd, 0xff,
  0xff, 0xc9, 0x8d, 0x61, 0x44, 0x35, 0x2f, 0x35, 0x44, 0x61, 0x8d, 0xc9, 0xff, 0xff, 0xfd, 0xf9,
  0xfe, 0xfe, 0xfe, 0xfe, 0xff, 0xff, 0xfe, 0xfe, 0xfe, 0xfe, 0xfe, 0xff, 0xff, 0xff, 0xff, 0xff,
  0xff, 0xfe, 0xfe, 0xff, 0xfe, 0xfe, 0xf9, 0xfa, 0xdc, 0x47, 0x00, 0x00, 0x06, 0x00, 0x00, 0x00,
  0x00, 0x00, 0x00, 0x00, 0x00, 0x00, 0x00, 0x00, 0x00, 0x04, 0x00, 0x02, 0x5b, 0xec, 0xff, 0xf9,
  0xff, 0xff, 0xff, 0xfe, 0xfe, 0xff, 0xff, 0xff, 0xfe, 0xfe, 0xff, 0xff, 0xff, 0xff, 0xff, 0xff,
  0xfe, 0xfe, 0xfe, 0xfe, 0xfe, 0xfb, 0xff, 0xff, 0xcf, 0x9a, 0x60, 0x2f, 0x0b, 0x00, 0x00, 0x00,
  0x00, 0x00, 0x0b, 0x2f, 0x60, 0x94, 0xc9, 0xff, 0xff, 0xfb, 0xfd, 0xfe, 0xfe, 0xff, 0xff, 0xfe,
  0xfe, 0xfe, 0xfe, 0xfe, 0xff, 0xff, 0xff, 0xff, 0xfe, 0xff, 0xfe, 0xfe, 0xff, 0xfe, 0xfe, 0xf7,
  0xff, 0xfd, 0x62, 0x01, 0x00, 0x04, 0x00, 0x00, 0x00, 0x00, 0x00, 0x00, 0x00, 0x00, 0x00, 0x00,
  0x00, 0x01, 0x00, 0x00, 0x12, 0x7e, 0xfd, 0xff, 0xf8, 0xfe, 0xff, 0xfe, 0xff, 0xff, 0xff, 0xfe,
  0xfe, 0xfe, 0xfe, 0xff, 0xff, 0xff, 0xfe, 0xfe, 0xfe, 0xfe, 0xfe, 0xfe, 0xfd, 0xff, 0xfd, 0xfe,
  0xd6, 0x62, 0x0f, 0x00, 0x00, 0x01, 0x01, 0x01, 0x01, 0x01, 0x01, 0x01, 0x00, 0x00, 0x02, 0x56,
  0xd5, 0xfe, 0xfc, 0xfe, 0xfd, 0xff, 0xff, 0xff, 0xfe, 0xff, 0xff, 0xfe, 0xfe, 0xfe, 0xfe, 0xfe,
  0xfe, 0xfe, 0xfe, 0xfe, 0xfe, 0xfe, 0xfe, 0xfe, 0xf9, 0xff, 0xfd, 0x7d, 0x11, 0x00, 0x00, 0x01,
  0x00, 0x00, 0x00, 0x00, 0x00, 0x00, 0x00, 0x00, 0x00, 0x01, 0x02, 0x00, 0x04, 0x31, 0x9c, 0xff,
  0xff, 0xfa, 0xff, 0xff, 0xff, 0xfe, 0xfe, 0xff, 0xff, 0xff, 0xfe, 0xfe, 0xfe, 0xff, 0xff, 0xfe,
  0xfe, 0xff, 0xfe, 0xfe, 0xfe, 0xfb, 0xff, 0xff, 0xc4, 0x58, 0x14, 0x00, 0x00, 0x00, 0x00, 0x01,
  0x03, 0x04, 0x03, 0x01, 0x00, 0x00, 0x00, 0x00, 0x0f, 0x58, 0xc3, 0xff, 0xff, 0xfb, 0xfe, 0xff,
  0xff, 0xfe, 0xff, 0xff, 0xfe, 0xfe, 0xff, 0xff, 0xfe, 0xfe, 0xff, 0xff, 0xfe, 0xfe, 0xff, 0xff,
  0xff, 0xfa, 0xfe, 0xfd, 0x9c, 0x34, 0x04, 0x00, 0x02, 0x01, 0x00, 0x00, 0x00, 0x00, 0x00, 0x00,
  0x00, 0x00, 0x01, 0x02, 0x00, 0x09, 0x5b, 0xbb, 0xfc, 0xff, 0xfc, 0xff, 0xff, 0xff, 0xfe, 0xfe,
  0xff, 0xff, 0xff, 0xfe, 0xfe, 0xfe, 0xff, 0xff, 0xfe, 0xfe, 0xff, 0xfe, 0xfc, 0xfd, 0xff, 0xfd,
  0xce, 0x62, 0x00, 0x00, 0x08, 0x05, 0x04, 0x02, 0x01, 0x00, 0x00, 0x00, 0x01, 0x02, 0x04, 0x05,
  0x09, 0x00, 0x01, 0x63, 0xd1, 0xfe, 0xff, 0xfe, 0xfd, 0xff, 0xfe, 0xff, 0xff, 0xfe, 0xfe, 0xff,
  0xff, 0xfe, 0xfe, 0xff, 0xff, 0xfe, 0xfe, 0xff, 0xff, 0xff, 0xfb, 0xff, 0xfd, 0xb7, 0x55, 0x09,
  0x00, 0x02, 0x01, 0x00, 0x00, 0x00, 0x00, 0x00, 0x00, 0x00, 0x00, 0x02, 0x03, 0x00, 0x0f, 0x7f,
  0xdb, 0xfe, 0xff, 0xfc, 0xff, 0xff, 0xfe, 0xfe, 0xfe, 0xfe, 0xff, 0xff, 0xfe, 0xfe, 0xfe, 0xfe,
  0xfe, 0xfe, 0xff, 0xff, 0xfe, 0xfb, 0xfc, 0xff, 0xe3, 0x53, 0x09, 0x00, 0x00, 0x01, 0x00, 0x00,
  0x00, 0x00, 0x00, 0x00, 0x00, 0x00, 0x00, 0x00, 0x00, 0x01, 0x00, 0x00, 0x0c, 0x62, 0xe6, 0xff,
  0xfe, 0xfc, 0xff, 0xff, 0xfe, 0xfe, 0xfe, 0xfe, 0xfe, 0xfe, 0xfe, 0xfe, 0xfe, 0xfe, 0xfe, 0xfe,
  0xfe, 0xfe, 0xfe, 0xfc, 0xff, 0xfe, 0xce, 0x6f, 0x0c, 0x00, 0x03, 0x01, 0x00, 0x00, 0x00, 0x00,
  0x00, 0x00, 0x00, 0x00, 0x02, 0x03, 0x00, 0x10, 0x8b, 0xe7, 0xfe, 0xff, 0xfc, 0xfe, 0xff, 0xfe,
  0xfe, 0xfe, 0xff, 0xff, 0xff, 0xfe, 0xfe, 0xfe, 0xfe, 0xfe, 0xfe, 0xff, 0xfe, 0xfd, 0xfd, 0xfd,
  0xf2, 0xb1, 0x18, 0x00, 0x04, 0x04, 0x01, 0x00, 0x00, 0x00, 0x00, 0x00, 0x00, 0x00, 0x00, 0x00,
  0x00, 0x00, 0x00, 0x03, 0x04, 0x00, 0x21, 0xb4, 0xf2, 0xff, 0xfd, 0xfd, 0xff, 0xfe, 0xfe, 0xfe,
  0xfe, 0xfe, 0xff, 0xff, 0xff, 0xff, 0xfe, 0xfe, 0xfe, 0xfe, 0xff, 0xfe, 0xfd, 0xff, 0xfe, 0xe7,
  0x8c, 0x10, 0x00, 0x04, 0x01, 0x00, 0x00, 0x00, 0x00, 0x00, 0x00, 0x00, 0x00, 0x02, 0x03, 0x00,
  0x12, 0x94, 0xed, 0xfe, 0xff, 0xfd, 0xfe, 0xfe, 0xfe, 0xfe, 0xfe, 0xff, 0xff, 0xff, 0xfe, 0xfe,
  0xfe, 0xfe, 0xfe, 0xfe, 0xfe, 0xfe, 0xfb, 0xff, 0xff, 0xcf, 0x70, 0x11, 0x03, 0x02, 0x02, 0x00,
  0x00, 0x00, 0x00, 0x00, 0x00, 0x00, 0x00, 0x00, 0x00, 0x00, 0x00, 0x00, 0x02, 0x02, 0x02, 0x10,
  0x71, 0xcf, 0xff, 0xff, 0xfb, 0xfe, 0xfe, 0xfe, 0xfe, 0xfe, 0xfe, 0xff, 0xff, 0xff, 0xff, 0xfe,
  0xfe, 0xfe, 0xfe, 0xff, 0xff, 0xfd, 0xff, 0xfe, 0xfa, 0xa1, 0x13, 0x00, 0x04, 0x02, 0x00, 0x00,
  0x00, 0x00, 0x00, 0x00, 0x00, 0x00, 0x02, 0x04, 0x00, 0x16, 0xb2, 0xfb, 0xfe, 0xfc, 0xfe, 0xfe,
  0xfe, 0xff, 0xff, 0xff, 0xfe, 0xff, 0xff, 0xfe, 0xfe, 0xfe, 0xfe, 0xfe, 0xfe, 0xfe, 0xfe, 0xf9,
  0xff, 0xff, 0xa3, 0x35, 0x03, 0x01, 0x02, 0x01, 0x00, 0x00, 0x00, 0x00, 0x00, 0x00, 0x00, 0x00,
  0x00, 0x00, 0x00, 0x00, 0x00, 0x01, 0x02, 0x00, 0x02, 0x35, 0xa2, 0xff, 0xff, 0xf8, 0xfe, 0xfe,
  0xfe, 0xff, 0xff, 0xfe, 0xfe, 0xfe, 0xfe, 0xfe, 0xff, 0xff, 0xff, 0xfe, 0xfe, 0xfe, 0xfd, 0xfe,
  0xfe, 0xff, 0xa9, 0x14, 0x00, 0x04, 0x02, 0x00, 0x00, 0x00, 0x00, 0x00, 0x00, 0x00, 0x00, 0x02,
  0x04, 0x00, 0x19, 0xc5, 0xff, 0xfe, 0xfa, 0xfe, 0xfe, 0xfe, 0xff, 0xff, 0xff, 0xfe, 0xff, 0xff,
  0xfe, 0xfe, 0xfe, 0xfe, 0xfe, 0xfe, 0xfe, 0xfe, 0xf8, 0xff, 0xff, 0x82, 0x11, 0x00, 0x01, 0x01,
  0x00, 0x00, 0x00, 0x00, 0x00, 0x00, 0x00, 0x00, 0x00, 0x00, 0x00, 0x00, 0x00, 0x00, 0x00, 0x01,
  0x02, 0x01, 0x10, 0x81, 0xff, 0xff, 0xf8, 0xfe, 0xfe, 0xfe, 0xff, 0xff, 0xfe, 0xfe, 0xfe, 0xfe,
  0xfe, 0xff, 0xff, 0xff, 0xfe, 0xfe, 0xfe, 0xfd, 0xfc, 0xfe, 0xff, 0xb7, 0x16, 0x00, 0x04, 0x02,
  0x00, 0x00, 0x00, 0x00, 0x00, 0x00, 0x00, 0x00, 0x02, 0x04, 0x00, 0x19, 0xc9, 0xff, 0xff, 0xfa,
  0xfe, 0xfe, 0xfe, 0xfe, 0xfe, 0xfe, 0xfe, 0xfe, 0xfe, 0xff, 0xff, 0xff, 0xfe, 0xfe, 0xff, 0xff,
  0xfe, 0xf7, 0xff, 0xff, 0x71, 0x00, 0x00, 0x05, 0x00, 0x00, 0x00, 0x00, 0x00, 0x00, 0x00, 0x00,
  0x00, 0x00, 0x00, 0x00, 0x00, 0x00, 0x00, 0x00, 0x00, 0x05, 0x00, 0x00, 0x71, 0xff, 0xff, 0xf7,
  0xff, 0xff, 0xfe, 0xfe, 0xfe, 0xff, 0xff, 0xff, 0xff, 0xff, 0xfe, 0xfe, 0xfe, 0xff, 0xff, 0xfe,
  0xfe, 0xfa, 0xff, 0xff, 0xc9, 0x19, 0x00, 0x04, 0x02, 0x00, 0x00, 0x00, 0x00, 0x00, 0x00, 0x00,
  0x00, 0x02, 0x04, 0x00, 0x19, 0xc9, 0xff, 0xff, 0xfa, 0xfe, 0xfe, 0xfe, 0xfe, 0xff, 0xff, 0xff,
  0xff, 0xff, 0xfe, 0xfe, 0xfe, 0xfe, 0xfe, 0xff, 0xff, 0xff, 0xf7, 0xff, 0xff, 0x67, 0x00, 0x00,
  0x07, 0x00, 0x00, 0x00, 0x00, 0x00, 0x00, 0x00, 0x00, 0x00, 0x00, 0x00, 0x00, 0x00, 0x00, 0x00,
  0x00, 0x00, 0x07, 0x00, 0x00, 0x67, 0xff, 0xff, 0xf6, 0xfe, 0xff, 0xff, 0xfe, 0xfe, 0xfe, 0xfe,
  0xfe, 0xfe, 0xfe, 0xfe, 0xfe, 0xfe, 0xfe, 0xff, 0xff, 0xfe, 0xfa, 0xff, 0xff, 0xcb, 0x19, 0x00,
  0x04, 0x02, 0x00, 0x00, 0x00, 0x00, 0x00, 0x00, 0x00, 0x00, 0x02, 0x04, 0x00, 0x19, 0xca, 0xff,
  0xff, 0xfa, 0xfe, 0xfe, 0xfe, 0xfe, 0xff, 0xff, 0xff, 0xff, 0xff, 0xfe, 0xfe, 0xfe, 0xfe, 0xfe,
  0xff, 0xff, 0xff, 0xf7, 0xff, 0xff, 0x66, 0x00, 0x00, 0x07, 0x00, 0x00, 0x00, 0x00, 0x00, 0x00,
  0x00, 0x00, 0x00, 0x00, 0x00, 0x00, 0x00, 0x00, 0x00, 0x00, 0x00, 0x07, 0x00, 0x00, 0x65, 0xff,
  0xff, 0xf6, 0xfe, 0xff, 0xff, 0xfe, 0xfe, 0xfe, 0xfe, 0xfe, 0xfe, 0xfe, 0xfe, 0xfe, 0xfe, 0xfe,
  0xff, 0xff, 0xfe, 0xfa, 0xff, 0xff, 0xc9, 0x19, 0x00, 0x04, 0x02, 0x00, 0x00, 0x00, 0x00, 0x00,
  0x00, 0x00, 0x00, 0x02, 0x04, 0x00, 0x19, 0xcb, 0xff, 0xff, 0xfb, 0xff, 0xff, 0xff, 0xfe, 0xfe,
  0xfe, 0xfe, 0xfe, 0xfe, 0xff, 0xff, 0xfe, 0xff, 0xff, 0xff, 0xfe, 0xfe, 0xf7, 0xff, 0xff, 0x6e,
  0x00, 0x00, 0x06, 0x00, 0x00, 0x00, 0x00, 0x00, 0x00, 0x00, 0x00, 0x00, 0x00, 0x00, 0x00, 0x00,
  0x00, 0x00, 0x00, 0x00, 0x06, 0x00, 0x00, 0x6d, 0xff, 0xff, 0xf8, 0xfe, 0xfe, 0xfe, 0xfe, 0xfe,
  0xff, 0xfe, 0xfe, 0xfe, 0xfe, 0xfe, 0xfe, 0xfe, 0xff, 0xff, 0xfe, 0xfe, 0xfa, 0xff, 0xff, 0xc9,
  0x19, 0x00, 0x04, 0x02, 0x00, 0x00, 0x00, 0x00, 0x00, 0x00, 0x00, 0x00, 0x02, 0x04, 0x00, 0x17,
  0xbd, 0xff, 0xff, 0xfc, 0xfe, 0xff, 0xff, 0xfe, 0xfe, 0xfe, 0xfe, 0xfe, 0xfe, 0xff, 0xff, 0xfe,
  0xff, 0xff, 0xfe, 0xfe, 0xfe, 0xf7, 0xff, 0xff, 0x7b, 0x09, 0x00, 0x02, 0x00, 0x00, 0x00, 0x00,
  0x00, 0x00, 0x00, 0x00, 0x00, 0x00, 0x00, 0x00, 0x00, 0x00, 0x00, 0x00, 0x00, 0x02, 0x00, 0x08,
  0x7b, 0xff, 0xff, 0xf8, 0xfe, 0xfe, 0xfe, 0xfe, 0xfe, 0xff, 0xfe, 0xfe, 0xfe, 0xfe, 0xfe, 0xfe,
  0xfe, 0xff, 0xff, 0xfe, 0xfe, 0xfb, 0xff, 0xff, 0xc7, 0x19, 0x00, 0x04, 0x02, 0x00, 0x00, 0x00,
  0x00, 0x00, 0x00, 0x00, 0x00, 0x02, 0x04, 0x00, 0x15, 0xac, 0xff, 0xff, 0xfd, 0xfd, 0xff, 0xff,
  0xfe, 0xfe, 0xfe, 0xff, 0xff, 0xfe, 0xfe, 0xfe, 0xfe, 0xfe, 0xfe, 0xfe, 0xfe, 0xfe, 0xf8, 0xff,
  0xff, 0x97, 0x28, 0x01, 0x00, 0x01, 0x01, 0x00, 0x00, 0x00, 0x00, 0x00, 0x00, 0x00, 0x00, 0x00,
  0x00, 0x00, 0x00, 0x00, 0x01, 0x01, 0x00, 0x01, 0x28, 0x97, 0xff, 0xff, 0xf8, 0xfe, 0xff, 0xff,
  0xfe, 0xfe, 0xff, 0xfe, 0xfe, 0xfe, 0xfe, 0xfe, 0xfe, 0xfe, 0xfe, 0xfe, 0xfe, 0xfe, 0xfd, 0xff,
  0xfe, 0xb8, 0x17, 0x00, 0x04, 0x02, 0x00, 0x00, 0x00, 0x00, 0x00, 0x00, 0x00, 0x00, 0x02, 0x04,
  0x00, 0x14, 0xa4, 0xfd, 0xfe, 0xff, 0xfd, 0xff, 0xff, 0xfe, 0xfe, 0xfe, 0xff, 0xff, 0xff, 0xfe,
  0xfe, 0xff, 0xfe, 0xfe, 0xff, 0xff, 0xfe, 0xfb, 0xff, 0xff, 0xc3, 0x5f, 0x0c, 0x04, 0x03, 0x02,
  0x00, 0x00, 0x00, 0x00, 0x00, 0x00, 0x00, 0x00, 0x00, 0x00, 0x00, 0x00, 0x00, 0x02, 0x03, 0x04,
  0x0e, 0x5f, 0xc3, 0xff, 0xff, 0xfb, 0xfe, 0xfe, 0xfe, 0xfe, 0xfe, 0xfe, 0xff, 0xff, 0xff, 0xff,
  0xfe, 0xfe, 0xfe, 0xfe, 0xfe, 0xfe, 0xfc, 0xff, 0xfe, 0xf0, 0x9b, 0x12, 0x00, 0x03, 0x02, 0x00,
  0x00, 0x00, 0x00, 0x00, 0x00, 0x00, 0x00, 0x02, 0x04, 0x00, 0x12, 0x94, 0xef, 0xfe, 0xff, 0xfd,
  0xff, 0xff, 0xfe, 0xfe, 0xfe, 0xff, 0xff, 0xff, 0xfe, 0xfe, 0xff, 0xfe, 0xfe, 0xff, 0xff, 0xfe,
  0xfd, 0xfe, 0xff, 0xea, 0xa1, 0x19, 0x00, 0x02, 0x03, 0x00, 0x00, 0x00, 0x00, 0x00, 0x00, 0x00,
  0x00, 0x00, 0x00, 0x00, 0x00, 0x00, 0x03, 0x02, 0x00, 0x14, 0x9f, 0xea, 0xff, 0xfe, 0xfd, 0xfe,
  0xfe, 0xfe, 0xfe, 0xfe, 0xfe, 0xff, 0xff, 0xff, 0xff, 0xfe, 0xfe, 0xfe, 0xfe, 0xfe, 0xfe, 0xfc,
  0xff, 0xfe, 0xe8, 0x8c, 0x10, 0x00, 0x03, 0x02, 0x00, 0x00, 0x00, 0x00, 0x00, 0x00, 0x00, 0x00,
  0x01, 0x03, 0x00, 0x0d, 0x76, 0xd5, 0xff, 0xff, 0xfb, 0xfe, 0xff, 0xff, 0xfe, 0xfe, 0xfe, 0xff,
  0xff, 0xff, 0xff, 0xfe, 0xfe, 0xfe, 0xff, 0xff, 0xff, 0xff, 0xfc, 0xfe, 0xfe, 0xdc, 0x49, 0x00,
  0x02, 0x01, 0x01, 0x00, 0x00, 0x00, 0x00, 0x00, 0x00, 0x00, 0x00, 0x00, 0x00, 0x00, 0x01, 0x01,
  0x02, 0x00, 0x3b, 0xd8, 0xfe, 0xfe, 0xfc, 0xff, 0xfe, 0xfe, 0xfe, 0xfe, 0xfe, 0xfe, 0xfe, 0xfe,
  0xfe, 0xfe, 0xfe, 0xfe, 0xfe, 0xfe, 0xfe, 0xfe, 0xfd, 0xff, 0xfe, 0xdf, 0x83, 0x0f, 0x00, 0x03,
  0x02, 0x00, 0x00, 0x00, 0x00, 0x00, 0x00, 0x00, 0x00, 0x01, 0x02, 0x00, 0x0a, 0x5d, 0xbe, 0xfe,
  0xff, 0xfa, 0xff, 0xff, 0xff, 0xff, 0xff, 0xfe, 0xfe, 0xfe, 0xff, 0xff, 0xfe, 0xfe, 0xfe, 0xff,
  0xff, 0xff, 0xfe, 0xfd, 0xfe, 0xff, 0xfa, 0xb4, 0x46, 0x00, 0x00, 0x09, 0x05, 0x03, 0x01, 0x01,
  0x00, 0x00, 0x00, 0x01, 0x01, 0x04, 0x05, 0x06, 0x00, 0x00, 0x45, 0xac, 0xf8, 0xff, 0xfe, 0xfd,
  0xff, 0xfe, 0xfe, 0xfe, 0xff, 0xff, 0xff, 0xfe, 0xfe, 0xfe, 0xfe, 0xff, 0xff, 0xff, 0xfe, 0xfe,
  0xfe, 0xfc, 0xff, 0xfd, 0xc5, 0x66, 0x0b, 0x00, 0x03, 0x02, 0x00, 0x00, 0x00, 0x00, 0x00, 0x00,
  0x00, 0x00, 0x01, 0x02, 0x00, 0x06, 0x3f, 0xa6, 0xfe, 0xff, 0xfa, 0xff, 0xff, 0xfe, 0xff, 0xff,
  0xfe, 0xfe, 0xfe, 0xfe, 0xfe, 0xfe, 0xfe, 0xfe, 0xff, 0xff, 0xfe, 0xfe, 0xfe, 0xfe, 0xfb, 0xff,
  0xff, 0xaa, 0x35, 0x06, 0x00, 0x00, 0x00, 0x00, 0x00, 0x01, 0x01, 0x01, 0x00, 0x00, 0x00, 0x00,
  0x00, 0x08, 0x36, 0xab, 0xff, 0xff, 0xfb, 0xfe, 0xfe, 0xfe, 0xfe, 0xfe, 0xfe, 0xff, 0xff, 0xff,
  0xfe, 0xfe, 0xfe, 0xfe, 0xff, 0xff, 0xff, 0xfe, 0xfe, 0xfe, 0xf9, 0xff, 0xff, 0xa5, 0x3d, 0x05,
  0x00, 0x02, 0x01, 0x00, 0x00, 0x00, 0x00, 0x00, 0x00, 0x00, 0x00, 0x00, 0x01, 0x00, 0x01, 0x19,
  0x85, 0xfc, 0xfe, 0xf8, 0xfe, 0xff, 0xfe, 0xfe, 0xfe, 0xff, 0xff, 0xfe, 0xfe, 0xfe, 0xfe, 0xfe,
  0xfe, 0xff, 0xfe, 0xfe, 0xff, 0xff, 0xfe, 0xfd, 0xff, 0xff, 0xf4, 0xb8, 0x3c, 0x00, 0x00, 0x00,
  0x02, 0x04, 0x06, 0x07, 0x06, 0x04, 0x02, 0x00, 0x00, 0x00, 0x49, 0xba, 0xf4, 0xff, 0xff, 0xfd,
  0xff, 0xfe, 0xfe, 0xfe, 0xff, 0xff, 0xff, 0xff, 0xff, 0xff, 0xff, 0xff, 0xff, 0xff, 0xff, 0xff,
  0xfe, 0xfe, 0xfd, 0xf8, 0xfe, 0xfe, 0x85, 0x17, 0x01, 0x00, 0x01, 0x00, 0x00, 0x00, 0x00, 0x00,
  0x00, 0x00, 0x00, 0x00, 0x00, 0x00, 0x03, 0x00, 0x05, 0x6a, 0xff, 0xff, 0xf7, 0xfe, 0xff, 0xff,
  0xfe, 0xfe, 0xff, 0xff, 0xfe, 0xfe, 0xfe, 0xfe, 0xfe, 0xfe, 0xff, 0xfe, 0xfe, 0xff, 0xff, 0xfe,
  0xff, 0xfe, 0xf9, 0xff, 0xfd, 0xa8, 0x62, 0x3e, 0x1c, 0x03, 0x00, 0x00, 0x00, 0x00, 0x00, 0x03,
  0x1b, 0x3e, 0x6b, 0xb2, 0xff, 0xff, 0xfa, 0xfe, 0xfe, 0xff, 0xfe, 0xfe, 0xfe, 0xff, 0xff, 0xff,
  0xff, 0xfe, 0xff, 0xff, 0xff, 0xff, 0xff, 0xff, 0xff, 0xfe, 0xfe, 0xfd, 0xf9, 0xff, 0xf4, 0x65,
  0x04, 0x00, 0x03, 0x00, 0x00, 0x00, 0x00, 0x00, 0x00, 0x00, 0x00, 0x00, 0x00, 0x00, 0x00, 0x06,
  0x00, 0x00, 0x4f, 0xea, 0xfe, 0xf8, 0xfe, 0xfe, 0xff, 0xff, 0xff, 0xff, 0xfe, 0xfe, 0xfe, 0xfe,
  0xfe, 0xfe, 0xfe, 0xff, 0xff, 0xff, 0xfe, 0xfe, 0xfe, 0xff, 0xff, 0xfe, 0xfb, 0xfe, 0xff, 0xf4,
  0xb1, 0x6e, 0x3e, 0x1f, 0x10, 0x09, 0x10, 0x1f, 0x3e, 0x6e, 0xb1, 0xf3, 0xff, 0xfe, 0xfc, 0xff,
  0xfe, 0xfe, 0xfe, 0xfe, 0xfe, 0xfe, 0xff, 0xff, 0xfe, 0xfe, 0xfe, 0xfe, 0xfe, 0xfe, 0xfe, 0xfe,
  0xfe, 0xfe, 0xfe, 0xfd, 0xfe, 0xfb, 0xff, 0xdb, 0x49, 0x00, 0x00, 0x06, 0x00, 0x00, 0x00, 0x00,
  0x00, 0x00, 0x00, 0x00, 0x00, 0x00, 0x00, 0x00, 0x05, 0x00, 0x00, 0x2f, 0xa7, 0xe9, 0xfc, 0xff,
  0xfc, 0xfe, 0xff, 0xff, 0xfe, 0xfe, 0xfe, 0xfe, 0xfe, 0xff, 0xfe, 0xfe, 0xfe, 0xff, 0xff, 0xfe,
  0xfe, 0xff, 0xff, 0xfe, 0xfe, 0xfc, 0xff, 0xff, 0xff, 0xf3, 0xda, 0xc7, 0xbb, 0xb6, 0xb3, 0xb6,
  0xbb, 0xc7, 0xd9, 0xf2, 0xff, 0xff, 0xff, 0xfc, 0xfe, 0xfe, 0xfe, 0xfe, 0xff, 0xff, 0xff, 0xfe,
  0xfe, 0xfe, 0xfe, 0xff, 0xfe, 0xfe, 0xfe, 0xfe, 0xfe, 0xfe, 0xfe, 0xfe, 0xfd, 0xff, 0xfc, 0xf4,
  0xba, 0x38, 0x00, 0x00, 0x05, 0x00, 0x00, 0x00, 0x00, 0x00, 0x00, 0x00, 0x00, 0x00, 0x00, 0x00,
  0x00, 0x02, 0x00, 0x01, 0x14, 0x5b, 0xcf, 0xff, 0xff, 0xfa, 0xfe, 0xff, 0xff, 0xfe, 0xfe, 0xfe,
  0xfe, 0xfe, 0xff, 0xfe, 0xfe, 0xfe, 0xff, 0xff, 0xfe, 0xfe, 0xff, 0xff, 0xfe, 0xfe, 0xfe, 0xfd,
  0xf9, 0xf9, 0xff, 0xff, 0xff, 0xff, 0xff, 0xff, 0xff, 0xff, 0xff, 0xff, 0xff, 0xf9, 0xf9, 0xfd,
  0xff, 0xfe, 0xfe, 0xfe, 0xfe, 0xff, 0xff, 0xff, 0xfe, 0xfe, 0xfe, 0xfe, 0xff, 0xfe, 0xfe, 0xfe,
  0xfe, 0xfe, 0xfe, 0xfe, 0xfe, 0xfa, 0xff, 0xff, 0xdd, 0x77, 0x21, 0x01, 0x00, 0x03, 0x00, 0x00,
  0x00, 0x00, 0x00, 0x00, 0x00, 0x00, 0x00, 0x00, 0x00, 0x00, 0x01, 0x00, 0x03, 0x01, 0x23, 0xb1,
  0xff, 0xff, 0xf9, 0xfe, 0xff, 0xff, 0xfe, 0xfe, 0xfe, 0xff, 0xff, 0xfe, 0xfe, 0xfe, 0xfe, 0xfe,
  0xfe, 0xfe, 0xfe, 0xfe, 0xfe, 0xfe, 0xfe, 0xfe, 0xfe, 0xff, 0xff, 0xff, 0xff, 0xff, 0xff, 0xff,
  0xff, 0xff, 0xff, 0xff, 0xff, 0xff, 0xff, 0xff, 0xff, 0xff, 0xff, 0xff, 0xff, 0xfe, 0xfe, 0xfe,
  0xff, 0xff, 0xfe, 0xfe, 0xfe, 0xff, 0xfe, 0xfe, 0xff, 0xff, 0xfe, 0xfe, 0xfe, 0xfe, 0xf8, 0xff,
  0xff, 0xb4, 0x25, 0x02, 0x04, 0x00, 0x01, 0x00, 0x00, 0x00, 0x00, 0x00, 0x00, 0x00, 0x00, 0x00,
  0x00, 0x00, 0x00, 0x00, 0x00, 0x05, 0x00, 0x06, 0x96, 0xfc, 0xfd, 0xfb, 0xfe, 0xfe, 0xfe, 0xff,
  0xff, 0xfe, 0xff, 0xff, 0xfe, 0xfe, 0xfe, 0xfe, 0xfe, 0xfe, 0xff, 0xff, 0xfe, 0xfe, 0xff, 0xfe,
  0xfe, 0xfe, 0xff, 0xfe, 0xfc, 0xfa, 0xfa, 0xf9, 0xf9, 0xf8, 0xf8, 0xf9, 0xf9, 0xfb, 0xfc, 0xfe,
  0xfe, 0xff, 0xff, 0xff, 0xff, 0xff, 0xfe, 0xff, 0xff, 0xff, 0xff, 0xff, 0xfe, 0xfe, 0xff, 0xff,
  0xfe, 0xff, 0xff, 0xff, 0xfe, 0xfe, 0xfe, 0xfa, 0xfa, 0xe8, 0x84, 0x01, 0x00, 0x05, 0x00, 0x00,
  0x00, 0x00, 0x00, 0x00, 0x00, 0x00, 0x00, 0x00, 0x00, 0x00, 0x00, 0x00, 0x00, 0x00, 0x06, 0x01,
  0x00, 0x60, 0xcb, 0xfe, 0xff, 0xfd, 0xfd, 0xfe, 0xff, 0xff, 0xfe, 0xfe, 0xfe, 0xfe, 0xfe, 0xfe,
  0xfe, 0xfe, 0xfe, 0xff, 0xff, 0xfe, 0xff, 0xff, 0xfe, 0xfe, 0xfe, 0xfe, 0xfe, 0xfe, 0xfe, 0xfe,
  0xfe, 0xfe, 0xfe, 0xfe, 0xfe, 0xfe, 0xfe, 0xfe, 0xfe, 0xfe, 0xfe, 0xfe, 0xfe, 0xff, 0xff, 0xfe,
  0xff, 0xff, 0xff, 0xff, 0xff, 0xfe, 0xfe, 0xff, 0xff, 0xfe, 0xfe, 0xff, 0xff, 0xfe, 0xfd, 0xfc,
  0xff, 0xf9, 0xaf, 0x48, 0x01, 0x01, 0x05, 0x00, 0x00, 0x00, 0x00, 0x00, 0x00, 0x00, 0x00, 0x00,
  0x00, 0x00, 0x00, 0x00, 0x00, 0x00, 0x00, 0x02, 0x01, 0x00, 0x12, 0x6a, 0xf2, 0xff, 0xfb, 0xfc,
  0xfe, 0xff, 0xff, 0xfe, 0xfe, 0xfe, 0xfe, 0xff, 0xff, 0xfe, 0xfe, 0xff, 0xfe, 0xfe, 0xfe, 0xff,
  0xff, 0xff, 0xff, 0xfe, 0xfe, 0xfe, 0xff, 0xff, 0xfe, 0xfe, 0xfe, 0xff, 0xff, 0xff, 0xff, 0xff,
  0xff, 0xff, 0xff, 0xfe, 0xfe, 0xfe, 0xff, 0xff, 0xfe, 0xfe, 0xfe, 0xfe, 0xfe, 0xfe, 0xfe, 0xfe,
  0xff, 0xfe, 0xfe, 0xfe, 0xfe, 0xfe, 0xff, 0xfc, 0xfa, 0xff, 0xf1, 0x62, 0x0c, 0x00, 0x01, 0x02,
  0x00, 0x00, 0x00, 0x00, 0x00, 0x00, 0x00, 0x00, 0x00, 0x00, 0x00, 0x00, 0x00, 0x00, 0x00, 0x00,
  0x00, 0x02, 0x01, 0x00, 0x27, 0xbc, 0xf1, 0xfc, 0xfc, 0xfc, 0xff, 0xff, 0xfe, 0xfe, 0xfe, 0xfe,
  0xff, 0xff, 0xfe, 0xfe, 0xff, 0xfe, 0xfe, 0xfe, 0xff, 0xfe, 0xff, 0xff, 0xfe, 0xfe, 0xfe, 0xff,
  0xff, 0xfe, 0xfe, 0xfe, 0xff, 0xff, 0xff, 0xff, 0xff, 0xff, 0xff, 0xff, 0xfe, 0xfe, 0xfe, 0xff,
  0xff, 0xfe, 0xfe, 0xfe, 0xfe, 0xfe, 0xfe, 0xfe, 0xfe, 0xff, 0xfe, 0xfe, 0xfe, 0xfe, 0xfe, 0xfd,
  0xfc, 0xfb, 0xf1, 0xbc, 0x2b, 0x00, 0x01, 0x02, 0x00, 0x00, 0x00, 0x00, 0x00, 0x00, 0x00, 0x00,
  0x00, 0x00, 0x00, 0x00, 0x00, 0x00, 0x00, 0x00, 0x00, 0x00, 0x02, 0x00, 0x00, 0x11, 0x64, 0xc6,
  0xff, 0xff, 0xfa, 0xfe, 0xfe, 0xfe, 0xfe, 0xfe, 0xff, 0xff, 0xff, 0xff, 0xff, 0xff, 0xff, 0xff,
  0xff, 0xfe, 0xfe, 0xfe, 0xfe, 0xfe, 0xfe, 0xfe, 0xfe, 0xff, 0xff, 0xfe, 0xfe, 0xfe, 0xfe, 0xfe,
  0xff, 0xff, 0xfe, 0xff, 0xff, 0xfe, 0xfe, 0xfe, 0xfe, 0xfe, 0xff, 0xfe, 0xfe, 0xfe, 0xfe, 0xfe,
  0xff, 0xff, 0xfe, 0xfe, 0xfe, 0xff, 0xff, 0xfe, 0xfa, 0xff, 0xff, 0xc5, 0x63, 0x10, 0x00, 0x00,
  0x02, 0x00, 0x00, 0x00, 0x00, 0x00, 0x00, 0x00, 0x00, 0x00, 0x00, 0x00, 0x00, 0x00, 0x00, 0x00,
  0x00, 0x00, 0x00, 0x01, 0x00, 0x05, 0x03, 0x17, 0x92, 0xff, 0xff, 0xf7, 0xfe, 0xfe, 0xfe, 0xff,
  0xff, 0xff, 0xfe, 0xfe, 0xfe, 0xfe, 0xfe, 0xff, 0xff, 0xfe, 0xfe, 0xff, 0xff, 0xff, 0xff, 0xff,
  0xff, 0xfe, 0xff, 0xff, 0xfe, 0xfe, 0xfe, 0xfe, 0xfe, 0xff, 0xff, 0xfe, 0xff, 0xff, 0xfe, 0xff,
  0xff, 0xfe, 0xfe, 0xff, 0xfe, 0xfe, 0xff, 0xfe, 0xfe, 0xff, 0xff, 0xfe, 0xfe, 0xfe, 0xfe, 0xff,
  0xfe, 0xf6, 0xff, 0xff, 0x8a, 0x17, 0x02, 0x07, 0x00, 0x01, 0x00, 0x00, 0x00, 0x00, 0x00, 0x00,
  0x00, 0x00, 0x00, 0x00, 0x00, 0x00, 0x00, 0x00, 0x00, 0x00, 0x00, 0x00, 0x00, 0x00, 0x04, 0x00,
  0x00, 0x4c, 0xbf, 0xf9, 0xff, 0xfe, 0xfd, 0xfe, 0xff, 0xff, 0xff, 0xfe, 0xfe, 0xfe, 0xfe, 0xfe,
  0xff, 0xff, 0xfe, 0xfe, 0xff, 0xff, 0xff, 0xff, 0xff, 0xff, 0xfe, 0xff, 0xff, 0xfe, 0xfe, 0xfe,
  0xfe, 0xfe, 0xff, 0xff, 0xfe, 0xff, 0xff, 0xfe, 0xff, 0xff, 0xfe, 0xfe, 0xff, 0xfe, 0xfe, 0xff,
  0xfe, 0xfe, 0xff, 0xff, 0xfe, 0xfe, 0xfe, 0xfe, 0xfc, 0xfe, 0xff, 0xf8, 0xc0, 0x44, 0x00, 0x00,
  0x06, 0x00, 0x00, 0x00, 0x00, 0x00, 0x00, 0x00, 0x00, 0x00, 0x00, 0x00, 0x00, 0x00, 0x00, 0x00,
  0x00, 0x00, 0x00, 0x00, 0x00, 0x00, 0x00, 0x01, 0x00, 0x00, 0x07, 0x3f, 0xc7, 0xff, 0xfc, 0xfa,
  0xfe, 0xfe, 0xfe, 0xfe, 0xff, 0xff, 0xff, 0xfe, 0xfe, 0xfe, 0xfe, 0xfe, 0xfe, 0xfe, 0xfe, 0xfe,
  0xfe, 0xfe, 0xfe, 0xfe, 0xfe, 0xfe, 0xfe, 0xfe, 0xff, 0xfe, 0xfe, 0xfe, 0xff, 0xff, 0xfe, 0xfe,
  0xfe, 0xfe, 0xfe, 0xfe, 0xfe, 0xfe, 0xfe, 0xfe, 0xfe, 0xfe, 0xfe, 0xfe, 0xfe, 0xff, 0xfe, 0xfe,
  0xfe, 0xfa, 0xfc, 0xff, 0xc7, 0x3e, 0x06, 0x00, 0x00, 0x02, 0x00, 0x00, 0x00, 0x00, 0x00, 0x00,
  0x00, 0x00, 0x00, 0x00, 0x00, 0x00, 0x00, 0x00, 0x00, 0x00, 0x00, 0x00, 0x00, 0x00, 0x00, 0x00,
  0x00, 0x00, 0x05, 0x00, 0x02, 0x63, 0xca, 0xff, 0xff, 0xf8, 0xfc, 0xfe, 0xfe, 0xff, 0xff, 0xff,
  0xfe, 0xfe, 0xfe, 0xfe, 0xff, 0xff, 0xfe, 0xfe, 0xfe, 0xfe, 0xff, 0xff, 0xfe, 0xfe, 0xff, 0xff,
  0xff, 0xff, 0xfe, 0xfe, 0xfe, 0xff, 0xff, 0xfe, 0xfe, 0xfe, 0xfe, 0xfe, 0xfe, 0xfe, 0xff, 0xff,
  0xff, 0xfe, 0xfe, 0xff, 0xfe, 0xfe, 0xff, 0xff, 0xfd, 0xf7, 0xff, 0xff, 0xd2, 0x6b, 0x01, 0x00,
  0x06, 0x00, 0x00, 0x00, 0x00, 0x00, 0x00, 0x00, 0x00, 0x00, 0x00, 0x00, 0x00, 0x00, 0x00, 0x00,
  0x00, 0x00, 0x00, 0x00, 0x00, 0x00, 0x00, 0x00, 0x00, 0x00, 0x00, 0x02, 0x02, 0x01, 0x0e, 0x6a,
  0xeb, 0xff, 0xfe, 0xfe, 0xfd, 0xfe, 0xff, 0xff, 0xfe, 0xfe, 0xfe, 0xfe, 0xfe, 0xff, 0xff, 0xff,
  0xff, 0xfe, 0xfe, 0xff, 0xff, 0xfe, 0xfe, 0xff, 0xff, 0xff, 0xfe, 0xfe, 0xfe, 0xfe, 0xff, 0xff,
  0xfe, 0xfe, 0xfe, 0xff, 0xff, 0xfe, 0xfe, 0xff, 0xff, 0xff, 0xfe, 0xfe, 0xff, 0xff, 0xff, 0xfe,
  0xfe, 0xff, 0xff, 0xff, 0xeb, 0x77, 0x1b, 0x02, 0x02, 0x02, 0x00, 0x00, 0x00, 0x00, 0x00, 0x00,
  0x00, 0x00, 0x00, 0x00, 0x00, 0x00, 0x00, 0x00, 0x00, 0x00, 0x00, 0x00, 0x00, 0x00, 0x00, 0x00,
  0x00, 0x00, 0x00, 0x00, 0x00, 0x03, 0x00, 0x00, 0x1f, 0x81, 0xe1, 0xff, 0xfd, 0xf6, 0xfd, 0xfe,
  0xfe, 0xff, 0xff, 0xfe, 0xff, 0xff, 0xff, 0xfe, 0xfe, 0xff, 0xff, 0xfe, 0xfe, 0xfe, 0xff, 0xff,
  0xfe, 0xfe, 0xfe, 0xfe, 0xfe, 0xfe, 0xfe, 0xfe, 0xfe, 0xff, 0xff, 0xff, 0xff, 0xff, 0xfe, 0xfe,
  0xfe, 0xff, 0xff, 0xfe, 0xfe, 0xfe, 0xfe, 0xfe, 0xfd, 0xf5, 0xfd, 0xff, 0xe3, 0x81, 0x23, 0x00,
  0x00, 0x03, 0x00, 0x00, 0x00, 0x00, 0x00, 0x00, 0x00, 0x00, 0x00, 0x00, 0x00, 0x00, 0x00, 0x00,
  0x00, 0x00, 0x00, 0x00, 0x00, 0x00, 0x00, 0x00, 0x00, 0x00, 0x00, 0x00, 0x00, 0x00, 0x02, 0x01,
  0x03, 0x00, 0x26, 0x85, 0xd7, 0xff, 0xff, 0xfd, 0xfb, 0xfd, 0xff, 0xff, 0xfe, 0xff, 0xff, 0xff,
  0xfe, 0xfe, 0xff, 0xff, 0xfe, 0xfe, 0xfe, 0xff, 0xff, 0xfe, 0xfe, 0xfe, 0xfe, 0xfe, 0xfe, 0xfe,
  0xfe, 0xfe, 0xff, 0xff, 0xff, 0xff, 0xff, 0xfe, 0xfe, 0xfe, 0xff, 0xff, 0xfe, 0xfe, 0xfe, 0xfc,
  0xfb, 0xfd, 0xff, 0xff, 0xd1, 0x81, 0x26, 0x00, 0x01, 0x01, 0x02, 0x00, 0x00, 0x00, 0x00, 0x00,
  0x00, 0x00, 0x00, 0x00, 0x00, 0x00, 0x00, 0x00, 0x00, 0x00, 0x00, 0x00, 0x00, 0x00, 0x00, 0x00,
  0x00, 0x00, 0x00, 0x00, 0x00, 0x00, 0x00, 0x00, 0x00, 0x02, 0x00, 0x00, 0x1c, 0x6d, 0xd9, 0xff,
  0xfc, 0xfc, 0xfe, 0xff, 0xff, 0xff, 0xfe, 0xfe, 0xfe, 0xfe, 0xfe, 0xff, 0xff, 0xfe, 0xff, 0xff,
  0xff, 0xfe, 0xfe, 0xff, 0xff, 0xff, 0xfe, 0xfe, 0xfe, 0xfe, 0xfe, 0xfe, 0xfe, 0xfe, 0xff, 0xff,
  0xfe, 0xfe, 0xfe, 0xff, 0xff, 0xfe, 0xfe, 0xfe, 0xfd, 0xfc, 0xfe, 0xff, 0xd5, 0x5e, 0x12, 0x00,
  0x00, 0x02, 0x00, 0x00, 0x00, 0x00, 0x00, 0x00, 0x00, 0x00, 0x00, 0x00, 0x00, 0x00, 0x00, 0x00,
  0x00, 0x00, 0x00, 0x00, 0x00, 0x00, 0x00, 0x00, 0x00, 0x00, 0x00, 0x00, 0x00, 0x00, 0x00, 0x00,
  0x00, 0x00, 0x01, 0x01, 0x00, 0x00, 0x1a, 0x52, 0xb0, 0xff, 0xff, 0xff, 0xf9, 0xf9, 0xfd, 0xfe,
  0xff, 0xff, 0xff, 0xff, 0xfe, 0xfe, 0xfe, 0xff, 0xff, 0xfe, 0xfe, 0xfe, 0xff, 0xff, 0xfe, 0xfe,
  0xfe, 0xfe, 0xfe, 0xff, 0xff, 0xff, 0xfe, 0xfe, 0xfe, 0xfe, 0xfe, 0xff, 0xfe, 0xfe, 0xfd, 0xf9,
  0xf9, 0xff, 0xff, 0xff, 0xae, 0x50, 0x13, 0x00, 0x00, 0x01, 0x02, 0x00, 0x00, 0x00, 0x00, 0x00,
  0x00, 0x00, 0x00, 0x00, 0x00, 0x00, 0x00, 0x00, 0x00, 0x00, 0x00, 0x00, 0x00, 0x00, 0x00, 0x00,
  0x00, 0x00, 0x00, 0x00, 0x00, 0x00, 0x00, 0x00, 0x00, 0x00, 0x00, 0x00, 0x00, 0x02, 0x04, 0x00,
  0x00, 0x49, 0xb7, 0xe1, 0xf5, 0xff, 0xff, 0xff, 0xfe, 0xfe, 0xfe, 0xff, 0xff, 0xfe, 0xfe, 0xfe,
  0xff, 0xff, 0xfe, 0xfe, 0xfe, 0xff, 0xff, 0xfe, 0xfe, 0xfe, 0xfe, 0xfe, 0xff, 0xff, 0xff, 0xfe,
  0xfe, 0xfe, 0xfe, 0xfe, 0xfe, 0xfd, 0xfd, 0xff, 0xff, 0xff, 0xf4, 0xe3, 0xba, 0x47, 0x00, 0x00,
  0x05, 0x02, 0x00, 0x00, 0x00, 0x00, 0x00, 0x00, 0x00, 0x00, 0x00, 0x00, 0x00, 0x00, 0x00, 0x00,
  0x00, 0x00, 0x00, 0x00, 0x00, 0x00, 0x00, 0x00, 0x00, 0x00, 0x00, 0x00, 0x00, 0x00, 0x00, 0x00,
  0x00, 0x00, 0x00, 0x00, 0x00, 0x00, 0x00, 0x00, 0x00, 0x00, 0x07, 0x1b, 0x61, 0xbf, 0xff, 0xff,
  0xff, 0xf9, 0xfa, 0xfc, 0xfd, 0xfe, 0xfe, 0xfe, 0xfe, 0xfe, 0xfe, 0xfe, 0xfe, 0xfe, 0xff, 0xff,
  0xfe, 0xfe, 0xfe, 0xff, 0xff, 0xfe, 0xfe, 0xfe, 0xfe, 0xff, 0xff, 0xff, 0xfd, 0xfb, 0xfa, 0xf9,
  0xfb, 0xff, 0xff, 0xbd, 0x68, 0x2a, 0x07, 0x00, 0x00, 0x00, 0x00, 0x00, 0x00, 0x00, 0x00, 0x00,
  0x00, 0x00, 0x00, 0x00, 0x00, 0x00, 0x00, 0x00, 0x00, 0x00, 0x00, 0x00, 0x00, 0x00, 0x00, 0x00,
  0x00, 0x00, 0x00, 0x00, 0x00, 0x00, 0x00, 0x00, 0x00, 0x00, 0x00, 0x00, 0x00, 0x00, 0x00, 0x00,
  0x00, 0x03, 0x07, 0x00, 0x00, 0x11, 0x52, 0x91, 0xbb, 0xeb, 0xff, 0xff, 0xff, 0xfd, 0xfc, 0xf9,
  0xfa, 0xfb, 0xfc, 0xfc, 0xfd, 0xfd, 0xfe, 0xff, 0xff, 0xfe, 0xfe, 0xfe, 0xfe, 0xfe, 0xfd, 0xfc,
  0xfb, 0xfb, 0xfb, 0xfa, 0xfa, 0xff, 0xff, 0xff, 0xff, 0xfc, 0xc6, 0x8f, 0x50, 0x16, 0x00, 0x00,
  0x06, 0x02, 0x00, 0x00, 0x00, 0x00, 0x00, 0x00, 0x00, 0x00, 0x00, 0x00, 0x00, 0x00, 0x00, 0x00,
  0x00, 0x00, 0x00, 0x00, 0x00, 0x00, 0x00, 0x00, 0x00, 0x00, 0x00, 0x00, 0x00, 0x00, 0x00, 0x00,
  0x00, 0x00, 0x00, 0x00, 0x00, 0x00, 0x00, 0x00, 0x00, 0x00, 0x00, 0x00, 0x03, 0x03, 0x00, 0x00,
  0x0b, 0x4a, 0x9f, 0xe2, 0xf5, 0xfc, 0xfd, 0xff, 0xff, 0xff, 0xff, 0xff, 0xff, 0xff, 0xff, 0xfe,
  0xfe, 0xfe, 0xff, 0xfe, 0xfe, 0xfe, 0xfe, 0xff, 0xff, 0xff, 0xff, 0xff, 0xff, 0xff, 0xfe, 0xf8,
  0xf4, 0xec, 0xbe, 0x5d, 0x07, 0x00, 0x00, 0x02, 0x03, 0x00, 0x00, 0x00, 0x00, 0x00, 0x00, 0x00,
  0x00, 0x00, 0x00, 0x00, 0x00, 0x00, 0x00, 0x00, 0x00, 0x00, 0x00, 0x00, 0x00, 0x00, 0x00, 0x00,
  0x00, 0x00, 0x00, 0x00, 0x00, 0x00, 0x00, 0x00, 0x00, 0x00, 0x00, 0x00, 0x00, 0x00, 0x00, 0x00,
  0x00, 0x00, 0x00, 0x00, 0x00, 0x01, 0x02, 0x00, 0x00, 0x00, 0x0a, 0x27, 0x48, 0x7e, 0xc6, 0xf0,
  0xff, 0xff, 0xff, 0xff, 0xff, 0xff, 0xff, 0xfc, 0xf8, 0xf6, 0xf6, 0xf7, 0xf6, 0xf7, 0xfa, 0xfb,
  0xfd, 0xff, 0xff, 0xff, 0xff, 0xff, 0xff, 0xed, 0xaa, 0x71, 0x4e, 0x31, 0x11, 0x00, 0x00, 0x00,
  0x01, 0x01, 0x00, 0x00, 0x00, 0x00, 0x00, 0x00, 0x00, 0x00, 0x00, 0x00, 0x00, 0x00, 0x00, 0x00,
  0x00, 0x00, 0x00, 0x00, 0x00, 0x00, 0x00, 0x00, 0x00, 0x00, 0x00, 0x00, 0x00, 0x00, 0x00, 0x00,
  0x00, 0x00, 0x00, 0x00, 0x00, 0x00, 0x00, 0x00, 0x00, 0x00, 0x00, 0x00, 0x00, 0x00, 0x00, 0x00,
  0x02, 0x05, 0x05, 0x00, 0x00, 0x00, 0x1e, 0x63, 0x8d, 0xa2, 0xc2, 0xd2, 0xe1, 0xf2, 0xfa, 0xfd,
  0xff, 0xff, 0xff, 0xff, 0xff, 0xff, 0xff, 0xff, 0xff, 0xff, 0xf7, 0xec, 0xe1, 0xd1, 0xc4, 0xb3,
  0x8a, 0x49, 0x11, 0x00, 0x00, 0x00, 0x06, 0x05, 0x02, 0x01, 0x00, 0x00, 0x00, 0x00, 0x00, 0x00,
  0x00, 0x00, 0x00, 0x00, 0x00, 0x00, 0x00, 0x00, 0x00, 0x00, 0x00, 0x00, 0x00, 0x00, 0x00, 0x00,
  0x00, 0x00, 0x00, 0x00, 0x00, 0x00, 0x00, 0x00, 0x00, 0x00, 0x00, 0x00, 0x00, 0x00, 0x00, 0x00,
  0x00, 0x00, 0x00, 0x00, 0x00, 0x00, 0x00, 0x00, 0x00, 0x00, 0x00, 0x00, 0x00, 0x00, 0x00, 0x01,
  0x04, 0x07, 0x0d, 0x2f, 0x53, 0x7c, 0xaa, 0xbf, 0xc7, 0xe1, 0xfe, 0xff, 0xff, 0xff, 0xff, 0xff,
  0xed, 0xe2, 0xd7, 0xb8, 0x9a, 0x7b, 0x55, 0x2e, 0x0e, 0x06, 0x03, 0x01, 0x00, 0x00, 0x00, 0x00,
  0x00, 0x00, 0x00, 0x00, 0x00, 0x00, 0x00, 0x00, 0x00, 0x00, 0x00, 0x00, 0x00, 0x00, 0x00, 0x00,
  0x00, 0x00, 0x00, 0x00, 0x00, 0x00, 0x00, 0x00, 0x00, 0x00, 0x00, 0x00, 0x00, 0x00, 0x00, 0x00,
  0x00, 0x00, 0x00, 0x00, 0x00, 0x00, 0x00, 0x00, 0x00, 0x00, 0x00, 0x00, 0x00, 0x00, 0x00, 0x00,
  0x00, 0x00, 0x00, 0x00, 0x00, 0x02, 0x03, 0x03, 0x00, 0x00, 0x00, 0x00, 0x00, 0x0b, 0x1e, 0x33,
  0x3d, 0x41, 0x4d, 0x5a, 0x5f, 0x5f, 0x5f, 0x5f, 0x5c, 0x52, 0x4d, 0x48, 0x3a, 0x2c, 0x1e, 0x0c,
  0x00, 0x00, 0x00, 0x00, 0x00, 0x03, 0x04, 0x02, 0x00, 0x00, 0x00, 0x00, 0x00, 0x00, 0x00, 0x00,
  0x00, 0x00, 0x00, 0x00, 0x00, 0x00, 0x00, 0x00, 0x00, 0x00, 0x00, 0x00, 0x00, 0x00, 0x00, 0x00,
  0x00, 0x00, 0x00, 0x00, 0x00, 0x00, 0x00, 0x00, 0x00, 0x00, 0x00, 0x00, 0x00, 0x00, 0x00, 0x00,
  0x00, 0x00, 0x00, 0x00, 0x00, 0x00, 0x00, 0x00, 0x00, 0x00, 0x00, 0x00, 0x00, 0x00, 0x00, 0x00,
  0x00, 0x02, 0x05, 0x06, 0x07, 0x03, 0x00, 0x00, 0x00, 0x00, 0x00, 0x00, 0x00, 0x00, 0x00, 0x00,
  0x00, 0x00, 0x00, 0x00, 0x00, 0x00, 0x00, 0x00, 0x00, 0x03, 0x07, 0x06, 0x04, 0x02, 0x01, 0x00,
  0x00, 0x00, 0x00, 0x00, 0x00, 0x00, 0x00, 0x00, 0x00, 0x00, 0x00, 0x00, 0x00, 0x00, 0x00, 0x00,
  0x00, 0x00, 0x00, 0x00, 0x00, 0x00, 0x00, 0x00, 0x00, 0x00, 0x00, 0x00
};

const lv_image_dsc_t velaguard_img_icon_rainbow_rain_blue_8 =
{
  .header.magic = LV_IMAGE_HEADER_MAGIC,
  .header.cf = LV_COLOR_FORMAT_RGB565A8,
  .header.flags = 0,
  .header.w = 89,
  .header.h = 116,
  .header.stride = 178,
  .data_size = sizeof(velaguard_img_icon_rainbow_rain_blue_8_data),
  .data = velaguard_img_icon_rainbow_rain_blue_8_data,
};
