/*******************************************************************************
 * Size: 18 px
 * Bpp: 4
 * Opts: --size 18 --bpp 4 --format lvgl --font apps/graphics/lvgl/lvgl/scripts/built_in_font/Montserrat-Medium.ttf -r 0x20-0x7f --font /usr/share/fonts/truetype/droid/DroidSansFallbackFull.ttf --symbols 、。一上下与中串为事人令件似信倒偏克入全冲出击则判到动助化匹即参取变口叫可后启告和唤回园地场声外姿守安定尖屏工已常幕度异式录态或户手护报持指按据接撞敏数无景暂未本校检模止求法流测消演灵点用疑知确示秒程窗立续置老能自行规解警认记设词语跌输运返进连配醒量除险静音风高麦，： --lv-font-name velaguard_font_18 --lv-include lvgl/lvgl.h --force-fast-kern-format --no-compress --no-prefilter -o contest2026_148_langyongyunji/app/hello_app/velaguard_font_18.c
 ******************************************************************************/

#ifdef LV_LVGL_H_INCLUDE_SIMPLE
#include "lvgl.h"
#else
#include <lvgl/lvgl.h>
#endif

#ifndef VELAGUARD_FONT_18
#define VELAGUARD_FONT_18 1
#endif

#if VELAGUARD_FONT_18

/*-----------------
 *    BITMAPS
 *----------------*/

/*Store the image of the glyphs*/
static LV_ATTRIBUTE_LARGE_CONST const uint8_t glyph_bitmap[] = {
    /* U+0020 " " */

    /* U+0021 "!" */
    0x9f, 0x68, 0xf6, 0x8f, 0x57, 0xf4, 0x6f, 0x46,
    0xf3, 0x5f, 0x35, 0xf2, 0x4f, 0x10, 0x0, 0x15,
    0xa, 0xf7, 0x7f, 0x40,

    /* U+0022 "\"" */
    0xda, 0x9, 0xed, 0x90, 0x9d, 0xd9, 0x8, 0xdc,
    0x80, 0x8d, 0xc8, 0x8, 0xc0, 0x0, 0x0,

    /* U+0023 "#" */
    0x0, 0x0, 0xe5, 0x0, 0x4f, 0x0, 0x0, 0x0,
    0xf, 0x30, 0x6, 0xe0, 0x0, 0x0, 0x2, 0xf1,
    0x0, 0x8c, 0x0, 0x0, 0xff, 0xff, 0xff, 0xff,
    0xff, 0xf2, 0x5, 0x5a, 0xe5, 0x55, 0xda, 0x55,
    0x0, 0x0, 0x9b, 0x0, 0xe, 0x60, 0x0, 0x0,
    0xb, 0x90, 0x0, 0xf4, 0x0, 0x0, 0x11, 0xd8,
    0x11, 0x3f, 0x31, 0x0, 0x8f, 0xff, 0xff, 0xff,
    0xff, 0xf9, 0x2, 0x45, 0xf6, 0x44, 0x8e, 0x44,
    0x20, 0x0, 0x2f, 0x10, 0x7, 0xc0, 0x0, 0x0,
    0x4, 0xf0, 0x0, 0x9a, 0x0, 0x0, 0x0, 0x5e,
    0x0, 0xb, 0x90, 0x0, 0x0,

    /* U+0024 "$" */
    0x0, 0x0, 0x7, 0x20, 0x0, 0x0, 0x0, 0x0,
    0xe4, 0x0, 0x0, 0x0, 0x0, 0xe, 0x40, 0x0,
    0x0, 0x2, 0xad, 0xff, 0xd9, 0x20, 0x3, 0xff,
    0xbf, 0xcd, 0xfc, 0x0, 0xbf, 0x40, 0xe4, 0x3,
    0x30, 0xe, 0xd0, 0xe, 0x40, 0x0, 0x0, 0xdf,
    0x30, 0xe4, 0x0, 0x0, 0x5, 0xff, 0xaf, 0x50,
    0x0, 0x0, 0x4, 0xbf, 0xff, 0xd7, 0x0, 0x0,
    0x0, 0x1e, 0xbe, 0xfb, 0x0, 0x0, 0x0, 0xe4,
    0xb, 0xf4, 0x0, 0x0, 0xe, 0x40, 0x6f, 0x60,
    0xb4, 0x0, 0xe4, 0xb, 0xf3, 0x1e, 0xfd, 0xaf,
    0xbe, 0xfa, 0x0, 0x17, 0xcf, 0xff, 0xc6, 0x0,
    0x0, 0x0, 0xe, 0x40, 0x0, 0x0, 0x0, 0x0,
    0xe4, 0x0, 0x0,

    /* U+0025 "%" */
    0x1, 0xbf, 0xc3, 0x0, 0x0, 0x2f, 0x40, 0x0,
    0xc9, 0x16, 0xe0, 0x0, 0xc, 0x90, 0x0, 0x2f,
    0x0, 0xc, 0x50, 0x7, 0xe0, 0x0, 0x4, 0xd0,
    0x0, 0xa7, 0x2, 0xf4, 0x0, 0x0, 0x3f, 0x0,
    0xc, 0x60, 0xc9, 0x0, 0x0, 0x0, 0xd7, 0x4,
    0xf1, 0x7e, 0x0, 0x0, 0x0, 0x3, 0xdf, 0xe4,
    0x2f, 0x41, 0xae, 0xb2, 0x0, 0x0, 0x10, 0xc,
    0x90, 0xc9, 0x28, 0xe0, 0x0, 0x0, 0x6, 0xe1,
    0x3f, 0x0, 0xd, 0x50, 0x0, 0x2, 0xf4, 0x4,
    0xd0, 0x0, 0xa7, 0x0, 0x0, 0xba, 0x0, 0x3e,
    0x0, 0xc, 0x50, 0x0, 0x6e, 0x10, 0x0, 0xd7,
    0x5, 0xe1, 0x0, 0x1f, 0x50, 0x0, 0x2, 0xbf,
    0xc3, 0x0,

    /* U+0026 "&" */
    0x0, 0x4, 0xcf, 0xe9, 0x0, 0x0, 0x0, 0x3,
    0xfb, 0x57, 0xf9, 0x0, 0x0, 0x0, 0x9f, 0x0,
    0xa, 0xd0, 0x0, 0x0, 0x8, 0xf1, 0x0, 0xdb,
    0x0, 0x0, 0x0, 0x2f, 0xb3, 0xce, 0x20, 0x0,
    0x0, 0x0, 0x6f, 0xfc, 0x20, 0x0, 0x0, 0x0,
    0x4e, 0xef, 0xb0, 0x0, 0x10, 0x0, 0x5f, 0xa0,
    0x6f, 0xb0, 0x1f, 0x50, 0xe, 0xc0, 0x0, 0x6f,
    0xb7, 0xf2, 0x2, 0xf8, 0x0, 0x0, 0x6f, 0xfb,
    0x0, 0xf, 0xd0, 0x0, 0x1, 0xdf, 0xb0, 0x0,
    0x8f, 0xe9, 0x8a, 0xfe, 0x8f, 0xb0, 0x0, 0x5c,
    0xff, 0xd9, 0x10, 0x68, 0x0, 0x0, 0x0, 0x0,
    0x0, 0x0, 0x0,

    /* U+0027 "'" */
    0xda, 0xd9, 0xd9, 0xc8, 0xc8, 0x0,

    /* U+0028 "(" */
    0x0, 0x6f, 0x40, 0xd, 0xc0, 0x4, 0xf6, 0x0,
    0x9f, 0x20, 0xd, 0xd0, 0x0, 0xfb, 0x0, 0x2f,
    0x80, 0x3, 0xf7, 0x0, 0x4f, 0x60, 0x4, 0xf6,
    0x0, 0x3f, 0x70, 0x2, 0xf8, 0x0, 0xf, 0xb0,
    0x0, 0xdd, 0x0, 0x8, 0xf1, 0x0, 0x3f, 0x60,
    0x0, 0xdc, 0x0, 0x6, 0xf4,

    /* U+0029 ")" */
    0x3f, 0x70, 0x0, 0xbe, 0x0, 0x5, 0xf5, 0x0,
    0x1f, 0xa0, 0x0, 0xce, 0x0, 0x9, 0xf1, 0x0,
    0x7f, 0x30, 0x6, 0xf4, 0x0, 0x5f, 0x50, 0x5,
    0xf5, 0x0, 0x6f, 0x40, 0x7, 0xf3, 0x0, 0x9f,
    0x10, 0xc, 0xe0, 0x1, 0xfa, 0x0, 0x5f, 0x50,
    0xb, 0xe0, 0x3, 0xf7, 0x0,

    /* U+002A "*" */
    0x0, 0xf, 0x20, 0x3, 0x60, 0xe2, 0x56, 0x4d,
    0xdf, 0xce, 0x60, 0x1d, 0xff, 0x30, 0x4e, 0xcf,
    0xbf, 0x63, 0x60, 0xe2, 0x45, 0x0, 0xe, 0x20,
    0x0,

    /* U+002B "+" */
    0x0, 0x1, 0x30, 0x0, 0x0, 0x0, 0x8f, 0x0,
    0x0, 0x0, 0x8, 0xf0, 0x0, 0x1, 0x22, 0x9f,
    0x22, 0x20, 0xcf, 0xff, 0xff, 0xff, 0x44, 0x55,
    0xaf, 0x55, 0x51, 0x0, 0x8, 0xf0, 0x0, 0x0,
    0x0, 0x8f, 0x0, 0x0, 0x0, 0x8, 0xf0, 0x0,
    0x0,

    /* U+002C "," */
    0x1, 0x10, 0xe, 0xf1, 0xf, 0xf2, 0x7, 0xe0,
    0xb, 0x90, 0xe, 0x40,

    /* U+002D "-" */
    0x88, 0x88, 0x7f, 0xff, 0xfe,

    /* U+002E "." */
    0x5, 0x60, 0x1f, 0xf2, 0xc, 0xd0,

    /* U+002F "/" */
    0x0, 0x0, 0x0, 0x57, 0x0, 0x0, 0x0, 0xea,
    0x0, 0x0, 0x3, 0xf5, 0x0, 0x0, 0x9, 0xf0,
    0x0, 0x0, 0xe, 0xa0, 0x0, 0x0, 0x4f, 0x40,
    0x0, 0x0, 0x9f, 0x0, 0x0, 0x0, 0xe9, 0x0,
    0x0, 0x4, 0xf4, 0x0, 0x0, 0x9, 0xe0, 0x0,
    0x0, 0xe, 0x90, 0x0, 0x0, 0x4f, 0x40, 0x0,
    0x0, 0xae, 0x0, 0x0, 0x0, 0xf9, 0x0, 0x0,
    0x5, 0xf3, 0x0, 0x0, 0xa, 0xe0, 0x0, 0x0,
    0xf, 0x90, 0x0, 0x0, 0x5f, 0x30, 0x0, 0x0,

    /* U+0030 "0" */
    0x0, 0x4, 0xbe, 0xeb, 0x40, 0x0, 0x0, 0x6f,
    0xfb, 0xbf, 0xf6, 0x0, 0x2, 0xfd, 0x10, 0x1,
    0xdf, 0x20, 0xa, 0xf3, 0x0, 0x0, 0x3f, 0x90,
    0xe, 0xe0, 0x0, 0x0, 0xe, 0xe0, 0xf, 0xb0,
    0x0, 0x0, 0xb, 0xf0, 0x1f, 0xa0, 0x0, 0x0,
    0xa, 0xf1, 0xf, 0xb0, 0x0, 0x0, 0xb, 0xf0,
    0xe, 0xe0, 0x0, 0x0, 0xe, 0xe0, 0x9, 0xf3,
    0x0, 0x0, 0x3f, 0x90, 0x2, 0xfd, 0x10, 0x1,
    0xdf, 0x20, 0x0, 0x6f, 0xfb, 0xbf, 0xf6, 0x0,
    0x0, 0x4, 0xbe, 0xeb, 0x40, 0x0,

    /* U+0031 "1" */
    0xdf, 0xff, 0xc8, 0xaa, 0xfc, 0x0, 0xf, 0xc0,
    0x0, 0xfc, 0x0, 0xf, 0xc0, 0x0, 0xfc, 0x0,
    0xf, 0xc0, 0x0, 0xfc, 0x0, 0xf, 0xc0, 0x0,
    0xfc, 0x0, 0xf, 0xc0, 0x0, 0xfc, 0x0, 0xf,
    0xc0,

    /* U+0032 "2" */
    0x1, 0x8d, 0xfe, 0xc5, 0x0, 0x4f, 0xfd, 0xac,
    0xff, 0x70, 0x3c, 0x30, 0x0, 0x2f, 0xf0, 0x0,
    0x0, 0x0, 0xb, 0xf2, 0x0, 0x0, 0x0, 0xc,
    0xf1, 0x0, 0x0, 0x0, 0x3f, 0xb0, 0x0, 0x0,
    0x2, 0xee, 0x20, 0x0, 0x0, 0x2e, 0xf3, 0x0,
    0x0, 0x2, 0xef, 0x30, 0x0, 0x0, 0x2e, 0xf3,
    0x0, 0x0, 0x2, 0xef, 0x30, 0x0, 0x0, 0x2e,
    0xfc, 0xaa, 0xaa, 0xa7, 0x5f, 0xff, 0xff, 0xff,
    0xfb,

    /* U+0033 "3" */
    0x5f, 0xff, 0xff, 0xff, 0xf0, 0x3a, 0xaa, 0xaa,
    0xcf, 0xc0, 0x0, 0x0, 0x1, 0xee, 0x10, 0x0,
    0x0, 0xc, 0xf3, 0x0, 0x0, 0x0, 0x9f, 0x60,
    0x0, 0x0, 0x4, 0xfe, 0x61, 0x0, 0x0, 0x5,
    0xdf, 0xff, 0x50, 0x0, 0x0, 0x0, 0x3e, 0xf2,
    0x0, 0x0, 0x0, 0x7, 0xf6, 0x0, 0x0, 0x0,
    0x6, 0xf6, 0x69, 0x10, 0x0, 0x1d, 0xf2, 0x9f,
    0xfc, 0xbc, 0xff, 0x80, 0x4, 0xae, 0xfe, 0xb5,
    0x0,

    /* U+0034 "4" */
    0x0, 0x0, 0x0, 0x4f, 0xa0, 0x0, 0x0, 0x0,
    0x1, 0xed, 0x0, 0x0, 0x0, 0x0, 0xc, 0xf2,
    0x0, 0x0, 0x0, 0x0, 0x9f, 0x50, 0x0, 0x0,
    0x0, 0x5, 0xf9, 0x0, 0x0, 0x0, 0x0, 0x2f,
    0xc0, 0x3, 0xc5, 0x0, 0x0, 0xde, 0x10, 0x4,
    0xf7, 0x0, 0xb, 0xf4, 0x0, 0x4, 0xf7, 0x0,
    0x4f, 0xff, 0xff, 0xff, 0xff, 0xfd, 0x39, 0x99,
    0x99, 0x9b, 0xfc, 0x98, 0x0, 0x0, 0x0, 0x5,
    0xf7, 0x0, 0x0, 0x0, 0x0, 0x5, 0xf7, 0x0,
    0x0, 0x0, 0x0, 0x5, 0xf7, 0x0,

    /* U+0035 "5" */
    0x2, 0xff, 0xff, 0xff, 0xf0, 0x4, 0xfc, 0xaa,
    0xaa, 0xa0, 0x5, 0xf5, 0x0, 0x0, 0x0, 0x7,
    0xf3, 0x0, 0x0, 0x0, 0x9, 0xf1, 0x0, 0x0,
    0x0, 0xa, 0xff, 0xff, 0xc7, 0x0, 0x7, 0xaa,
    0xab, 0xff, 0xc0, 0x0, 0x0, 0x0, 0xb, 0xf6,
    0x0, 0x0, 0x0, 0x3, 0xfa, 0x0, 0x0, 0x0,
    0x3, 0xfa, 0x2c, 0x20, 0x0, 0xb, 0xf6, 0x6f,
    0xfd, 0xbb, 0xef, 0xb0, 0x3, 0x9d, 0xff, 0xc7,
    0x0,

    /* U+0036 "6" */
    0x0, 0x1, 0x8d, 0xfe, 0xc6, 0x0, 0x4, 0xef,
    0xca, 0xad, 0x90, 0x1, 0xee, 0x40, 0x0, 0x0,
    0x0, 0x8f, 0x40, 0x0, 0x0, 0x0, 0xe, 0xe0,
    0x0, 0x0, 0x0, 0x0, 0xfb, 0x2a, 0xef, 0xd7,
    0x0, 0x1f, 0xdf, 0xd9, 0x9d, 0xfb, 0x1, 0xff,
    0xa0, 0x0, 0xa, 0xf5, 0xf, 0xf2, 0x0, 0x0,
    0x3f, 0x90, 0xbf, 0x20, 0x0, 0x3, 0xf8, 0x4,
    0xfa, 0x0, 0x0, 0xaf, 0x40, 0x9, 0xfd, 0x99,
    0xdf, 0xa0, 0x0, 0x5, 0xcf, 0xfc, 0x60, 0x0,

    /* U+0037 "7" */
    0x7f, 0xff, 0xff, 0xff, 0xff, 0x7, 0xfb, 0xaa,
    0xaa, 0xaf, 0xe0, 0x7f, 0x40, 0x0, 0x5, 0xf8,
    0x6, 0xf4, 0x0, 0x0, 0xcf, 0x10, 0x0, 0x0,
    0x0, 0x3f, 0xa0, 0x0, 0x0, 0x0, 0xa, 0xf3,
    0x0, 0x0, 0x0, 0x1, 0xfc, 0x0, 0x0, 0x0,
    0x0, 0x8f, 0x50, 0x0, 0x0, 0x0, 0xe, 0xe0,
    0x0, 0x0, 0x0, 0x6, 0xf7, 0x0, 0x0, 0x0,
    0x0, 0xdf, 0x10, 0x0, 0x0, 0x0, 0x4f, 0x90,
    0x0, 0x0, 0x0, 0xb, 0xf2, 0x0, 0x0, 0x0,

    /* U+0038 "8" */
    0x0, 0x2a, 0xef, 0xfc, 0x70, 0x0, 0x3f, 0xfb,
    0x89, 0xdf, 0xb0, 0xa, 0xf5, 0x0, 0x0, 0xbf,
    0x30, 0xbf, 0x10, 0x0, 0x8, 0xf4, 0x4, 0xfc,
    0x42, 0x26, 0xfd, 0x0, 0x6, 0xff, 0xff, 0xfe,
    0x10, 0x5, 0xfe, 0x85, 0x6a, 0xfd, 0x10, 0xee,
    0x10, 0x0, 0x7, 0xf8, 0x2f, 0xa0, 0x0, 0x0,
    0x1f, 0xb2, 0xfb, 0x0, 0x0, 0x2, 0xfb, 0xd,
    0xf4, 0x0, 0x0, 0xaf, 0x70, 0x3f, 0xfb, 0x89,
    0xdf, 0xc0, 0x0, 0x29, 0xdf, 0xfc, 0x60, 0x0,

    /* U+0039 "9" */
    0x0, 0x6c, 0xff, 0xc6, 0x0, 0x0, 0xaf, 0xd9,
    0x8c, 0xfa, 0x0, 0x3f, 0xb0, 0x0, 0x7, 0xf6,
    0x7, 0xf5, 0x0, 0x0, 0xf, 0xd0, 0x6f, 0x60,
    0x0, 0x2, 0xff, 0x11, 0xff, 0x51, 0x4, 0xdf,
    0xf2, 0x4, 0xef, 0xff, 0xfb, 0x9f, 0x30, 0x0,
    0x57, 0x73, 0xa, 0xf1, 0x0, 0x0, 0x0, 0x0,
    0xdf, 0x0, 0x0, 0x0, 0x0, 0x4f, 0xa0, 0x0,
    0x0, 0x0, 0x3e, 0xf2, 0x0, 0x8e, 0xba, 0xcf,
    0xf5, 0x0, 0x5, 0xbe, 0xfd, 0x92, 0x0, 0x0,

    /* U+003A ":" */
    0xc, 0xd0, 0x1f, 0xf2, 0x5, 0x60, 0x0, 0x0,
    0x0, 0x0, 0x0, 0x0, 0x0, 0x0, 0x5, 0x60,
    0x1f, 0xf2, 0xc, 0xd0,

    /* U+003B ";" */
    0xc, 0xd0, 0x1f, 0xf2, 0x5, 0x60, 0x0, 0x0,
    0x0, 0x0, 0x0, 0x0, 0x0, 0x0, 0x1, 0x10,
    0xe, 0xf1, 0xf, 0xf2, 0x7, 0xe0, 0xb, 0x90,
    0xe, 0x40,

    /* U+003C "<" */
    0x0, 0x0, 0x0, 0x5, 0x20, 0x0, 0x1, 0x8e,
    0xf4, 0x0, 0x4b, 0xff, 0x93, 0x6, 0xdf, 0xc6,
    0x0, 0x0, 0xcf, 0x80, 0x0, 0x0, 0x5, 0xcf,
    0xe7, 0x10, 0x0, 0x0, 0x39, 0xff, 0xb4, 0x0,
    0x0, 0x1, 0x6d, 0xf4, 0x0, 0x0, 0x0, 0x4,
    0x20,

    /* U+003D "=" */
    0xcf, 0xff, 0xff, 0xff, 0x46, 0x77, 0x77, 0x77,
    0x72, 0x0, 0x0, 0x0, 0x0, 0x0, 0x0, 0x0,
    0x0, 0x0, 0x12, 0x22, 0x22, 0x22, 0xc, 0xff,
    0xff, 0xff, 0xf4, 0x45, 0x55, 0x55, 0x55, 0x10,

    /* U+003E ">" */
    0x62, 0x0, 0x0, 0x0, 0xc, 0xfb, 0x40, 0x0,
    0x0, 0x6, 0xcf, 0xe7, 0x10, 0x0, 0x0, 0x39,
    0xff, 0xa1, 0x0, 0x0, 0x2, 0xdf, 0x40, 0x0,
    0x4b, 0xff, 0x91, 0x18, 0xef, 0xc6, 0x0, 0xc,
    0xfa, 0x30, 0x0, 0x0, 0x51, 0x0, 0x0, 0x0,
    0x0,

    /* U+003F "?" */
    0x2, 0x9d, 0xfe, 0xc5, 0x0, 0x4f, 0xfb, 0x9b,
    0xff, 0x80, 0x4c, 0x20, 0x0, 0x2f, 0xf0, 0x0,
    0x0, 0x0, 0xc, 0xf0, 0x0, 0x0, 0x0, 0x1f,
    0xc0, 0x0, 0x0, 0x1, 0xcf, 0x30, 0x0, 0x0,
    0x1d, 0xf4, 0x0, 0x0, 0x0, 0x9f, 0x50, 0x0,
    0x0, 0x0, 0xac, 0x0, 0x0, 0x0, 0x0, 0x0,
    0x0, 0x0, 0x0, 0x0, 0x33, 0x0, 0x0, 0x0,
    0x1, 0xff, 0x10, 0x0, 0x0, 0x0, 0xcd, 0x0,
    0x0,

    /* U+0040 "@" */
    0x0, 0x0, 0x2, 0x9d, 0xff, 0xec, 0x71, 0x0,
    0x0, 0x0, 0x0, 0x9f, 0xc7, 0x54, 0x58, 0xdf,
    0x60, 0x0, 0x0, 0xc, 0xe4, 0x0, 0x0, 0x0,
    0x6, 0xf9, 0x0, 0x0, 0xae, 0x10, 0x3b, 0xef,
    0xb2, 0xbd, 0x3f, 0x60, 0x4, 0xf4, 0x4, 0xfe,
    0x97, 0xcf, 0xed, 0x6, 0xe0, 0xa, 0xc0, 0xe,
    0xe1, 0x0, 0x8, 0xfd, 0x0, 0xe5, 0xe, 0x60,
    0x4f, 0x60, 0x0, 0x0, 0xfd, 0x0, 0xa9, 0x1f,
    0x40, 0x6f, 0x30, 0x0, 0x0, 0xcd, 0x0, 0x8b,
    0x2f, 0x30, 0x6f, 0x30, 0x0, 0x0, 0xcd, 0x0,
    0x8b, 0x1f, 0x40, 0x3f, 0x60, 0x0, 0x0, 0xfd,
    0x0, 0x99, 0xe, 0x60, 0xe, 0xe1, 0x0, 0x8,
    0xfe, 0x0, 0xe5, 0xa, 0xc0, 0x4, 0xfe, 0x87,
    0xbf, 0xaf, 0x9b, 0xe0, 0x4, 0xf4, 0x0, 0x3b,
    0xff, 0xb3, 0x1b, 0xfc, 0x30, 0x0, 0x9e, 0x10,
    0x0, 0x0, 0x0, 0x0, 0x0, 0x0, 0x0, 0xc,
    0xe4, 0x0, 0x0, 0x0, 0x0, 0x0, 0x0, 0x0,
    0x0, 0x9f, 0xc7, 0x54, 0x6a, 0xe0, 0x0, 0x0,
    0x0, 0x0, 0x3, 0x9d, 0xff, 0xdb, 0x50, 0x0,
    0x0,

    /* U+0041 "A" */
    0x0, 0x0, 0x0, 0x8f, 0xa0, 0x0, 0x0, 0x0,
    0x0, 0x0, 0xe, 0xff, 0x20, 0x0, 0x0, 0x0,
    0x0, 0x6, 0xf6, 0xf9, 0x0, 0x0, 0x0, 0x0,
    0x0, 0xdd, 0xb, 0xf0, 0x0, 0x0, 0x0, 0x0,
    0x4f, 0x60, 0x4f, 0x70, 0x0, 0x0, 0x0, 0xb,
    0xe0, 0x0, 0xdd, 0x0, 0x0, 0x0, 0x2, 0xf8,
    0x0, 0x6, 0xf5, 0x0, 0x0, 0x0, 0x9f, 0x10,
    0x0, 0xe, 0xc0, 0x0, 0x0, 0x1f, 0xff, 0xff,
    0xff, 0xff, 0x30, 0x0, 0x7, 0xf8, 0x88, 0x88,
    0x88, 0xfa, 0x0, 0x0, 0xed, 0x0, 0x0, 0x0,
    0xb, 0xf1, 0x0, 0x5f, 0x60, 0x0, 0x0, 0x0,
    0x4f, 0x80, 0xc, 0xf1, 0x0, 0x0, 0x0, 0x0,
    0xee, 0x0,

    /* U+0042 "B" */
    0x1f, 0xff, 0xff, 0xfe, 0xb4, 0x0, 0x1f, 0xd8,
    0x88, 0x8a, 0xff, 0x70, 0x1f, 0xb0, 0x0, 0x0,
    0x2f, 0xf0, 0x1f, 0xb0, 0x0, 0x0, 0xc, 0xf0,
    0x1f, 0xb0, 0x0, 0x0, 0x2f, 0xc0, 0x1f, 0xd8,
    0x88, 0x8a, 0xfe, 0x30, 0x1f, 0xff, 0xff, 0xff,
    0xfd, 0x40, 0x1f, 0xb0, 0x0, 0x1, 0x4d, 0xf3,
    0x1f, 0xb0, 0x0, 0x0, 0x4, 0xf9, 0x1f, 0xb0,
    0x0, 0x0, 0x2, 0xfb, 0x1f, 0xb0, 0x0, 0x0,
    0x8, 0xf8, 0x1f, 0xd8, 0x88, 0x89, 0xcf, 0xe1,
    0x1f, 0xff, 0xff, 0xff, 0xd9, 0x10,

    /* U+0043 "C" */
    0x0, 0x0, 0x4a, 0xef, 0xeb, 0x50, 0x0, 0x1,
    0xbf, 0xfc, 0xac, 0xff, 0xb0, 0x0, 0xbf, 0xb2,
    0x0, 0x1, 0x9c, 0x0, 0x6f, 0xb0, 0x0, 0x0,
    0x0, 0x0, 0xd, 0xf1, 0x0, 0x0, 0x0, 0x0,
    0x0, 0xfc, 0x0, 0x0, 0x0, 0x0, 0x0, 0x1f,
    0xa0, 0x0, 0x0, 0x0, 0x0, 0x0, 0xfc, 0x0,
    0x0, 0x0, 0x0, 0x0, 0xd, 0xf1, 0x0, 0x0,
    0x0, 0x0, 0x0, 0x6f, 0xb0, 0x0, 0x0, 0x0,
    0x0, 0x0, 0xbf, 0xb2, 0x0, 0x1, 0xac, 0x10,
    0x1, 0xbf, 0xfc, 0xbc, 0xff, 0xb0, 0x0, 0x0,
    0x4b, 0xef, 0xeb, 0x50, 0x0,

    /* U+0044 "D" */
    0x1f, 0xff, 0xff, 0xfd, 0xa4, 0x0, 0x1, 0xfe,
    0xaa, 0xaa, 0xcf, 0xfa, 0x0, 0x1f, 0xb0, 0x0,
    0x0, 0x2b, 0xfa, 0x1, 0xfb, 0x0, 0x0, 0x0,
    0xc, 0xf4, 0x1f, 0xb0, 0x0, 0x0, 0x0, 0x3f,
    0xb1, 0xfb, 0x0, 0x0, 0x0, 0x0, 0xee, 0x1f,
    0xb0, 0x0, 0x0, 0x0, 0xd, 0xf1, 0xfb, 0x0,
    0x0, 0x0, 0x0, 0xee, 0x1f, 0xb0, 0x0, 0x0,
    0x0, 0x3f, 0xb1, 0xfb, 0x0, 0x0, 0x0, 0xc,
    0xf4, 0x1f, 0xb0, 0x0, 0x0, 0x2b, 0xfa, 0x1,
    0xfe, 0xaa, 0xaa, 0xcf, 0xfa, 0x0, 0x1f, 0xff,
    0xff, 0xfd, 0xa4, 0x0, 0x0,

    /* U+0045 "E" */
    0x1f, 0xff, 0xff, 0xff, 0xfc, 0x1, 0xfe, 0xaa,
    0xaa, 0xaa, 0x70, 0x1f, 0xb0, 0x0, 0x0, 0x0,
    0x1, 0xfb, 0x0, 0x0, 0x0, 0x0, 0x1f, 0xb0,
    0x0, 0x0, 0x0, 0x1, 0xfd, 0x99, 0x99, 0x99,
    0x0, 0x1f, 0xff, 0xff, 0xff, 0xf0, 0x1, 0xfb,
    0x0, 0x0, 0x0, 0x0, 0x1f, 0xb0, 0x0, 0x0,
    0x0, 0x1, 0xfb, 0x0, 0x0, 0x0, 0x0, 0x1f,
    0xb0, 0x0, 0x0, 0x0, 0x1, 0xfe, 0xaa, 0xaa,
    0xaa, 0xa0, 0x1f, 0xff, 0xff, 0xff, 0xff, 0x0,

    /* U+0046 "F" */
    0x1f, 0xff, 0xff, 0xff, 0xfc, 0x1f, 0xea, 0xaa,
    0xaa, 0xa7, 0x1f, 0xb0, 0x0, 0x0, 0x0, 0x1f,
    0xb0, 0x0, 0x0, 0x0, 0x1f, 0xb0, 0x0, 0x0,
    0x0, 0x1f, 0xb0, 0x0, 0x0, 0x0, 0x1f, 0xff,
    0xff, 0xff, 0xf0, 0x1f, 0xe9, 0x99, 0x99, 0x90,
    0x1f, 0xb0, 0x0, 0x0, 0x0, 0x1f, 0xb0, 0x0,
    0x0, 0x0, 0x1f, 0xb0, 0x0, 0x0, 0x0, 0x1f,
    0xb0, 0x0, 0x0, 0x0, 0x1f, 0xb0, 0x0, 0x0,
    0x0,

    /* U+0047 "G" */
    0x0, 0x0, 0x4a, 0xdf, 0xeb, 0x60, 0x0, 0x1,
    0xbf, 0xfc, 0xbb, 0xff, 0xc1, 0x0, 0xbf, 0xb2,
    0x0, 0x0, 0x7d, 0x10, 0x6f, 0xb0, 0x0, 0x0,
    0x0, 0x0, 0xd, 0xf1, 0x0, 0x0, 0x0, 0x0,
    0x0, 0xfc, 0x0, 0x0, 0x0, 0x0, 0x0, 0x1f,
    0xa0, 0x0, 0x0, 0x0, 0x39, 0x30, 0xfc, 0x0,
    0x0, 0x0, 0x6, 0xf5, 0xc, 0xf1, 0x0, 0x0,
    0x0, 0x6f, 0x50, 0x6f, 0xb0, 0x0, 0x0, 0x6,
    0xf5, 0x0, 0xbf, 0xb2, 0x0, 0x0, 0x9f, 0x50,
    0x0, 0xaf, 0xfd, 0xbc, 0xff, 0xd2, 0x0, 0x0,
    0x4a, 0xef, 0xeb, 0x60, 0x0,

    /* U+0048 "H" */
    0x1f, 0xb0, 0x0, 0x0, 0x1, 0xfb, 0x1f, 0xb0,
    0x0, 0x0, 0x1, 0xfb, 0x1f, 0xb0, 0x0, 0x0,
    0x1, 0xfb, 0x1f, 0xb0, 0x0, 0x0, 0x1, 0xfb,
    0x1f, 0xb0, 0x0, 0x0, 0x1, 0xfb, 0x1f, 0xea,
    0xaa, 0xaa, 0xaa, 0xfb, 0x1f, 0xff, 0xff, 0xff,
    0xff, 0xfb, 0x1f, 0xb0, 0x0, 0x0, 0x1, 0xfb,
    0x1f, 0xb0, 0x0, 0x0, 0x1, 0xfb, 0x1f, 0xb0,
    0x0, 0x0, 0x1, 0xfb, 0x1f, 0xb0, 0x0, 0x0,
    0x1, 0xfb, 0x1f, 0xb0, 0x0, 0x0, 0x1, 0xfb,
    0x1f, 0xb0, 0x0, 0x0, 0x1, 0xfb,

    /* U+0049 "I" */
    0x1f, 0xb1, 0xfb, 0x1f, 0xb1, 0xfb, 0x1f, 0xb1,
    0xfb, 0x1f, 0xb1, 0xfb, 0x1f, 0xb1, 0xfb, 0x1f,
    0xb1, 0xfb, 0x1f, 0xb0,

    /* U+004A "J" */
    0x0, 0xef, 0xff, 0xff, 0x70, 0x8, 0xaa, 0xab,
    0xf7, 0x0, 0x0, 0x0, 0x5f, 0x70, 0x0, 0x0,
    0x5, 0xf7, 0x0, 0x0, 0x0, 0x5f, 0x70, 0x0,
    0x0, 0x5, 0xf7, 0x0, 0x0, 0x0, 0x5f, 0x70,
    0x0, 0x0, 0x5, 0xf7, 0x0, 0x0, 0x0, 0x5f,
    0x70, 0x0, 0x0, 0x6, 0xf6, 0xa, 0x70, 0x0,
    0xcf, 0x30, 0xcf, 0xda, 0xdf, 0xc0, 0x0, 0x8d,
    0xfe, 0x90, 0x0,

    /* U+004B "K" */
    0x1f, 0xb0, 0x0, 0x0, 0x1d, 0xe2, 0x1f, 0xb0,
    0x0, 0x1, 0xdf, 0x30, 0x1f, 0xb0, 0x0, 0xc,
    0xf4, 0x0, 0x1f, 0xb0, 0x0, 0xbf, 0x50, 0x0,
    0x1f, 0xb0, 0xb, 0xf7, 0x0, 0x0, 0x1f, 0xb0,
    0xaf, 0x80, 0x0, 0x0, 0x1f, 0xb9, 0xff, 0xb0,
    0x0, 0x0, 0x1f, 0xff, 0xbb, 0xf8, 0x0, 0x0,
    0x1f, 0xfb, 0x1, 0xdf, 0x50, 0x0, 0x1f, 0xd0,
    0x0, 0x2f, 0xf2, 0x0, 0x1f, 0xb0, 0x0, 0x4,
    0xfd, 0x10, 0x1f, 0xb0, 0x0, 0x0, 0x7f, 0xb0,
    0x1f, 0xb0, 0x0, 0x0, 0x9, 0xf8,

    /* U+004C "L" */
    0x1f, 0xb0, 0x0, 0x0, 0x0, 0x1f, 0xb0, 0x0,
    0x0, 0x0, 0x1f, 0xb0, 0x0, 0x0, 0x0, 0x1f,
    0xb0, 0x0, 0x0, 0x0, 0x1f, 0xb0, 0x0, 0x0,
    0x0, 0x1f, 0xb0, 0x0, 0x0, 0x0, 0x1f, 0xb0,
    0x0, 0x0, 0x0, 0x1f, 0xb0, 0x0, 0x0, 0x0,
    0x1f, 0xb0, 0x0, 0x0, 0x0, 0x1f, 0xb0, 0x0,
    0x0, 0x0, 0x1f, 0xb0, 0x0, 0x0, 0x0, 0x1f,
    0xea, 0xaa, 0xaa, 0xa5, 0x1f, 0xff, 0xff, 0xff,
    0xf8,

    /* U+004D "M" */
    0x1f, 0xa0, 0x0, 0x0, 0x0, 0x0, 0x7f, 0x41,
    0xff, 0x30, 0x0, 0x0, 0x0, 0x1f, 0xf4, 0x1f,
    0xfc, 0x0, 0x0, 0x0, 0x9, 0xff, 0x41, 0xff,
    0xf5, 0x0, 0x0, 0x2, 0xfe, 0xf4, 0x1f, 0xad,
    0xe0, 0x0, 0x0, 0xbe, 0x8f, 0x41, 0xfa, 0x4f,
    0x80, 0x0, 0x4f, 0x67, 0xf4, 0x1f, 0xa0, 0xaf,
    0x20, 0xd, 0xd0, 0x7f, 0x41, 0xfa, 0x2, 0xfa,
    0x7, 0xf4, 0x7, 0xf4, 0x1f, 0xa0, 0x8, 0xf5,
    0xea, 0x0, 0x7f, 0x41, 0xfa, 0x0, 0xe, 0xff,
    0x20, 0x6, 0xf4, 0x1f, 0xa0, 0x0, 0x5f, 0x80,
    0x0, 0x6f, 0x41, 0xfa, 0x0, 0x0, 0x60, 0x0,
    0x6, 0xf4, 0x1f, 0xa0, 0x0, 0x0, 0x0, 0x0,
    0x6f, 0x40,

    /* U+004E "N" */
    0x1f, 0xb0, 0x0, 0x0, 0x1, 0xfb, 0x1f, 0xf8,
    0x0, 0x0, 0x1, 0xfb, 0x1f, 0xff, 0x50, 0x0,
    0x1, 0xfb, 0x1f, 0xdf, 0xf2, 0x0, 0x1, 0xfb,
    0x1f, 0xb6, 0xfd, 0x0, 0x1, 0xfb, 0x1f, 0xb0,
    0x9f, 0xa0, 0x1, 0xfb, 0x1f, 0xb0, 0xc, 0xf6,
    0x1, 0xfb, 0x1f, 0xb0, 0x1, 0xef, 0x31, 0xfb,
    0x1f, 0xb0, 0x0, 0x4f, 0xe2, 0xfb, 0x1f, 0xb0,
    0x0, 0x7, 0xfd, 0xfb, 0x1f, 0xb0, 0x0, 0x0,
    0xbf, 0xfb, 0x1f, 0xb0, 0x0, 0x0, 0x1d, 0xfb,
    0x1f, 0xb0, 0x0, 0x0, 0x2, 0xfb,

    /* U+004F "O" */
    0x0, 0x0, 0x4a, 0xdf, 0xeb, 0x50, 0x0, 0x0,
    0x0, 0xaf, 0xfc, 0xbc, 0xff, 0xc1, 0x0, 0x0,
    0xbf, 0xb2, 0x0, 0x1, 0xaf, 0xd0, 0x0, 0x6f,
    0xb0, 0x0, 0x0, 0x0, 0x9f, 0x80, 0xc, 0xf1,
    0x0, 0x0, 0x0, 0x0, 0xfe, 0x0, 0xfc, 0x0,
    0x0, 0x0, 0x0, 0xa, 0xf2, 0x1f, 0xa0, 0x0,
    0x0, 0x0, 0x0, 0x9f, 0x30, 0xfc, 0x0, 0x0,
    0x0, 0x0, 0xa, 0xf2, 0xc, 0xf1, 0x0, 0x0,
    0x0, 0x0, 0xfe, 0x0, 0x6f, 0xb0, 0x0, 0x0,
    0x0, 0x9f, 0x80, 0x0, 0xbf, 0xb2, 0x0, 0x1,
    0xaf, 0xd0, 0x0, 0x0, 0xaf, 0xfc, 0xbc, 0xff,
    0xc1, 0x0, 0x0, 0x0, 0x4a, 0xef, 0xeb, 0x50,
    0x0, 0x0,

    /* U+0050 "P" */
    0x1f, 0xff, 0xff, 0xfc, 0x70, 0x0, 0x1f, 0xea,
    0xaa, 0xbe, 0xfd, 0x10, 0x1f, 0xb0, 0x0, 0x0,
    0x9f, 0x90, 0x1f, 0xb0, 0x0, 0x0, 0xe, 0xf0,
    0x1f, 0xb0, 0x0, 0x0, 0xc, 0xf0, 0x1f, 0xb0,
    0x0, 0x0, 0xe, 0xf0, 0x1f, 0xb0, 0x0, 0x0,
    0x9f, 0x90, 0x1f, 0xea, 0xaa, 0xbe, 0xfd, 0x10,
    0x1f, 0xff, 0xff, 0xfc, 0x70, 0x0, 0x1f, 0xb0,
    0x0, 0x0, 0x0, 0x0, 0x1f, 0xb0, 0x0, 0x0,
    0x0, 0x0, 0x1f, 0xb0, 0x0, 0x0, 0x0, 0x0,
    0x1f, 0xb0, 0x0, 0x0, 0x0, 0x0,

    /* U+0051 "Q" */
    0x0, 0x0, 0x4a, 0xdf, 0xeb, 0x50, 0x0, 0x0,
    0x0, 0xaf, 0xfc, 0xbc, 0xff, 0xc1, 0x0, 0x0,
    0xbf, 0xb2, 0x0, 0x1, 0xaf, 0xd0, 0x0, 0x6f,
    0xb0, 0x0, 0x0, 0x0, 0x9f, 0x80, 0xc, 0xf1,
    0x0, 0x0, 0x0, 0x0, 0xfe, 0x0, 0xfc, 0x0,
    0x0, 0x0, 0x0, 0xa, 0xf1, 0x1f, 0xa0, 0x0,
    0x0, 0x0, 0x0, 0x9f, 0x30, 0xfc, 0x0, 0x0,
    0x0, 0x0, 0xa, 0xf2, 0xd, 0xf1, 0x0, 0x0,
    0x0, 0x0, 0xfe, 0x0, 0x7f, 0xa0, 0x0, 0x0,
    0x0, 0x8f, 0x80, 0x0, 0xcf, 0xa1, 0x0, 0x0,
    0x9f, 0xd0, 0x0, 0x1, 0xcf, 0xfb, 0xab, 0xff,
    0xd1, 0x0, 0x0, 0x0, 0x6c, 0xef, 0xfd, 0x60,
    0x0, 0x0, 0x0, 0x0, 0x0, 0x5f, 0xe6, 0x34,
    0xa7, 0x0, 0x0, 0x0, 0x0, 0x3c, 0xff, 0xfe,
    0x40, 0x0, 0x0, 0x0, 0x0, 0x2, 0x43, 0x0,

    /* U+0052 "R" */
    0x1f, 0xff, 0xff, 0xfc, 0x70, 0x0, 0x1f, 0xea,
    0xaa, 0xbe, 0xfd, 0x10, 0x1f, 0xb0, 0x0, 0x0,
    0x9f, 0x90, 0x1f, 0xb0, 0x0, 0x0, 0xe, 0xf0,
    0x1f, 0xb0, 0x0, 0x0, 0xc, 0xf0, 0x1f, 0xb0,
    0x0, 0x0, 0xe, 0xe0, 0x1f, 0xb0, 0x0, 0x0,
    0x9f, 0x90, 0x1f, 0xd9, 0x99, 0xae, 0xfd, 0x10,
    0x1f, 0xff, 0xff, 0xff, 0xa0, 0x0, 0x1f, 0xb0,
    0x0, 0x1f, 0xd0, 0x0, 0x1f, 0xb0, 0x0, 0x6,
    0xf9, 0x0, 0x1f, 0xb0, 0x0, 0x0, 0xbf, 0x40,
    0x1f, 0xb0, 0x0, 0x0, 0x1e, 0xe0,

    /* U+0053 "S" */
    0x0, 0x29, 0xdf, 0xfd, 0x81, 0x0, 0x3f, 0xfc,
    0x9a, 0xdf, 0xc0, 0xb, 0xf4, 0x0, 0x0, 0x23,
    0x0, 0xed, 0x0, 0x0, 0x0, 0x0, 0xc, 0xf3,
    0x0, 0x0, 0x0, 0x0, 0x5f, 0xfa, 0x61, 0x0,
    0x0, 0x0, 0x3b, 0xff, 0xfd, 0x70, 0x0, 0x0,
    0x0, 0x48, 0xef, 0xb0, 0x0, 0x0, 0x0, 0x0,
    0xbf, 0x40, 0x0, 0x0, 0x0, 0x6, 0xf6, 0xb,
    0x50, 0x0, 0x0, 0xcf, 0x31, 0xdf, 0xeb, 0x9a,
    0xef, 0x90, 0x0, 0x6b, 0xef, 0xeb, 0x50, 0x0,

    /* U+0054 "T" */
    0xef, 0xff, 0xff, 0xff, 0xff, 0x89, 0xaa, 0xad,
    0xfb, 0xaa, 0xa5, 0x0, 0x0, 0x9f, 0x20, 0x0,
    0x0, 0x0, 0x9, 0xf2, 0x0, 0x0, 0x0, 0x0,
    0x9f, 0x20, 0x0, 0x0, 0x0, 0x9, 0xf2, 0x0,
    0x0, 0x0, 0x0, 0x9f, 0x20, 0x0, 0x0, 0x0,
    0x9, 0xf2, 0x0, 0x0, 0x0, 0x0, 0x9f, 0x20,
    0x0, 0x0, 0x0, 0x9, 0xf2, 0x0, 0x0, 0x0,
    0x0, 0x9f, 0x20, 0x0, 0x0, 0x0, 0x9, 0xf2,
    0x0, 0x0, 0x0, 0x0, 0x9f, 0x20, 0x0, 0x0,

    /* U+0055 "U" */
    0x3f, 0x90, 0x0, 0x0, 0x5, 0xf7, 0x3f, 0x90,
    0x0, 0x0, 0x5, 0xf7, 0x3f, 0x90, 0x0, 0x0,
    0x5, 0xf7, 0x3f, 0x90, 0x0, 0x0, 0x5, 0xf7,
    0x3f, 0x90, 0x0, 0x0, 0x5, 0xf7, 0x3f, 0x90,
    0x0, 0x0, 0x5, 0xf7, 0x3f, 0x90, 0x0, 0x0,
    0x5, 0xf7, 0x3f, 0x90, 0x0, 0x0, 0x5, 0xf6,
    0x2f, 0xb0, 0x0, 0x0, 0x7, 0xf5, 0xe, 0xf0,
    0x0, 0x0, 0xb, 0xf2, 0x8, 0xfa, 0x0, 0x0,
    0x7f, 0xb0, 0x0, 0xcf, 0xfb, 0xbe, 0xfe, 0x20,
    0x0, 0x7, 0xcf, 0xfd, 0x81, 0x0,

    /* U+0056 "V" */
    0xc, 0xf2, 0x0, 0x0, 0x0, 0x2, 0xf9, 0x6,
    0xf8, 0x0, 0x0, 0x0, 0x9, 0xf3, 0x0, 0xef,
    0x0, 0x0, 0x0, 0x1f, 0xc0, 0x0, 0x8f, 0x60,
    0x0, 0x0, 0x7f, 0x50, 0x0, 0x1f, 0xd0, 0x0,
    0x0, 0xee, 0x0, 0x0, 0xa, 0xf4, 0x0, 0x5,
    0xf7, 0x0, 0x0, 0x3, 0xfb, 0x0, 0xc, 0xf1,
    0x0, 0x0, 0x0, 0xdf, 0x20, 0x2f, 0xa0, 0x0,
    0x0, 0x0, 0x6f, 0x80, 0x9f, 0x30, 0x0, 0x0,
    0x0, 0xe, 0xe1, 0xfc, 0x0, 0x0, 0x0, 0x0,
    0x8, 0xfc, 0xf5, 0x0, 0x0, 0x0, 0x0, 0x1,
    0xff, 0xe0, 0x0, 0x0, 0x0, 0x0, 0x0, 0xaf,
    0x80, 0x0, 0x0,

    /* U+0057 "W" */
    0x4f, 0x90, 0x0, 0x0, 0xc, 0xf3, 0x0, 0x0,
    0x2, 0xf8, 0xe, 0xe0, 0x0, 0x0, 0x2f, 0xf8,
    0x0, 0x0, 0x8, 0xf3, 0x9, 0xf3, 0x0, 0x0,
    0x7f, 0xfd, 0x0, 0x0, 0xd, 0xe0, 0x4, 0xf8,
    0x0, 0x0, 0xcd, 0x8f, 0x20, 0x0, 0x2f, 0x80,
    0x0, 0xfe, 0x0, 0x2, 0xf8, 0x3f, 0x80, 0x0,
    0x7f, 0x30, 0x0, 0xaf, 0x30, 0x7, 0xf3, 0xe,
    0xd0, 0x0, 0xde, 0x0, 0x0, 0x5f, 0x80, 0xc,
    0xd0, 0x8, 0xf2, 0x2, 0xf9, 0x0, 0x0, 0xf,
    0xd0, 0x2f, 0x80, 0x3, 0xf7, 0x7, 0xf4, 0x0,
    0x0, 0xa, 0xf2, 0x7f, 0x30, 0x0, 0xed, 0xc,
    0xe0, 0x0, 0x0, 0x5, 0xf7, 0xde, 0x0, 0x0,
    0x9f, 0x4f, 0x90, 0x0, 0x0, 0x0, 0xfe, 0xf8,
    0x0, 0x0, 0x3f, 0xdf, 0x40, 0x0, 0x0, 0x0,
    0xbf, 0xf3, 0x0, 0x0, 0xe, 0xff, 0x0, 0x0,
    0x0, 0x0, 0x6f, 0xe0, 0x0, 0x0, 0x9, 0xfa,
    0x0, 0x0,

    /* U+0058 "X" */
    0x2f, 0xd0, 0x0, 0x0, 0xb, 0xf3, 0x6, 0xfa,
    0x0, 0x0, 0x7f, 0x70, 0x0, 0xbf, 0x50, 0x2,
    0xfc, 0x0, 0x0, 0x1e, 0xe1, 0xd, 0xf2, 0x0,
    0x0, 0x5, 0xfb, 0x8f, 0x50, 0x0, 0x0, 0x0,
    0x9f, 0xfa, 0x0, 0x0, 0x0, 0x0, 0x3f, 0xf5,
    0x0, 0x0, 0x0, 0x0, 0xdf, 0xfe, 0x10, 0x0,
    0x0, 0x9, 0xf6, 0x5f, 0xa0, 0x0, 0x0, 0x4f,
    0xb0, 0xa, 0xf6, 0x0, 0x1, 0xee, 0x10, 0x1,
    0xef, 0x20, 0xb, 0xf5, 0x0, 0x0, 0x4f, 0xc0,
    0x6f, 0xa0, 0x0, 0x0, 0x8, 0xf8,

    /* U+0059 "Y" */
    0xc, 0xf2, 0x0, 0x0, 0x0, 0x5f, 0x60, 0x3f,
    0xb0, 0x0, 0x0, 0xe, 0xd0, 0x0, 0x9f, 0x50,
    0x0, 0x8, 0xf3, 0x0, 0x1, 0xee, 0x0, 0x2,
    0xfa, 0x0, 0x0, 0x6, 0xf8, 0x0, 0xbf, 0x10,
    0x0, 0x0, 0xc, 0xf1, 0x4f, 0x70, 0x0, 0x0,
    0x0, 0x3f, 0xbd, 0xd0, 0x0, 0x0, 0x0, 0x0,
    0xaf, 0xf4, 0x0, 0x0, 0x0, 0x0, 0x2, 0xfc,
    0x0, 0x0, 0x0, 0x0, 0x0, 0x1f, 0xb0, 0x0,
    0x0, 0x0, 0x0, 0x1, 0xfb, 0x0, 0x0, 0x0,
    0x0, 0x0, 0x1f, 0xb0, 0x0, 0x0, 0x0, 0x0,
    0x1, 0xfb, 0x0, 0x0, 0x0,

    /* U+005A "Z" */
    0x1f, 0xff, 0xff, 0xff, 0xff, 0xf1, 0xa, 0xaa,
    0xaa, 0xaa, 0xcf, 0xd0, 0x0, 0x0, 0x0, 0x1,
    0xef, 0x20, 0x0, 0x0, 0x0, 0xc, 0xf5, 0x0,
    0x0, 0x0, 0x0, 0x9f, 0x80, 0x0, 0x0, 0x0,
    0x5, 0xfb, 0x0, 0x0, 0x0, 0x0, 0x2f, 0xe1,
    0x0, 0x0, 0x0, 0x0, 0xdf, 0x30, 0x0, 0x0,
    0x0, 0xa, 0xf6, 0x0, 0x0, 0x0, 0x0, 0x7f,
    0xa0, 0x0, 0x0, 0x0, 0x4, 0xfd, 0x0, 0x0,
    0x0, 0x0, 0x1e, 0xfb, 0xaa, 0xaa, 0xaa, 0xa2,
    0x3f, 0xff, 0xff, 0xff, 0xff, 0xf4,

    /* U+005B "[" */
    0x1f, 0xff, 0xa1, 0xfc, 0x74, 0x1f, 0xa0, 0x1,
    0xfa, 0x0, 0x1f, 0xa0, 0x1, 0xfa, 0x0, 0x1f,
    0xa0, 0x1, 0xfa, 0x0, 0x1f, 0xa0, 0x1, 0xfa,
    0x0, 0x1f, 0xa0, 0x1, 0xfa, 0x0, 0x1f, 0xa0,
    0x1, 0xfa, 0x0, 0x1f, 0xa0, 0x1, 0xfa, 0x0,
    0x1f, 0xc7, 0x41, 0xff, 0xfa,

    /* U+005C "\\" */
    0x47, 0x0, 0x0, 0x0, 0x5f, 0x30, 0x0, 0x0,
    0xf, 0x80, 0x0, 0x0, 0xa, 0xe0, 0x0, 0x0,
    0x5, 0xf3, 0x0, 0x0, 0x0, 0xf9, 0x0, 0x0,
    0x0, 0xae, 0x0, 0x0, 0x0, 0x5f, 0x40, 0x0,
    0x0, 0xf, 0x90, 0x0, 0x0, 0xa, 0xe0, 0x0,
    0x0, 0x4, 0xf4, 0x0, 0x0, 0x0, 0xe9, 0x0,
    0x0, 0x0, 0x9e, 0x0, 0x0, 0x0, 0x4f, 0x40,
    0x0, 0x0, 0xe, 0xa0, 0x0, 0x0, 0x9, 0xf0,
    0x0, 0x0, 0x4, 0xf5, 0x0, 0x0, 0x0, 0xea,

    /* U+005D "]" */
    0xaf, 0xff, 0x14, 0x7c, 0xf1, 0x0, 0xaf, 0x10,
    0xa, 0xf1, 0x0, 0xaf, 0x10, 0xa, 0xf1, 0x0,
    0xaf, 0x10, 0xa, 0xf1, 0x0, 0xaf, 0x10, 0xa,
    0xf1, 0x0, 0xaf, 0x10, 0xa, 0xf1, 0x0, 0xaf,
    0x10, 0xa, 0xf1, 0x0, 0xaf, 0x10, 0xa, 0xf1,
    0x47, 0xcf, 0x1a, 0xff, 0xf1,

    /* U+005E "^" */
    0x0, 0xa, 0xf2, 0x0, 0x0, 0x1, 0xfe, 0x80,
    0x0, 0x0, 0x7d, 0x5e, 0x0, 0x0, 0xd, 0x70,
    0xf5, 0x0, 0x4, 0xf1, 0x9, 0xc0, 0x0, 0xab,
    0x0, 0x3f, 0x20, 0x1f, 0x50, 0x0, 0xd8, 0x7,
    0xe0, 0x0, 0x6, 0xe0,

    /* U+005F "_" */
    0xff, 0xff, 0xff, 0xff, 0xf2, 0x22, 0x22, 0x22,
    0x22,

    /* U+0060 "`" */
    0x48, 0x40, 0x0, 0xaf, 0x40, 0x0, 0x7f, 0x40,

    /* U+0061 "a" */
    0x1, 0x7c, 0xff, 0xd6, 0x0, 0x9, 0xfc, 0x99,
    0xef, 0x80, 0x1, 0x30, 0x0, 0xd, 0xf0, 0x0,
    0x0, 0x0, 0x9, 0xf2, 0x1, 0x9e, 0xff, 0xff,
    0xf3, 0xa, 0xf8, 0x43, 0x3a, 0xf3, 0xf, 0xb0,
    0x0, 0x8, 0xf3, 0xf, 0xb0, 0x0, 0xe, 0xf3,
    0x9, 0xf9, 0x46, 0xdf, 0xf3, 0x0, 0x8d, 0xfe,
    0x87, 0xf3,

    /* U+0062 "b" */
    0x5f, 0x50, 0x0, 0x0, 0x0, 0x5, 0xf5, 0x0,
    0x0, 0x0, 0x0, 0x5f, 0x50, 0x0, 0x0, 0x0,
    0x5, 0xf5, 0x0, 0x0, 0x0, 0x0, 0x5f, 0x56,
    0xdf, 0xea, 0x20, 0x5, 0xfd, 0xfc, 0x9b, 0xff,
    0x30, 0x5f, 0xf5, 0x0, 0x4, 0xfe, 0x5, 0xfa,
    0x0, 0x0, 0x8, 0xf4, 0x5f, 0x60, 0x0, 0x0,
    0x4f, 0x75, 0xf6, 0x0, 0x0, 0x4, 0xf7, 0x5f,
    0xa0, 0x0, 0x0, 0x8f, 0x45, 0xff, 0x50, 0x0,
    0x4f, 0xe0, 0x5f, 0xcf, 0xc9, 0xbf, 0xf3, 0x5,
    0xf4, 0x6d, 0xfe, 0xa2, 0x0,

    /* U+0063 "c" */
    0x0, 0x7, 0xdf, 0xeb, 0x30, 0x0, 0xcf, 0xd9,
    0xaf, 0xf4, 0x9, 0xf7, 0x0, 0x2, 0xc3, 0xf,
    0xd0, 0x0, 0x0, 0x0, 0x3f, 0x80, 0x0, 0x0,
    0x0, 0x3f, 0x80, 0x0, 0x0, 0x0, 0xf, 0xc0,
    0x0, 0x0, 0x0, 0x9, 0xf7, 0x0, 0x2, 0xc3,
    0x0, 0xcf, 0xd9, 0xaf, 0xf3, 0x0, 0x7, 0xdf,
    0xeb, 0x30,

    /* U+0064 "d" */
    0x0, 0x0, 0x0, 0x0, 0x1f, 0xa0, 0x0, 0x0,
    0x0, 0x1, 0xfa, 0x0, 0x0, 0x0, 0x0, 0x1f,
    0xa0, 0x0, 0x0, 0x0, 0x1, 0xfa, 0x0, 0x8,
    0xdf, 0xe8, 0x2f, 0xa0, 0x1d, 0xfd, 0x9b, 0xfd,
    0xfa, 0xa, 0xf8, 0x0, 0x2, 0xef, 0xa0, 0xfd,
    0x0, 0x0, 0x6, 0xfa, 0x3f, 0x80, 0x0, 0x0,
    0x2f, 0xa3, 0xf8, 0x0, 0x0, 0x2, 0xfa, 0xf,
    0xc0, 0x0, 0x0, 0x5f, 0xa0, 0xaf, 0x60, 0x0,
    0x1e, 0xfa, 0x1, 0xdf, 0xb7, 0x9e, 0xdf, 0xa0,
    0x0, 0x8d, 0xfe, 0x91, 0xfa,

    /* U+0065 "e" */
    0x0, 0x8, 0xdf, 0xe9, 0x10, 0x0, 0x1d, 0xfb,
    0x8a, 0xfe, 0x20, 0xa, 0xf3, 0x0, 0x3, 0xfb,
    0x0, 0xfa, 0x0, 0x0, 0x9, 0xf1, 0x3f, 0xff,
    0xff, 0xff, 0xff, 0x33, 0xfa, 0x33, 0x33, 0x33,
    0x30, 0xf, 0xd0, 0x0, 0x0, 0x0, 0x0, 0x9f,
    0x90, 0x0, 0x9, 0x10, 0x0, 0xdf, 0xda, 0xae,
    0xf6, 0x0, 0x0, 0x7d, 0xff, 0xc5, 0x0,

    /* U+0066 "f" */
    0x0, 0x1a, 0xee, 0x90, 0xa, 0xf9, 0x88, 0x0,
    0xfb, 0x0, 0x0, 0x1f, 0x90, 0x0, 0xbf, 0xff,
    0xff, 0x55, 0x8f, 0xc7, 0x72, 0x1, 0xfa, 0x0,
    0x0, 0x1f, 0xa0, 0x0, 0x1, 0xfa, 0x0, 0x0,
    0x1f, 0xa0, 0x0, 0x1, 0xfa, 0x0, 0x0, 0x1f,
    0xa0, 0x0, 0x1, 0xfa, 0x0, 0x0, 0x1f, 0xa0,
    0x0,

    /* U+0067 "g" */
    0x0, 0x8, 0xdf, 0xe9, 0x1e, 0xc0, 0x1d, 0xfd,
    0x9b, 0xfe, 0xec, 0xa, 0xf8, 0x0, 0x1, 0xdf,
    0xc0, 0xfd, 0x0, 0x0, 0x4, 0xfc, 0x3f, 0x90,
    0x0, 0x0, 0xf, 0xc3, 0xf8, 0x0, 0x0, 0x0,
    0xfc, 0xf, 0xd0, 0x0, 0x0, 0x4f, 0xc0, 0xaf,
    0x80, 0x0, 0x1d, 0xfc, 0x1, 0xdf, 0xd9, 0xaf,
    0xdf, 0xc0, 0x0, 0x8d, 0xfe, 0x91, 0xfb, 0x0,
    0x0, 0x0, 0x0, 0x2f, 0x90, 0x27, 0x0, 0x0,
    0xb, 0xf4, 0x7, 0xff, 0xb9, 0xae, 0xfa, 0x0,
    0x4, 0xae, 0xff, 0xc6, 0x0,

    /* U+0068 "h" */
    0x5f, 0x50, 0x0, 0x0, 0x0, 0x5f, 0x50, 0x0,
    0x0, 0x0, 0x5f, 0x50, 0x0, 0x0, 0x0, 0x5f,
    0x50, 0x0, 0x0, 0x0, 0x5f, 0x56, 0xdf, 0xea,
    0x10, 0x5f, 0xef, 0xca, 0xdf, 0xd0, 0x5f, 0xf4,
    0x0, 0xa, 0xf6, 0x5f, 0x90, 0x0, 0x2, 0xf9,
    0x5f, 0x60, 0x0, 0x0, 0xfa, 0x5f, 0x50, 0x0,
    0x0, 0xfb, 0x5f, 0x50, 0x0, 0x0, 0xfb, 0x5f,
    0x50, 0x0, 0x0, 0xfb, 0x5f, 0x50, 0x0, 0x0,
    0xfb, 0x5f, 0x50, 0x0, 0x0, 0xfb,

    /* U+0069 "i" */
    0x6f, 0x69, 0xf9, 0x4, 0x0, 0x0, 0x5f, 0x55,
    0xf5, 0x5f, 0x55, 0xf5, 0x5f, 0x55, 0xf5, 0x5f,
    0x55, 0xf5, 0x5f, 0x55, 0xf5,

    /* U+006A "j" */
    0x0, 0x4, 0xf7, 0x0, 0x7, 0xfa, 0x0, 0x0,
    0x40, 0x0, 0x0, 0x0, 0x0, 0x4, 0xf7, 0x0,
    0x4, 0xf7, 0x0, 0x4, 0xf7, 0x0, 0x4, 0xf7,
    0x0, 0x4, 0xf7, 0x0, 0x4, 0xf7, 0x0, 0x4,
    0xf7, 0x0, 0x4, 0xf7, 0x0, 0x4, 0xf7, 0x0,
    0x4, 0xf7, 0x0, 0x4, 0xf7, 0x0, 0x6, 0xf5,
    0x4b, 0x9f, 0xe1, 0x5e, 0xfc, 0x30,

    /* U+006B "k" */
    0x5f, 0x50, 0x0, 0x0, 0x0, 0x5, 0xf5, 0x0,
    0x0, 0x0, 0x0, 0x5f, 0x50, 0x0, 0x0, 0x0,
    0x5, 0xf5, 0x0, 0x0, 0x0, 0x0, 0x5f, 0x50,
    0x0, 0x1d, 0xf3, 0x5, 0xf5, 0x0, 0x2d, 0xf3,
    0x0, 0x5f, 0x50, 0x2e, 0xf4, 0x0, 0x5, 0xf5,
    0x2e, 0xf4, 0x0, 0x0, 0x5f, 0x9e, 0xfe, 0x0,
    0x0, 0x5, 0xff, 0xfa, 0xfa, 0x0, 0x0, 0x5f,
    0xe3, 0xc, 0xf6, 0x0, 0x5, 0xf6, 0x0, 0x1e,
    0xf3, 0x0, 0x5f, 0x50, 0x0, 0x3f, 0xd0, 0x5,
    0xf5, 0x0, 0x0, 0x7f, 0xa0,

    /* U+006C "l" */
    0x5f, 0x55, 0xf5, 0x5f, 0x55, 0xf5, 0x5f, 0x55,
    0xf5, 0x5f, 0x55, 0xf5, 0x5f, 0x55, 0xf5, 0x5f,
    0x55, 0xf5, 0x5f, 0x55, 0xf5,

    /* U+006D "m" */
    0x5f, 0x58, 0xdf, 0xe8, 0x0, 0x8d, 0xfe, 0x80,
    0x5, 0xfe, 0xfa, 0x9d, 0xfb, 0xdf, 0xa9, 0xdf,
    0xb0, 0x5f, 0xf2, 0x0, 0xd, 0xff, 0x30, 0x0,
    0xcf, 0x35, 0xf9, 0x0, 0x0, 0x7f, 0xa0, 0x0,
    0x6, 0xf6, 0x5f, 0x60, 0x0, 0x5, 0xf7, 0x0,
    0x0, 0x4f, 0x75, 0xf5, 0x0, 0x0, 0x5f, 0x60,
    0x0, 0x4, 0xf7, 0x5f, 0x50, 0x0, 0x5, 0xf6,
    0x0, 0x0, 0x4f, 0x75, 0xf5, 0x0, 0x0, 0x5f,
    0x60, 0x0, 0x4, 0xf7, 0x5f, 0x50, 0x0, 0x5,
    0xf6, 0x0, 0x0, 0x4f, 0x75, 0xf5, 0x0, 0x0,
    0x5f, 0x60, 0x0, 0x4, 0xf7,

    /* U+006E "n" */
    0x5f, 0x57, 0xdf, 0xea, 0x10, 0x5f, 0xef, 0xa8,
    0xcf, 0xd0, 0x5f, 0xf3, 0x0, 0x9, 0xf6, 0x5f,
    0x90, 0x0, 0x2, 0xf9, 0x5f, 0x60, 0x0, 0x0,
    0xfa, 0x5f, 0x50, 0x0, 0x0, 0xfb, 0x5f, 0x50,
    0x0, 0x0, 0xfb, 0x5f, 0x50, 0x0, 0x0, 0xfb,
    0x5f, 0x50, 0x0, 0x0, 0xfb, 0x5f, 0x50, 0x0,
    0x0, 0xfb,

    /* U+006F "o" */
    0x0, 0x7, 0xdf, 0xea, 0x30, 0x0, 0xd, 0xfd,
    0x9a, 0xff, 0x50, 0x9, 0xf7, 0x0, 0x2, 0xef,
    0x10, 0xfd, 0x0, 0x0, 0x6, 0xf7, 0x3f, 0x80,
    0x0, 0x0, 0x2f, 0x93, 0xf8, 0x0, 0x0, 0x2,
    0xf9, 0xf, 0xd0, 0x0, 0x0, 0x6f, 0x60, 0x9f,
    0x80, 0x0, 0x2e, 0xf1, 0x0, 0xcf, 0xd9, 0xaf,
    0xf4, 0x0, 0x0, 0x7d, 0xfe, 0xa3, 0x0,

    /* U+0070 "p" */
    0x5f, 0x46, 0xdf, 0xea, 0x20, 0x5, 0xfd, 0xfa,
    0x8a, 0xff, 0x30, 0x5f, 0xf4, 0x0, 0x3, 0xfe,
    0x5, 0xfa, 0x0, 0x0, 0x8, 0xf4, 0x5f, 0x60,
    0x0, 0x0, 0x4f, 0x75, 0xf6, 0x0, 0x0, 0x4,
    0xf7, 0x5f, 0xa0, 0x0, 0x0, 0x9f, 0x45, 0xff,
    0x50, 0x0, 0x4f, 0xe0, 0x5f, 0xdf, 0xc9, 0xbf,
    0xf3, 0x5, 0xf5, 0x6d, 0xfe, 0xa2, 0x0, 0x5f,
    0x50, 0x0, 0x0, 0x0, 0x5, 0xf5, 0x0, 0x0,
    0x0, 0x0, 0x5f, 0x50, 0x0, 0x0, 0x0, 0x5,
    0xf5, 0x0, 0x0, 0x0, 0x0,

    /* U+0071 "q" */
    0x0, 0x8, 0xdf, 0xe8, 0x1f, 0xa0, 0x1d, 0xfd,
    0x9b, 0xfc, 0xfa, 0xa, 0xf7, 0x0, 0x2, 0xef,
    0xa0, 0xfd, 0x0, 0x0, 0x6, 0xfa, 0x3f, 0x80,
    0x0, 0x0, 0x2f, 0xa3, 0xf8, 0x0, 0x0, 0x2,
    0xfa, 0xf, 0xd0, 0x0, 0x0, 0x6f, 0xa0, 0xaf,
    0x80, 0x0, 0x2e, 0xfa, 0x1, 0xdf, 0xd9, 0xaf,
    0xdf, 0xa0, 0x0, 0x8d, 0xfe, 0x82, 0xfa, 0x0,
    0x0, 0x0, 0x0, 0x1f, 0xa0, 0x0, 0x0, 0x0,
    0x1, 0xfa, 0x0, 0x0, 0x0, 0x0, 0x1f, 0xa0,
    0x0, 0x0, 0x0, 0x1, 0xfa,

    /* U+0072 "r" */
    0x5f, 0x46, 0xdb, 0x5f, 0xcf, 0xd9, 0x5f, 0xf5,
    0x0, 0x5f, 0xa0, 0x0, 0x5f, 0x70, 0x0, 0x5f,
    0x50, 0x0, 0x5f, 0x50, 0x0, 0x5f, 0x50, 0x0,
    0x5f, 0x50, 0x0, 0x5f, 0x50, 0x0,

    /* U+0073 "s" */
    0x1, 0x8d, 0xfe, 0xc7, 0x0, 0xcf, 0xb8, 0xad,
    0xd0, 0x3f, 0x90, 0x0, 0x1, 0x2, 0xfb, 0x0,
    0x0, 0x0, 0xb, 0xff, 0xb8, 0x40, 0x0, 0x5,
    0x9c, 0xff, 0xc0, 0x0, 0x0, 0x0, 0x9f, 0x60,
    0x50, 0x0, 0x5, 0xf7, 0x5f, 0xea, 0x9a, 0xfe,
    0x10, 0x6c, 0xef, 0xd9, 0x20,

    /* U+0074 "t" */
    0x1, 0xfa, 0x0, 0x0, 0x1f, 0xa0, 0x0, 0xbf,
    0xff, 0xff, 0x55, 0x8f, 0xc7, 0x72, 0x1, 0xfa,
    0x0, 0x0, 0x1f, 0xa0, 0x0, 0x1, 0xfa, 0x0,
    0x0, 0x1f, 0xa0, 0x0, 0x1, 0xfa, 0x0, 0x0,
    0xf, 0xc0, 0x0, 0x0, 0xbf, 0xa9, 0x90, 0x1,
    0xbe, 0xe9,

    /* U+0075 "u" */
    0x7f, 0x40, 0x0, 0x3, 0xf8, 0x7f, 0x40, 0x0,
    0x3, 0xf8, 0x7f, 0x40, 0x0, 0x3, 0xf8, 0x7f,
    0x40, 0x0, 0x3, 0xf8, 0x7f, 0x40, 0x0, 0x3,
    0xf8, 0x7f, 0x40, 0x0, 0x4, 0xf8, 0x6f, 0x60,
    0x0, 0x6, 0xf8, 0x2f, 0xc0, 0x0, 0x1e, 0xf8,
    0xa, 0xfd, 0x89, 0xee, 0xf8, 0x0, 0x8d, 0xfe,
    0x92, 0xf8,

    /* U+0076 "v" */
    0xd, 0xe0, 0x0, 0x0, 0xd, 0xd0, 0x6, 0xf6,
    0x0, 0x0, 0x3f, 0x70, 0x0, 0xfc, 0x0, 0x0,
    0xaf, 0x10, 0x0, 0x9f, 0x30, 0x1, 0xf9, 0x0,
    0x0, 0x2f, 0x90, 0x7, 0xf3, 0x0, 0x0, 0xb,
    0xf0, 0xe, 0xc0, 0x0, 0x0, 0x5, 0xf6, 0x5f,
    0x50, 0x0, 0x0, 0x0, 0xed, 0xbe, 0x0, 0x0,
    0x0, 0x0, 0x7f, 0xf8, 0x0, 0x0, 0x0, 0x0,
    0x1f, 0xf1, 0x0, 0x0,

    /* U+0077 "w" */
    0xbe, 0x0, 0x0, 0xc, 0xf1, 0x0, 0x0, 0xae,
    0x5, 0xf4, 0x0, 0x2, 0xff, 0x60, 0x0, 0xf,
    0x80, 0xf, 0x90, 0x0, 0x8f, 0xeb, 0x0, 0x5,
    0xf2, 0x0, 0xae, 0x0, 0xd, 0xb8, 0xf1, 0x0,
    0xbd, 0x0, 0x4, 0xf4, 0x3, 0xf5, 0x2f, 0x70,
    0x1f, 0x70, 0x0, 0xe, 0xa0, 0x9e, 0x0, 0xcc,
    0x6, 0xf1, 0x0, 0x0, 0x9f, 0x1e, 0x90, 0x6,
    0xf2, 0xcc, 0x0, 0x0, 0x3, 0xfa, 0xf3, 0x0,
    0x1f, 0xaf, 0x60, 0x0, 0x0, 0xd, 0xfd, 0x0,
    0x0, 0xbf, 0xf1, 0x0, 0x0, 0x0, 0x8f, 0x70,
    0x0, 0x5, 0xfb, 0x0, 0x0,

    /* U+0078 "x" */
    0x3f, 0xb0, 0x0, 0xc, 0xf2, 0x7, 0xf7, 0x0,
    0x7f, 0x60, 0x0, 0xbf, 0x33, 0xfa, 0x0, 0x0,
    0x1e, 0xde, 0xd0, 0x0, 0x0, 0x4, 0xff, 0x30,
    0x0, 0x0, 0x6, 0xff, 0x50, 0x0, 0x0, 0x3f,
    0xbc, 0xf2, 0x0, 0x0, 0xde, 0x12, 0xfc, 0x0,
    0xa, 0xf4, 0x0, 0x5f, 0x90, 0x6f, 0x80, 0x0,
    0xa, 0xf5,

    /* U+0079 "y" */
    0xd, 0xe0, 0x0, 0x0, 0xd, 0xd0, 0x6, 0xf6,
    0x0, 0x0, 0x3f, 0x70, 0x0, 0xfc, 0x0, 0x0,
    0x9f, 0x10, 0x0, 0x9f, 0x30, 0x1, 0xfa, 0x0,
    0x0, 0x2f, 0x90, 0x6, 0xf3, 0x0, 0x0, 0xc,
    0xf0, 0xd, 0xc0, 0x0, 0x0, 0x5, 0xf6, 0x3f,
    0x60, 0x0, 0x0, 0x0, 0xed, 0xae, 0x0, 0x0,
    0x0, 0x0, 0x8f, 0xf8, 0x0, 0x0, 0x0, 0x0,
    0x1f, 0xf2, 0x0, 0x0, 0x0, 0x0, 0xf, 0xb0,
    0x0, 0x0, 0x1, 0x0, 0x7f, 0x40, 0x0, 0x0,
    0x1f, 0xaa, 0xfb, 0x0, 0x0, 0x0, 0x19, 0xee,
    0xa1, 0x0, 0x0, 0x0,

    /* U+007A "z" */
    0x2f, 0xff, 0xff, 0xff, 0x91, 0x77, 0x77, 0x7e,
    0xf4, 0x0, 0x0, 0x6, 0xf8, 0x0, 0x0, 0x3,
    0xfc, 0x0, 0x0, 0x1, 0xee, 0x10, 0x0, 0x0,
    0xbf, 0x40, 0x0, 0x0, 0x8f, 0x70, 0x0, 0x0,
    0x4f, 0xb0, 0x0, 0x0, 0x1e, 0xf8, 0x77, 0x77,
    0x54, 0xff, 0xff, 0xff, 0xfb,

    /* U+007B "{" */
    0x0, 0x7e, 0xf0, 0x3f, 0xd7, 0x7, 0xf4, 0x0,
    0x8f, 0x30, 0x8, 0xf3, 0x0, 0x8f, 0x30, 0x8,
    0xf3, 0x0, 0x9f, 0x20, 0x8e, 0xe0, 0xf, 0xfa,
    0x0, 0xb, 0xf2, 0x0, 0x8f, 0x30, 0x8, 0xf3,
    0x0, 0x8f, 0x30, 0x8, 0xf3, 0x0, 0x7f, 0x40,
    0x4, 0xfd, 0x70, 0x8, 0xef,

    /* U+007C "|" */
    0x1f, 0x71, 0xf7, 0x1f, 0x71, 0xf7, 0x1f, 0x71,
    0xf7, 0x1f, 0x71, 0xf7, 0x1f, 0x71, 0xf7, 0x1f,
    0x71, 0xf7, 0x1f, 0x71, 0xf7, 0x1f, 0x71, 0xf7,
    0x1f, 0x71, 0xf7,

    /* U+007D "}" */
    0xaf, 0xa1, 0x0, 0x4b, 0xf9, 0x0, 0x0, 0xed,
    0x0, 0x0, 0xde, 0x0, 0x0, 0xde, 0x0, 0x0,
    0xde, 0x0, 0x0, 0xde, 0x0, 0x0, 0xde, 0x0,
    0x0, 0xaf, 0x92, 0x0, 0x5f, 0xf4, 0x0, 0xcf,
    0x10, 0x0, 0xde, 0x0, 0x0, 0xde, 0x0, 0x0,
    0xde, 0x0, 0x0, 0xde, 0x0, 0x0, 0xed, 0x0,
    0x4a, 0xf9, 0x0, 0xaf, 0xb1, 0x0,

    /* U+007E "~" */
    0x0, 0x0, 0x0, 0x1, 0x1, 0xdf, 0xc1, 0x0,
    0xc5, 0xac, 0x5c, 0xe3, 0x4f, 0x2d, 0x40, 0x9,
    0xff, 0x90, 0x30, 0x0, 0x2, 0x10, 0x0,

    /* U+3001 "、" */
    0x7, 0x0, 0x0, 0x3f, 0xc0, 0x0, 0x3, 0xec,
    0x0, 0x0, 0x3f, 0xa0, 0x0, 0x6, 0xb0, 0x0,
    0x0, 0x0,

    /* U+3002 "。" */
    0x8, 0xca, 0x10, 0x7c, 0x49, 0xc0, 0xb6, 0x1,
    0xf0, 0x8a, 0x16, 0xd0, 0xb, 0xfd, 0x30, 0x0,
    0x0, 0x0,

    /* U+4E00 "一" */
    0xbf, 0xff, 0xff, 0xff, 0xff, 0xff, 0xff, 0xf3,
    0x46, 0x66, 0x66, 0x66, 0x66, 0x66, 0x66, 0x61,

    /* U+4E0A "上" */
    0x0, 0x0, 0x0, 0x6f, 0x10, 0x0, 0x0, 0x0,
    0x0, 0x0, 0x0, 0x6f, 0x10, 0x0, 0x0, 0x0,
    0x0, 0x0, 0x0, 0x6f, 0x10, 0x0, 0x0, 0x0,
    0x0, 0x0, 0x0, 0x6f, 0x10, 0x0, 0x0, 0x0,
    0x0, 0x0, 0x0, 0x6f, 0x65, 0x55, 0x55, 0x50,
    0x0, 0x0, 0x0, 0x6f, 0xff, 0xff, 0xff, 0xe0,
    0x0, 0x0, 0x0, 0x6f, 0x20, 0x0, 0x0, 0x0,
    0x0, 0x0, 0x0, 0x6f, 0x10, 0x0, 0x0, 0x0,
    0x0, 0x0, 0x0, 0x6f, 0x10, 0x0, 0x0, 0x0,
    0x0, 0x0, 0x0, 0x6f, 0x10, 0x0, 0x0, 0x0,
    0x0, 0x0, 0x0, 0x6f, 0x10, 0x0, 0x0, 0x0,
    0x0, 0x0, 0x0, 0x6f, 0x10, 0x0, 0x0, 0x0,
    0x0, 0x0, 0x0, 0x6f, 0x10, 0x0, 0x0, 0x0,
    0x27, 0x77, 0x77, 0xaf, 0x87, 0x77, 0x77, 0x76,
    0x6f, 0xff, 0xff, 0xff, 0xff, 0xff, 0xff, 0xfe,

    /* U+4E0B "下" */
    0x36, 0x66, 0x66, 0x66, 0x66, 0x66, 0x66, 0x65,
    0x9f, 0xff, 0xff, 0xff, 0xff, 0xff, 0xff, 0xfe,
    0x0, 0x0, 0x0, 0x2f, 0x40, 0x0, 0x0, 0x0,
    0x0, 0x0, 0x0, 0x2f, 0x40, 0x0, 0x0, 0x0,
    0x0, 0x0, 0x0, 0x2f, 0x40, 0x0, 0x0, 0x0,
    0x0, 0x0, 0x0, 0x2f, 0x40, 0x0, 0x0, 0x0,
    0x0, 0x0, 0x0, 0x2f, 0xd4, 0x0, 0x0, 0x0,
    0x0, 0x0, 0x0, 0x2f, 0xef, 0x91, 0x0, 0x0,
    0x0, 0x0, 0x0, 0x2f, 0x47, 0xfe, 0x30, 0x0,
    0x0, 0x0, 0x0, 0x2f, 0x40, 0x3e, 0xf7, 0x0,
    0x0, 0x0, 0x0, 0x2f, 0x40, 0x1, 0xcb, 0x0,
    0x0, 0x0, 0x0, 0x2f, 0x40, 0x0, 0x1, 0x0,
    0x0, 0x0, 0x0, 0x2f, 0x40, 0x0, 0x0, 0x0,
    0x0, 0x0, 0x0, 0x2f, 0x40, 0x0, 0x0, 0x0,
    0x0, 0x0, 0x0, 0x2f, 0x40, 0x0, 0x0, 0x0,
    0x0, 0x0, 0x0, 0x2f, 0x40, 0x0, 0x0, 0x0,

    /* U+4E0E "与" */
    0x0, 0x8e, 0x0, 0x0, 0x0, 0x0, 0x0, 0x0,
    0x0, 0x8e, 0x0, 0x0, 0x0, 0x0, 0x0, 0x0,
    0x0, 0x8e, 0x0, 0x0, 0x0, 0x0, 0x0, 0x0,
    0x0, 0x8f, 0xff, 0xff, 0xff, 0xff, 0xff, 0xf6,
    0x0, 0x8f, 0x66, 0x66, 0x66, 0x66, 0x66, 0x62,
    0x0, 0x8e, 0x0, 0x0, 0x0, 0x0, 0x0, 0x0,
    0x0, 0x8e, 0x0, 0x0, 0x0, 0x0, 0x0, 0x0,
    0x0, 0x8e, 0x55, 0x55, 0x55, 0x55, 0x55, 0x20,
    0x0, 0x8f, 0xff, 0xff, 0xff, 0xff, 0xff, 0x70,
    0x0, 0x0, 0x0, 0x0, 0x0, 0x0, 0xe, 0x70,
    0x0, 0x0, 0x0, 0x0, 0x0, 0x0, 0xf, 0x60,
    0x57, 0x77, 0x77, 0x77, 0x77, 0x70, 0x1f, 0x40,
    0xae, 0xee, 0xee, 0xee, 0xee, 0xe1, 0x3f, 0x30,
    0x0, 0x0, 0x0, 0x0, 0x0, 0x0, 0x6f, 0x0,
    0x0, 0x0, 0x0, 0x0, 0x77, 0x66, 0xec, 0x0,
    0x0, 0x0, 0x0, 0x0, 0x8d, 0xef, 0xc2, 0x0,

    /* U+4E2D "中" */
    0x0, 0x0, 0x0, 0xe, 0x70, 0x0, 0x0, 0x0,
    0x0, 0x0, 0x0, 0xe, 0x70, 0x0, 0x0, 0x0,
    0x0, 0x0, 0x0, 0xe, 0x70, 0x0, 0x0, 0x0,
    0xf, 0xff, 0xff, 0xff, 0xff, 0xff, 0xff, 0xf1,
    0xf, 0x96, 0x66, 0x6f, 0xa6, 0x66, 0x69, 0xf1,
    0xf, 0x60, 0x0, 0xe, 0x70, 0x0, 0x4, 0xf1,
    0xf, 0x60, 0x0, 0xe, 0x70, 0x0, 0x4, 0xf1,
    0xf, 0x60, 0x0, 0xe, 0x70, 0x0, 0x4, 0xf1,
    0xf, 0x60, 0x0, 0xe, 0x70, 0x0, 0x4, 0xf1,
    0xf, 0xfe, 0xee, 0xef, 0xfe, 0xee, 0xef, 0xf1,
    0xf, 0xa6, 0x66, 0x6f, 0xb6, 0x66, 0x69, 0xf1,
    0xd, 0x50, 0x0, 0xe, 0x70, 0x0, 0x3, 0xb1,
    0x0, 0x0, 0x0, 0xe, 0x70, 0x0, 0x0, 0x0,
    0x0, 0x0, 0x0, 0xe, 0x70, 0x0, 0x0, 0x0,
    0x0, 0x0, 0x0, 0xe, 0x70, 0x0, 0x0, 0x0,
    0x0, 0x0, 0x0, 0xe, 0x70, 0x0, 0x0, 0x0,
    0x0, 0x0, 0x0, 0xe, 0x70, 0x0, 0x0, 0x0,

    /* U+4E32 "串" */
    0x0, 0x0, 0x0, 0x9e, 0x0, 0x0, 0x0, 0x0,
    0x11, 0x11, 0x19, 0xe1, 0x11, 0x11, 0x0, 0x4f,
    0xff, 0xff, 0xff, 0xff, 0xff, 0xf5, 0x4, 0xf6,
    0x44, 0x4a, 0xf4, 0x44, 0x4f, 0x50, 0x4f, 0x20,
    0x0, 0x9e, 0x0, 0x1, 0xf5, 0x4, 0xf6, 0x55,
    0x5b, 0xf5, 0x55, 0x5f, 0x50, 0x3f, 0xff, 0xff,
    0xff, 0xff, 0xff, 0xf5, 0x0, 0x0, 0x0, 0x9,
    0xe0, 0x0, 0x0, 0x0, 0xde, 0xee, 0xee, 0xff,
    0xee, 0xee, 0xee, 0xf, 0xb7, 0x77, 0x7c, 0xf7,
    0x77, 0x7a, 0xf0, 0xf7, 0x0, 0x0, 0x9e, 0x0,
    0x0, 0x6f, 0xf, 0x70, 0x0, 0x9, 0xe0, 0x0,
    0x6, 0xf0, 0xff, 0xff, 0xff, 0xff, 0xff, 0xff,
    0xff, 0xf, 0x95, 0x55, 0x5b, 0xf5, 0x55, 0x59,
    0xf0, 0x63, 0x0, 0x0, 0x9e, 0x0, 0x0, 0x2,
    0x0, 0x0, 0x0, 0x9, 0xe0, 0x0, 0x0, 0x0,
    0x0, 0x0, 0x0, 0x9e, 0x0, 0x0, 0x0, 0x0,

    /* U+4E3A "为" */
    0x0, 0x2, 0x0, 0x6f, 0x10, 0x0, 0x0, 0x0,
    0x0, 0x7f, 0x20, 0x7f, 0x0, 0x0, 0x0, 0x0,
    0x0, 0x1e, 0xc0, 0x7f, 0x0, 0x0, 0x0, 0x0,
    0x0, 0x7, 0xf3, 0x8f, 0x0, 0x0, 0x0, 0x0,
    0x0, 0x0, 0x10, 0x8f, 0x0, 0x0, 0x0, 0x0,
    0x9, 0xff, 0xff, 0xff, 0xff, 0xff, 0xff, 0xf0,
    0x3, 0x66, 0x66, 0xce, 0x66, 0x66, 0x69, 0xf0,
    0x0, 0x0, 0x0, 0xcb, 0x0, 0x0, 0x6, 0xf0,
    0x0, 0x0, 0x0, 0xf8, 0x57, 0x0, 0x6, 0xf0,
    0x0, 0x0, 0x6, 0xf3, 0xaf, 0x30, 0x6, 0xf0,
    0x0, 0x0, 0xd, 0xd0, 0x1f, 0xb0, 0x7, 0xe0,
    0x0, 0x0, 0x7f, 0x50, 0x9, 0xb0, 0x8, 0xd0,
    0x0, 0x4, 0xfa, 0x0, 0x0, 0x0, 0x9, 0xc0,
    0x0, 0x6f, 0xc0, 0x0, 0x0, 0x0, 0xc, 0xa0,
    0x1b, 0xfb, 0x10, 0x0, 0x4, 0x86, 0x9f, 0x60,
    0x1e, 0x70, 0x0, 0x0, 0x3, 0xdf, 0xe8, 0x0,
    0x0, 0x0, 0x0, 0x0, 0x0, 0x0, 0x0, 0x0,

    /* U+4E8B "事" */
    0x0, 0x0, 0x0, 0x0, 0xe8, 0x0, 0x0, 0x0,
    0x0, 0xe, 0xff, 0xff, 0xff, 0xff, 0xff, 0xff,
    0xff, 0xa0, 0x4, 0x55, 0x55, 0x55, 0xfa, 0x55,
    0x55, 0x55, 0x30, 0x0, 0x7d, 0xdd, 0xdd, 0xfe,
    0xdd, 0xdd, 0xd3, 0x0, 0x0, 0x9e, 0xaa, 0xaa,
    0xfd, 0xaa, 0xab, 0xf4, 0x0, 0x0, 0x9d, 0x55,
    0x55, 0xfa, 0x55, 0x57, 0xf4, 0x0, 0x0, 0x9f,
    0xff, 0xff, 0xff, 0xff, 0xff, 0xf4, 0x0, 0x1,
    0x33, 0x33, 0x33, 0xe9, 0x33, 0x33, 0x31, 0x0,
    0x5, 0xff, 0xff, 0xff, 0xff, 0xff, 0xff, 0xf7,
    0x0, 0x0, 0x11, 0x11, 0x11, 0xe8, 0x11, 0x11,
    0xf7, 0x0, 0x1f, 0xff, 0xff, 0xff, 0xff, 0xff,
    0xff, 0xff, 0xf1, 0x6, 0x66, 0x66, 0x66, 0xfb,
    0x66, 0x66, 0xfa, 0x60, 0x1, 0x66, 0x66, 0x66,
    0xfb, 0x66, 0x66, 0xf7, 0x0, 0x4, 0xff, 0xff,
    0xff, 0xff, 0xff, 0xff, 0xf7, 0x0, 0x0, 0x0,
    0x0, 0x0, 0xe8, 0x0, 0x0, 0x63, 0x0, 0x0,
    0x0, 0x15, 0x45, 0xf7, 0x0, 0x0, 0x0, 0x0,
    0x0, 0x0, 0x1f, 0xff, 0xd1, 0x0, 0x0, 0x0,
    0x0, 0x0, 0x0, 0x0, 0x0, 0x0, 0x0, 0x0,
    0x0, 0x0,

    /* U+4EBA "人" */
    0x0, 0x0, 0x0, 0x0, 0xe9, 0x0, 0x0, 0x0,
    0x0, 0x0, 0x0, 0x0, 0x0, 0xe9, 0x0, 0x0,
    0x0, 0x0, 0x0, 0x0, 0x0, 0x0, 0xe9, 0x0,
    0x0, 0x0, 0x0, 0x0, 0x0, 0x0, 0x0, 0xe9,
    0x0, 0x0, 0x0, 0x0, 0x0, 0x0, 0x0, 0x0,
    0xfa, 0x0, 0x0, 0x0, 0x0, 0x0, 0x0, 0x0,
    0x1, 0xfd, 0x0, 0x0, 0x0, 0x0, 0x0, 0x0,
    0x0, 0x4, 0xff, 0x20, 0x0, 0x0, 0x0, 0x0,
    0x0, 0x0, 0xa, 0xee, 0x80, 0x0, 0x0, 0x0,
    0x0, 0x0, 0x0, 0x1f, 0x87, 0xf0, 0x0, 0x0,
    0x0, 0x0, 0x0, 0x0, 0xbf, 0x11, 0xf9, 0x0,
    0x0, 0x0, 0x0, 0x0, 0x7, 0xf7, 0x0, 0x6f,
    0x40, 0x0, 0x0, 0x0, 0x0, 0x6f, 0xb0, 0x0,
    0xb, 0xf3, 0x0, 0x0, 0x0, 0x7, 0xfc, 0x0,
    0x0, 0x1, 0xdf, 0x50, 0x0, 0x1, 0xbf, 0xb1,
    0x0, 0x0, 0x0, 0x1c, 0xfa, 0x10, 0x1e, 0xf8,
    0x0, 0x0, 0x0, 0x0, 0x0, 0xaf, 0xe0, 0x8,
    0x30, 0x0, 0x0, 0x0, 0x0, 0x0, 0x4, 0x70,

    /* U+4EE4 "令" */
    0x0, 0x0, 0x0, 0x0, 0x13, 0x0, 0x0, 0x0,
    0x0, 0x0, 0x0, 0x0, 0x1, 0xdf, 0x10, 0x0,
    0x0, 0x0, 0x0, 0x0, 0x0, 0x1d, 0xfe, 0xc1,
    0x0, 0x0, 0x0, 0x0, 0x0, 0x3, 0xef, 0x42,
    0xed, 0x30, 0x0, 0x0, 0x0, 0x0, 0x7f, 0xe3,
    0x0, 0x1c, 0xf8, 0x0, 0x0, 0x0, 0x3c, 0xfb,
    0x10, 0xe7, 0x0, 0x9f, 0xd5, 0x0, 0x1a, 0xff,
    0x60, 0x0, 0x9e, 0x0, 0x4, 0xdf, 0xd2, 0xb,
    0x91, 0x0, 0x0, 0x39, 0x0, 0x0, 0x7, 0xb0,
    0x0, 0x6, 0x66, 0x66, 0x66, 0x66, 0x66, 0x50,
    0x0, 0x0, 0x1f, 0xff, 0xff, 0xff, 0xff, 0xff,
    0xe0, 0x0, 0x0, 0x0, 0x0, 0x0, 0x0, 0x0,
    0x9f, 0x60, 0x0, 0x0, 0x0, 0x1, 0x0, 0x0,
    0x8, 0xf8, 0x0, 0x0, 0x0, 0x0, 0x1f, 0xb4,
    0x0, 0x8f, 0x90, 0x0, 0x0, 0x0, 0x0, 0x6,
    0xdf, 0xcb, 0xf8, 0x0, 0x0, 0x0, 0x0, 0x0,
    0x0, 0x5, 0xdf, 0xe2, 0x0, 0x0, 0x0, 0x0,
    0x0, 0x0, 0x0, 0x7, 0xff, 0x30, 0x0, 0x0,
    0x0, 0x0, 0x0, 0x0, 0x0, 0x29, 0x0, 0x0,
    0x0,

    /* U+4EF6 "件" */
    0x0, 0x0, 0xc4, 0x0, 0x0, 0x2f, 0x30, 0x0,
    0x0, 0x0, 0x4, 0xf3, 0x5, 0xf1, 0x2f, 0x30,
    0x0, 0x0, 0x0, 0xa, 0xe0, 0xa, 0xc0, 0x2f,
    0x30, 0x0, 0x0, 0x0, 0x1f, 0x80, 0x1f, 0x93,
    0x5f, 0x63, 0x33, 0x10, 0x0, 0x8f, 0x30, 0x9f,
    0xff, 0xff, 0xff, 0xff, 0x70, 0x1, 0xff, 0x22,
    0xfa, 0x22, 0x4f, 0x52, 0x22, 0x10, 0xa, 0xff,
    0x2b, 0xf1, 0x0, 0x2f, 0x30, 0x0, 0x0, 0x2f,
    0xcf, 0x28, 0x50, 0x0, 0x2f, 0x30, 0x0, 0x0,
    0x9, 0x4f, 0x20, 0x0, 0x0, 0x2f, 0x30, 0x0,
    0x0, 0x0, 0x4f, 0x2a, 0xee, 0xee, 0xef, 0xfe,
    0xee, 0xe1, 0x0, 0x4f, 0x24, 0x66, 0x66, 0x8f,
    0x86, 0x66, 0x60, 0x0, 0x4f, 0x20, 0x0, 0x0,
    0x2f, 0x30, 0x0, 0x0, 0x0, 0x4f, 0x20, 0x0,
    0x0, 0x2f, 0x30, 0x0, 0x0, 0x0, 0x4f, 0x20,
    0x0, 0x0, 0x2f, 0x30, 0x0, 0x0, 0x0, 0x4f,
    0x20, 0x0, 0x0, 0x2f, 0x30, 0x0, 0x0, 0x0,
    0x4f, 0x20, 0x0, 0x0, 0x2f, 0x30, 0x0, 0x0,
    0x0, 0x4f, 0x20, 0x0, 0x0, 0x2f, 0x30, 0x0,
    0x0,

    /* U+4F3C "似" */
    0x0, 0x0, 0x51, 0x0, 0x0, 0x0, 0x0, 0x0,
    0x0, 0x0, 0x2, 0xf5, 0x0, 0x4d, 0x0, 0x5,
    0xf0, 0x0, 0x0, 0x7, 0xf0, 0x94, 0x2f, 0x60,
    0x6, 0xf0, 0x0, 0x0, 0xe, 0xa0, 0xe7, 0xa,
    0xd0, 0x6, 0xf0, 0x0, 0x0, 0x5f, 0x40, 0xe7,
    0x3, 0xf4, 0x7, 0xf0, 0x0, 0x0, 0xdf, 0x20,
    0xe7, 0x0, 0xe9, 0x8, 0xe0, 0x0, 0x5, 0xff,
    0x20, 0xe7, 0x0, 0x77, 0x9, 0xd0, 0x0, 0x1e,
    0xff, 0x20, 0xe7, 0x0, 0x0, 0xb, 0xc0, 0x0,
    0x1e, 0x6f, 0x20, 0xe7, 0x0, 0x0, 0xd, 0xa0,
    0x0, 0x2, 0x4f, 0x20, 0xe7, 0x0, 0x0, 0xf,
    0x70, 0x0, 0x0, 0x4f, 0x20, 0xe7, 0x0, 0x0,
    0x5f, 0x40, 0x0, 0x0, 0x4f, 0x20, 0xe7, 0x3,
    0x0, 0xbf, 0x40, 0x0, 0x0, 0x4f, 0x20, 0xe8,
    0x9f, 0x44, 0xfe, 0xe1, 0x0, 0x0, 0x4f, 0x20,
    0xef, 0xd3, 0x1e, 0xe2, 0xeb, 0x0, 0x0, 0x4f,
    0x20, 0x47, 0x1, 0xdf, 0x40, 0x4f, 0x40, 0x0,
    0x4f, 0x20, 0x0, 0x2e, 0xf4, 0x0, 0xb, 0xd0,
    0x0, 0x4f, 0x20, 0x0, 0xa, 0x20, 0x0, 0x2,
    0x50,

    /* U+4FE1 "信" */
    0x0, 0x0, 0x31, 0x0, 0x0, 0x13, 0x0, 0x0,
    0x0, 0x0, 0xf, 0x80, 0x0, 0xb, 0xe0, 0x0,
    0x0, 0x0, 0x5, 0xf3, 0x66, 0x66, 0x9f, 0x86,
    0x66, 0x60, 0x0, 0xcc, 0x2f, 0xff, 0xff, 0xff,
    0xff, 0xff, 0x0, 0x4f, 0x70, 0x0, 0x0, 0x0,
    0x0, 0x0, 0x0, 0xd, 0xf7, 0x4, 0xff, 0xff,
    0xff, 0xff, 0xf0, 0x7, 0xff, 0x70, 0x15, 0x55,
    0x55, 0x55, 0x55, 0x2, 0xf7, 0xe7, 0x0, 0x11,
    0x11, 0x11, 0x11, 0x10, 0x1c, 0xe, 0x70, 0x4f,
    0xff, 0xff, 0xff, 0xff, 0x0, 0x0, 0xe7, 0x0,
    0x22, 0x22, 0x22, 0x22, 0x20, 0x0, 0xe, 0x70,
    0x5, 0x55, 0x55, 0x55, 0x54, 0x0, 0x0, 0xe7,
    0x2, 0xff, 0xff, 0xff, 0xff, 0xe0, 0x0, 0xe,
    0x70, 0x2f, 0x40, 0x0, 0x0, 0x8e, 0x0, 0x0,
    0xe7, 0x2, 0xf4, 0x0, 0x0, 0x8, 0xe0, 0x0,
    0xe, 0x70, 0x2f, 0x96, 0x66, 0x66, 0xbe, 0x0,
    0x0, 0xe7, 0x2, 0xfe, 0xdd, 0xdd, 0xde, 0xe0,
    0x0, 0xe, 0x70, 0x1e, 0x40, 0x0, 0x0, 0x7c,
    0x0,

    /* U+5012 "倒" */
    0x0, 0x6, 0x80, 0x0, 0x0, 0x0, 0x0, 0x6,
    0xe0, 0x0, 0xcb, 0xaf, 0xff, 0xff, 0xf1, 0x0,
    0x6e, 0x0, 0x1f, 0x62, 0x3d, 0xd3, 0x33, 0xd,
    0x56, 0xe0, 0x6, 0xf1, 0x2, 0xf6, 0x14, 0x0,
    0xf6, 0x6e, 0x0, 0xce, 0x0, 0x9e, 0x5, 0xf1,
    0xf, 0x66, 0xe0, 0x3f, 0xe0, 0x2f, 0x62, 0x6f,
    0x70, 0xf6, 0x6e, 0xa, 0xfe, 0x9, 0xff, 0xfe,
    0xdd, 0xf, 0x66, 0xe0, 0xfd, 0xe0, 0x37, 0x66,
    0x3, 0xc1, 0xf6, 0x6e, 0x8, 0x7e, 0x0, 0x2,
    0xf3, 0x0, 0xf, 0x66, 0xe0, 0x6, 0xe0, 0x11,
    0x3f, 0x41, 0x10, 0xf6, 0x6e, 0x0, 0x6e, 0xd,
    0xff, 0xff, 0xfd, 0xf, 0x66, 0xe0, 0x6, 0xe0,
    0x12, 0x3f, 0x42, 0x10, 0xf6, 0x6e, 0x0, 0x6e,
    0x0, 0x2, 0xf3, 0x0, 0x4, 0x16, 0xe0, 0x6,
    0xe0, 0x0, 0x2f, 0x67, 0xa2, 0x0, 0x6e, 0x0,
    0x6e, 0x5, 0x8c, 0xff, 0xfc, 0x30, 0x6, 0xe0,
    0x6, 0xe0, 0xff, 0xd9, 0x51, 0x0, 0x76, 0xbe,
    0x0, 0x6e, 0x2, 0x0, 0x0, 0x0, 0x9, 0xff,
    0x70,

    /* U+504F "偏" */
    0x0, 0x0, 0x93, 0x0, 0x0, 0x96, 0x0, 0x0,
    0x0, 0x0, 0x3f, 0x40, 0x0, 0x9, 0xe0, 0x0,
    0x0, 0x0, 0x9, 0xe0, 0xef, 0xff, 0xff, 0xff,
    0xff, 0x80, 0x0, 0xf8, 0xe, 0xa5, 0x55, 0x55,
    0x55, 0xd8, 0x0, 0x7f, 0x30, 0xe7, 0x0, 0x0,
    0x0, 0xd, 0x80, 0xe, 0xf2, 0xe, 0xed, 0xdd,
    0xdd, 0xdd, 0xf8, 0x8, 0xff, 0x20, 0xeb, 0x66,
    0x66, 0x66, 0x66, 0x32, 0xfd, 0xf2, 0xe, 0x70,
    0x0, 0x0, 0x0, 0x0, 0xc, 0x4f, 0x20, 0xe7,
    0xdf, 0xff, 0xff, 0xff, 0xb0, 0x4, 0xf2, 0xf,
    0x7d, 0xa7, 0xf4, 0xf7, 0xbb, 0x0, 0x4f, 0x20,
    0xf6, 0xd7, 0x3e, 0xe, 0x39, 0xb0, 0x4, 0xf2,
    0x1f, 0x5d, 0xff, 0xff, 0xff, 0xfb, 0x0, 0x4f,
    0x23, 0xf2, 0xd9, 0x6f, 0x4f, 0x6b, 0xb0, 0x4,
    0xf2, 0x7f, 0xd, 0x73, 0xe0, 0xe3, 0x9b, 0x0,
    0x4f, 0x2b, 0xb0, 0xd7, 0x2d, 0xd, 0x29, 0xb0,
    0x4, 0xf3, 0xf6, 0xd, 0x70, 0x0, 0x14, 0xcb,
    0x0, 0x4f, 0x3a, 0x10, 0xd7, 0x0, 0x1, 0xee,
    0x50, 0x0, 0x0, 0x0, 0x0, 0x0, 0x0, 0x0,
    0x0,

    /* U+514B "克" */
    0x0, 0x0, 0x0, 0xa, 0xc0, 0x0, 0x0, 0x0,
    0x0, 0x0, 0x0, 0x0, 0xac, 0x0, 0x0, 0x0,
    0x0, 0xaf, 0xff, 0xff, 0xff, 0xff, 0xff, 0xff,
    0xfe, 0x4, 0x66, 0x66, 0x66, 0xcd, 0x66, 0x66,
    0x66, 0x50, 0x0, 0x0, 0x0, 0xa, 0xc0, 0x0,
    0x0, 0x0, 0x0, 0xd, 0xdd, 0xdd, 0xff, 0xdd,
    0xdd, 0xd1, 0x0, 0x1, 0xf9, 0x66, 0x66, 0x66,
    0x66, 0x9f, 0x10, 0x0, 0x1f, 0x50, 0x0, 0x0,
    0x0, 0x5, 0xf1, 0x0, 0x1, 0xf5, 0x0, 0x0,
    0x0, 0x0, 0x5f, 0x10, 0x0, 0x1f, 0xfe, 0xee,
    0xee, 0xee, 0xef, 0xf1, 0x0, 0x0, 0x66, 0x6e,
    0xc6, 0x7f, 0x96, 0x66, 0x0, 0x0, 0x0, 0x1,
    0xf6, 0x1, 0xf4, 0x0, 0x0, 0x0, 0x0, 0x0,
    0x8f, 0x10, 0x1f, 0x40, 0x0, 0x0, 0x0, 0x0,
    0x5f, 0x80, 0x1, 0xf4, 0x0, 0x1, 0xe3, 0x5,
    0xbf, 0xb0, 0x0, 0x1f, 0xa5, 0x55, 0x9f, 0x2c,
    0xfd, 0x60, 0x0, 0x0, 0xcf, 0xff, 0xfe, 0xb0,
    0x22, 0x0, 0x0, 0x0, 0x0, 0x0, 0x0, 0x0,
    0x0,

    /* U+5165 "入" */
    0x0, 0x0, 0x0, 0x3, 0x10, 0x0, 0x0, 0x0,
    0x0, 0x0, 0x0, 0x0, 0x1f, 0xb0, 0x0, 0x0,
    0x0, 0x0, 0x0, 0x0, 0x0, 0x9, 0xf4, 0x0,
    0x0, 0x0, 0x0, 0x0, 0x0, 0x0, 0x0, 0xed,
    0x0, 0x0, 0x0, 0x0, 0x0, 0x0, 0x0, 0x0,
    0xcf, 0x50, 0x0, 0x0, 0x0, 0x0, 0x0, 0x0,
    0x2, 0xff, 0xb0, 0x0, 0x0, 0x0, 0x0, 0x0,
    0x0, 0x8, 0xf9, 0xf2, 0x0, 0x0, 0x0, 0x0,
    0x0, 0x0, 0xe, 0x91, 0xf8, 0x0, 0x0, 0x0,
    0x0, 0x0, 0x0, 0x6f, 0x30, 0xbe, 0x0, 0x0,
    0x0, 0x0, 0x0, 0x0, 0xeb, 0x0, 0x4f, 0x50,
    0x0, 0x0, 0x0, 0x0, 0x8, 0xf2, 0x0, 0xd,
    0xc0, 0x0, 0x0, 0x0, 0x0, 0x5f, 0x80, 0x0,
    0x5, 0xf5, 0x0, 0x0, 0x0, 0x2, 0xfc, 0x0,
    0x0, 0x0, 0xce, 0x20, 0x0, 0x0, 0x3e, 0xe1,
    0x0, 0x0, 0x0, 0x2f, 0xd1, 0x0, 0x4, 0xff,
    0x30, 0x0, 0x0, 0x0, 0x5, 0xfd, 0x30, 0xe,
    0xd2, 0x0, 0x0, 0x0, 0x0, 0x0, 0x5f, 0xe1,
    0x4, 0x10, 0x0, 0x0, 0x0, 0x0, 0x0, 0x2,
    0x30,

    /* U+5168 "全" */
    0x0, 0x0, 0x0, 0x0, 0x9a, 0x0, 0x0, 0x0,
    0x0, 0x0, 0x0, 0x0, 0x7, 0xff, 0x60, 0x0,
    0x0, 0x0, 0x0, 0x0, 0x0, 0x8f, 0x88, 0xf7,
    0x0, 0x0, 0x0, 0x0, 0x0, 0x9, 0xf8, 0x0,
    0x8f, 0xa0, 0x0, 0x0, 0x0, 0x2, 0xdf, 0x70,
    0x0, 0x6, 0xfd, 0x30, 0x0, 0x0, 0x8f, 0xe3,
    0x0, 0x0, 0x0, 0x3e, 0xf9, 0x10, 0x1e, 0xff,
    0xff, 0xff, 0xff, 0xff, 0xff, 0xef, 0xf1, 0xa,
    0x53, 0x66, 0x66, 0xdd, 0x66, 0x66, 0x25, 0x90,
    0x0, 0x0, 0x0, 0x0, 0xbc, 0x0, 0x0, 0x0,
    0x0, 0x0, 0x0, 0x0, 0x0, 0xbc, 0x0, 0x0,
    0x0, 0x0, 0x0, 0x4, 0x66, 0x66, 0xdd, 0x66,
    0x66, 0x40, 0x0, 0x0, 0xa, 0xff, 0xff, 0xff,
    0xff, 0xff, 0xb0, 0x0, 0x0, 0x0, 0x0, 0x0,
    0xbc, 0x0, 0x0, 0x0, 0x0, 0x0, 0x0, 0x0,
    0x0, 0xbc, 0x0, 0x0, 0x0, 0x0, 0x1, 0x66,
    0x66, 0x66, 0xdd, 0x66, 0x66, 0x66, 0x10, 0x3,
    0xff, 0xff, 0xff, 0xff, 0xff, 0xff, 0xff, 0x20,

    /* U+51B2 "冲" */
    0x0, 0x10, 0x0, 0x0, 0x0, 0x7e, 0x0, 0x0,
    0x0, 0xad, 0x0, 0x0, 0x0, 0x7, 0xe0, 0x0,
    0x0, 0x3, 0xf9, 0x0, 0x0, 0x0, 0x7e, 0x0,
    0x0, 0x0, 0x9, 0xf1, 0x4, 0x55, 0x5a, 0xf5,
    0x55, 0x51, 0x0, 0x1f, 0x50, 0xef, 0xff, 0xff,
    0xff, 0xff, 0x50, 0x0, 0x10, 0xe, 0x70, 0x7,
    0xe0, 0x0, 0xf5, 0x0, 0x0, 0x0, 0xe7, 0x0,
    0x7e, 0x0, 0xf, 0x50, 0x0, 0x0, 0xe, 0x70,
    0x7, 0xe0, 0x0, 0xf5, 0x0, 0x1, 0x0, 0xe7,
    0x0, 0x7e, 0x0, 0xf, 0x50, 0x0, 0xd6, 0xe,
    0xff, 0xff, 0xff, 0xff, 0xf5, 0x0, 0x3f, 0x50,
    0xea, 0x66, 0xaf, 0x66, 0x6f, 0x50, 0x8, 0xf0,
    0xc, 0x60, 0x7, 0xe0, 0x0, 0xd4, 0x0, 0xec,
    0x0, 0x0, 0x0, 0x7e, 0x0, 0x0, 0x0, 0x5f,
    0x70, 0x0, 0x0, 0x7, 0xe0, 0x0, 0x0, 0xc,
    0xf1, 0x0, 0x0, 0x0, 0x7e, 0x0, 0x0, 0x0,
    0xea, 0x0, 0x0, 0x0, 0x7, 0xe0, 0x0, 0x0,
    0x1, 0x30, 0x0, 0x0, 0x0, 0x7e, 0x0, 0x0,
    0x0,

    /* U+51FA "出" */
    0x0, 0x0, 0x0, 0xe, 0x70, 0x0, 0x0, 0x0,
    0x2, 0x0, 0x0, 0xe7, 0x0, 0x0, 0x20, 0x6,
    0xf0, 0x0, 0xe, 0x70, 0x0, 0x3f, 0x30, 0x6f,
    0x0, 0x0, 0xe7, 0x0, 0x3, 0xf3, 0x6, 0xf0,
    0x0, 0xe, 0x70, 0x0, 0x3f, 0x30, 0x6f, 0x0,
    0x0, 0xe7, 0x0, 0x3, 0xf3, 0x6, 0xfc, 0xcc,
    0xcf, 0xec, 0xcc, 0xdf, 0x30, 0x38, 0x88, 0x88,
    0xfc, 0x88, 0x8a, 0xf3, 0x0, 0x0, 0x0, 0xe,
    0x70, 0x0, 0x0, 0x0, 0x72, 0x0, 0x0, 0xe7,
    0x0, 0x0, 0x37, 0x1f, 0x50, 0x0, 0xe, 0x70,
    0x0, 0x7, 0xf1, 0xf5, 0x0, 0x0, 0xe7, 0x0,
    0x0, 0x7f, 0x1f, 0x50, 0x0, 0xe, 0x70, 0x0,
    0x7, 0xf1, 0xf5, 0x0, 0x0, 0xe7, 0x0, 0x0,
    0x7f, 0x1f, 0x96, 0x66, 0x6f, 0xa6, 0x66, 0x6a,
    0xf1, 0xff, 0xff, 0xff, 0xff, 0xff, 0xff, 0xff,
    0x0, 0x0, 0x0, 0x0, 0x0, 0x0, 0x7, 0xf0,

    /* U+51FB "击" */
    0x0, 0x0, 0x0, 0xa, 0xb0, 0x0, 0x0, 0x0,
    0x0, 0x0, 0x0, 0xa, 0xb0, 0x0, 0x0, 0x0,
    0x0, 0x0, 0x0, 0xa, 0xb0, 0x0, 0x0, 0x0,
    0x6, 0xff, 0xff, 0xff, 0xff, 0xff, 0xff, 0xb0,
    0x2, 0x66, 0x66, 0x6c, 0xd6, 0x66, 0x66, 0x40,
    0x0, 0x0, 0x0, 0xa, 0xb0, 0x0, 0x0, 0x0,
    0x0, 0x0, 0x0, 0xa, 0xb0, 0x0, 0x0, 0x0,
    0xef, 0xff, 0xff, 0xff, 0xff, 0xff, 0xff, 0xfc,
    0x56, 0x66, 0x66, 0x6c, 0xd6, 0x66, 0x66, 0x65,
    0x0, 0x0, 0x0, 0xa, 0xb0, 0x0, 0x0, 0x0,
    0x1, 0xc3, 0x0, 0xa, 0xb0, 0x0, 0xb, 0x50,
    0x1, 0xf5, 0x0, 0xa, 0xb0, 0x0, 0xf, 0x60,
    0x1, 0xf5, 0x0, 0xa, 0xb0, 0x0, 0xf, 0x60,
    0x1, 0xf5, 0x0, 0xa, 0xb0, 0x0, 0xf, 0x60,
    0x1, 0xff, 0xff, 0xff, 0xff, 0xff, 0xff, 0x60,
    0x0, 0x66, 0x66, 0x66, 0x66, 0x66, 0x6f, 0x60,
    0x0, 0x0, 0x0, 0x0, 0x0, 0x0, 0xf, 0x60,

    /* U+5219 "则" */
    0x0, 0x0, 0x0, 0x0, 0x0, 0x0, 0x0, 0x3f,
    0x20, 0xf, 0xff, 0xff, 0xff, 0x70, 0x0, 0x3,
    0xf2, 0x0, 0xf9, 0x55, 0x55, 0xf7, 0xe, 0x50,
    0x3f, 0x20, 0xf, 0x60, 0x74, 0xe, 0x70, 0xf6,
    0x3, 0xf2, 0x0, 0xf6, 0xe, 0x70, 0xe7, 0xf,
    0x60, 0x3f, 0x20, 0xf, 0x60, 0xe7, 0xe, 0x70,
    0xf6, 0x3, 0xf2, 0x0, 0xf6, 0xf, 0x60, 0xe7,
    0xf, 0x60, 0x3f, 0x20, 0xf, 0x60, 0xf6, 0xe,
    0x70, 0xf6, 0x3, 0xf2, 0x0, 0xf6, 0xf, 0x60,
    0xe7, 0xf, 0x60, 0x3f, 0x20, 0xf, 0x61, 0xf5,
    0xe, 0x70, 0xf6, 0x3, 0xf2, 0x0, 0xf6, 0x4f,
    0x40, 0xb5, 0xf, 0x60, 0x3f, 0x20, 0x2, 0x8,
    0xf1, 0x0, 0x0, 0xf6, 0x3, 0xf2, 0x0, 0x0,
    0xeb, 0x37, 0x0, 0x5, 0x10, 0x3f, 0x20, 0x0,
    0x8f, 0x45, 0xf6, 0x0, 0x0, 0x3, 0xf2, 0x0,
    0x5f, 0xa0, 0x7, 0xf3, 0x0, 0x0, 0x3f, 0x20,
    0x8f, 0xb0, 0x0, 0xc, 0xd0, 0x3a, 0x7a, 0xf1,
    0xb, 0x80, 0x0, 0x0, 0x28, 0x1, 0xcf, 0xfa,
    0x0, 0x0, 0x0, 0x0, 0x0, 0x0, 0x0, 0x0,
    0x0,

    /* U+5224 "判" */
    0x0, 0x0, 0xf5, 0x0, 0x0, 0x0, 0x0, 0xe5,
    0x4a, 0x0, 0xf5, 0x8, 0xb0, 0x0, 0x1, 0xf5,
    0x3f, 0x50, 0xf5, 0xd, 0xa0, 0x2e, 0x31, 0xf5,
    0xb, 0xc0, 0xf5, 0x3f, 0x40, 0x2f, 0x41, 0xf5,
    0x5, 0x91, 0xf5, 0x3d, 0x0, 0x2f, 0x41, 0xf5,
    0x35, 0x56, 0xf9, 0x55, 0x50, 0x2f, 0x41, 0xf5,
    0x8f, 0xff, 0xff, 0xff, 0xf2, 0x2f, 0x41, 0xf5,
    0x0, 0x0, 0xf5, 0x0, 0x0, 0x2f, 0x41, 0xf5,
    0x0, 0x0, 0xf5, 0x0, 0x0, 0x2f, 0x41, 0xf5,
    0x11, 0x11, 0xf6, 0x11, 0x10, 0x2f, 0x41, 0xf5,
    0xef, 0xff, 0xff, 0xff, 0xf8, 0x2f, 0x41, 0xf5,
    0x34, 0x47, 0xf5, 0x44, 0x42, 0x2f, 0x41, 0xf5,
    0x0, 0x8, 0xf0, 0x0, 0x0, 0x5, 0x11, 0xf5,
    0x0, 0xe, 0xa0, 0x0, 0x0, 0x0, 0x1, 0xf5,
    0x0, 0x7f, 0x30, 0x0, 0x0, 0x0, 0x1, 0xf5,
    0x4, 0xfa, 0x0, 0x0, 0x0, 0x9, 0x67, 0xf4,
    0x6, 0xc0, 0x0, 0x0, 0x0, 0x9, 0xdf, 0xc0,
    0x0, 0x0, 0x0, 0x0, 0x0, 0x0, 0x0, 0x0,

    /* U+5230 "到" */
    0x0, 0x0, 0x0, 0x0, 0x0, 0x0, 0x0, 0x3f,
    0x20, 0xef, 0xff, 0xff, 0xff, 0xf0, 0x0, 0x3,
    0xf2, 0x4, 0x55, 0xfc, 0x55, 0x55, 0xc, 0x60,
    0x3f, 0x20, 0x0, 0x6f, 0x42, 0x90, 0x0, 0xe7,
    0x3, 0xf2, 0x0, 0xe, 0xc0, 0x2f, 0x60, 0xe,
    0x70, 0x3f, 0x20, 0xa, 0xf3, 0x0, 0xbe, 0x0,
    0xe7, 0x3, 0xf2, 0x7, 0xfd, 0xbd, 0xff, 0xf6,
    0xe, 0x70, 0x3f, 0x20, 0x5e, 0xca, 0x85, 0x2d,
    0xb0, 0xe7, 0x3, 0xf2, 0x0, 0x0, 0x3b, 0x10,
    0x30, 0xe, 0x70, 0x3f, 0x20, 0x0, 0x4, 0xf2,
    0x0, 0x0, 0xe7, 0x3, 0xf2, 0x5, 0x99, 0xbf,
    0xa9, 0x94, 0xe, 0x70, 0x3f, 0x20, 0x6b, 0xbc,
    0xfb, 0xbb, 0x50, 0xe7, 0x3, 0xf2, 0x0, 0x0,
    0x4f, 0x20, 0x0, 0x4, 0x20, 0x3f, 0x20, 0x0,
    0x4, 0xf2, 0x0, 0x20, 0x0, 0x3, 0xf2, 0x0,
    0x24, 0x8f, 0xce, 0xff, 0x0, 0x0, 0x3f, 0x20,
    0xff, 0xff, 0xfc, 0x97, 0x40, 0x9, 0x7a, 0xf1,
    0x6, 0x74, 0x10, 0x0, 0x0, 0x0, 0xcf, 0xfa,
    0x0,

    /* U+52A8 "动" */
    0x0, 0x0, 0x0, 0x0, 0x0, 0xe, 0x80, 0x0,
    0x0, 0x14, 0x44, 0x44, 0x20, 0x0, 0xe8, 0x0,
    0x0, 0x5, 0xff, 0xff, 0xf9, 0x0, 0xe, 0x80,
    0x0, 0x0, 0x0, 0x0, 0x0, 0x1, 0x77, 0xfb,
    0x77, 0x74, 0x0, 0x0, 0x0, 0x0, 0x2d, 0xdf,
    0xed, 0xdf, 0x90, 0x33, 0x33, 0x33, 0x30, 0x0,
    0xe7, 0x0, 0xc8, 0xf, 0xff, 0xff, 0xff, 0x20,
    0xf, 0x70, 0xc, 0x80, 0x12, 0xae, 0x22, 0x20,
    0x0, 0xf5, 0x0, 0xc8, 0x0, 0xe, 0x90, 0x0,
    0x0, 0x3f, 0x30, 0xd, 0x70, 0x4, 0xf3, 0xc,
    0x40, 0x6, 0xf1, 0x0, 0xd7, 0x0, 0xbc, 0x0,
    0xac, 0x0, 0xad, 0x0, 0xe, 0x60, 0x3f, 0x40,
    0x5, 0xf2, 0xf, 0x80, 0x0, 0xf5, 0xc, 0xd6,
    0x8c, 0xff, 0x76, 0xf2, 0x0, 0x1f, 0x40, 0xdf,
    0xda, 0x62, 0x67, 0xeb, 0x0, 0x3, 0xf3, 0x0,
    0x0, 0x0, 0x0, 0xcf, 0x20, 0x77, 0xaf, 0x0,
    0x0, 0x0, 0x0, 0x4f, 0x40, 0x9, 0xef, 0x60,
    0x0, 0x0, 0x0, 0x0, 0x10, 0x0, 0x0, 0x0,
    0x0,

    /* U+52A9 "助" */
    0x0, 0x0, 0x0, 0x0, 0x0, 0xe, 0x80, 0x0,
    0x0, 0x5f, 0xff, 0xff, 0xe0, 0x0, 0xe8, 0x0,
    0x0, 0x5, 0xf6, 0x55, 0xae, 0x0, 0xe, 0x80,
    0x0, 0x0, 0x5f, 0x10, 0x7, 0xe1, 0xaa, 0xfd,
    0xaa, 0xa6, 0x5, 0xf1, 0x0, 0x7e, 0x2f, 0xff,
    0xff, 0xff, 0x90, 0x5f, 0x66, 0x6a, 0xe0, 0x0,
    0xe7, 0x0, 0xc8, 0x5, 0xff, 0xff, 0xfe, 0x0,
    0xf, 0x70, 0xc, 0x80, 0x5f, 0x10, 0x7, 0xe0,
    0x0, 0xf5, 0x0, 0xc8, 0x5, 0xf1, 0x0, 0x7e,
    0x0, 0x2f, 0x40, 0xd, 0x70, 0x5f, 0x66, 0x6a,
    0xe0, 0x5, 0xf1, 0x0, 0xd7, 0x5, 0xff, 0xff,
    0xfe, 0x0, 0x9d, 0x0, 0xe, 0x60, 0x5f, 0x10,
    0x7, 0xe0, 0xe, 0x90, 0x0, 0xf5, 0x5, 0xf1,
    0x0, 0x7f, 0x26, 0xf3, 0x0, 0x1f, 0x40, 0x7f,
    0x8a, 0xdf, 0xf7, 0xeb, 0x0, 0x3, 0xf3, 0x1f,
    0xfc, 0xa6, 0x30, 0xbf, 0x20, 0x77, 0xaf, 0x0,
    0x20, 0x0, 0x0, 0x3f, 0x40, 0x9, 0xef, 0x60,
    0x0, 0x0, 0x0, 0x0, 0x10, 0x0, 0x0, 0x0,
    0x0,

    /* U+5316 "化" */
    0x0, 0x0, 0x2, 0x0, 0x0, 0x0, 0x0, 0x0,
    0x0, 0x0, 0x7, 0xf1, 0x1, 0xf6, 0x0, 0x0,
    0x0, 0x0, 0x0, 0xda, 0x0, 0x1f, 0x60, 0x0,
    0x15, 0x0, 0x0, 0x6f, 0x20, 0x1, 0xf6, 0x0,
    0x1d, 0xd0, 0x0, 0xe, 0xa0, 0x0, 0x1f, 0x60,
    0x1d, 0xd1, 0x0, 0x9, 0xf7, 0x0, 0x1, 0xf6,
    0x3e, 0xe2, 0x0, 0x5, 0xff, 0x70, 0x0, 0x1f,
    0xbf, 0xd2, 0x0, 0x2, 0xfb, 0xe7, 0x0, 0x2,
    0xff, 0xa0, 0x0, 0x0, 0x1b, 0xe, 0x70, 0x7,
    0xff, 0x80, 0x0, 0x0, 0x0, 0x0, 0xe7, 0x6,
    0xfa, 0xf6, 0x0, 0x0, 0x0, 0x0, 0xe, 0x70,
    0x1, 0x1f, 0x60, 0x0, 0x0, 0x0, 0x0, 0xe7,
    0x0, 0x1, 0xf6, 0x0, 0x0, 0x55, 0x0, 0xe,
    0x70, 0x0, 0x1f, 0x60, 0x0, 0x8, 0xe0, 0x0,
    0xe7, 0x0, 0x1, 0xf6, 0x0, 0x0, 0xbc, 0x0,
    0xe, 0x70, 0x0, 0xf, 0xc7, 0x67, 0xaf, 0x90,
    0x0, 0xe7, 0x0, 0x0, 0x9f, 0xff, 0xfd, 0xa2,
    0x0, 0xe, 0x70, 0x0, 0x0, 0x0, 0x0, 0x0,
    0x0,

    /* U+5339 "匹" */
    0x2f, 0xff, 0xff, 0xff, 0xff, 0xff, 0xff, 0xf0,
    0x2f, 0xa9, 0x9f, 0xf9, 0x9c, 0xfa, 0x99, 0x90,
    0x2f, 0x30, 0x6, 0xe0, 0x3, 0xf1, 0x0, 0x0,
    0x2f, 0x30, 0x7, 0xe0, 0x3, 0xf1, 0x0, 0x0,
    0x2f, 0x30, 0x8, 0xd0, 0x3, 0xf1, 0x0, 0x0,
    0x2f, 0x30, 0x9, 0xc0, 0x3, 0xf1, 0x0, 0x0,
    0x2f, 0x30, 0xb, 0xa0, 0x3, 0xf1, 0x0, 0x0,
    0x2f, 0x30, 0xe, 0x70, 0x3, 0xf1, 0x3, 0xe1,
    0x2f, 0x30, 0x4f, 0x30, 0x3, 0xf1, 0x4, 0xf1,
    0x2f, 0x30, 0xcc, 0x0, 0x3, 0xf2, 0x7, 0xf0,
    0x2f, 0x39, 0xf3, 0x0, 0x2, 0xff, 0xff, 0xa0,
    0x2f, 0x3b, 0x50, 0x0, 0x0, 0x35, 0x53, 0x0,
    0x2f, 0x30, 0x0, 0x0, 0x0, 0x0, 0x0, 0x0,
    0x2f, 0x85, 0x55, 0x55, 0x55, 0x55, 0x55, 0x54,
    0x2f, 0xff, 0xff, 0xff, 0xff, 0xff, 0xff, 0xfb,

    /* U+5373 "即" */
    0x5, 0x55, 0x55, 0x52, 0x15, 0x55, 0x55, 0x52,
    0x2f, 0xff, 0xff, 0xf7, 0x3f, 0xff, 0xff, 0xf7,
    0x2f, 0x20, 0x0, 0xe7, 0x3f, 0x30, 0x0, 0xf7,
    0x2f, 0x42, 0x22, 0xe7, 0x3f, 0x30, 0x0, 0xf7,
    0x2f, 0xff, 0xff, 0xf7, 0x3f, 0x30, 0x0, 0xf7,
    0x2f, 0x42, 0x22, 0xe7, 0x3f, 0x30, 0x0, 0xf7,
    0x2f, 0x20, 0x0, 0xe7, 0x3f, 0x30, 0x0, 0xf7,
    0x2f, 0xff, 0xff, 0xf7, 0x3f, 0x30, 0x0, 0xf7,
    0x2f, 0x76, 0x66, 0x63, 0x3f, 0x30, 0x0, 0xf7,
    0x2f, 0x20, 0x2a, 0x0, 0x3f, 0x30, 0x0, 0xf7,
    0x2f, 0x20, 0x1f, 0x80, 0x3f, 0x30, 0x0, 0xf7,
    0x2f, 0x20, 0x9, 0xf1, 0x3f, 0x31, 0x0, 0xf7,
    0x2f, 0x24, 0xbf, 0xf8, 0x3f, 0x37, 0xff, 0xf5,
    0x2f, 0xef, 0xd6, 0xbd, 0x3f, 0x31, 0x56, 0x60,
    0x1f, 0xc5, 0x0, 0x10, 0x3f, 0x30, 0x0, 0x0,
    0x1, 0x0, 0x0, 0x0, 0x3f, 0x30, 0x0, 0x0,

    /* U+53C2 "参" */
    0x0, 0x0, 0x0, 0x7, 0x30, 0x0, 0x0, 0x0,
    0x0, 0x0, 0x0, 0x1, 0xbd, 0x10, 0x6, 0xa0,
    0x0, 0x0, 0x0, 0x0, 0x4d, 0xd2, 0x0, 0x3,
    0xec, 0x10, 0x0, 0x0, 0x1b, 0xff, 0x99, 0xbc,
    0xdf, 0xff, 0xe2, 0x0, 0x0, 0x1d, 0xcb, 0xaa,
    0x87, 0x53, 0x22, 0xd4, 0x0, 0x2, 0x22, 0x22,
    0x3e, 0x92, 0x22, 0x22, 0x22, 0x20, 0xf, 0xff,
    0xff, 0xff, 0xff, 0xff, 0xff, 0xff, 0xf0, 0x3,
    0x33, 0x4e, 0xf5, 0x33, 0x4d, 0xe5, 0x33, 0x30,
    0x0, 0x18, 0xfd, 0x30, 0x18, 0xe3, 0xcf, 0x81,
    0x0, 0xc, 0xfe, 0x81, 0x5a, 0xfe, 0x70, 0x8,
    0xff, 0x80, 0x6, 0x54, 0xcf, 0xfb, 0x60, 0x3a,
    0xe1, 0x2b, 0xc0, 0x0, 0x0, 0x84, 0x11, 0x6c,
    0xfd, 0x50, 0x20, 0x0, 0x0, 0x1, 0x48, 0xdf,
    0xfb, 0x40, 0x3b, 0xf2, 0x0, 0x0, 0x9, 0xfd,
    0x95, 0x1, 0x6c, 0xfb, 0x20, 0x0, 0x0, 0x0,
    0x10, 0x47, 0xcf, 0xfa, 0x40, 0x0, 0x0, 0x0,
    0x6b, 0xdf, 0xfe, 0xa6, 0x10, 0x0, 0x0, 0x0,
    0x0, 0x29, 0x74, 0x20, 0x0, 0x0, 0x0, 0x0,
    0x0,

    /* U+53D6 "取" */
    0xe, 0xff, 0xff, 0xff, 0xfa, 0xff, 0xff, 0xff,
    0x70, 0x4, 0xeb, 0x55, 0x7f, 0x73, 0xcb, 0x55,
    0x6f, 0x50, 0x0, 0xd9, 0x0, 0x2f, 0x30, 0x9a,
    0x0, 0x2f, 0x40, 0x0, 0xdb, 0x55, 0x6f, 0x30,
    0x7d, 0x0, 0x4f, 0x10, 0x0, 0xdf, 0xff, 0xff,
    0x30, 0x4f, 0x0, 0x7e, 0x0, 0x0, 0xd9, 0x0,
    0x2f, 0x30, 0x1f, 0x30, 0xbb, 0x0, 0x0, 0xd9,
    0x0, 0x2f, 0x30, 0xd, 0x70, 0xf7, 0x0, 0x0,
    0xdf, 0xff, 0xff, 0x30, 0x9, 0xb4, 0xf2, 0x0,
    0x0, 0xdb, 0x55, 0x6f, 0x30, 0x5, 0xfb, 0xd0,
    0x0, 0x0, 0xd9, 0x0, 0x2f, 0x30, 0x0, 0xef,
    0x60, 0x0, 0x0, 0xd9, 0x0, 0x2f, 0x71, 0x0,
    0xaf, 0x20, 0x0, 0x5, 0xed, 0xad, 0xff, 0xf6,
    0x3, 0xff, 0xa0, 0x0, 0xe, 0xfe, 0xc9, 0x9f,
    0x50, 0xd, 0xd8, 0xf5, 0x0, 0x2, 0x0, 0x0,
    0x2f, 0x31, 0xcf, 0x30, 0xbf, 0x30, 0x0, 0x0,
    0x0, 0x2f, 0x3c, 0xf5, 0x0, 0x1d, 0xe1, 0x0,
    0x0, 0x0, 0x2f, 0x35, 0x30, 0x0, 0x2, 0x90,

    /* U+53D8 "变" */
    0x0, 0x0, 0x0, 0x7, 0x50, 0x0, 0x0, 0x0,
    0x0, 0x0, 0x0, 0x0, 0xae, 0x0, 0x0, 0x0,
    0x0, 0x4f, 0xff, 0xff, 0xff, 0xff, 0xff, 0xff,
    0xfd, 0x1, 0x66, 0x66, 0x8f, 0x76, 0xdc, 0x66,
    0x66, 0x50, 0x0, 0x8, 0x13, 0xf2, 0xc, 0xa0,
    0x71, 0x0, 0x0, 0x8, 0xf2, 0x3f, 0x20, 0xca,
    0x2e, 0xd2, 0x0, 0x5, 0xf8, 0x3, 0xf2, 0xc,
    0xa0, 0x2e, 0xd1, 0x2, 0xfc, 0x0, 0x3f, 0x20,
    0xca, 0x0, 0x3f, 0xa0, 0x4, 0x0, 0x0, 0x20,
    0x1, 0x10, 0x0, 0x41, 0x0, 0xf, 0xff, 0xff,
    0xff, 0xff, 0xff, 0xf3, 0x0, 0x0, 0x6e, 0xd6,
    0x66, 0x66, 0x66, 0xee, 0x10, 0x0, 0x0, 0x2e,
    0x80, 0x0, 0x0, 0x9f, 0x50, 0x0, 0x0, 0x0,
    0x3e, 0xb2, 0x2, 0xcf, 0x60, 0x0, 0x0, 0x0,
    0x0, 0x1b, 0xfb, 0xfd, 0x40, 0x0, 0x0, 0x0,
    0x2, 0x58, 0xdf, 0xef, 0xea, 0x73, 0x10, 0x2,
    0xef, 0xff, 0xc8, 0x30, 0x27, 0xcf, 0xff, 0xd0,
    0x7, 0x53, 0x0, 0x0, 0x0, 0x0, 0x3, 0x55,
    0x0,

    /* U+53E3 "口" */
    0x3, 0x33, 0x33, 0x33, 0x33, 0x33, 0x30, 0x1f,
    0xff, 0xff, 0xff, 0xff, 0xff, 0xf3, 0x1f, 0x41,
    0x11, 0x11, 0x11, 0x14, 0xf3, 0x1f, 0x30, 0x0,
    0x0, 0x0, 0x3, 0xf3, 0x1f, 0x30, 0x0, 0x0,
    0x0, 0x3, 0xf3, 0x1f, 0x30, 0x0, 0x0, 0x0,
    0x3, 0xf3, 0x1f, 0x30, 0x0, 0x0, 0x0, 0x3,
    0xf3, 0x1f, 0x30, 0x0, 0x0, 0x0, 0x3, 0xf3,
    0x1f, 0x30, 0x0, 0x0, 0x0, 0x3, 0xf3, 0x1f,
    0x30, 0x0, 0x0, 0x0, 0x3, 0xf3, 0x1f, 0x30,
    0x0, 0x0, 0x0, 0x3, 0xf3, 0x1f, 0x30, 0x0,
    0x0, 0x0, 0x3, 0xf3, 0x1f, 0x86, 0x66, 0x66,
    0x66, 0x68, 0xf3, 0x1f, 0xff, 0xff, 0xff, 0xff,
    0xff, 0xf3, 0x1f, 0x30, 0x0, 0x0, 0x0, 0x3,
    0xf3,

    /* U+53EB "叫" */
    0x0, 0x0, 0x0, 0x0, 0x0, 0x0, 0xe, 0x70,
    0x0, 0x0, 0x0, 0xf, 0x60, 0x0, 0xe7, 0x5f,
    0xff, 0xfe, 0x0, 0xf6, 0x0, 0xe, 0x75, 0xf6,
    0x5a, 0xe0, 0xf, 0x60, 0x0, 0xe7, 0x5f, 0x10,
    0x7e, 0x0, 0xf6, 0x0, 0xe, 0x75, 0xf1, 0x7,
    0xe0, 0xf, 0x60, 0x0, 0xe7, 0x5f, 0x10, 0x7e,
    0x0, 0xf6, 0x0, 0xe, 0x75, 0xf1, 0x7, 0xe0,
    0xf, 0x60, 0x0, 0xe7, 0x5f, 0x10, 0x7e, 0x0,
    0xf6, 0x0, 0xe, 0x75, 0xf1, 0x7, 0xe0, 0xf,
    0x60, 0x0, 0xe7, 0x5f, 0x65, 0xae, 0x0, 0xf6,
    0x0, 0x1f, 0x75, 0xff, 0xff, 0xe0, 0xf, 0x87,
    0xcf, 0xf7, 0x5f, 0x10, 0x7e, 0x0, 0xff, 0xc8,
    0x4e, 0x73, 0xb1, 0x0, 0x10, 0x2, 0x10, 0x0,
    0xe7, 0x0, 0x0, 0x0, 0x0, 0x0, 0x0, 0xe,
    0x70, 0x0, 0x0, 0x0, 0x0, 0x0, 0x0, 0xe7,
    0x0, 0x0, 0x0, 0x0, 0x0, 0x0, 0xe, 0x70,

    /* U+53EF "可" */
    0x6, 0x66, 0x66, 0x66, 0x66, 0x66, 0x66, 0x66,
    0x60, 0x1f, 0xff, 0xff, 0xff, 0xff, 0xff, 0xff,
    0xff, 0xf2, 0x0, 0x0, 0x0, 0x0, 0x0, 0x0,
    0xe, 0x70, 0x0, 0x0, 0x0, 0x0, 0x0, 0x0,
    0x0, 0xe, 0x70, 0x0, 0x0, 0x6, 0x66, 0x66,
    0x64, 0x0, 0xe, 0x70, 0x0, 0x0, 0x1f, 0xff,
    0xff, 0xfa, 0x0, 0xe, 0x70, 0x0, 0x0, 0x1f,
    0x40, 0x0, 0xca, 0x0, 0xe, 0x70, 0x0, 0x0,
    0x1f, 0x40, 0x0, 0xca, 0x0, 0xe, 0x70, 0x0,
    0x0, 0x1f, 0x40, 0x0, 0xca, 0x0, 0xe, 0x70,
    0x0, 0x0, 0x1f, 0x96, 0x66, 0xda, 0x0, 0xe,
    0x70, 0x0, 0x0, 0x1f, 0xee, 0xee, 0xe9, 0x0,
    0xe, 0x70, 0x0, 0x0, 0x1c, 0x30, 0x0, 0x0,
    0x0, 0xe, 0x70, 0x0, 0x0, 0x0, 0x0, 0x0,
    0x0, 0x0, 0xe, 0x70, 0x0, 0x0, 0x0, 0x0,
    0x0, 0x0, 0x0, 0xe, 0x70, 0x0, 0x0, 0x0,
    0x0, 0x0, 0x0, 0x46, 0x7f, 0x60, 0x0, 0x0,
    0x0, 0x0, 0x0, 0x0, 0x6f, 0xfb, 0x10, 0x0,

    /* U+540E "后" */
    0x0, 0x0, 0x0, 0x0, 0x0, 0x0, 0x2, 0x40,
    0x0, 0x0, 0x45, 0x67, 0x89, 0xbc, 0xef, 0xff,
    0x60, 0x0, 0x4f, 0xfe, 0xdc, 0xba, 0x87, 0x53,
    0x10, 0x0, 0x4, 0xf3, 0x0, 0x0, 0x0, 0x0,
    0x0, 0x0, 0x0, 0x4f, 0x30, 0x0, 0x0, 0x0,
    0x0, 0x0, 0x0, 0x4, 0xff, 0xff, 0xff, 0xff,
    0xff, 0xff, 0xfa, 0x0, 0x4f, 0x86, 0x66, 0x66,
    0x66, 0x66, 0x66, 0x40, 0x5, 0xf3, 0x0, 0x0,
    0x0, 0x0, 0x0, 0x0, 0x0, 0x5f, 0x20, 0x22,
    0x22, 0x22, 0x22, 0x20, 0x0, 0x6, 0xf2, 0x6f,
    0xff, 0xff, 0xff, 0xff, 0x70, 0x0, 0x7f, 0x16,
    0xf3, 0x33, 0x33, 0x33, 0xf7, 0x0, 0x9, 0xf0,
    0x6f, 0x0, 0x0, 0x0, 0xf, 0x70, 0x0, 0xcd,
    0x6, 0xf0, 0x0, 0x0, 0x0, 0xf7, 0x0, 0x1f,
    0xa0, 0x6f, 0x0, 0x0, 0x0, 0xf, 0x70, 0x9,
    0xf4, 0x6, 0xff, 0xff, 0xff, 0xff, 0xf7, 0x1,
    0xfd, 0x0, 0x6f, 0x65, 0x55, 0x55, 0x5f, 0x70,
    0x7, 0x40, 0x6, 0xf0, 0x0, 0x0, 0x0, 0xf7,
    0x0, 0x0, 0x0, 0x1, 0x0, 0x0, 0x0, 0x0,
    0x0,

    /* U+542F "启" */
    0x0, 0x0, 0x0, 0x0, 0x12, 0x0, 0x0, 0x0,
    0x0, 0x0, 0x0, 0x0, 0xbb, 0x0, 0x0, 0x0,
    0x0, 0x6, 0x77, 0x77, 0xaf, 0x77, 0x77, 0x73,
    0x0, 0xe, 0xfe, 0xee, 0xee, 0xee, 0xee, 0xf7,
    0x0, 0xe, 0x70, 0x0, 0x0, 0x0, 0x0, 0xe7,
    0x0, 0xe, 0x70, 0x0, 0x0, 0x0, 0x0, 0xe7,
    0x0, 0xe, 0xa6, 0x66, 0x66, 0x66, 0x66, 0xf7,
    0x0, 0xe, 0xff, 0xff, 0xff, 0xff, 0xff, 0xf7,
    0x0, 0xf, 0x70, 0x0, 0x0, 0x0, 0x0, 0x0,
    0x0, 0xf, 0x71, 0x22, 0x22, 0x22, 0x22, 0x21,
    0x0, 0x2f, 0x57, 0xff, 0xff, 0xff, 0xff, 0xfd,
    0x0, 0x5f, 0x47, 0xf2, 0x22, 0x22, 0x22, 0x9d,
    0x0, 0x9f, 0x17, 0xf0, 0x0, 0x0, 0x0, 0x9d,
    0x1, 0xfc, 0x7, 0xf0, 0x0, 0x0, 0x0, 0x9d,
    0xa, 0xf5, 0x7, 0xff, 0xff, 0xff, 0xff, 0xfd,
    0x3f, 0xc0, 0x7, 0xf6, 0x66, 0x66, 0x66, 0xbd,
    0xa, 0x20, 0x7, 0xf0, 0x0, 0x0, 0x0, 0x9d,
    0x0, 0x0, 0x0, 0x0, 0x0, 0x0, 0x0, 0x0,

    /* U+544A "告" */
    0x0, 0x0, 0x86, 0x0, 0xac, 0x0, 0x0, 0x0,
    0x0, 0x0, 0x2, 0xf8, 0x0, 0xac, 0x0, 0x0,
    0x0, 0x0, 0x0, 0x8, 0xf3, 0x0, 0xac, 0x0,
    0x0, 0x0, 0x0, 0x0, 0x2f, 0xff, 0xff, 0xff,
    0xff, 0xff, 0xfe, 0x0, 0x0, 0xcf, 0x55, 0x55,
    0xbd, 0x55, 0x55, 0x54, 0x0, 0x0, 0x96, 0x0,
    0x0, 0xac, 0x0, 0x0, 0x0, 0x0, 0x2, 0x22,
    0x22, 0x22, 0xad, 0x22, 0x22, 0x22, 0x20, 0x1f,
    0xff, 0xff, 0xff, 0xff, 0xff, 0xff, 0xff, 0xf1,
    0x2, 0x22, 0x22, 0x22, 0x22, 0x22, 0x22, 0x22,
    0x20, 0x0, 0x4, 0x44, 0x44, 0x44, 0x44, 0x44,
    0x40, 0x0, 0x0, 0xf, 0xff, 0xff, 0xff, 0xff,
    0xff, 0xf3, 0x0, 0x0, 0xf, 0x71, 0x11, 0x11,
    0x11, 0x14, 0xf3, 0x0, 0x0, 0xf, 0x70, 0x0,
    0x0, 0x0, 0x3, 0xf3, 0x0, 0x0, 0xf, 0x70,
    0x0, 0x0, 0x0, 0x3, 0xf3, 0x0, 0x0, 0xf,
    0xff, 0xff, 0xff, 0xff, 0xff, 0xf3, 0x0, 0x0,
    0xf, 0xa6, 0x66, 0x66, 0x66, 0x68, 0xf3, 0x0,
    0x0, 0xf, 0x70, 0x0, 0x0, 0x0, 0x3, 0xf3,
    0x0,

    /* U+548C "和" */
    0x0, 0x0, 0x0, 0x37, 0x30, 0x0, 0x0, 0x0,
    0x0, 0x46, 0x9b, 0xff, 0xf8, 0x1, 0x11, 0x11,
    0x10, 0xf, 0xfc, 0xdf, 0x30, 0x0, 0xff, 0xff,
    0xff, 0x60, 0x10, 0x8, 0xe0, 0x0, 0xf, 0x83,
    0x33, 0xe6, 0x0, 0x0, 0x8e, 0x0, 0x0, 0xf6,
    0x0, 0xe, 0x60, 0xee, 0xef, 0xfe, 0xed, 0xf,
    0x60, 0x0, 0xe6, 0x6, 0x66, 0xdf, 0x66, 0x60,
    0xf6, 0x0, 0xe, 0x60, 0x0, 0x1f, 0xf8, 0x0,
    0xf, 0x60, 0x0, 0xe6, 0x0, 0x8, 0xff, 0xf8,
    0x0, 0xf6, 0x0, 0xe, 0x60, 0x2, 0xfb, 0xe5,
    0xf8, 0xf, 0x60, 0x0, 0xe6, 0x0, 0xca, 0x8e,
    0x7, 0xc0, 0xf6, 0x0, 0xe, 0x60, 0x8f, 0x18,
    0xe0, 0x1, 0xf, 0x60, 0x0, 0xe6, 0x2f, 0x40,
    0x8e, 0x0, 0x0, 0xf6, 0x0, 0xe, 0x60, 0x30,
    0x8, 0xe0, 0x0, 0xf, 0xff, 0xff, 0xf6, 0x0,
    0x0, 0x8e, 0x0, 0x0, 0xf9, 0x55, 0x5f, 0x60,
    0x0, 0x8, 0xe0, 0x0, 0xa, 0x40, 0x0, 0x94,
    0x0, 0x0, 0x8e, 0x0, 0x0, 0x0, 0x0, 0x0,
    0x0,

    /* U+5524 "唤" */
    0x0, 0x0, 0x0, 0x0, 0x37, 0x0, 0x0, 0x0,
    0x0, 0x0, 0x0, 0x0, 0xd, 0xb0, 0x0, 0x0,
    0x0, 0x7f, 0xff, 0xe0, 0x6, 0xff, 0xff, 0xf3,
    0x0, 0x7, 0xf5, 0xae, 0x4, 0xfa, 0x44, 0x9f,
    0x10, 0x0, 0x7e, 0x7, 0xe0, 0xcc, 0x0, 0xe,
    0x90, 0x0, 0x7, 0xe0, 0x7e, 0x4, 0x65, 0x58,
    0xf7, 0x55, 0x0, 0x7e, 0x7, 0xe0, 0x7f, 0xee,
    0xff, 0xef, 0xe0, 0x7, 0xe0, 0x7e, 0x7, 0xe0,
    0xf, 0x60, 0x7e, 0x0, 0x7e, 0x7, 0xe0, 0x7e,
    0x3, 0xf4, 0x7, 0xe0, 0x7, 0xe0, 0x7e, 0x7,
    0xe0, 0x5f, 0x20, 0x7e, 0x0, 0x7f, 0x5a, 0xe7,
    0xef, 0xde, 0xfd, 0xde, 0xfd, 0x7, 0xff, 0xfe,
    0x47, 0x78, 0xfe, 0xf9, 0x77, 0x70, 0x7e, 0x7,
    0xe0, 0x0, 0x7f, 0x3e, 0x90, 0x0, 0x5, 0xa0,
    0x1, 0x0, 0x3f, 0xa0, 0x5f, 0x70, 0x0, 0x0,
    0x0, 0x0, 0x5f, 0xd1, 0x0, 0x9f, 0xa2, 0x0,
    0x0, 0x0, 0x5f, 0xc1, 0x0, 0x0, 0x8f, 0xe0,
    0x0, 0x0, 0x0, 0x60, 0x0, 0x0, 0x0, 0x24,
    0x0,

    /* U+56DE "回" */
    0x6, 0x66, 0x66, 0x66, 0x66, 0x66, 0x66, 0x60,
    0xf, 0xff, 0xff, 0xff, 0xff, 0xff, 0xff, 0xf1,
    0xf, 0x60, 0x0, 0x0, 0x0, 0x0, 0x4, 0xf1,
    0xf, 0x60, 0x1, 0x11, 0x11, 0x10, 0x4, 0xf1,
    0xf, 0x60, 0x4f, 0xff, 0xff, 0xf5, 0x4, 0xf1,
    0xf, 0x60, 0x4f, 0x54, 0x45, 0xf5, 0x4, 0xf1,
    0xf, 0x60, 0x4f, 0x10, 0x1, 0xf5, 0x4, 0xf1,
    0xf, 0x60, 0x4f, 0x10, 0x1, 0xf5, 0x4, 0xf1,
    0xf, 0x60, 0x4f, 0x10, 0x1, 0xf5, 0x4, 0xf1,
    0xf, 0x60, 0x4f, 0x76, 0x66, 0xf5, 0x4, 0xf1,
    0xf, 0x60, 0x4f, 0xff, 0xff, 0xf4, 0x4, 0xf1,
    0xf, 0x60, 0x0, 0x0, 0x0, 0x0, 0x4, 0xf1,
    0xf, 0x60, 0x0, 0x0, 0x0, 0x0, 0x4, 0xf1,
    0xf, 0xff, 0xff, 0xff, 0xff, 0xff, 0xff, 0xf1,
    0xf, 0x95, 0x55, 0x55, 0x55, 0x55, 0x58, 0xf1,
    0xf, 0x60, 0x0, 0x0, 0x0, 0x0, 0x4, 0xf1,

    /* U+56ED "园" */
    0x6f, 0xff, 0xff, 0xff, 0xff, 0xff, 0xff, 0xf6,
    0x6f, 0x55, 0x55, 0x55, 0x55, 0x55, 0x55, 0xf6,
    0x6f, 0x0, 0x66, 0x66, 0x66, 0x63, 0x0, 0xf6,
    0x6f, 0x0, 0xff, 0xff, 0xff, 0xf9, 0x0, 0xf6,
    0x6f, 0x0, 0x0, 0x0, 0x0, 0x0, 0x0, 0xf6,
    0x6f, 0x3, 0x33, 0x33, 0x33, 0x33, 0x20, 0xf6,
    0x6f, 0xe, 0xff, 0xff, 0xff, 0xff, 0xa0, 0xf6,
    0x6f, 0x1, 0x19, 0xe1, 0x6f, 0x21, 0x10, 0xf6,
    0x6f, 0x0, 0xb, 0xc0, 0x5f, 0x10, 0x0, 0xf6,
    0x6f, 0x0, 0x2f, 0x70, 0x5f, 0x10, 0xa4, 0xf6,
    0x6f, 0x4, 0xee, 0x10, 0x4f, 0x45, 0xf5, 0xf6,
    0x6f, 0x2f, 0xb1, 0x0, 0x1e, 0xff, 0xd0, 0xf6,
    0x6f, 0x2, 0x0, 0x0, 0x0, 0x11, 0x0, 0xf6,
    0x6f, 0xee, 0xee, 0xee, 0xee, 0xee, 0xee, 0xf6,
    0x6f, 0x76, 0x66, 0x66, 0x66, 0x66, 0x66, 0xf6,
    0x6f, 0x0, 0x0, 0x0, 0x0, 0x0, 0x0, 0xf6,

    /* U+5730 "地" */
    0x0, 0x0, 0x0, 0x0, 0x0, 0xe, 0x70, 0x0,
    0x0, 0x0, 0xf, 0x50, 0x0, 0x94, 0xe, 0x70,
    0x0, 0x0, 0x0, 0xf, 0x50, 0x0, 0xe7, 0xe,
    0x70, 0x0, 0x0, 0x0, 0xf, 0x50, 0x0, 0xe7,
    0xe, 0x70, 0x5, 0x20, 0x6, 0x6f, 0x96, 0x20,
    0xe7, 0xe, 0xa9, 0xff, 0x30, 0xf, 0xff, 0xff,
    0x60, 0xe9, 0x8f, 0xfd, 0xaf, 0x30, 0x0, 0xf,
    0x50, 0x16, 0xff, 0xef, 0x80, 0x4f, 0x30, 0x0,
    0xf, 0x50, 0x1f, 0xf9, 0xe, 0x70, 0x5f, 0x20,
    0x0, 0xf, 0x50, 0x0, 0xe7, 0xe, 0x70, 0x5f,
    0x10, 0x0, 0xf, 0x50, 0x0, 0xe7, 0xe, 0x70,
    0x7f, 0x0, 0x0, 0xf, 0x50, 0x0, 0xe7, 0xe,
    0x77, 0xec, 0x0, 0x0, 0xf, 0xce, 0x30, 0xe7,
    0xe, 0x7c, 0xe4, 0x0, 0x1d, 0xff, 0xa4, 0x0,
    0xe7, 0x6, 0x30, 0x3, 0xa0, 0x7, 0x30, 0x0,
    0x0, 0xe7, 0x0, 0x0, 0x6, 0xf0, 0x0, 0x0,
    0x0, 0x0, 0xec, 0x55, 0x56, 0x7d, 0xc0, 0x0,
    0x0, 0x0, 0x0, 0x8e, 0xff, 0xff, 0xec, 0x30,

    /* U+573A "场" */
    0x0, 0xf, 0x50, 0xc, 0xff, 0xff, 0xff, 0xf6,
    0x0, 0x0, 0xf5, 0x0, 0x46, 0x66, 0x68, 0xfe,
    0x20, 0x0, 0xf, 0x50, 0x0, 0x0, 0x3, 0xed,
    0x20, 0x0, 0x66, 0xf9, 0x62, 0x0, 0x7, 0xfb,
    0x10, 0x0, 0xe, 0xef, 0xfe, 0x50, 0x3c, 0xf6,
    0x0, 0x0, 0x0, 0x0, 0xf5, 0x1, 0xaf, 0xe6,
    0x44, 0x44, 0x42, 0x0, 0xf, 0x50, 0xe, 0xff,
    0xff, 0xff, 0xff, 0x80, 0x0, 0xf5, 0x0, 0x0,
    0x6f, 0x6, 0xf0, 0xf8, 0x0, 0xf, 0x50, 0x0,
    0xc, 0xb0, 0xac, 0xf, 0x70, 0x0, 0xf5, 0x0,
    0x5, 0xf3, 0xf, 0x70, 0xf7, 0x0, 0xf, 0xac,
    0x31, 0xeb, 0x7, 0xf1, 0xf, 0x60, 0x6b, 0xff,
    0xa2, 0xce, 0x11, 0xea, 0x1, 0xf5, 0x1f, 0xc7,
    0x10, 0xce, 0x30, 0xbf, 0x20, 0x2f, 0x40, 0x10,
    0x0, 0x4, 0x30, 0x8f, 0x60, 0x4, 0xf3, 0x0,
    0x0, 0x0, 0x0, 0x9f, 0x90, 0x57, 0xbf, 0x0,
    0x0, 0x0, 0x0, 0x8, 0x90, 0x9, 0xff, 0x70,
    0x0, 0x0, 0x0, 0x0, 0x0, 0x0, 0x0, 0x0,
    0x0,

    /* U+58F0 "声" */
    0x0, 0x0, 0x0, 0x0, 0xab, 0x0, 0x0, 0x0,
    0x0, 0x44, 0x44, 0x44, 0x4c, 0xd4, 0x44, 0x44,
    0x43, 0xe, 0xff, 0xff, 0xff, 0xff, 0xff, 0xff,
    0xff, 0xd0, 0x0, 0x0, 0x0, 0xa, 0xb0, 0x0,
    0x0, 0x0, 0x0, 0x46, 0x66, 0x66, 0xcd, 0x66,
    0x66, 0x64, 0x0, 0xa, 0xff, 0xff, 0xff, 0xff,
    0xff, 0xff, 0xa0, 0x0, 0x0, 0x0, 0x0, 0x0,
    0x0, 0x0, 0x0, 0x0, 0x8, 0xff, 0xff, 0xff,
    0xff, 0xff, 0xff, 0xe0, 0x0, 0x8e, 0x55, 0x55,
    0xaf, 0x55, 0x55, 0xae, 0x0, 0x8, 0xe0, 0x0,
    0x7, 0xf0, 0x0, 0x7, 0xe0, 0x0, 0x8e, 0x66,
    0x66, 0xaf, 0x66, 0x66, 0xae, 0x0, 0x9, 0xff,
    0xff, 0xff, 0xff, 0xff, 0xff, 0xe0, 0x0, 0xbd,
    0x0, 0x0, 0x0, 0x0, 0x0, 0x7e, 0x0, 0xe,
    0xa0, 0x0, 0x0, 0x0, 0x0, 0x1, 0x20, 0x5,
    0xf5, 0x0, 0x0, 0x0, 0x0, 0x0, 0x0, 0x0,
    0xed, 0x0, 0x0, 0x0, 0x0, 0x0, 0x0, 0x0,
    0x5, 0x20, 0x0, 0x0, 0x0, 0x0, 0x0, 0x0,
    0x0,

    /* U+5916 "外" */
    0x0, 0x7, 0x80, 0x0, 0x3, 0xf2, 0x0, 0x0,
    0x0, 0xc, 0xa0, 0x0, 0x3, 0xf2, 0x0, 0x0,
    0x0, 0x1f, 0x60, 0x0, 0x3, 0xf2, 0x0, 0x0,
    0x0, 0x7f, 0xff, 0xff, 0x33, 0xf2, 0x0, 0x0,
    0x0, 0xcc, 0x66, 0x9f, 0x23, 0xf2, 0x0, 0x0,
    0x4, 0xf5, 0x0, 0x7f, 0x3, 0xf2, 0x0, 0x0,
    0xb, 0xe0, 0x0, 0xbc, 0x3, 0xfb, 0x0, 0x0,
    0x4f, 0xf8, 0x0, 0xf7, 0x3, 0xff, 0xb0, 0x0,
    0xbd, 0x7f, 0x84, 0xf2, 0x3, 0xf6, 0xfb, 0x0,
    0x13, 0x7, 0x5a, 0xc0, 0x3, 0xf2, 0x5f, 0xa0,
    0x0, 0x0, 0x2f, 0x50, 0x3, 0xf2, 0x8, 0xf5,
    0x0, 0x0, 0xbd, 0x0, 0x3, 0xf2, 0x0, 0xa0,
    0x0, 0x7, 0xf4, 0x0, 0x3, 0xf2, 0x0, 0x0,
    0x0, 0x7f, 0x80, 0x0, 0x3, 0xf2, 0x0, 0x0,
    0x2b, 0xfa, 0x0, 0x0, 0x3, 0xf2, 0x0, 0x0,
    0x9f, 0x80, 0x0, 0x0, 0x3, 0xf2, 0x0, 0x0,
    0x23, 0x0, 0x0, 0x0, 0x3, 0xf2, 0x0, 0x0,

    /* U+59FF "姿" */
    0x0, 0x0, 0x0, 0x0, 0x62, 0x0, 0x0, 0x0,
    0x0, 0x1, 0xd8, 0x0, 0x2, 0xf9, 0x44, 0x44,
    0x44, 0x0, 0x0, 0x7f, 0xe2, 0xc, 0xff, 0xff,
    0xff, 0xff, 0x20, 0x0, 0x2, 0x70, 0x9f, 0x40,
    0x9e, 0x0, 0xcd, 0x0, 0x0, 0x0, 0x0, 0xb7,
    0x0, 0xdf, 0x43, 0xe4, 0x0, 0x0, 0x0, 0x24,
    0x0, 0x9, 0xfa, 0xf7, 0x0, 0x0, 0x0, 0x5b,
    0xfb, 0x5, 0xcf, 0x60, 0x6f, 0xd6, 0x10, 0xe,
    0xfe, 0x60, 0xcf, 0xa2, 0x0, 0x2, 0xaf, 0xb0,
    0x7, 0x50, 0x0, 0x26, 0x40, 0x0, 0x0, 0x1,
    0x10, 0x4, 0x44, 0x44, 0x5f, 0xb4, 0x44, 0x44,
    0x44, 0x40, 0x3f, 0xff, 0xff, 0xff, 0xff, 0xff,
    0xff, 0xff, 0xf0, 0x0, 0x0, 0x1d, 0xd1, 0x0,
    0x3, 0xf6, 0x0, 0x0, 0x0, 0x2, 0xef, 0x20,
    0x0, 0x3e, 0xb0, 0x0, 0x0, 0x0, 0x5, 0xae,
    0xfc, 0x99, 0xfb, 0x0, 0x0, 0x0, 0x0, 0x0,
    0x14, 0xaf, 0xff, 0xfe, 0x95, 0x10, 0x0, 0xa,
    0xdf, 0xff, 0xe9, 0x40, 0x27, 0xcf, 0xfc, 0x20,
    0x4, 0x97, 0x41, 0x0, 0x0, 0x0, 0x1, 0x67,
    0x0,

    /* U+5B88 "守" */
    0x0, 0x0, 0x0, 0x18, 0x30, 0x0, 0x0, 0x0,
    0x0, 0x0, 0x0, 0x1e, 0xc0, 0x0, 0x0, 0x0,
    0x36, 0x66, 0x66, 0x6b, 0xf7, 0x66, 0x66, 0x64,
    0xaf, 0xff, 0xff, 0xff, 0xff, 0xff, 0xff, 0xfa,
    0xad, 0x0, 0x0, 0x0, 0x0, 0x0, 0x0, 0xda,
    0x9b, 0x0, 0x0, 0x0, 0x0, 0x67, 0x0, 0xb9,
    0x0, 0x0, 0x0, 0x0, 0x0, 0xab, 0x0, 0x0,
    0xdf, 0xff, 0xff, 0xff, 0xff, 0xff, 0xff, 0xfe,
    0x56, 0x66, 0x66, 0x66, 0x66, 0xcd, 0x66, 0x65,
    0x0, 0x1, 0x20, 0x0, 0x0, 0xab, 0x0, 0x0,
    0x0, 0xd, 0xd0, 0x0, 0x0, 0xab, 0x0, 0x0,
    0x0, 0x5, 0xf6, 0x0, 0x0, 0xab, 0x0, 0x0,
    0x0, 0x0, 0xdd, 0x0, 0x0, 0xab, 0x0, 0x0,
    0x0, 0x0, 0x7d, 0x10, 0x0, 0xab, 0x0, 0x0,
    0x0, 0x0, 0x0, 0x0, 0x0, 0xab, 0x0, 0x0,
    0x0, 0x0, 0x0, 0x7, 0x97, 0xeb, 0x0, 0x0,
    0x0, 0x0, 0x0, 0x7, 0xdf, 0xe4, 0x0, 0x0,

    /* U+5B89 "安" */
    0x0, 0x0, 0x0, 0x18, 0x20, 0x0, 0x0, 0x0,
    0x0, 0x0, 0x0, 0xe, 0xa0, 0x0, 0x0, 0x0,
    0xbf, 0xff, 0xff, 0xff, 0xff, 0xff, 0xff, 0xfa,
    0xbc, 0x44, 0x44, 0x44, 0x44, 0x44, 0x44, 0xda,
    0xbb, 0x0, 0x0, 0xd7, 0x0, 0x0, 0x0, 0xca,
    0x22, 0x0, 0x6, 0xf3, 0x0, 0x0, 0x0, 0x22,
    0x0, 0x0, 0xd, 0xc0, 0x0, 0x0, 0x0, 0x0,
    0xef, 0xff, 0xff, 0xff, 0xff, 0xff, 0xff, 0xfb,
    0x67, 0x77, 0xfd, 0x77, 0x77, 0xaf, 0x97, 0x75,
    0x0, 0x7, 0xf3, 0x0, 0x0, 0x9f, 0x0, 0x0,
    0x0, 0x1f, 0xc1, 0x0, 0x1, 0xf9, 0x0, 0x0,
    0x0, 0x19, 0xef, 0xa4, 0xb, 0xf1, 0x0, 0x0,
    0x0, 0x0, 0x5, 0xbf, 0xff, 0x70, 0x0, 0x0,
    0x0, 0x0, 0x1, 0x7e, 0xff, 0xfa, 0x20, 0x0,
    0x0, 0x26, 0xaf, 0xfb, 0x21, 0x7e, 0xfa, 0x30,
    0x5f, 0xff, 0xd8, 0x20, 0x0, 0x0, 0x8f, 0xf1,
    0x8, 0x52, 0x0, 0x0, 0x0, 0x0, 0x2, 0x40,

    /* U+5B9A "定" */
    0x0, 0x0, 0x0, 0x7, 0x50, 0x0, 0x0, 0x0,
    0x1, 0x22, 0x22, 0x22, 0xce, 0x22, 0x22, 0x22,
    0x10, 0x7f, 0xff, 0xff, 0xff, 0xff, 0xff, 0xff,
    0xf9, 0x7, 0xe1, 0x11, 0x11, 0x11, 0x11, 0x11,
    0x1e, 0x90, 0x6c, 0x0, 0x0, 0x0, 0x0, 0x0,
    0x0, 0xd8, 0x0, 0x3, 0x55, 0x55, 0x55, 0x55,
    0x55, 0x40, 0x0, 0x0, 0x9e, 0xee, 0xef, 0xfe,
    0xee, 0xea, 0x0, 0x0, 0x0, 0x0, 0x0, 0x8e,
    0x0, 0x0, 0x0, 0x0, 0x0, 0x6, 0x70, 0x8,
    0xe0, 0x0, 0x0, 0x0, 0x0, 0x0, 0xcb, 0x0,
    0x8e, 0x22, 0x22, 0x10, 0x0, 0x0, 0x1f, 0x70,
    0x8, 0xff, 0xff, 0xfa, 0x0, 0x0, 0x7, 0xf4,
    0x0, 0x8e, 0x22, 0x22, 0x10, 0x0, 0x0, 0xef,
    0xc0, 0x8, 0xe0, 0x0, 0x0, 0x0, 0x0, 0x8f,
    0x4e, 0xc2, 0x8e, 0x0, 0x0, 0x0, 0x0, 0x4f,
    0xa0, 0x2d, 0xff, 0xf9, 0x99, 0x88, 0x87, 0xb,
    0xd0, 0x0, 0x5, 0xac, 0xef, 0xff, 0xff, 0xd0,
    0x1, 0x0, 0x0, 0x0, 0x0, 0x0, 0x0, 0x0,
    0x0,

    /* U+5C16 "尖" */
    0x0, 0x0, 0x0, 0x0, 0xcb, 0x0, 0x0, 0x0,
    0x0, 0x0, 0x0, 0xa5, 0x0, 0xcb, 0x0, 0x4a,
    0x0, 0x0, 0x0, 0x4, 0xf6, 0x0, 0xcb, 0x0,
    0x4f, 0x70, 0x0, 0x0, 0xc, 0xe0, 0x0, 0xcb,
    0x0, 0xa, 0xf2, 0x0, 0x0, 0x8f, 0x50, 0x0,
    0xcb, 0x0, 0x1, 0xfa, 0x0, 0x2, 0xfb, 0x0,
    0x0, 0xcb, 0x0, 0x0, 0x9f, 0x20, 0x0, 0x71,
    0x0, 0x0, 0x43, 0x0, 0x0, 0x15, 0x0, 0x0,
    0x0, 0x0, 0x0, 0x31, 0x0, 0x0, 0x0, 0x0,
    0x0, 0x0, 0x0, 0x0, 0xda, 0x0, 0x0, 0x0,
    0x0, 0x5, 0x66, 0x66, 0x66, 0xfb, 0x66, 0x66,
    0x66, 0x50, 0xe, 0xff, 0xff, 0xff, 0xff, 0xff,
    0xff, 0xff, 0xe0, 0x0, 0x0, 0x0, 0xc, 0xed,
    0xb0, 0x0, 0x0, 0x0, 0x0, 0x0, 0x0, 0x7f,
    0x73, 0xf9, 0x0, 0x0, 0x0, 0x0, 0x0, 0x9,
    0xfb, 0x0, 0x6f, 0xc3, 0x0, 0x0, 0x0, 0x27,
    0xef, 0xa0, 0x0, 0x5, 0xff, 0xb5, 0x10, 0xd,
    0xff, 0xc4, 0x0, 0x0, 0x0, 0x1a, 0xff, 0xd0,
    0x6, 0x73, 0x0, 0x0, 0x0, 0x0, 0x0, 0x17,
    0x40,

    /* U+5C4F "屏" */
    0x0, 0x7f, 0xff, 0xff, 0xff, 0xff, 0xff, 0xff,
    0x70, 0x7, 0xf3, 0x33, 0x33, 0x33, 0x33, 0x33,
    0xf7, 0x0, 0x7f, 0x55, 0x55, 0x55, 0x55, 0x55,
    0x5f, 0x70, 0x7, 0xff, 0xff, 0xff, 0xff, 0xff,
    0xff, 0xf7, 0x0, 0x7e, 0x0, 0x5, 0x0, 0x0,
    0x5, 0x30, 0x0, 0x7, 0xe0, 0x3, 0xf6, 0x0,
    0x0, 0xe7, 0x0, 0x0, 0x7e, 0x5, 0x5c, 0xf5,
    0x55, 0x8f, 0x65, 0x20, 0x7, 0xe0, 0xff, 0xff,
    0xff, 0xff, 0xff, 0xf6, 0x0, 0x8d, 0x0, 0x3,
    0xf2, 0x0, 0x7e, 0x0, 0x0, 0x9, 0xc0, 0x0,
    0x4f, 0x20, 0x7, 0xe0, 0x0, 0x0, 0xca, 0x5f,
    0xff, 0xff, 0xff, 0xff, 0xff, 0xd0, 0xf, 0x82,
    0x66, 0xde, 0x66, 0x6a, 0xf6, 0x65, 0x3, 0xf5,
    0x0, 0x2f, 0x90, 0x0, 0x7e, 0x0, 0x0, 0x8f,
    0x10, 0x3e, 0xf2, 0x0, 0x7, 0xe0, 0x0, 0xe,
    0xc0, 0x9f, 0xf5, 0x0, 0x0, 0x7e, 0x0, 0x0,
    0x96, 0x3, 0x92, 0x0, 0x0, 0x7, 0xe0, 0x0,
    0x0, 0x0, 0x0, 0x0, 0x0, 0x0, 0x0, 0x0,
    0x0,

    /* U+5DE5 "工" */
    0x16, 0x66, 0x66, 0x66, 0x66, 0x66, 0x66, 0x61,
    0x3f, 0xff, 0xff, 0xff, 0xff, 0xff, 0xff, 0xf3,
    0x0, 0x0, 0x0, 0xc, 0xa0, 0x0, 0x0, 0x0,
    0x0, 0x0, 0x0, 0xc, 0xa0, 0x0, 0x0, 0x0,
    0x0, 0x0, 0x0, 0xc, 0xa0, 0x0, 0x0, 0x0,
    0x0, 0x0, 0x0, 0xc, 0xa0, 0x0, 0x0, 0x0,
    0x0, 0x0, 0x0, 0xc, 0xa0, 0x0, 0x0, 0x0,
    0x0, 0x0, 0x0, 0xc, 0xa0, 0x0, 0x0, 0x0,
    0x0, 0x0, 0x0, 0xc, 0xa0, 0x0, 0x0, 0x0,
    0x0, 0x0, 0x0, 0xc, 0xa0, 0x0, 0x0, 0x0,
    0x0, 0x0, 0x0, 0xc, 0xa0, 0x0, 0x0, 0x0,
    0x0, 0x0, 0x0, 0xc, 0xa0, 0x0, 0x0, 0x0,
    0x0, 0x0, 0x0, 0xc, 0xa0, 0x0, 0x0, 0x0,
    0x44, 0x44, 0x44, 0x4d, 0xb4, 0x44, 0x44, 0x44,
    0xff, 0xff, 0xff, 0xff, 0xff, 0xff, 0xff, 0xff,
    0x1, 0x11, 0x11, 0x11, 0x11, 0x11, 0x11, 0x10,

    /* U+5DF2 "已" */
    0x26, 0x66, 0x66, 0x66, 0x66, 0x66, 0x63, 0x0,
    0x6f, 0xff, 0xff, 0xff, 0xff, 0xff, 0xf7, 0x0,
    0x0, 0x0, 0x0, 0x0, 0x0, 0x0, 0xe7, 0x0,
    0x1, 0x30, 0x0, 0x0, 0x0, 0x0, 0xe7, 0x0,
    0x6, 0xf0, 0x0, 0x0, 0x0, 0x0, 0xe7, 0x0,
    0x6, 0xf0, 0x0, 0x0, 0x0, 0x0, 0xe7, 0x0,
    0x6, 0xff, 0xff, 0xff, 0xff, 0xff, 0xf7, 0x0,
    0x6, 0xf5, 0x55, 0x55, 0x55, 0x55, 0xf7, 0x0,
    0x6, 0xf0, 0x0, 0x0, 0x0, 0x0, 0x94, 0x0,
    0x6, 0xf0, 0x0, 0x0, 0x0, 0x0, 0x0, 0x0,
    0x6, 0xf0, 0x0, 0x0, 0x0, 0x0, 0x0, 0x52,
    0x6, 0xf0, 0x0, 0x0, 0x0, 0x0, 0x0, 0xd8,
    0x6, 0xf0, 0x0, 0x0, 0x0, 0x0, 0x2, 0xf5,
    0x5, 0xfb, 0x76, 0x66, 0x66, 0x68, 0x9d, 0xe0,
    0x0, 0x9d, 0xff, 0xff, 0xff, 0xee, 0xda, 0x30,

    /* U+5E38 "常" */
    0x0, 0x18, 0x0, 0x7, 0xe0, 0x0, 0x72, 0x0,
    0x0, 0x2f, 0x70, 0x7, 0xe0, 0x5, 0xf5, 0x0,
    0x0, 0xb, 0xe1, 0x8, 0xe0, 0xc, 0xc0, 0x0,
    0x7f, 0xff, 0xff, 0xff, 0xff, 0xff, 0xff, 0xfe,
    0x7e, 0x22, 0x22, 0x22, 0x22, 0x22, 0x22, 0x9e,
    0x7d, 0x4, 0x55, 0x55, 0x55, 0x55, 0x50, 0x7d,
    0x0, 0xe, 0xec, 0xcc, 0xcc, 0xcd, 0xe0, 0x0,
    0x0, 0xe, 0x70, 0x0, 0x0, 0x6, 0xe0, 0x0,
    0x0, 0xe, 0xfe, 0xee, 0xee, 0xef, 0xe0, 0x0,
    0x0, 0x3, 0x33, 0x37, 0xf4, 0x33, 0x30, 0x0,
    0x0, 0x44, 0x44, 0x48, 0xf4, 0x44, 0x44, 0x20,
    0x3, 0xff, 0xff, 0xff, 0xff, 0xff, 0xff, 0xb0,
    0x3, 0xf0, 0x0, 0x5, 0xf1, 0x0, 0xc, 0xb0,
    0x3, 0xf0, 0x0, 0x5, 0xf1, 0x0, 0xc, 0xb0,
    0x3, 0xf0, 0x0, 0x5, 0xf1, 0x8, 0x7f, 0xa0,
    0x3, 0xd0, 0x0, 0x5, 0xf1, 0xb, 0xdb, 0x20,
    0x0, 0x0, 0x0, 0x5, 0xf1, 0x0, 0x0, 0x0,

    /* U+5E55 "幕" */
    0x0, 0x0, 0xb, 0xc0, 0x0, 0xa, 0xb0, 0x0,
    0x0, 0xe, 0xff, 0xff, 0xff, 0xff, 0xff, 0xff,
    0xff, 0xf0, 0x2, 0x33, 0x3c, 0xc3, 0x33, 0x3b,
    0xc3, 0x33, 0x30, 0x0, 0x4, 0x9f, 0xf9, 0x99,
    0x9f, 0xf9, 0x40, 0x0, 0x0, 0x7, 0xf9, 0x99,
    0x99, 0x99, 0x9e, 0x70, 0x0, 0x0, 0x7, 0xfa,
    0xaa, 0xaa, 0xaa, 0xaf, 0x70, 0x0, 0x0, 0x7,
    0xe5, 0x55, 0x55, 0x55, 0x5e, 0x70, 0x0, 0x0,
    0x7, 0xfe, 0xee, 0xee, 0xee, 0xef, 0x70, 0x0,
    0x0, 0x2, 0x55, 0xdd, 0x55, 0x55, 0x55, 0x20,
    0x0, 0xa, 0xcc, 0xcc, 0xfd, 0xcc, 0xcc, 0xcc,
    0xcc, 0xa0, 0x7, 0x99, 0xdf, 0x99, 0xef, 0x9b,
    0xfc, 0x99, 0x70, 0x0, 0x8, 0xf9, 0x44, 0xbc,
    0x44, 0xdf, 0xa0, 0x0, 0x3, 0xde, 0xfe, 0xdd,
    0xef, 0xdd, 0xdf, 0xfe, 0x70, 0xc, 0x71, 0xf4,
    0x0, 0xab, 0x0, 0xf, 0x78, 0xc1, 0x0, 0x1,
    0xf4, 0x0, 0xab, 0x6, 0xef, 0x40, 0x0, 0x0,
    0x1, 0xf4, 0x0, 0xab, 0x1, 0x64, 0x0, 0x0,
    0x0, 0x0, 0x0, 0x0, 0xab, 0x0, 0x0, 0x0,
    0x0,

    /* U+5EA6 "度" */
    0x0, 0x0, 0x0, 0x0, 0x27, 0x0, 0x0, 0x0,
    0x0, 0x0, 0x12, 0x22, 0x22, 0x6f, 0x52, 0x22,
    0x22, 0x10, 0x0, 0x7f, 0xff, 0xff, 0xff, 0xff,
    0xff, 0xff, 0xb0, 0x0, 0x7e, 0x11, 0x28, 0x31,
    0x11, 0x47, 0x11, 0x10, 0x0, 0x7e, 0x1, 0x1f,
    0x51, 0x11, 0x7e, 0x11, 0x0, 0x0, 0x7e, 0xbf,
    0xff, 0xff, 0xff, 0xff, 0xff, 0x90, 0x0, 0x7e,
    0x12, 0x3f, 0x62, 0x22, 0x8e, 0x22, 0x10, 0x0,
    0x7e, 0x0, 0x1f, 0x74, 0x44, 0x9e, 0x0, 0x0,
    0x0, 0x7e, 0x0, 0xf, 0xff, 0xff, 0xfd, 0x0,
    0x0, 0x0, 0x8d, 0x0, 0x0, 0x0, 0x0, 0x0,
    0x0, 0x0, 0x0, 0xac, 0xf, 0xff, 0xff, 0xff,
    0xff, 0xf6, 0x0, 0x0, 0xda, 0x4, 0xcf, 0x54,
    0x44, 0x5e, 0xf2, 0x0, 0x2, 0xf7, 0x0, 0x1d,
    0xe5, 0x5, 0xee, 0x30, 0x0, 0x7, 0xf2, 0x0,
    0x0, 0xaf, 0xef, 0x90, 0x0, 0x0, 0xe, 0xd0,
    0x36, 0x8c, 0xfd, 0xbf, 0xfc, 0x97, 0x60, 0x1c,
    0x62, 0xff, 0xb8, 0x30, 0x1, 0x6a, 0xdf, 0xe0,
    0x0, 0x0, 0x10, 0x0, 0x0, 0x0, 0x0, 0x0,
    0x0,

    /* U+5F02 "异" */
    0x0, 0x4f, 0xff, 0xff, 0xff, 0xff, 0xff, 0xc0,
    0x0, 0x0, 0x4f, 0x65, 0x55, 0x55, 0x55, 0x5b,
    0xc0, 0x0, 0x0, 0x4f, 0x20, 0x0, 0x0, 0x0,
    0x9, 0xc0, 0x0, 0x0, 0x4f, 0xff, 0xff, 0xff,
    0xff, 0xff, 0xc0, 0x0, 0x0, 0x4f, 0x87, 0x77,
    0x77, 0x77, 0x77, 0x50, 0x0, 0x0, 0x4f, 0x20,
    0x0, 0x0, 0x0, 0x0, 0xd, 0x40, 0x0, 0x2f,
    0xc9, 0x87, 0x77, 0x77, 0x88, 0xbf, 0x40, 0x0,
    0x5, 0xac, 0xcd, 0xdd, 0xdd, 0xdc, 0xb8, 0x0,
    0x0, 0x0, 0x2, 0x70, 0x0, 0x6, 0x50, 0x0,
    0x0, 0x4, 0x44, 0x48, 0xf5, 0x44, 0x4d, 0xc4,
    0x44, 0x40, 0x1f, 0xff, 0xff, 0xff, 0xff, 0xff,
    0xff, 0xff, 0xf1, 0x0, 0x0, 0xa, 0xc0, 0x0,
    0xb, 0xa0, 0x0, 0x0, 0x0, 0x0, 0xe, 0x90,
    0x0, 0xb, 0xa0, 0x0, 0x0, 0x0, 0x0, 0xaf,
    0x30, 0x0, 0xb, 0xa0, 0x0, 0x0, 0x0, 0x7d,
    0xf8, 0x0, 0x0, 0xb, 0xa0, 0x0, 0x0, 0x0,
    0xde, 0x60, 0x0, 0x0, 0xb, 0xa0, 0x0, 0x0,
    0x0, 0x10, 0x0, 0x0, 0x0, 0x0, 0x0, 0x0,
    0x0,

    /* U+5F0F "式" */
    0x0, 0x0, 0x0, 0x0, 0xf, 0x70, 0x85, 0x0,
    0x0, 0x0, 0x0, 0x0, 0x0, 0xf7, 0xa, 0xf8,
    0x0, 0x0, 0x0, 0x0, 0x0, 0xf, 0x80, 0xa,
    0x70, 0x3, 0x66, 0x66, 0x66, 0x66, 0xfb, 0x66,
    0x66, 0x50, 0x9f, 0xff, 0xff, 0xff, 0xff, 0xff,
    0xff, 0xfe, 0x0, 0x0, 0x0, 0x0, 0x0, 0xca,
    0x0, 0x0, 0x0, 0x0, 0x0, 0x0, 0x0, 0xa,
    0xc0, 0x0, 0x0, 0x0, 0x55, 0x55, 0x55, 0x51,
    0x8e, 0x0, 0x0, 0x0, 0x1f, 0xff, 0xff, 0xff,
    0x55, 0xf0, 0x0, 0x0, 0x0, 0x0, 0x3f, 0x20,
    0x0, 0x2f, 0x40, 0x0, 0x0, 0x0, 0x3, 0xf2,
    0x0, 0x0, 0xe8, 0x0, 0x0, 0x0, 0x0, 0x3f,
    0x20, 0x0, 0xa, 0xd0, 0x0, 0x0, 0x0, 0x3,
    0xf2, 0x0, 0x0, 0x5f, 0x20, 0x4e, 0x0, 0x0,
    0x3f, 0x67, 0xaa, 0x0, 0xe8, 0x6, 0xf0, 0x49,
    0xce, 0xff, 0xfd, 0x90, 0x8, 0xf1, 0xab, 0x7,
    0xfc, 0xa7, 0x41, 0x0, 0x0, 0x1e, 0xef, 0x60,
    0x0, 0x0, 0x0, 0x0, 0x0, 0x0, 0x3e, 0xb0,
    0x0,

    /* U+5F55 "录" */
    0x1, 0xff, 0xff, 0xff, 0xff, 0xff, 0xe0, 0x0,
    0x0, 0x5, 0x55, 0x55, 0x55, 0x55, 0xae, 0x0,
    0x0, 0x0, 0x13, 0x33, 0x33, 0x33, 0x39, 0xe0,
    0x0, 0x0, 0x7, 0xff, 0xff, 0xff, 0xff, 0xfe,
    0x0, 0x0, 0x0, 0x12, 0x22, 0x22, 0x22, 0x29,
    0xe0, 0x0, 0x4, 0x55, 0x55, 0x55, 0x55, 0x55,
    0xaf, 0x55, 0x40, 0xef, 0xff, 0xff, 0xff, 0xff,
    0xff, 0xff, 0xfc, 0x0, 0x0, 0x0, 0x0, 0xef,
    0x40, 0x0, 0x0, 0x0, 0x0, 0xcb, 0x0, 0xe,
    0xfd, 0x0, 0x2d, 0x30, 0x0, 0x4, 0xf8, 0x0,
    0xea, 0xf9, 0x2d, 0xe2, 0x0, 0x0, 0x7, 0x33,
    0x3e, 0x77, 0xff, 0xc2, 0x0, 0x0, 0x0, 0x19,
    0xf6, 0xe7, 0x9, 0xf8, 0x0, 0x0, 0x2, 0x9f,
    0xe5, 0xe, 0x70, 0xa, 0xfb, 0x10, 0x8, 0xff,
    0x91, 0x0, 0xe7, 0x0, 0x8, 0xff, 0x70, 0x4a,
    0x20, 0x17, 0x6f, 0x70, 0x0, 0x4, 0xe7, 0x0,
    0x0, 0x0, 0xdf, 0xd2, 0x0, 0x0, 0x0, 0x0,

    /* U+6001 "态" */
    0x0, 0x0, 0x0, 0x0, 0x73, 0x0, 0x0, 0x0,
    0x0, 0x0, 0x0, 0x0, 0x0, 0xf6, 0x0, 0x0,
    0x0, 0x0, 0x0, 0x22, 0x22, 0x24, 0xf6, 0x22,
    0x22, 0x22, 0x0, 0x0, 0xef, 0xff, 0xff, 0xff,
    0xff, 0xff, 0xff, 0x20, 0x0, 0x22, 0x22, 0x2d,
    0xb6, 0xf5, 0x22, 0x22, 0x0, 0x0, 0x0, 0x0,
    0x7f, 0x30, 0xbd, 0x10, 0x0, 0x0, 0x0, 0x0,
    0x7, 0xf9, 0x0, 0x1d, 0xd2, 0x0, 0x0, 0x0,
    0x4, 0xcf, 0x94, 0xe6, 0x1, 0xdf, 0x71, 0x0,
    0x6, 0xef, 0xd4, 0x0, 0x9f, 0xb0, 0x8, 0xff,
    0x80, 0x2, 0x83, 0x0, 0x0, 0x3, 0x20, 0x0,
    0x17, 0x50, 0x0, 0x0, 0x7, 0x30, 0xa9, 0x0,
    0x0, 0x51, 0x0, 0x0, 0x8c, 0xf, 0x70, 0x6f,
    0x40, 0x1, 0xfa, 0x0, 0x0, 0xe9, 0xf, 0x70,
    0xd, 0xb0, 0x31, 0x7f, 0x40, 0x9, 0xf2, 0xf,
    0x70, 0x1, 0x0, 0xcb, 0xf, 0xb0, 0x2f, 0x80,
    0xf, 0xc5, 0x56, 0x68, 0xf7, 0x9, 0xd0, 0x6,
    0x0, 0x7, 0xef, 0xff, 0xed, 0xa0, 0x0, 0x0,

    /* U+6216 "或" */
    0x0, 0x0, 0x0, 0x0, 0xf, 0x70, 0x4b, 0x0,
    0x0, 0x0, 0x0, 0x0, 0x0, 0xf7, 0x2, 0xf7,
    0x0, 0x0, 0x0, 0x0, 0x0, 0xf, 0x80, 0x8,
    0x50, 0xe, 0xff, 0xff, 0xff, 0xff, 0xff, 0xff,
    0xff, 0xe0, 0x56, 0x66, 0x66, 0x66, 0x6e, 0xc6,
    0x66, 0x65, 0x0, 0x1, 0x11, 0x11, 0x0, 0xbb,
    0x0, 0x0, 0x0, 0xb, 0xff, 0xff, 0xf5, 0x9,
    0xd0, 0x7, 0x50, 0x0, 0xbc, 0x44, 0x5f, 0x50,
    0x7f, 0x0, 0xe9, 0x0, 0xb, 0xa0, 0x1, 0xf5,
    0x4, 0xf2, 0x6f, 0x30, 0x0, 0xbb, 0x22, 0x3f,
    0x50, 0xf, 0x6d, 0xc0, 0x0, 0xb, 0xff, 0xff,
    0xf5, 0x0, 0xbe, 0xf5, 0x0, 0x0, 0x23, 0x33,
    0x33, 0x10, 0x6, 0xfc, 0x0, 0x0, 0x0, 0x0,
    0x0, 0x3, 0x0, 0xaf, 0x80, 0x4, 0x10, 0x0,
    0x36, 0xae, 0xf3, 0x8f, 0xee, 0x0, 0xc8, 0x8d,
    0xff, 0xfc, 0x83, 0x8f, 0xa1, 0xf7, 0xe, 0x58,
    0xb8, 0x41, 0x0, 0x9f, 0xa0, 0x5, 0xfb, 0xf1,
    0x0, 0x0, 0x0, 0x7, 0x70, 0x0, 0x5, 0xe8,
    0x0,

    /* U+6237 "户" */
    0x0, 0x0, 0x0, 0x0, 0x66, 0x0, 0x0, 0x0,
    0x0, 0x0, 0x0, 0x0, 0xbf, 0x0, 0x0, 0x0,
    0x0, 0x0, 0x0, 0x0, 0x4f, 0x50, 0x0, 0x0,
    0x0, 0xc, 0xff, 0xff, 0xff, 0xff, 0xff, 0xfe,
    0x0, 0xd, 0xb6, 0x66, 0x66, 0x66, 0x66, 0xae,
    0x0, 0xd, 0x90, 0x0, 0x0, 0x0, 0x0, 0x7e,
    0x0, 0xd, 0x90, 0x0, 0x0, 0x0, 0x0, 0x7e,
    0x0, 0xd, 0x91, 0x11, 0x11, 0x11, 0x11, 0x8e,
    0x0, 0xd, 0xff, 0xff, 0xff, 0xff, 0xff, 0xfe,
    0x0, 0xd, 0x93, 0x33, 0x33, 0x33, 0x33, 0x33,
    0x0, 0xf, 0x60, 0x0, 0x0, 0x0, 0x0, 0x0,
    0x0, 0x2f, 0x40, 0x0, 0x0, 0x0, 0x0, 0x0,
    0x0, 0x7f, 0x0, 0x0, 0x0, 0x0, 0x0, 0x0,
    0x0, 0xdc, 0x0, 0x0, 0x0, 0x0, 0x0, 0x0,
    0x6, 0xf5, 0x0, 0x0, 0x0, 0x0, 0x0, 0x0,
    0xf, 0xc0, 0x0, 0x0, 0x0, 0x0, 0x0, 0x0,
    0x3, 0x10, 0x0, 0x0, 0x0, 0x0, 0x0, 0x0,

    /* U+624B "手" */
    0x0, 0x0, 0x0, 0x0, 0x0, 0x0, 0x14, 0x73,
    0x0, 0x0, 0x23, 0x34, 0x57, 0x8a, 0xce, 0xff,
    0xe8, 0x0, 0x1, 0xff, 0xff, 0xff, 0xff, 0x96,
    0x31, 0x0, 0x0, 0x0, 0x43, 0x21, 0x0, 0x7e,
    0x0, 0x0, 0x0, 0x0, 0x0, 0x0, 0x0, 0x0,
    0x7e, 0x0, 0x0, 0x0, 0x0, 0x0, 0x56, 0x66,
    0x66, 0xbf, 0x66, 0x66, 0x66, 0x0, 0x0, 0xdf,
    0xff, 0xff, 0xff, 0xff, 0xff, 0xfe, 0x0, 0x0,
    0x0, 0x0, 0x0, 0x7e, 0x0, 0x0, 0x0, 0x0,
    0x0, 0x0, 0x0, 0x0, 0x7e, 0x0, 0x0, 0x0,
    0x0, 0x7, 0x77, 0x77, 0x77, 0xbf, 0x77, 0x77,
    0x77, 0x70, 0x1f, 0xff, 0xff, 0xff, 0xff, 0xff,
    0xff, 0xff, 0xf1, 0x0, 0x0, 0x0, 0x0, 0x7e,
    0x0, 0x0, 0x0, 0x0, 0x0, 0x0, 0x0, 0x0,
    0x7e, 0x0, 0x0, 0x0, 0x0, 0x0, 0x0, 0x0,
    0x0, 0x7e, 0x0, 0x0, 0x0, 0x0, 0x0, 0x0,
    0x0, 0x0, 0x7e, 0x0, 0x0, 0x0, 0x0, 0x0,
    0x0, 0x5, 0x97, 0xdd, 0x0, 0x0, 0x0, 0x0,
    0x0, 0x0, 0x4, 0xdf, 0xe5, 0x0, 0x0, 0x0,
    0x0,

    /* U+62A4 "护" */
    0x0, 0x7, 0xf0, 0x0, 0x0, 0x1b, 0x30, 0x0,
    0x0, 0x0, 0x7f, 0x0, 0x0, 0x0, 0xe9, 0x0,
    0x0, 0x0, 0x7, 0xf0, 0x0, 0x0, 0xa, 0xe0,
    0x0, 0x0, 0x66, 0xaf, 0x66, 0x7, 0x88, 0xbf,
    0x88, 0x84, 0x1f, 0xff, 0xff, 0xf1, 0xde, 0xdd,
    0xdd, 0xdf, 0x70, 0x0, 0x7f, 0x0, 0xd, 0xa0,
    0x0, 0x0, 0xe7, 0x0, 0x7, 0xf0, 0x0, 0xda,
    0x0, 0x0, 0xe, 0x70, 0x0, 0x7f, 0x1, 0xd,
    0xa0, 0x0, 0x0, 0xe7, 0x0, 0x7, 0xfa, 0xf4,
    0xdc, 0x66, 0x66, 0x6f, 0x70, 0x39, 0xef, 0xd5,
    0xd, 0xff, 0xff, 0xff, 0xf7, 0x2f, 0xfd, 0xf0,
    0x0, 0xd8, 0x0, 0x0, 0x0, 0x0, 0x51, 0x7f,
    0x0, 0xf, 0x70, 0x0, 0x0, 0x0, 0x0, 0x7,
    0xf0, 0x1, 0xf5, 0x0, 0x0, 0x0, 0x0, 0x0,
    0x7f, 0x0, 0x4f, 0x30, 0x0, 0x0, 0x0, 0x0,
    0x7, 0xf0, 0xa, 0xe0, 0x0, 0x0, 0x0, 0x0,
    0x97, 0xce, 0x2, 0xf8, 0x0, 0x0, 0x0, 0x0,
    0xa, 0xef, 0x80, 0x9, 0x10, 0x0, 0x0, 0x0,
    0x0,

    /* U+62A5 "报" */
    0x0, 0x7, 0xf0, 0x0, 0x0, 0x0, 0x0, 0x0,
    0x0, 0x0, 0x7, 0xf0, 0x5, 0xff, 0xff, 0xff,
    0xfd, 0x0, 0x0, 0x7, 0xf0, 0x5, 0xf6, 0x55,
    0x55, 0xad, 0x0, 0x6, 0x6a, 0xf6, 0x65, 0xf1,
    0x0, 0x0, 0x9c, 0x0, 0x1f, 0xff, 0xff, 0xf6,
    0xf1, 0x0, 0x0, 0xba, 0x0, 0x0, 0x7, 0xf0,
    0x5, 0xf1, 0x3, 0xfe, 0xf4, 0x0, 0x0, 0x7,
    0xf0, 0x5, 0xf2, 0x11, 0x46, 0x41, 0x0, 0x0,
    0x7, 0xf0, 0x46, 0xff, 0xff, 0xff, 0xff, 0x50,
    0x0, 0x7, 0xfd, 0xf9, 0xf4, 0xf8, 0x22, 0x6f,
    0x30, 0x6, 0xbf, 0xfa, 0x35, 0xf1, 0xbc, 0x0,
    0x8f, 0x0, 0x1f, 0xed, 0xf0, 0x5, 0xf1, 0x6f,
    0x30, 0xdb, 0x0, 0x4, 0x7, 0xf0, 0x5, 0xf1,
    0xe, 0xc5, 0xf5, 0x0, 0x0, 0x7, 0xf0, 0x5,
    0xf1, 0x6, 0xff, 0xd0, 0x0, 0x0, 0x7, 0xf0,
    0x5, 0xf1, 0x0, 0xdf, 0x70, 0x0, 0x0, 0x7,
    0xf0, 0x5, 0xf1, 0x8, 0xff, 0xf6, 0x0, 0x9,
    0x7c, 0xe0, 0x5, 0xf5, 0xdf, 0x71, 0xcf, 0xd0,
    0xa, 0xef, 0x80, 0x4, 0xe6, 0xd4, 0x0, 0x7,
    0x90, 0x0, 0x0, 0x0, 0x0, 0x0, 0x0, 0x0,
    0x0, 0x0,

    /* U+6301 "持" */
    0x0, 0x0, 0x0, 0x0, 0x0, 0x0, 0x0, 0x0,
    0x0, 0x0, 0x7f, 0x0, 0x0, 0x0, 0x7f, 0x0,
    0x0, 0x0, 0x7, 0xf0, 0x0, 0x0, 0x7, 0xf0,
    0x0, 0x0, 0x0, 0x7f, 0x0, 0x6, 0x88, 0xbf,
    0x88, 0x81, 0x6, 0x6a, 0xf6, 0x60, 0xcf, 0xff,
    0xff, 0xff, 0x31, 0xff, 0xff, 0xff, 0x10, 0x0,
    0x7f, 0x0, 0x0, 0x0, 0x7, 0xf0, 0x0, 0x22,
    0x28, 0xf2, 0x22, 0x10, 0x0, 0x7f, 0x0, 0x6f,
    0xff, 0xff, 0xff, 0xfc, 0x0, 0x7, 0xf0, 0x11,
    0x33, 0x33, 0x33, 0x33, 0x20, 0x0, 0x8f, 0xbf,
    0x30, 0x0, 0x0, 0x3f, 0x20, 0x19, 0xef, 0xf7,
    0x15, 0xff, 0xff, 0xff, 0xff, 0xd0, 0xfa, 0xaf,
    0x0, 0x26, 0x66, 0x66, 0x8f, 0x75, 0x0, 0x7,
    0xf0, 0x0, 0x39, 0x0, 0x3, 0xf3, 0x0, 0x0,
    0x7f, 0x0, 0x3, 0xf7, 0x0, 0x3f, 0x30, 0x0,
    0x7, 0xf0, 0x0, 0xa, 0xe0, 0x3, 0xf3, 0x0,
    0x0, 0x7f, 0x0, 0x0, 0x24, 0x0, 0x3f, 0x30,
    0x9, 0x8c, 0xe0, 0x0, 0x0, 0x7, 0x7a, 0xf2,
    0x0, 0xae, 0xf7, 0x0, 0x0, 0x0, 0x8e, 0xf9,
    0x0,

    /* U+6307 "指" */
    0x0, 0x7, 0xf0, 0x0, 0xf7, 0x0, 0x0, 0x13,
    0x0, 0x0, 0x7f, 0x0, 0xf, 0x70, 0x38, 0xcf,
    0xf2, 0x0, 0x7, 0xf0, 0x0, 0xfd, 0xef, 0xfd,
    0x83, 0x0, 0xcc, 0xef, 0xcc, 0x1f, 0xd8, 0x51,
    0x0, 0x88, 0xb, 0xbd, 0xfb, 0xb1, 0xf7, 0x0,
    0x0, 0xc, 0xc0, 0x0, 0x7f, 0x0, 0xf, 0xb6,
    0x66, 0x7a, 0xf7, 0x0, 0x7, 0xf0, 0x0, 0x8e,
    0xff, 0xed, 0xb7, 0x0, 0x0, 0x7f, 0x4, 0x10,
    0x0, 0x0, 0x0, 0x0, 0x0, 0x7, 0xfd, 0xf4,
    0xcf, 0xff, 0xff, 0xff, 0x1, 0x7c, 0xff, 0x92,
    0xd, 0xa4, 0x44, 0x48, 0xf0, 0xe, 0xab, 0xf0,
    0x0, 0xd8, 0x0, 0x0, 0x4f, 0x0, 0x0, 0x7f,
    0x0, 0xd, 0xff, 0xff, 0xff, 0xf0, 0x0, 0x7,
    0xf0, 0x0, 0xda, 0x55, 0x55, 0x8f, 0x0, 0x0,
    0x7f, 0x0, 0xd, 0x80, 0x0, 0x4, 0xf0, 0x0,
    0x7, 0xf0, 0x0, 0xdb, 0x66, 0x66, 0x9f, 0x0,
    0x98, 0xce, 0x0, 0xd, 0xed, 0xdd, 0xde, 0xf0,
    0xa, 0xef, 0x70, 0x0, 0xd8, 0x0, 0x0, 0x4f,
    0x0,

    /* U+6309 "按" */
    0x0, 0x9, 0xd0, 0x0, 0x0, 0x1b, 0x30, 0x0,
    0x0, 0x0, 0x9, 0xd0, 0x0, 0x0, 0xf, 0x80,
    0x0, 0x0, 0x0, 0x9, 0xd0, 0x0, 0x11, 0x1b,
    0xd1, 0x11, 0x10, 0x5, 0x6c, 0xe6, 0x4b, 0xff,
    0xff, 0xff, 0xff, 0xe0, 0xe, 0xff, 0xff, 0xbb,
    0xc5, 0x55, 0x55, 0x59, 0xe0, 0x0, 0x9, 0xd0,
    0x8, 0x80, 0x5f, 0x20, 0x5, 0xb0, 0x0, 0x9,
    0xd0, 0x0, 0x0, 0xbc, 0x0, 0x0, 0x0, 0x0,
    0x9, 0xd5, 0x94, 0x55, 0xfa, 0x55, 0x55, 0x50,
    0x0, 0x1c, 0xff, 0x7d, 0xff, 0xff, 0xff, 0xff,
    0xf0, 0x2b, 0xff, 0xe1, 0x0, 0xd, 0xa0, 0x4,
    0xf3, 0x0, 0x3f, 0x9b, 0xd0, 0x0, 0x5f, 0x30,
    0x8, 0xf0, 0x0, 0x0, 0x9, 0xd0, 0x0, 0xaf,
    0x70, 0xe, 0xa0, 0x0, 0x0, 0x9, 0xd0, 0x0,
    0x8, 0xfe, 0xaf, 0x30, 0x0, 0x0, 0x9, 0xd0,
    0x0, 0x0, 0x2e, 0xfe, 0x20, 0x0, 0x0, 0x9,
    0xd0, 0x0, 0x3, 0xbf, 0xbe, 0xf6, 0x0, 0x7,
    0x7d, 0xc0, 0x18, 0xdf, 0xe6, 0x1, 0xaf, 0xb0,
    0x8, 0xef, 0x60, 0x1e, 0xb6, 0x0, 0x0, 0x6,
    0xa0, 0x0, 0x0, 0x0, 0x0, 0x0, 0x0, 0x0,
    0x0, 0x0,

    /* U+636E "据" */
    0x0, 0xd, 0x90, 0x0, 0x0, 0x0, 0x0, 0x0,
    0x0, 0x0, 0xd9, 0x0, 0xef, 0xff, 0xff, 0xff,
    0xf5, 0x0, 0xd, 0x90, 0xe, 0x94, 0x44, 0x44,
    0x4f, 0x50, 0xbb, 0xfe, 0xb0, 0xe6, 0x0, 0x0,
    0x0, 0xf5, 0x9, 0x9e, 0xd9, 0xe, 0xff, 0xff,
    0xff, 0xff, 0x50, 0x0, 0xd9, 0x0, 0xe9, 0x55,
    0x6f, 0x75, 0x51, 0x0, 0xd, 0x90, 0xe, 0x60,
    0x1, 0xf3, 0x0, 0x0, 0x0, 0xd9, 0x11, 0xea,
    0x66, 0x7f, 0x86, 0x65, 0x0, 0xd, 0xef, 0x5f,
    0xee, 0xee, 0xfe, 0xee, 0xd0, 0x8d, 0xfe, 0x50,
    0xf5, 0x0, 0x1f, 0x30, 0x0, 0xc, 0xae, 0x90,
    0x1f, 0x54, 0x45, 0xf7, 0x44, 0x10, 0x0, 0xd9,
    0x3, 0xf4, 0xff, 0xff, 0xff, 0xf4, 0x0, 0xd,
    0x90, 0x7f, 0x2f, 0x40, 0x0, 0x1f, 0x40, 0x0,
    0xd9, 0xa, 0xd1, 0xf4, 0x0, 0x1, 0xf4, 0x0,
    0xd, 0x90, 0xfa, 0x1f, 0xfe, 0xee, 0xef, 0x40,
    0x97, 0xf8, 0x2f, 0x51, 0xf8, 0x55, 0x56, 0xf4,
    0xa, 0xfd, 0x20, 0x50, 0x1f, 0x40, 0x0, 0x1f,
    0x40,

    /* U+63A5 "接" */
    0x0, 0xf, 0x70, 0x0, 0x0, 0x2b, 0x20, 0x0,
    0x0, 0x0, 0xf7, 0x0, 0x0, 0x1, 0xf6, 0x0,
    0x0, 0x0, 0xf, 0x70, 0xc, 0xdd, 0xdf, 0xfd,
    0xdd, 0x90, 0x56, 0xfa, 0x62, 0xab, 0xbb, 0xbb,
    0xbb, 0xb7, 0xe, 0xff, 0xff, 0x50, 0x4b, 0x0,
    0x6, 0xc1, 0x0, 0x0, 0xf7, 0x0, 0x1, 0xf6,
    0x0, 0xea, 0x0, 0x0, 0xf, 0x70, 0x5f, 0xff,
    0xff, 0xff, 0xff, 0xe0, 0x0, 0xf7, 0x12, 0x55,
    0x58, 0x65, 0x55, 0x54, 0x0, 0xf, 0xdf, 0x30,
    0x1, 0xf7, 0x0, 0x0, 0x0, 0x9e, 0xfd, 0x59,
    0xee, 0xff, 0xfe, 0xee, 0xee, 0xe, 0xbf, 0x70,
    0x35, 0x7f, 0x95, 0x58, 0xf7, 0x50, 0x10, 0xf7,
    0x0, 0x9, 0xd0, 0x0, 0x9e, 0x0, 0x0, 0xf,
    0x70, 0x2, 0xfd, 0x40, 0x1f, 0x80, 0x0, 0x0,
    0xf7, 0x0, 0x5, 0xcf, 0xec, 0xe0, 0x0, 0x0,
    0xf, 0x70, 0x0, 0x0, 0x6f, 0xff, 0x70, 0x0,
    0x77, 0xf6, 0x0, 0x48, 0xcf, 0xe6, 0xaf, 0xe5,
    0x8, 0xed, 0x10, 0x4, 0xd9, 0x50, 0x0, 0x2a,
    0x20,

    /* U+649E "撞" */
    0x0, 0x0, 0x0, 0x0, 0x0, 0x0, 0x0, 0x0,
    0x0, 0x0, 0xd, 0x90, 0x0, 0x0, 0x6c, 0x0,
    0x0, 0x0, 0x0, 0xd, 0x90, 0x3, 0x33, 0x7f,
    0x43, 0x33, 0x20, 0x0, 0xd, 0x90, 0x4f, 0xff,
    0xff, 0xff, 0xff, 0xa0, 0xa, 0xaf, 0xda, 0x0,
    0x7f, 0x10, 0x7, 0xe1, 0x0, 0x8, 0x8e, 0xc8,
    0x9f, 0xff, 0xff, 0xff, 0xff, 0xf1, 0x0, 0xd,
    0x90, 0x25, 0x55, 0x55, 0x55, 0x55, 0x50, 0x0,
    0xd, 0x90, 0x5, 0x55, 0x55, 0x55, 0x55, 0x10,
    0x0, 0xd, 0x91, 0x1e, 0xed, 0xdf, 0xed, 0xdf,
    0x40, 0x0, 0xd, 0xef, 0x5e, 0x71, 0x2f, 0x61,
    0x1f, 0x40, 0x7, 0xcf, 0xe6, 0xe, 0xff, 0xff,
    0xff, 0xff, 0x40, 0xd, 0xbe, 0x90, 0xe, 0x84,
    0x4f, 0x74, 0x4f, 0x40, 0x0, 0xd, 0x90, 0xe,
    0xff, 0xff, 0xff, 0xff, 0x30, 0x0, 0xd, 0x90,
    0x0, 0x0, 0x1f, 0x50, 0x0, 0x0, 0x0, 0xd,
    0x90, 0x4f, 0xff, 0xff, 0xff, 0xff, 0xa0, 0x0,
    0xd, 0x90, 0x34, 0x44, 0x4f, 0x84, 0x44, 0x40,
    0xb, 0x7f, 0x80, 0xdf, 0xff, 0xff, 0xff, 0xff,
    0xf1, 0x9, 0xfd, 0x20, 0x0, 0x0, 0x0, 0x0,
    0x0, 0x0,

    /* U+654F "敏" */
    0x0, 0x7, 0x20, 0x0, 0x0, 0x0, 0x61, 0x0,
    0x0, 0x0, 0x7f, 0x31, 0x11, 0x11, 0x2, 0xf3,
    0x0, 0x0, 0x4, 0xff, 0xff, 0xff, 0xfe, 0x6,
    0xf0, 0x0, 0x0, 0x1f, 0xc3, 0x33, 0x33, 0x32,
    0xa, 0xe9, 0x99, 0x90, 0xa, 0x55, 0x55, 0x55,
    0x40, 0xe, 0xed, 0xef, 0xd1, 0x0, 0xcf, 0xff,
    0xff, 0xf0, 0x5f, 0x30, 0x6f, 0x0, 0x0, 0xda,
    0x37, 0x6, 0xf0, 0xcf, 0x50, 0x8e, 0x0, 0x0,
    0xe9, 0x2f, 0x27, 0xf2, 0xff, 0x90, 0xac, 0x0,
    0x3, 0xfa, 0x38, 0x49, 0xf3, 0x76, 0xe0, 0xd9,
    0x0, 0x1f, 0xff, 0xff, 0xff, 0xfc, 0x1, 0xf6,
    0xf5, 0x0, 0x1, 0xf6, 0x27, 0x9, 0xd0, 0x0,
    0xbf, 0xf1, 0x0, 0x3, 0xf4, 0x3f, 0x3a, 0xc0,
    0x0, 0x4f, 0xb0, 0x0, 0x5, 0xf6, 0x47, 0x4c,
    0xc4, 0x0, 0x5f, 0xc0, 0x0, 0x7, 0xff, 0xff,
    0xff, 0xff, 0x20, 0xed, 0xf5, 0x0, 0x0, 0x0,
    0x0, 0xe, 0x70, 0x9, 0xf2, 0xae, 0x20, 0x0,
    0x0, 0x58, 0x6f, 0x30, 0x9f, 0x70, 0x1f, 0xd0,
    0x0, 0x0, 0x4d, 0xf9, 0x0, 0x98, 0x0, 0x5,
    0xa0, 0x0, 0x0, 0x0, 0x0, 0x0, 0x0, 0x0,
    0x0, 0x0,

    /* U+6570 "数" */
    0x0, 0x0, 0x0, 0x0, 0x0, 0x0, 0x0, 0x0,
    0x0, 0x0, 0x50, 0x3f, 0x11, 0x40, 0xe, 0x50,
    0x0, 0x0, 0x0, 0xf4, 0x3f, 0x1a, 0xd0, 0x3f,
    0x60, 0x0, 0x0, 0x0, 0xa9, 0x3f, 0x1d, 0x40,
    0x7f, 0x20, 0x0, 0x0, 0x4, 0x75, 0x7f, 0x55,
    0x52, 0xaf, 0x66, 0x66, 0x40, 0xb, 0xee, 0xff,
    0xee, 0xe6, 0xef, 0xff, 0xff, 0xb0, 0x0, 0x8,
    0xff, 0x38, 0x5, 0xf5, 0x0, 0x8e, 0x0, 0x4,
    0xce, 0x5f, 0x1b, 0x8b, 0xf3, 0x0, 0xbb, 0x0,
    0x7, 0xb1, 0x26, 0x0, 0x1f, 0xf9, 0x0, 0xf9,
    0x0, 0x0, 0x0, 0xe7, 0x0, 0x2e, 0x7f, 0x13,
    0xf5, 0x0, 0xc, 0xdd, 0xfe, 0xdd, 0x51, 0xe,
    0x89, 0xf1, 0x0, 0x5, 0x6f, 0x95, 0x8f, 0x40,
    0x7, 0xff, 0xb0, 0x0, 0x0, 0xad, 0x0, 0xbc,
    0x0, 0x1, 0xff, 0x30, 0x0, 0x1, 0xef, 0x88,
    0xf2, 0x0, 0x5, 0xff, 0x60, 0x0, 0x0, 0x8,
    0xff, 0xa0, 0x0, 0x4f, 0xca, 0xf5, 0x0, 0x0,
    0x5d, 0xe9, 0xfd, 0x37, 0xfd, 0x10, 0xcf, 0x80,
    0xd, 0xf9, 0x10, 0x3c, 0x4f, 0xc1, 0x0, 0xc,
    0xd0, 0x4, 0x0, 0x0, 0x0, 0x3, 0x0, 0x0,
    0x0, 0x10,

    /* U+65E0 "无" */
    0x1, 0xff, 0xff, 0xff, 0xff, 0xff, 0xff, 0xfb,
    0x0, 0x5, 0x55, 0x55, 0x7f, 0x75, 0x55, 0x55,
    0x30, 0x0, 0x0, 0x0, 0x4, 0xf2, 0x0, 0x0,
    0x0, 0x0, 0x0, 0x0, 0x0, 0x6f, 0x0, 0x0,
    0x0, 0x0, 0x0, 0x0, 0x0, 0x7, 0xf0, 0x0,
    0x0, 0x0, 0x0, 0x56, 0x66, 0x66, 0xbf, 0x66,
    0x66, 0x66, 0x63, 0xe, 0xff, 0xff, 0xff, 0xff,
    0xff, 0xff, 0xff, 0x80, 0x0, 0x0, 0x2, 0xf7,
    0xca, 0x0, 0x0, 0x0, 0x0, 0x0, 0x0, 0x8f,
    0x2c, 0xa0, 0x0, 0x0, 0x0, 0x0, 0x0, 0x2f,
    0xa0, 0xca, 0x0, 0x0, 0x0, 0x0, 0x0, 0xc,
    0xf2, 0xc, 0xa0, 0x0, 0x0, 0x0, 0x0, 0xa,
    0xf6, 0x0, 0xca, 0x0, 0x0, 0x43, 0x0, 0xb,
    0xf8, 0x0, 0xc, 0xa0, 0x0, 0xc, 0xc0, 0x4d,
    0xf7, 0x0, 0x0, 0xcd, 0x65, 0x68, 0xf8, 0xd,
    0xd3, 0x0, 0x0, 0x5, 0xef, 0xff, 0xea, 0x10,
    0x10, 0x0, 0x0, 0x0, 0x0, 0x0, 0x0, 0x0,

    /* U+666F "景" */
    0x0, 0xc, 0xff, 0xff, 0xff, 0xff, 0xff, 0xe0,
    0x0, 0x0, 0xc, 0xb5, 0x55, 0x55, 0x55, 0x5a,
    0xe0, 0x0, 0x0, 0xc, 0xd9, 0x99, 0x99, 0x99,
    0x9c, 0xe0, 0x0, 0x0, 0xc, 0xed, 0xdd, 0xfe,
    0xdd, 0xde, 0xe0, 0x0, 0x0, 0x3, 0x44, 0x47,
    0xf9, 0x44, 0x44, 0x40, 0x0, 0x7, 0x77, 0x77,
    0x77, 0xec, 0x77, 0x77, 0x77, 0x70, 0x1f, 0xff,
    0xff, 0xff, 0xff, 0xff, 0xff, 0xff, 0xf1, 0x0,
    0x4, 0x44, 0x44, 0x44, 0x44, 0x44, 0x40, 0x0,
    0x0, 0xf, 0xff, 0xff, 0xff, 0xff, 0xff, 0xf1,
    0x0, 0x0, 0xf, 0x30, 0x0, 0x0, 0x0, 0x4,
    0xf1, 0x0, 0x0, 0xf, 0xff, 0xff, 0xff, 0xff,
    0xff, 0xf1, 0x0, 0x0, 0x3, 0x33, 0x33, 0x8f,
    0x33, 0x43, 0x30, 0x0, 0x0, 0x1, 0xab, 0x0,
    0x6f, 0x3, 0xfa, 0x10, 0x0, 0x0, 0x7e, 0xe3,
    0x0, 0x6f, 0x0, 0x4e, 0xf5, 0x0, 0xb, 0xf9,
    0x10, 0x87, 0xbf, 0x0, 0x1, 0xcf, 0x10, 0x1,
    0x20, 0x0, 0xae, 0xf7, 0x0, 0x0, 0x3, 0x0,

    /* U+6682 "暂" */
    0x0, 0x17, 0x10, 0x0, 0x0, 0x0, 0x0, 0x0,
    0x22, 0x8f, 0x32, 0x22, 0x2, 0x46, 0x9b, 0xe1,
    0xcf, 0xff, 0xff, 0xff, 0x2e, 0xfd, 0xb9, 0x51,
    0xa, 0xe0, 0x71, 0x0, 0xe, 0x60, 0x0, 0x0,
    0x6f, 0x82, 0xf6, 0x22, 0xf, 0xc9, 0x99, 0x97,
    0x6f, 0xff, 0xff, 0xfb, 0xf, 0xb9, 0xcf, 0x96,
    0x0, 0x0, 0xf4, 0x2, 0x2f, 0x40, 0x7e, 0x0,
    0x68, 0xab, 0xff, 0xfe, 0x9f, 0x0, 0x7e, 0x0,
    0x9a, 0x97, 0xf6, 0x14, 0xf8, 0x0, 0x7e, 0x0,
    0x0, 0x0, 0x82, 0x3, 0x80, 0x0, 0x37, 0x0,
    0x5, 0xff, 0xff, 0xff, 0xff, 0xff, 0xff, 0x0,
    0x5, 0xf2, 0x22, 0x22, 0x22, 0x22, 0x7f, 0x0,
    0x5, 0xf5, 0x55, 0x55, 0x55, 0x55, 0x8f, 0x0,
    0x5, 0xfd, 0xdd, 0xdd, 0xdd, 0xdd, 0xef, 0x0,
    0x5, 0xf3, 0x33, 0x33, 0x33, 0x33, 0x7f, 0x0,
    0x5, 0xff, 0xff, 0xff, 0xff, 0xff, 0xff, 0x0,
    0x5, 0xf0, 0x0, 0x0, 0x0, 0x0, 0x5f, 0x0,

    /* U+672A "未" */
    0x0, 0x0, 0x0, 0x0, 0xd8, 0x0, 0x0, 0x0,
    0x0, 0x0, 0x0, 0x0, 0xd, 0x80, 0x0, 0x0,
    0x0, 0x0, 0x0, 0x0, 0x0, 0xd8, 0x0, 0x0,
    0x0, 0x0, 0x8, 0xff, 0xff, 0xff, 0xff, 0xff,
    0xff, 0x50, 0x0, 0x36, 0x66, 0x66, 0xeb, 0x66,
    0x66, 0x62, 0x0, 0x0, 0x0, 0x0, 0xd, 0x80,
    0x0, 0x0, 0x0, 0x0, 0x0, 0x0, 0x0, 0xd8,
    0x0, 0x0, 0x0, 0x0, 0x7f, 0xff, 0xff, 0xff,
    0xff, 0xff, 0xff, 0xf1, 0x2, 0x66, 0x66, 0x7f,
    0xff, 0xc6, 0x66, 0x66, 0x0, 0x0, 0x0, 0x9,
    0xee, 0xdf, 0x40, 0x0, 0x0, 0x0, 0x0, 0x6,
    0xf5, 0xd8, 0xae, 0x20, 0x0, 0x0, 0x0, 0x5,
    0xf9, 0xd, 0x81, 0xde, 0x20, 0x0, 0x0, 0x7,
    0xfb, 0x0, 0xd8, 0x2, 0xee, 0x40, 0x0, 0x1a,
    0xfa, 0x0, 0xd, 0x80, 0x2, 0xdf, 0x91, 0x1e,
    0xf8, 0x0, 0x0, 0xd8, 0x0, 0x1, 0xbf, 0xc0,
    0x83, 0x0, 0x0, 0xd, 0x80, 0x0, 0x0, 0x55,
    0x0, 0x0, 0x0, 0x0, 0xd8, 0x0, 0x0, 0x0,
    0x0,

    /* U+672C "本" */
    0x0, 0x0, 0x0, 0x0, 0xf6, 0x0, 0x0, 0x0,
    0x0, 0x0, 0x0, 0x0, 0xf, 0x60, 0x0, 0x0,
    0x0, 0x0, 0x0, 0x0, 0x0, 0xf6, 0x0, 0x0,
    0x0, 0x0, 0x46, 0x66, 0x66, 0x6f, 0xa6, 0x66,
    0x66, 0x61, 0xb, 0xff, 0xff, 0xff, 0xff, 0xff,
    0xff, 0xff, 0x20, 0x0, 0x0, 0x5, 0xff, 0xfc,
    0x0, 0x0, 0x0, 0x0, 0x0, 0x0, 0xea, 0xf9,
    0xf5, 0x0, 0x0, 0x0, 0x0, 0x0, 0x9f, 0x2f,
    0x69, 0xe1, 0x0, 0x0, 0x0, 0x0, 0x5f, 0x70,
    0xf6, 0x1e, 0xb0, 0x0, 0x0, 0x0, 0x3f, 0xc0,
    0xf, 0x60, 0x4f, 0x80, 0x0, 0x0, 0x2e, 0xe1,
    0x0, 0xf6, 0x0, 0x7f, 0x80, 0x0, 0x3e, 0xe5,
    0x22, 0x2f, 0x82, 0x22, 0x9f, 0xb1, 0x3f, 0xd2,
    0xef, 0xff, 0xff, 0xff, 0xf7, 0x8f, 0xb0, 0x81,
    0x2, 0x22, 0x2f, 0x82, 0x22, 0x10, 0x44, 0x0,
    0x0, 0x0, 0x0, 0xf6, 0x0, 0x0, 0x0, 0x0,
    0x0, 0x0, 0x0, 0xf, 0x60, 0x0, 0x0, 0x0,
    0x0, 0x0, 0x0, 0x0, 0xf6, 0x0, 0x0, 0x0,
    0x0,

    /* U+6821 "校" */
    0x0, 0x8, 0xd0, 0x0, 0x0, 0x1a, 0x10, 0x0,
    0x0, 0x0, 0x8, 0xd0, 0x0, 0x0, 0x1f, 0x70,
    0x0, 0x0, 0x0, 0x8, 0xd0, 0x2, 0x55, 0x5d,
    0xd5, 0x55, 0x50, 0x4, 0x5a, 0xd5, 0x48, 0xff,
    0xff, 0xff, 0xff, 0xe0, 0xc, 0xff, 0xff, 0xe0,
    0x11, 0x11, 0x11, 0x11, 0x10, 0x0, 0xc, 0xd0,
    0x0, 0xb, 0xa0, 0x4, 0xb1, 0x0, 0x0, 0xf,
    0xf4, 0x0, 0xaf, 0x30, 0x3, 0xee, 0x30, 0x0,
    0x4f, 0xfe, 0x1c, 0xf5, 0x0, 0x0, 0x1d, 0xe0,
    0x0, 0x9f, 0xdd, 0xa6, 0x36, 0x0, 0x3, 0x72,
    0x50, 0x0, 0xed, 0xd5, 0xd0, 0x1f, 0x70, 0xa,
    0xe0, 0x0, 0x7, 0xe8, 0xd0, 0x20, 0x9, 0xf2,
    0x3f, 0x80, 0x0, 0x1e, 0x88, 0xd0, 0x0, 0x1,
    0xec, 0xde, 0x0, 0x0, 0x1b, 0x8, 0xd0, 0x0,
    0x0, 0x4f, 0xf4, 0x0, 0x0, 0x0, 0x8, 0xd0,
    0x0, 0x0, 0xaf, 0xfb, 0x10, 0x0, 0x0, 0x8,
    0xd0, 0x0, 0x4d, 0xf8, 0x6f, 0xe4, 0x0, 0x0,
    0x8, 0xd0, 0x2b, 0xfe, 0x50, 0x3, 0xef, 0xc1,
    0x0, 0x8, 0xd0, 0x1e, 0x80, 0x0, 0x0, 0x8,
    0xb0, 0x0, 0x0, 0x0, 0x0, 0x0, 0x0, 0x0,
    0x0, 0x0,

    /* U+68C0 "检" */
    0x0, 0x8, 0xd0, 0x0, 0x0, 0xc, 0x60, 0x0,
    0x0, 0x0, 0x8, 0xd0, 0x0, 0x0, 0x6f, 0xa0,
    0x0, 0x0, 0x0, 0x8, 0xd0, 0x0, 0x2, 0xfd,
    0xf7, 0x0, 0x0, 0x4, 0x5a, 0xd5, 0x40, 0xd,
    0xd0, 0x9f, 0x70, 0x0, 0xc, 0xff, 0xff, 0xe0,
    0xbf, 0x20, 0x9, 0xf9, 0x0, 0x0, 0xc, 0xd0,
    0x1c, 0xf4, 0x0, 0x0, 0x9f, 0xc0, 0x0, 0xf,
    0xf5, 0xd, 0x3e, 0xff, 0xff, 0xa5, 0x90, 0x0,
    0x4f, 0xff, 0x20, 0x4, 0x55, 0x55, 0x30, 0x0,
    0x0, 0xaf, 0xdb, 0xc0, 0x10, 0xa6, 0x0, 0x72,
    0x0, 0x1, 0xfb, 0xd3, 0xb7, 0xe0, 0xbb, 0x3,
    0xf6, 0x0, 0x9, 0xd8, 0xd0, 0x2, 0xf4, 0x7f,
    0x7, 0xf1, 0x0, 0x2f, 0x58, 0xd0, 0x0, 0xe9,
    0x5f, 0x2b, 0xc0, 0x0, 0x7, 0x8, 0xd0, 0x0,
    0xac, 0x2b, 0x3f, 0x60, 0x0, 0x0, 0x8, 0xd0,
    0x0, 0x44, 0x0, 0x7e, 0x0, 0x0, 0x0, 0x8,
    0xd0, 0x3, 0x44, 0x44, 0xdb, 0x44, 0x30, 0x0,
    0x8, 0xd0, 0xd, 0xff, 0xff, 0xff, 0xff, 0xc0,
    0x0, 0x8, 0xd0, 0x0, 0x11, 0x11, 0x11, 0x11,
    0x0,

    /* U+6A21 "模" */
    0x0, 0x8, 0xd0, 0x0, 0x6, 0xe0, 0xe, 0x70,
    0x0, 0x0, 0x8, 0xd0, 0x3, 0x38, 0xf3, 0x3e,
    0x83, 0x30, 0x0, 0x8, 0xd0, 0xf, 0xff, 0xff,
    0xff, 0xff, 0xe0, 0x5, 0x6b, 0xe6, 0x60, 0x6,
    0xe0, 0xe, 0x70, 0x0, 0x9, 0xce, 0xfc, 0xb0,
    0xde, 0xfd, 0xdf, 0xed, 0x0, 0x0, 0xc, 0xd0,
    0x1, 0xf8, 0x55, 0x55, 0x8f, 0x10, 0x0, 0xf,
    0xf5, 0x1, 0xf6, 0x11, 0x11, 0x5f, 0x10, 0x0,
    0x4f, 0xff, 0x11, 0xff, 0xff, 0xff, 0xff, 0x10,
    0x0, 0x9f, 0xdd, 0xc1, 0xf5, 0x0, 0x0, 0x5f,
    0x10, 0x1, 0xfc, 0xd4, 0xc1, 0xff, 0xff, 0xff,
    0xff, 0x10, 0x7, 0xe8, 0xd0, 0x10, 0x22, 0x2c,
    0x92, 0x22, 0x0, 0x1f, 0x78, 0xd0, 0x6, 0x66,
    0x6e, 0x96, 0x66, 0x50, 0x1b, 0x8, 0xd0, 0xe,
    0xee, 0xef, 0xfe, 0xee, 0xc0, 0x0, 0x8, 0xd0,
    0x0, 0x0, 0xbc, 0xd8, 0x0, 0x0, 0x0, 0x8,
    0xd0, 0x0, 0x1b, 0xf3, 0x4f, 0xa1, 0x0, 0x0,
    0x8, 0xd0, 0x2a, 0xfe, 0x40, 0x4, 0xff, 0xa0,
    0x0, 0x8, 0xd0, 0x2c, 0x71, 0x0, 0x0, 0x29,
    0x90,

    /* U+6B62 "止" */
    0x0, 0x0, 0x0, 0x0, 0xb, 0xb0, 0x0, 0x0,
    0x0, 0x0, 0x0, 0x0, 0x0, 0xb, 0xb0, 0x0,
    0x0, 0x0, 0x0, 0x0, 0x0, 0x0, 0xb, 0xb0,
    0x0, 0x0, 0x0, 0x0, 0x2, 0x80, 0x0, 0xb,
    0xb0, 0x0, 0x0, 0x0, 0x0, 0x5, 0xf1, 0x0,
    0xb, 0xb0, 0x0, 0x0, 0x0, 0x0, 0x5, 0xf1,
    0x0, 0xb, 0xc6, 0x66, 0x66, 0x30, 0x0, 0x5,
    0xf1, 0x0, 0xb, 0xff, 0xff, 0xff, 0x90, 0x0,
    0x5, 0xf1, 0x0, 0xb, 0xb0, 0x0, 0x0, 0x0,
    0x0, 0x5, 0xf1, 0x0, 0xb, 0xb0, 0x0, 0x0,
    0x0, 0x0, 0x5, 0xf1, 0x0, 0xb, 0xb0, 0x0,
    0x0, 0x0, 0x0, 0x5, 0xf1, 0x0, 0xb, 0xb0,
    0x0, 0x0, 0x0, 0x0, 0x5, 0xf1, 0x0, 0xb,
    0xb0, 0x0, 0x0, 0x0, 0x0, 0x5, 0xf1, 0x0,
    0xb, 0xb0, 0x0, 0x0, 0x0, 0x0, 0x5, 0xf1,
    0x0, 0xb, 0xb0, 0x0, 0x0, 0x0, 0x6, 0x69,
    0xf6, 0x66, 0x6d, 0xc6, 0x66, 0x66, 0x60, 0x1f,
    0xff, 0xff, 0xff, 0xff, 0xff, 0xff, 0xff, 0xf1,

    /* U+6C42 "求" */
    0x0, 0x0, 0x0, 0x8, 0xd0, 0xa, 0x70, 0x0,
    0x0, 0x0, 0x0, 0x0, 0x8d, 0x0, 0x6f, 0xd1,
    0x0, 0x0, 0x0, 0x0, 0x8, 0xd0, 0x0, 0x28,
    0x0, 0x3, 0xff, 0xff, 0xff, 0xff, 0xff, 0xff,
    0xff, 0xb0, 0x16, 0x66, 0x66, 0x6b, 0xfa, 0x66,
    0x66, 0x64, 0x0, 0x7, 0x50, 0x0, 0x8f, 0xb0,
    0x0, 0x93, 0x0, 0x0, 0xde, 0x10, 0x8, 0xff,
    0x0, 0x6f, 0x60, 0x0, 0x3, 0xfa, 0x0, 0x8e,
    0xf6, 0x1e, 0xc0, 0x0, 0x0, 0x9, 0xf4, 0x9,
    0xda, 0xdb, 0xf2, 0x0, 0x0, 0x0, 0x7, 0x1a,
    0xfd, 0x2f, 0xf5, 0x0, 0x0, 0x0, 0x0, 0x4e,
    0xfc, 0xd0, 0xaf, 0x20, 0x0, 0x0, 0x2, 0xaf,
    0xc2, 0x8d, 0x1, 0xed, 0x10, 0x0, 0x19, 0xff,
    0x90, 0x8, 0xd0, 0x4, 0xfd, 0x20, 0xa, 0xfc,
    0x30, 0x0, 0x9d, 0x0, 0x5, 0xfe, 0x60, 0x45,
    0x0, 0x0, 0x9, 0xd0, 0x0, 0x4, 0xef, 0x40,
    0x0, 0x7, 0x86, 0xcd, 0x0, 0x0, 0x1, 0x70,
    0x0, 0x0, 0x5d, 0xef, 0x60, 0x0, 0x0, 0x0,
    0x0,

    /* U+6CD5 "法" */
    0x0, 0x61, 0x0, 0x0, 0x0, 0x7f, 0x0, 0x0,
    0x0, 0x2, 0xfe, 0x30, 0x0, 0x0, 0x7f, 0x0,
    0x0, 0x0, 0x0, 0x2e, 0xf2, 0x0, 0x0, 0x7f,
    0x0, 0x0, 0x0, 0x0, 0x2, 0xa0, 0x36, 0x66,
    0xaf, 0x66, 0x66, 0x0, 0x0, 0x0, 0x0, 0x8f,
    0xff, 0xff, 0xff, 0xff, 0x10, 0x9, 0x80, 0x0,
    0x0, 0x0, 0x7f, 0x0, 0x0, 0x0, 0x6, 0xfd,
    0x20, 0x0, 0x0, 0x7f, 0x0, 0x0, 0x0, 0x0,
    0x2a, 0x0, 0x22, 0x22, 0x8f, 0x32, 0x22, 0x20,
    0x0, 0x0, 0x4, 0xff, 0xff, 0xff, 0xff, 0xff,
    0xf0, 0x0, 0x4, 0x1, 0x33, 0x3b, 0xf3, 0x33,
    0x33, 0x30, 0x0, 0xe, 0x80, 0x0, 0x1f, 0x90,
    0x6, 0x0, 0x0, 0x0, 0x5f, 0x30, 0x0, 0x8f,
    0x20, 0x2f, 0x60, 0x0, 0x0, 0xbe, 0x0, 0x2,
    0xf9, 0x0, 0xa, 0xe0, 0x0, 0x2, 0xf9, 0x0,
    0xc, 0xe1, 0x0, 0x38, 0xf7, 0x0, 0xa, 0xf2,
    0x0, 0x8f, 0xca, 0xdf, 0xff, 0xfd, 0x0, 0x1f,
    0xb0, 0x0, 0x7e, 0xcb, 0x96, 0x30, 0x6f, 0x40,
    0x2, 0x30, 0x0, 0x0, 0x0, 0x0, 0x0, 0x16,
    0x0,

    /* U+6D41 "流" */
    0x0, 0x0, 0x0, 0x0, 0x0, 0x40, 0x0, 0x0,
    0x0, 0x3, 0xf8, 0x0, 0x0, 0x1, 0xf7, 0x0,
    0x0, 0x0, 0x0, 0x7f, 0xc1, 0x56, 0x66, 0xbf,
    0x66, 0x66, 0x40, 0x0, 0x4, 0xb0, 0xde, 0xef,
    0xfe, 0xee, 0xee, 0xa0, 0x0, 0x0, 0x0, 0x0,
    0x1f, 0x80, 0x3, 0x20, 0x0, 0x8, 0x50, 0x0,
    0x0, 0xcd, 0x0, 0xe, 0xc0, 0x0, 0x9, 0xfb,
    0x10, 0xa, 0xf2, 0x0, 0x28, 0xf7, 0x0, 0x0,
    0x5c, 0x0, 0x8f, 0xdc, 0xef, 0xff, 0xef, 0x10,
    0x0, 0x0, 0x0, 0x48, 0x76, 0x53, 0x10, 0x1d,
    0x30, 0x0, 0x2, 0x0, 0x3, 0x80, 0x33, 0x5,
    0x30, 0x0, 0x0, 0xe, 0x60, 0x6, 0xf0, 0xab,
    0xc, 0x80, 0x0, 0x0, 0x5f, 0x40, 0x9, 0xe0,
    0xab, 0xc, 0x80, 0x0, 0x0, 0xce, 0x0, 0xd,
    0xc0, 0xab, 0xc, 0x80, 0x0, 0x5, 0xfa, 0x0,
    0x7f, 0x80, 0xab, 0xc, 0x82, 0x50, 0xd, 0xf3,
    0x6, 0xff, 0x20, 0xab, 0xb, 0xba, 0xf0, 0x1e,
    0xc0, 0xd, 0xf7, 0x0, 0xab, 0x7, 0xff, 0x80,
    0x4, 0x50, 0x5, 0x90, 0x0, 0xab, 0x0, 0x0,
    0x0, 0x0, 0x0, 0x0, 0x0, 0x0, 0x0, 0x0,
    0x0, 0x0,

    /* U+6D4B "测" */
    0x2, 0x40, 0x0, 0x0, 0x0, 0x0, 0x0, 0xe,
    0x60, 0x7f, 0x50, 0xde, 0xee, 0xee, 0x30, 0x0,
    0xe6, 0x0, 0x8f, 0x3e, 0xa6, 0x67, 0xf4, 0x6e,
    0xe, 0x60, 0x0, 0x50, 0xe6, 0x0, 0x1f, 0x46,
    0xe0, 0xe6, 0x0, 0x0, 0xe, 0x64, 0xf2, 0xf4,
    0x6e, 0xe, 0x61, 0xe9, 0x0, 0xe6, 0x5f, 0x1f,
    0x46, 0xe0, 0xe6, 0x5, 0xfb, 0xe, 0x65, 0xf1,
    0xf4, 0x6e, 0xe, 0x60, 0x5, 0x70, 0xe6, 0x5f,
    0x1f, 0x46, 0xe0, 0xe6, 0x0, 0x0, 0xe, 0x66,
    0xf1, 0xf4, 0x6e, 0xe, 0x60, 0x0, 0x10, 0xe6,
    0x6e, 0x1f, 0x46, 0xe0, 0xe6, 0x0, 0x3f, 0xe,
    0x67, 0xc1, 0xf4, 0x6e, 0xe, 0x60, 0x8, 0xd0,
    0xe6, 0xaa, 0x1f, 0x46, 0xe0, 0xe6, 0x0, 0xd9,
    0x4, 0x2e, 0x61, 0x41, 0x24, 0xe, 0x60, 0x3f,
    0x40, 0x6, 0xf2, 0xf3, 0x0, 0x0, 0xe6, 0x9,
    0xe0, 0x1, 0xe9, 0xa, 0xd0, 0x0, 0xe, 0x60,
    0xf8, 0x1, 0xde, 0x10, 0x2f, 0x50, 0x97, 0xf5,
    0x1b, 0x20, 0x1b, 0x10, 0x0, 0x94, 0xc, 0xfd,
    0x10, 0x0, 0x0, 0x0, 0x0, 0x0, 0x0, 0x0,
    0x0,

    /* U+6D88 "消" */
    0x0, 0x71, 0x0, 0x4, 0x0, 0x5f, 0x0, 0x26,
    0x0, 0x2e, 0xe4, 0x6, 0xf3, 0x5, 0xf0, 0xa,
    0xe0, 0x0, 0x2d, 0xf2, 0xc, 0xe1, 0x5f, 0x4,
    0xf6, 0x0, 0x0, 0x17, 0x0, 0x1b, 0x15, 0xf0,
    0x6b, 0x0, 0x0, 0x0, 0x0, 0x14, 0x44, 0x7f,
    0x44, 0x44, 0x10, 0x98, 0x0, 0x4, 0xff, 0xff,
    0xff, 0xff, 0xf4, 0x6, 0xfd, 0x20, 0x4f, 0x0,
    0x0, 0x0, 0xf, 0x40, 0x2, 0xa0, 0x4, 0xf1,
    0x11, 0x11, 0x11, 0xf4, 0x0, 0x0, 0x0, 0x4f,
    0xff, 0xff, 0xff, 0xff, 0x40, 0x0, 0x51, 0x4,
    0xf2, 0x22, 0x22, 0x22, 0xf4, 0x0, 0xe, 0x80,
    0x4f, 0x0, 0x0, 0x0, 0xf, 0x40, 0x4, 0xf3,
    0x4, 0xff, 0xff, 0xff, 0xff, 0xf4, 0x0, 0x9e,
    0x0, 0x4f, 0x55, 0x55, 0x55, 0x5f, 0x40, 0x1f,
    0xa0, 0x4, 0xf0, 0x0, 0x0, 0x0, 0xf4, 0x7,
    0xf4, 0x0, 0x4f, 0x0, 0x0, 0x0, 0xf, 0x40,
    0xed, 0x0, 0x4, 0xf0, 0x0, 0x5, 0x46, 0xf3,
    0x9, 0x60, 0x0, 0x4f, 0x0, 0x0, 0xdf, 0xfc,
    0x0, 0x0, 0x0, 0x0, 0x10, 0x0, 0x0, 0x0,
    0x0,

    /* U+6F14 "演" */
    0x0, 0x20, 0x0, 0x0, 0x2, 0x90, 0x0, 0x0,
    0x0, 0x7f, 0x40, 0x44, 0x44, 0x5f, 0x94, 0x44,
    0x41, 0x0, 0x9f, 0x3f, 0xff, 0xff, 0xff, 0xff,
    0xff, 0x60, 0x0, 0x60, 0xf5, 0x0, 0x0, 0x0,
    0x0, 0xf6, 0x0, 0x0, 0xf, 0x4c, 0xff, 0xff,
    0xff, 0x2d, 0x50, 0xc6, 0x0, 0x0, 0x33, 0x3f,
    0x73, 0x30, 0x0, 0x8, 0xf8, 0x1, 0x55, 0x55,
    0xf9, 0x55, 0x52, 0x0, 0x7, 0xc0, 0x3f, 0xdd,
    0xdf, 0xed, 0xdf, 0x60, 0x0, 0x0, 0x3, 0xf1,
    0x0, 0xf5, 0x0, 0xe6, 0x0, 0x0, 0x20, 0x3f,
    0xff, 0xff, 0xff, 0xff, 0x60, 0x0, 0x3f, 0x13,
    0xf3, 0x11, 0xf6, 0x11, 0xe6, 0x0, 0x8, 0xe0,
    0x3f, 0x54, 0x4f, 0x74, 0x4f, 0x60, 0x0, 0xd9,
    0x3, 0xff, 0xff, 0xff, 0xff, 0xf6, 0x0, 0x3f,
    0x40, 0x0, 0x17, 0x0, 0x6, 0x30, 0x0, 0xa,
    0xe0, 0x1, 0x7e, 0xd2, 0x1, 0xcf, 0xc3, 0x1,
    0xf7, 0x1, 0xff, 0x90, 0x0, 0x0, 0x3c, 0xf2,
    0x6, 0x10, 0x4, 0x0, 0x0, 0x0, 0x0, 0x5,
    0x0,

    /* U+7075 "灵" */
    0x0, 0x4f, 0xff, 0xff, 0xff, 0xff, 0xff, 0xf4,
    0x0, 0x0, 0x15, 0x55, 0x55, 0x55, 0x55, 0x57,
    0xf4, 0x0, 0x0, 0x4, 0x66, 0x66, 0x66, 0x66,
    0x68, 0xf4, 0x0, 0x0, 0xc, 0xff, 0xff, 0xff,
    0xff, 0xff, 0xf4, 0x0, 0x0, 0x0, 0x0, 0x0,
    0x0, 0x0, 0x3, 0xf4, 0x0, 0x0, 0x5f, 0xff,
    0xff, 0xff, 0xff, 0xff, 0xf4, 0x0, 0x0, 0x27,
    0x77, 0x77, 0xab, 0x77, 0x77, 0x71, 0x0, 0x0,
    0x0, 0x50, 0x0, 0x9d, 0x0, 0x1, 0x60, 0x0,
    0x0, 0x4, 0xf4, 0x0, 0xcd, 0x0, 0x1c, 0xf2,
    0x0, 0x0, 0x1d, 0xc0, 0x2, 0xff, 0x34, 0xee,
    0x30, 0x0, 0x0, 0x5f, 0x30, 0xb, 0xfc, 0xef,
    0xb2, 0x0, 0x0, 0x0, 0x2, 0x0, 0x8f, 0x81,
    0xed, 0x0, 0x0, 0x0, 0x0, 0x0, 0x2b, 0xfb,
    0x0, 0x3e, 0xd4, 0x0, 0x0, 0x1, 0x5a, 0xff,
    0x90, 0x0, 0x2, 0xcf, 0xd7, 0x30, 0xc, 0xff,
    0xa2, 0x0, 0x0, 0x0, 0x4, 0xbf, 0xd0, 0x2,
    0x40, 0x0, 0x0, 0x0, 0x0, 0x0, 0x1, 0x20,

    /* U+70B9 "点" */
    0x0, 0x0, 0x0, 0x0, 0xf5, 0x0, 0x0, 0x0,
    0x0, 0x0, 0x0, 0x0, 0x0, 0xf5, 0x0, 0x0,
    0x0, 0x0, 0x0, 0x0, 0x0, 0x0, 0xfa, 0x77,
    0x77, 0x77, 0x10, 0x0, 0x0, 0x0, 0x0, 0xfe,
    0xee, 0xee, 0xee, 0x30, 0x0, 0x0, 0x0, 0x0,
    0xf5, 0x0, 0x0, 0x0, 0x0, 0x0, 0x0, 0x0,
    0x0, 0xf5, 0x0, 0x0, 0x0, 0x0, 0x0, 0x4f,
    0xff, 0xff, 0xff, 0xff, 0xff, 0xf3, 0x0, 0x0,
    0x4f, 0x65, 0x55, 0x55, 0x55, 0x57, 0xf3, 0x0,
    0x0, 0x4f, 0x20, 0x0, 0x0, 0x0, 0x3, 0xf3,
    0x0, 0x0, 0x4f, 0x20, 0x0, 0x0, 0x0, 0x3,
    0xf3, 0x0, 0x0, 0x4f, 0xff, 0xff, 0xff, 0xff,
    0xff, 0xf3, 0x0, 0x0, 0x16, 0x66, 0x66, 0x66,
    0x66, 0x66, 0x61, 0x0, 0x0, 0x3a, 0x11, 0x50,
    0x1, 0x81, 0x1, 0xd4, 0x0, 0x0, 0xbe, 0x3,
    0xf7, 0x1, 0xfa, 0x0, 0xce, 0x0, 0x6, 0xf6,
    0x0, 0xbe, 0x0, 0x8f, 0x20, 0x2f, 0x70, 0xb,
    0xc0, 0x0, 0x7f, 0x20, 0x2d, 0x40, 0xb, 0xc0,
    0x0, 0x10, 0x0, 0x10, 0x0, 0x0, 0x0, 0x1,
    0x0,

    /* U+7528 "用" */
    0x0, 0x5f, 0xff, 0xff, 0xff, 0xff, 0xff, 0xff,
    0x0, 0x5f, 0x65, 0x55, 0x9f, 0x55, 0x55, 0xaf,
    0x0, 0x5f, 0x10, 0x0, 0x6f, 0x0, 0x0, 0x7f,
    0x0, 0x5f, 0x10, 0x0, 0x6f, 0x0, 0x0, 0x7f,
    0x0, 0x5f, 0x76, 0x66, 0xaf, 0x66, 0x66, 0xaf,
    0x0, 0x5f, 0xff, 0xff, 0xff, 0xff, 0xff, 0xff,
    0x0, 0x5f, 0x10, 0x0, 0x6f, 0x0, 0x0, 0x7f,
    0x0, 0x5f, 0x0, 0x0, 0x6f, 0x0, 0x0, 0x7f,
    0x0, 0x6f, 0x44, 0x44, 0x9f, 0x44, 0x44, 0x9f,
    0x0, 0x8f, 0xff, 0xff, 0xff, 0xff, 0xff, 0xff,
    0x0, 0xcc, 0x11, 0x11, 0x7f, 0x11, 0x11, 0x7f,
    0x0, 0xf9, 0x0, 0x0, 0x6f, 0x0, 0x0, 0x7f,
    0x5, 0xf4, 0x0, 0x0, 0x6f, 0x0, 0x0, 0x7f,
    0xc, 0xe0, 0x0, 0x0, 0x6f, 0x0, 0x65, 0xce,
    0x1d, 0x70, 0x0, 0x0, 0x37, 0x0, 0xef, 0xf7,
    0x0, 0x0, 0x0, 0x0, 0x0, 0x0, 0x0, 0x0,

    /* U+7591 "疑" */
    0x5, 0xf0, 0x0, 0x20, 0x0, 0x0, 0x0, 0x0,
    0x0, 0x5f, 0x48, 0xdf, 0x70, 0xff, 0xff, 0xff,
    0xf1, 0x5, 0xff, 0xc8, 0x30, 0x4, 0x44, 0x45,
    0xfa, 0x0, 0x5f, 0x20, 0x4, 0xa0, 0x5, 0xc3,
    0xcd, 0x0, 0x4, 0xf6, 0x45, 0xcd, 0x0, 0x2c,
    0xfe, 0x10, 0x0, 0xa, 0xee, 0xec, 0x31, 0x22,
    0x2a, 0xf6, 0x21, 0x0, 0x77, 0x0, 0x0, 0x9f,
    0xff, 0xff, 0xff, 0xd0, 0xe, 0xc6, 0x66, 0x42,
    0x33, 0x3f, 0x73, 0xcb, 0x5, 0xfe, 0xff, 0xe9,
    0x0, 0x0, 0xe5, 0x1f, 0x30, 0xda, 0xd, 0x90,
    0x0, 0x2f, 0xe, 0x50, 0x10, 0x6, 0x64, 0xea,
    0x44, 0x3, 0xf0, 0xee, 0xdd, 0x61, 0xff, 0xff,
    0xff, 0xf0, 0x6e, 0xe, 0x84, 0x41, 0x0, 0x9,
    0xf8, 0x0, 0x9, 0xe0, 0xe5, 0x0, 0x0, 0x5,
    0xf9, 0xed, 0x30, 0xff, 0x9e, 0x50, 0x0, 0x7,
    0xfb, 0x2, 0xde, 0x9f, 0x3b, 0xfa, 0x65, 0x50,
    0x8b, 0x0, 0x0, 0x29, 0xb0, 0x5, 0xbe, 0xfb,
    0x0, 0x0, 0x0, 0x0, 0x0, 0x0, 0x0, 0x0,
    0x0,

    /* U+77E5 "知" */
    0x0, 0x2, 0x60, 0x0, 0x0, 0x0, 0x0, 0x0,
    0x0, 0x0, 0xad, 0x0, 0x0, 0x1, 0x11, 0x11,
    0x10, 0x0, 0x1f, 0xa3, 0x33, 0x10, 0xff, 0xff,
    0xff, 0x60, 0x9, 0xff, 0xff, 0xf7, 0xf, 0x73,
    0x33, 0xe6, 0x5, 0xf8, 0x2f, 0x51, 0x0, 0xf5,
    0x0, 0xe, 0x60, 0xec, 0x2, 0xf2, 0x0, 0xf,
    0x50, 0x0, 0xe6, 0x5, 0x10, 0x3f, 0x10, 0x0,
    0xf5, 0x0, 0xe, 0x60, 0x56, 0x69, 0xf6, 0x64,
    0xf, 0x50, 0x0, 0xe6, 0xe, 0xff, 0xff, 0xff,
    0xc0, 0xf5, 0x0, 0xe, 0x60, 0x0, 0xa, 0xc0,
    0x0, 0xf, 0x50, 0x0, 0xe6, 0x0, 0x0, 0xdd,
    0x10, 0x0, 0xf5, 0x0, 0xe, 0x60, 0x0, 0x3f,
    0xee, 0x20, 0xf, 0x50, 0x0, 0xe6, 0x0, 0xa,
    0xe1, 0xde, 0x30, 0xf5, 0x0, 0xe, 0x60, 0x5,
    0xf7, 0x1, 0xdb, 0xf, 0xff, 0xff, 0xf6, 0x3,
    0xec, 0x0, 0x1, 0x10, 0xf8, 0x55, 0x5f, 0x60,
    0xed, 0x10, 0x0, 0x0, 0xb, 0x30, 0x0, 0x94,
    0x2, 0x10, 0x0, 0x0, 0x0, 0x0, 0x0, 0x0,
    0x0,

    /* U+786E "确" */
    0x0, 0x0, 0x0, 0x0, 0x0, 0x71, 0x0, 0x0,
    0x0, 0x67, 0x77, 0x77, 0x30, 0x7f, 0x74, 0x44,
    0x0, 0xd, 0xef, 0xfe, 0xe7, 0x1e, 0xff, 0xff,
    0xd0, 0x0, 0x0, 0xe7, 0x0, 0xa, 0xf2, 0x2,
    0xf8, 0x0, 0x0, 0x2f, 0x20, 0x6, 0xfb, 0x55,
    0xbf, 0x55, 0x20, 0x7, 0xd0, 0x1, 0xff, 0xff,
    0xff, 0xff, 0xf6, 0x0, 0xd8, 0x0, 0x3, 0xe7,
    0x6, 0xe0, 0xe, 0x60, 0x4f, 0xed, 0xdb, 0xe,
    0x94, 0x8f, 0x44, 0xf6, 0xb, 0xfe, 0x6a, 0xd0,
    0xef, 0xff, 0xff, 0xff, 0x62, 0xf9, 0xe0, 0x7d,
    0xe, 0x70, 0x6e, 0x0, 0xe6, 0x4, 0x6e, 0x7,
    0xd0, 0xf7, 0x6, 0xe0, 0xe, 0x60, 0x6, 0xe0,
    0x7d, 0xf, 0xff, 0xff, 0xff, 0xf6, 0x0, 0x6e,
    0x7, 0xd3, 0xf6, 0x38, 0xf3, 0x3f, 0x60, 0x6,
    0xff, 0xfd, 0x7f, 0x10, 0x6e, 0x0, 0xe6, 0x0,
    0x6e, 0x5a, 0xdd, 0xd0, 0x6, 0xe0, 0xe, 0x60,
    0x5, 0xd0, 0x15, 0xf8, 0x0, 0x6e, 0x4d, 0xf6,
    0x0, 0x0, 0x0, 0xa, 0x20, 0x0, 0x2, 0xee,
    0x20, 0x0, 0x0, 0x0, 0x0, 0x0, 0x0, 0x0,
    0x0,

    /* U+793A "示" */
    0x1, 0x66, 0x66, 0x66, 0x66, 0x66, 0x66, 0x30,
    0x0, 0x2f, 0xff, 0xff, 0xff, 0xff, 0xff, 0xf9,
    0x0, 0x0, 0x0, 0x0, 0x0, 0x0, 0x0, 0x0,
    0x0, 0x0, 0x0, 0x0, 0x0, 0x0, 0x0, 0x0,
    0x0, 0x0, 0x1, 0x11, 0x11, 0x11, 0x11, 0x11,
    0x11, 0x11, 0x7, 0xff, 0xff, 0xff, 0xff, 0xff,
    0xff, 0xff, 0xe0, 0x14, 0x44, 0x44, 0x49, 0xf4,
    0x44, 0x44, 0x43, 0x0, 0x0, 0x0, 0x0, 0x6f,
    0x0, 0x0, 0x0, 0x0, 0x0, 0x1, 0x80, 0x6,
    0xf0, 0x7, 0x40, 0x0, 0x0, 0x0, 0x9f, 0x20,
    0x6f, 0x0, 0xcf, 0x30, 0x0, 0x0, 0x3f, 0x90,
    0x6, 0xf0, 0x1, 0xee, 0x10, 0x0, 0xc, 0xe1,
    0x0, 0x6f, 0x0, 0x3, 0xfc, 0x0, 0xa, 0xf6,
    0x0, 0x6, 0xf0, 0x0, 0x6, 0xf7, 0x6, 0xfa,
    0x0, 0x0, 0x6f, 0x0, 0x0, 0xc, 0xf1, 0x6d,
    0x0, 0x16, 0x5b, 0xf0, 0x0, 0x0, 0x27, 0x0,
    0x0, 0x0, 0xef, 0xe8, 0x0, 0x0, 0x0, 0x0,

    /* U+79D2 "秒" */
    0x0, 0x0, 0x0, 0x0, 0x0, 0x0, 0x0, 0x0,
    0x0, 0x0, 0x3, 0x9e, 0x10, 0x0, 0xe9, 0x0,
    0x0, 0x6, 0xae, 0xfe, 0x81, 0x0, 0xe, 0x90,
    0x0, 0x0, 0xbd, 0xcf, 0x0, 0x5, 0x80, 0xe9,
    0x4b, 0x0, 0x0, 0x5, 0xf0, 0x0, 0x9d, 0xe,
    0x93, 0xf5, 0x0, 0x0, 0x5f, 0x0, 0xd, 0x90,
    0xe9, 0xa, 0xd0, 0x1f, 0xff, 0xff, 0xf9, 0xf5,
    0xe, 0x90, 0x3f, 0x40, 0x55, 0xcf, 0x55, 0x9f,
    0x10, 0xe9, 0x0, 0xca, 0x0, 0x1f, 0xfb, 0xc,
    0xc0, 0xe, 0x90, 0x5, 0x70, 0x7, 0xff, 0xda,
    0x76, 0x0, 0xe9, 0x6, 0x80, 0x0, 0xdd, 0xf3,
    0xf4, 0x0, 0xe, 0x91, 0xfb, 0x0, 0x8f, 0x7f,
    0x3, 0x0, 0x0, 0x95, 0xaf, 0x30, 0x3f, 0xa5,
    0xf0, 0x0, 0x0, 0x0, 0x7f, 0x90, 0x2, 0xe1,
    0x5f, 0x0, 0x0, 0x0, 0x6f, 0xc0, 0x0, 0x1,
    0x5, 0xf0, 0x0, 0x1, 0xaf, 0xc1, 0x0, 0x0,
    0x0, 0x5f, 0x0, 0x6, 0xef, 0xa0, 0x0, 0x0,
    0x0, 0x5, 0xf0, 0x8f, 0xfe, 0x50, 0x0, 0x0,
    0x0, 0x0, 0x5f, 0x8, 0xc6, 0x0, 0x0, 0x0,
    0x0, 0x0, 0x0, 0x0, 0x0, 0x0, 0x0, 0x0,
    0x0, 0x0,

    /* U+7A0B "程" */
    0x0, 0x0, 0x3, 0x40, 0x0, 0x0, 0x0, 0x0,
    0x0, 0x7b, 0xdf, 0xfe, 0xa, 0xff, 0xff, 0xff,
    0xf2, 0x7, 0xbb, 0xf2, 0x0, 0xab, 0x44, 0x44,
    0x6f, 0x20, 0x0, 0x5f, 0x0, 0xa, 0xa0, 0x0,
    0x3, 0xf2, 0x0, 0x5, 0xf0, 0x0, 0xaa, 0x0,
    0x0, 0x3f, 0x20, 0xef, 0xff, 0xff, 0x8a, 0xff,
    0xff, 0xff, 0xf2, 0x4, 0x5b, 0xf5, 0x52, 0x24,
    0x44, 0x44, 0x44, 0x0, 0x0, 0xcf, 0x70, 0x0,
    0x0, 0x0, 0x0, 0x0, 0x0, 0x2f, 0xff, 0x41,
    0xff, 0xff, 0xff, 0xff, 0xa0, 0x8, 0xff, 0x9c,
    0x3, 0x33, 0x9f, 0x33, 0x32, 0x2, 0xfb, 0xf1,
    0x20, 0x0, 0x7, 0xf0, 0x0, 0x0, 0xce, 0x5f,
    0x0, 0xa, 0xee, 0xef, 0xee, 0xe1, 0x1d, 0x45,
    0xf0, 0x0, 0x46, 0x6a, 0xf6, 0x66, 0x0, 0x0,
    0x5f, 0x0, 0x0, 0x0, 0x7f, 0x0, 0x0, 0x0,
    0x5, 0xf0, 0x2, 0x33, 0x38, 0xf3, 0x33, 0x30,
    0x0, 0x5f, 0x0, 0x9f, 0xff, 0xff, 0xff, 0xff,
    0x0, 0x5, 0xf0, 0x0, 0x11, 0x11, 0x11, 0x11,
    0x0,

    /* U+7A97 "窗" */
    0x0, 0x0, 0x0, 0x0, 0x42, 0x0, 0x0, 0x0,
    0x0, 0x34, 0x44, 0x44, 0x4f, 0xb4, 0x44, 0x44,
    0x41, 0xe, 0xff, 0xff, 0xff, 0xff, 0xff, 0xff,
    0xff, 0x70, 0xe7, 0x0, 0x86, 0x0, 0x0, 0x53,
    0x0, 0xe7, 0x7, 0x58, 0xed, 0x30, 0x0, 0x1c,
    0xfd, 0x89, 0x40, 0xbf, 0xd6, 0x1, 0xc8, 0x0,
    0x1, 0x7d, 0xf7, 0x5, 0x73, 0x33, 0xbf, 0x53,
    0x33, 0x33, 0x36, 0x10, 0xf, 0xff, 0xff, 0xff,
    0xff, 0xff, 0xff, 0x50, 0x0, 0xf7, 0x0, 0x2c,
    0x40, 0x0, 0x0, 0xf5, 0x0, 0xf, 0x70, 0xc,
    0xfe, 0xee, 0xeb, 0xf, 0x50, 0x0, 0xf7, 0x1c,
    0xf9, 0x33, 0x5f, 0x90, 0xf5, 0x0, 0xf, 0x75,
    0xeb, 0xfe, 0x8e, 0xc0, 0xf, 0x50, 0x0, 0xf7,
    0x1, 0x3a, 0xff, 0xf4, 0x0, 0xf5, 0x0, 0xf,
    0x71, 0xff, 0xf9, 0x5d, 0xf2, 0xf, 0x50, 0x0,
    0xf9, 0x49, 0x74, 0x44, 0x48, 0x44, 0xf5, 0x0,
    0xf, 0xff, 0xff, 0xff, 0xff, 0xff, 0xff, 0x50,
    0x0, 0xf7, 0x0, 0x0, 0x0, 0x0, 0x0, 0xf5,
    0x0,

    /* U+7ACB "立" */
    0x0, 0x0, 0x0, 0x2, 0x70, 0x0, 0x0, 0x0,
    0x0, 0x0, 0x0, 0x0, 0x6, 0xf5, 0x0, 0x0,
    0x0, 0x0, 0x0, 0x0, 0x0, 0x0, 0xfa, 0x0,
    0x0, 0x0, 0x0, 0x1, 0x66, 0x66, 0x66, 0xde,
    0x66, 0x66, 0x66, 0x20, 0x4, 0xff, 0xff, 0xff,
    0xff, 0xff, 0xff, 0xff, 0x50, 0x0, 0x0, 0x10,
    0x0, 0x0, 0x0, 0x16, 0x20, 0x0, 0x0, 0x4,
    0xf5, 0x0, 0x0, 0x0, 0x4f, 0x60, 0x0, 0x0,
    0x0, 0xeb, 0x0, 0x0, 0x0, 0x8f, 0x10, 0x0,
    0x0, 0x0, 0x9f, 0x20, 0x0, 0x0, 0xcd, 0x0,
    0x0, 0x0, 0x0, 0x3f, 0x80, 0x0, 0x0, 0xf9,
    0x0, 0x0, 0x0, 0x0, 0xe, 0xc0, 0x0, 0x5,
    0xf4, 0x0, 0x0, 0x0, 0x0, 0xa, 0xf0, 0x0,
    0xa, 0xe0, 0x0, 0x0, 0x0, 0x0, 0x5, 0xf5,
    0x0, 0xf, 0x80, 0x0, 0x0, 0x0, 0x0, 0x1,
    0xb3, 0x0, 0x6f, 0x20, 0x0, 0x0, 0x5, 0x55,
    0x55, 0x55, 0x55, 0xde, 0x55, 0x55, 0x50, 0x1f,
    0xff, 0xff, 0xff, 0xff, 0xff, 0xff, 0xff, 0xf1,

    /* U+7EED "续" */
    0x0, 0x7, 0xa0, 0x0, 0x0, 0xc, 0xb0, 0x0,
    0x0, 0x0, 0xd, 0xb0, 0x0, 0x0, 0xc, 0xb0,
    0x0, 0x0, 0x0, 0x3f, 0x50, 0x0, 0xff, 0xff,
    0xff, 0xff, 0x0, 0x0, 0xae, 0x5, 0x50, 0x33,
    0x3c, 0xc3, 0x33, 0x0, 0x2, 0xf6, 0xe, 0x80,
    0x11, 0x1c, 0xc1, 0x11, 0x0, 0xb, 0xe6, 0xaf,
    0x1c, 0xff, 0xff, 0xff, 0xff, 0xa0, 0x7, 0xbb,
    0xf7, 0x1, 0x26, 0x32, 0x74, 0x4f, 0x60, 0x0,
    0xc, 0xd0, 0x0, 0xc, 0xe2, 0xe6, 0x9c, 0x0,
    0x0, 0x7f, 0x20, 0x3, 0xc2, 0xc4, 0xf6, 0x1,
    0x0, 0x4, 0xf9, 0x9e, 0x30, 0xbd, 0x11, 0xf4,
    0x0, 0x0, 0xc, 0xfe, 0xa4, 0x0, 0x7, 0x4,
    0xf2, 0x0, 0x0, 0x3, 0x20, 0x0, 0x1f, 0xff,
    0xff, 0xff, 0xff, 0xf0, 0x0, 0x3, 0x7b, 0x35,
    0x55, 0x7f, 0x95, 0x55, 0x50, 0xa, 0xff, 0xfb,
    0x20, 0x3, 0xed, 0x1b, 0xa1, 0x0, 0x9, 0xa5,
    0x10, 0x1, 0x8f, 0xc1, 0x4, 0xef, 0x50, 0x0,
    0x0, 0x0, 0x2f, 0xe6, 0x0, 0x0, 0x1b, 0xf1,
    0x0, 0x0, 0x0, 0x3, 0x0, 0x0, 0x0, 0x0,
    0x30,

    /* U+7F6E "置" */
    0x9, 0xff, 0xff, 0xff, 0xff, 0xff, 0xff, 0x70,
    0x0, 0x9c, 0x22, 0xab, 0x22, 0xc9, 0x22, 0xd7,
    0x0, 0x9, 0xeb, 0xbe, 0xeb, 0xbe, 0xdb, 0xbf,
    0x70, 0x0, 0x46, 0x66, 0x66, 0xff, 0x66, 0x66,
    0x63, 0x0, 0x25, 0x55, 0x55, 0x5d, 0xc5, 0x55,
    0x55, 0x51, 0x5, 0xdd, 0xdd, 0xdd, 0xfe, 0xdd,
    0xdd, 0xdd, 0x30, 0x0, 0x37, 0x77, 0x7f, 0xb7,
    0x77, 0x74, 0x0, 0x0, 0x7, 0xf9, 0x99, 0x99,
    0x99, 0x9d, 0xa0, 0x0, 0x0, 0x7f, 0xcc, 0xcc,
    0xcc, 0xcc, 0xea, 0x0, 0x0, 0x7, 0xe4, 0x44,
    0x44, 0x44, 0x4b, 0xa0, 0x0, 0x0, 0x7f, 0xee,
    0xee, 0xee, 0xee, 0xfa, 0x0, 0x0, 0x7, 0xe3,
    0x33, 0x33, 0x33, 0x3b, 0xa0, 0x0, 0x0, 0x7f,
    0xff, 0xff, 0xff, 0xff, 0xfa, 0x0, 0x3, 0x39,
    0xe5, 0x55, 0x55, 0x55, 0x5c, 0xb3, 0x30, 0xff,
    0xff, 0xff, 0xff, 0xff, 0xff, 0xff, 0xff, 0x0,

    /* U+8001 "老" */
    0x0, 0x0, 0x0, 0x5f, 0x20, 0x0, 0x0, 0x0,
    0x0, 0x0, 0x0, 0x0, 0x5f, 0x20, 0x0, 0x0,
    0x2, 0x0, 0x0, 0x46, 0x66, 0x9f, 0x76, 0x66,
    0x30, 0xae, 0x10, 0x0, 0xbf, 0xff, 0xff, 0xff,
    0xff, 0xaa, 0xf8, 0x0, 0x0, 0x0, 0x0, 0x5f,
    0x20, 0x1, 0xbf, 0x70, 0x0, 0x0, 0x0, 0x0,
    0x5f, 0x20, 0x2d, 0xf5, 0x0, 0x0, 0xf, 0xff,
    0xff, 0xff, 0xff, 0xff, 0xff, 0xff, 0xf0, 0x6,
    0x66, 0x66, 0x69, 0xff, 0x96, 0x66, 0x66, 0x60,
    0x0, 0x0, 0x12, 0xaf, 0xb2, 0x0, 0x0, 0x0,
    0x0, 0x0, 0x2, 0xbf, 0xd4, 0x0, 0x0, 0x38,
    0x70, 0x0, 0x5, 0xcf, 0xff, 0x0, 0x4, 0x8e,
    0xfd, 0x80, 0x0, 0x1f, 0xb5, 0x8f, 0x7b, 0xff,
    0xd8, 0x30, 0x0, 0x0, 0x1, 0x0, 0x8f, 0xd9,
    0x51, 0x0, 0x0, 0x3d, 0x40, 0x0, 0x0, 0x8f,
    0x0, 0x0, 0x0, 0x0, 0x7f, 0x40, 0x0, 0x0,
    0x7f, 0x97, 0x66, 0x66, 0x79, 0xef, 0x0, 0x0,
    0x0, 0x1a, 0xde, 0xff, 0xff, 0xfe, 0xc4, 0x0,

    /* U+80FD "能" */
    0x0, 0x3, 0x30, 0x0, 0x0, 0x0, 0x0, 0x0,
    0x0, 0x1, 0xea, 0x1, 0x0, 0xe6, 0x0, 0x0,
    0x0, 0x0, 0xaf, 0x18, 0xd0, 0xe, 0x60, 0x4a,
    0xe2, 0x0, 0x9f, 0x50, 0x2f, 0x90, 0xed, 0xef,
    0xd7, 0x10, 0x9f, 0xec, 0xef, 0xff, 0x2e, 0xc6,
    0x20, 0x0, 0x7, 0xa8, 0x75, 0x31, 0xc5, 0xe6,
    0x0, 0x4, 0x60, 0x5, 0x55, 0x55, 0x52, 0xe,
    0x70, 0x0, 0xab, 0x0, 0xef, 0xee, 0xef, 0x70,
    0x9f, 0xdc, 0xef, 0x50, 0xe, 0x70, 0x0, 0xe7,
    0x3, 0x33, 0x43, 0x10, 0x0, 0xef, 0xff, 0xff,
    0x70, 0xe6, 0x0, 0x3, 0x0, 0xe, 0x92, 0x22,
    0xe7, 0xe, 0x61, 0x6c, 0xf8, 0x0, 0xe8, 0x11,
    0x1e, 0x70, 0xee, 0xff, 0xb5, 0x0, 0xe, 0xff,
    0xff, 0xf7, 0xe, 0xb5, 0x0, 0x0, 0x0, 0xe8,
    0x0, 0xe, 0x70, 0xe6, 0x0, 0x3, 0xa1, 0xe,
    0x71, 0x54, 0xf7, 0xe, 0xa4, 0x44, 0xbf, 0x0,
    0xe7, 0x2e, 0xfd, 0x20, 0x6d, 0xff, 0xfe, 0x60,
    0x2, 0x10, 0x0, 0x0, 0x0, 0x0, 0x0, 0x0,
    0x0,

    /* U+81EA "自" */
    0x0, 0x0, 0x3, 0x40, 0x0, 0x0, 0x0, 0x0,
    0x0, 0xa, 0xe0, 0x0, 0x0, 0x0, 0x26, 0x66,
    0x6f, 0xb6, 0x66, 0x66, 0x62, 0x7f, 0xff, 0xff,
    0xff, 0xff, 0xff, 0xf6, 0x7f, 0x0, 0x0, 0x0,
    0x0, 0x0, 0xf6, 0x7f, 0x0, 0x0, 0x0, 0x0,
    0x0, 0xf6, 0x7f, 0xff, 0xff, 0xff, 0xff, 0xff,
    0xf6, 0x7f, 0x66, 0x66, 0x66, 0x66, 0x66, 0xf6,
    0x7f, 0x0, 0x0, 0x0, 0x0, 0x0, 0xf6, 0x7f,
    0x0, 0x0, 0x0, 0x0, 0x0, 0xf6, 0x7f, 0xff,
    0xff, 0xff, 0xff, 0xff, 0xf6, 0x7f, 0x66, 0x66,
    0x66, 0x66, 0x66, 0xf6, 0x7f, 0x0, 0x0, 0x0,
    0x0, 0x0, 0xf6, 0x7f, 0x22, 0x22, 0x22, 0x22,
    0x22, 0xf6, 0x7f, 0xff, 0xff, 0xff, 0xff, 0xff,
    0xf6, 0x7f, 0x33, 0x33, 0x33, 0x33, 0x33, 0xf6,
    0x7f, 0x0, 0x0, 0x0, 0x0, 0x0, 0xf6,

    /* U+884C "行" */
    0x0, 0x0, 0x20, 0x0, 0x0, 0x0, 0x0, 0x0,
    0x0, 0x0, 0x2f, 0x70, 0x16, 0x66, 0x66, 0x66,
    0x61, 0x0, 0xd, 0xd0, 0x3, 0xff, 0xff, 0xff,
    0xff, 0x40, 0x1c, 0xe2, 0x0, 0x0, 0x0, 0x0,
    0x0, 0x0, 0xd, 0xe3, 0x4, 0x0, 0x0, 0x0,
    0x0, 0x0, 0x0, 0x41, 0x7, 0xf1, 0x0, 0x0,
    0x0, 0x0, 0x0, 0x0, 0x3, 0xf7, 0xe, 0xff,
    0xff, 0xff, 0xff, 0xf0, 0x1, 0xec, 0x0, 0x45,
    0x55, 0x56, 0xf9, 0x55, 0x1, 0xdf, 0x60, 0x0,
    0x0, 0x0, 0x1f, 0x60, 0x1, 0xee, 0xf6, 0x0,
    0x0, 0x0, 0x1, 0xf6, 0x0, 0x8, 0x1e, 0x60,
    0x0, 0x0, 0x0, 0x1f, 0x60, 0x0, 0x0, 0xe6,
    0x0, 0x0, 0x0, 0x1, 0xf6, 0x0, 0x0, 0xe,
    0x60, 0x0, 0x0, 0x0, 0x1f, 0x60, 0x0, 0x0,
    0xe6, 0x0, 0x0, 0x0, 0x1, 0xf6, 0x0, 0x0,
    0xe, 0x60, 0x0, 0x0, 0x0, 0x1f, 0x60, 0x0,
    0x0, 0xe6, 0x0, 0x0, 0x9, 0x89, 0xf5, 0x0,
    0x0, 0xe, 0x60, 0x0, 0x0, 0x9d, 0xeb, 0x0,
    0x0,

    /* U+89C4 "规" */
    0x0, 0x5, 0xf1, 0x0, 0x0, 0x0, 0x0, 0x0,
    0x0, 0x0, 0x5, 0xf1, 0x0, 0x7f, 0xff, 0xff,
    0xfe, 0x0, 0x0, 0x5, 0xf1, 0x0, 0x7f, 0x44,
    0x44, 0x9e, 0x0, 0x8, 0xff, 0xff, 0xf5, 0x7f,
    0x1, 0x0, 0x7e, 0x0, 0x2, 0x58, 0xf6, 0x51,
    0x7f, 0xd, 0x80, 0x7e, 0x0, 0x0, 0x5, 0xf1,
    0x0, 0x7f, 0xe, 0x80, 0x7e, 0x0, 0x0, 0x5,
    0xf1, 0x0, 0x7f, 0xe, 0x80, 0x7e, 0x0, 0xe,
    0xff, 0xff, 0xf8, 0x7f, 0xe, 0x80, 0x7e, 0x0,
    0x5, 0x69, 0xf6, 0x63, 0x7f, 0xf, 0x70, 0x7e,
    0x0, 0x0, 0x8, 0xd0, 0x0, 0x7f, 0xf, 0x50,
    0x7e, 0x0, 0x0, 0xb, 0xf6, 0x0, 0x5b, 0x2f,
    0x8c, 0x6b, 0x0, 0x0, 0x1f, 0xaf, 0x70, 0x0,
    0x6f, 0x6f, 0x10, 0x0, 0x0, 0x8e, 0x6, 0xf8,
    0x0, 0xcb, 0x5f, 0x10, 0x0, 0x2, 0xf7, 0x0,
    0x78, 0x6, 0xf4, 0x5f, 0x11, 0xf0, 0xd, 0xc0,
    0x0, 0x0, 0x5f, 0xa0, 0x5f, 0x56, 0xf0, 0x6,
    0x20, 0x0, 0x0, 0xca, 0x0, 0x2e, 0xff, 0x80,
    0x0, 0x0, 0x0, 0x0, 0x10, 0x0, 0x0, 0x0,
    0x0,

    /* U+89E3 "解" */
    0x0, 0x2, 0xa1, 0x0, 0x0, 0x0, 0x0, 0x0,
    0x0, 0x0, 0xb, 0xf3, 0x33, 0x8, 0xff, 0xff,
    0xff, 0xb0, 0x0, 0x5f, 0xff, 0xfe, 0x1, 0x3b,
    0xb3, 0x3c, 0xa0, 0x2, 0xfb, 0x1, 0xea, 0x0,
    0xe, 0x70, 0xc, 0xa0, 0xe, 0xf8, 0x7a, 0xf9,
    0x60, 0x7f, 0x20, 0xd, 0x80, 0x9, 0xfd, 0xcf,
    0xcd, 0xe6, 0xfa, 0x1f, 0xef, 0x50, 0x0, 0xe6,
    0x2f, 0x16, 0xe4, 0xc0, 0x4, 0x53, 0x0, 0x0,
    0xe7, 0x3f, 0x27, 0xe0, 0x3c, 0x1d, 0x30, 0x0,
    0x0, 0xef, 0xff, 0xff, 0xe0, 0x9c, 0x6f, 0x75,
    0x30, 0x0, 0xe6, 0x2f, 0x16, 0xe1, 0xff, 0xff,
    0xff, 0xa0, 0x0, 0xe8, 0x4f, 0x37, 0xe9, 0xc0,
    0x1f, 0x40, 0x0, 0x0, 0xef, 0xff, 0xff, 0xe1,
    0x41, 0x2f, 0x51, 0x10, 0x0, 0xf7, 0x4f, 0x37,
    0xe7, 0xff, 0xff, 0xff, 0xf1, 0x1, 0xf5, 0x2f,
    0x16, 0xe1, 0x22, 0x3f, 0x62, 0x20, 0x3, 0xf3,
    0x1a, 0x6, 0xe0, 0x0, 0x1f, 0x40, 0x0, 0x7,
    0xf0, 0x4, 0x9c, 0xe0, 0x0, 0x1f, 0x40, 0x0,
    0x7, 0xa0, 0x3, 0xef, 0x80, 0x0, 0x1f, 0x30,
    0x0,

    /* U+8B66 "警" */
    0x0, 0x0, 0x0, 0x0, 0x0, 0x0, 0x0, 0x0,
    0x0, 0x0, 0x7, 0xb0, 0x4e, 0x0, 0xa, 0x70,
    0x0, 0x0, 0x8, 0xff, 0xff, 0xff, 0xff, 0x2f,
    0x70, 0x0, 0x0, 0x0, 0xb8, 0x20, 0x13, 0x0,
    0x7f, 0xff, 0xff, 0xc0, 0x2, 0xfc, 0x99, 0x99,
    0x93, 0xeb, 0x0, 0xb9, 0x0, 0xc, 0xc4, 0x44,
    0x44, 0xf8, 0xee, 0x96, 0xf2, 0x0, 0xa, 0x6f,
    0xce, 0x80, 0xf2, 0x12, 0xff, 0x90, 0x0, 0x0,
    0x5d, 0x4c, 0x91, 0xf2, 0x8e, 0xd9, 0xff, 0x90,
    0x0, 0x27, 0x77, 0x5e, 0xb3, 0xb6, 0x0, 0x16,
    0x80, 0x4, 0x55, 0x55, 0x55, 0xcd, 0x55, 0x55,
    0x55, 0x50, 0x8, 0xaa, 0xaa, 0xaa, 0xaa, 0xaa,
    0xaa, 0xaa, 0x90, 0x0, 0x4c, 0xcc, 0xcc, 0xcc,
    0xcc, 0xcc, 0xc4, 0x0, 0x0, 0x14, 0x44, 0x44,
    0x44, 0x44, 0x44, 0x41, 0x0, 0x0, 0x5f, 0xff,
    0xff, 0xff, 0xff, 0xff, 0xf4, 0x0, 0x0, 0x14,
    0x44, 0x44, 0x44, 0x44, 0x44, 0x41, 0x0, 0x0,
    0x7f, 0xbb, 0xbb, 0xbb, 0xbb, 0xbb, 0xf6, 0x0,
    0x0, 0x7f, 0xff, 0xff, 0xff, 0xff, 0xff, 0xf6,
    0x0, 0x0, 0x7e, 0x0, 0x0, 0x0, 0x0, 0x0,
    0xd6, 0x0,

    /* U+8BA4 "认" */
    0x2, 0xb2, 0x0, 0x0, 0x0, 0xf8, 0x0, 0x0,
    0x0, 0x1e, 0xc0, 0x0, 0x0, 0xf, 0x70, 0x0,
    0x0, 0x0, 0x6f, 0x50, 0x0, 0x0, 0xf7, 0x0,
    0x0, 0x0, 0x0, 0xc5, 0x0, 0x0, 0xf, 0x70,
    0x0, 0x0, 0x0, 0x0, 0x0, 0x0, 0x1, 0xf6,
    0x0, 0x0, 0x4, 0x55, 0x40, 0x0, 0x0, 0x2f,
    0x50, 0x0, 0x0, 0xdf, 0xfe, 0x0, 0x0, 0x4,
    0xf5, 0x0, 0x0, 0x0, 0x6, 0xe0, 0x0, 0x0,
    0x6f, 0x80, 0x0, 0x0, 0x0, 0x6e, 0x0, 0x0,
    0x8, 0xfd, 0x0, 0x0, 0x0, 0x6, 0xe0, 0x0,
    0x0, 0xce, 0xf3, 0x0, 0x0, 0x0, 0x6e, 0x0,
    0x0, 0x1f, 0x9b, 0x90, 0x0, 0x0, 0x6, 0xe0,
    0x0, 0x7, 0xf4, 0x5f, 0x10, 0x0, 0x0, 0x6e,
    0x8, 0x1, 0xec, 0x0, 0xdb, 0x0, 0x0, 0x6,
    0xeb, 0xd1, 0xbf, 0x30, 0x4, 0xf7, 0x0, 0x0,
    0x6f, 0xe2, 0x9f, 0x60, 0x0, 0x9, 0xf5, 0x0,
    0x0, 0x81, 0x9f, 0x80, 0x0, 0x0, 0xc, 0xf2,
    0x0, 0x0, 0x3, 0x60, 0x0, 0x0, 0x0, 0x4,
    0x0,

    /* U+8BB0 "记" */
    0x0, 0x60, 0x0, 0x0, 0x0, 0x0, 0x0, 0x0,
    0x0, 0x3f, 0xa0, 0x0, 0xcf, 0xff, 0xff, 0xff,
    0x50, 0x0, 0x7f, 0x40, 0x4, 0x55, 0x55, 0x56,
    0xf5, 0x0, 0x0, 0xd6, 0x0, 0x0, 0x0, 0x0,
    0x1f, 0x50, 0x0, 0x0, 0x0, 0x0, 0x0, 0x0,
    0x1, 0xf5, 0x5, 0x66, 0x50, 0x0, 0x0, 0x0,
    0x0, 0x1f, 0x50, 0xce, 0xfe, 0x0, 0x1, 0x44,
    0x44, 0x45, 0xf5, 0x0, 0x6, 0xe0, 0x0, 0x4f,
    0xff, 0xff, 0xff, 0x50, 0x0, 0x6e, 0x0, 0x4,
    0xf2, 0x0, 0x1, 0xe4, 0x0, 0x6, 0xe0, 0x0,
    0x4f, 0x20, 0x0, 0x0, 0x0, 0x0, 0x6e, 0x0,
    0x4, 0xf2, 0x0, 0x0, 0x0, 0x0, 0x6, 0xe0,
    0x0, 0x4f, 0x20, 0x0, 0x0, 0x73, 0x0, 0x6e,
    0x2b, 0x14, 0xf2, 0x0, 0x0, 0xe, 0x70, 0x6,
    0xfe, 0xb0, 0x4f, 0x20, 0x0, 0x2, 0xf4, 0x0,
    0x4f, 0xa0, 0x4, 0xfa, 0x76, 0x78, 0xde, 0x0,
    0x0, 0x30, 0x0, 0xb, 0xef, 0xff, 0xeb, 0x30,

    /* U+8BBE "设" */
    0x0, 0x50, 0x0, 0x0, 0x0, 0x0, 0x0, 0x0,
    0x3, 0xf9, 0x0, 0x0, 0xef, 0xff, 0xfe, 0x0,
    0x0, 0x8f, 0x30, 0x0, 0xf9, 0x55, 0xae, 0x0,
    0x0, 0xe, 0x60, 0x0, 0xf5, 0x0, 0x8e, 0x0,
    0x0, 0x0, 0x0, 0x3, 0xf2, 0x0, 0x8e, 0x0,
    0x45, 0x54, 0x0, 0xb, 0xe0, 0x0, 0x7f, 0x0,
    0xdf, 0xfe, 0x0, 0xaf, 0x40, 0x0, 0x5f, 0xfc,
    0x0, 0x6e, 0x0, 0x44, 0x0, 0x0, 0x2, 0x32,
    0x0, 0x6e, 0x0, 0x3f, 0xff, 0xff, 0xff, 0xe0,
    0x0, 0x6e, 0x0, 0x6, 0xf7, 0x44, 0x5f, 0xb0,
    0x0, 0x6e, 0x0, 0x0, 0xca, 0x0, 0x7f, 0x30,
    0x0, 0x6e, 0x0, 0x0, 0x5f, 0x53, 0xfa, 0x0,
    0x0, 0x6e, 0x18, 0x0, 0xa, 0xfe, 0xd0, 0x0,
    0x0, 0x6f, 0xcd, 0x10, 0x19, 0xff, 0x80, 0x0,
    0x0, 0x6f, 0xd1, 0x28, 0xef, 0x99, 0xfd, 0x50,
    0x0, 0x7, 0x15, 0xff, 0xc3, 0x0, 0x4d, 0xfa,
    0x0, 0x0, 0x0, 0x72, 0x0, 0x0, 0x0, 0x43,

    /* U+8BCD "词" */
    0x0, 0x60, 0x0, 0x0, 0x0, 0x0, 0x0, 0x0,
    0x3, 0xfa, 0x0, 0xd, 0xff, 0xff, 0xff, 0xf7,
    0x0, 0x7f, 0x50, 0x4, 0x55, 0x55, 0x55, 0xf7,
    0x0, 0xb, 0x50, 0x0, 0x0, 0x0, 0x0, 0xe7,
    0x0, 0x0, 0x0, 0x4f, 0xff, 0xff, 0xe0, 0xe7,
    0x78, 0x88, 0x0, 0x15, 0x55, 0x55, 0x40, 0xe7,
    0x9b, 0xde, 0x0, 0x0, 0x0, 0x0, 0x0, 0xe7,
    0x0, 0x6e, 0x0, 0xb, 0xee, 0xee, 0x60, 0xe7,
    0x0, 0x6e, 0x0, 0xc, 0xb6, 0x6f, 0x70, 0xe7,
    0x0, 0x6e, 0x0, 0xc, 0x90, 0xe, 0x70, 0xe7,
    0x0, 0x6e, 0x0, 0xc, 0x90, 0xe, 0x70, 0xe7,
    0x0, 0x6e, 0x0, 0xc, 0xb6, 0x6f, 0x70, 0xe7,
    0x0, 0x6e, 0x18, 0xc, 0xff, 0xff, 0x60, 0xe7,
    0x0, 0x6f, 0xde, 0x16, 0x40, 0x0, 0x0, 0xe7,
    0x0, 0x6f, 0xf3, 0x0, 0x0, 0x0, 0x0, 0xe7,
    0x0, 0x1c, 0x40, 0x0, 0x0, 0x0, 0x67, 0xf6,
    0x0, 0x0, 0x0, 0x0, 0x0, 0x0, 0xbf, 0xd1,

    /* U+8BED "语" */
    0x0, 0x71, 0x0, 0x0, 0x0, 0x0, 0x0, 0x0,
    0x0, 0x2f, 0xb0, 0xc, 0xff, 0xff, 0xff, 0xff,
    0xf2, 0x0, 0x7f, 0x50, 0x34, 0x4a, 0xe4, 0x44,
    0x44, 0x0, 0x0, 0xd7, 0x0, 0x0, 0xba, 0x0,
    0x0, 0x0, 0x0, 0x0, 0x0, 0x1b, 0xbf, 0xdb,
    0xbb, 0x80, 0x4, 0x55, 0x40, 0x1, 0x9b, 0xfa,
    0x99, 0xdc, 0x0, 0xdf, 0xfe, 0x0, 0x0, 0x7f,
    0x0, 0xa, 0xc0, 0x0, 0x6, 0xe0, 0x0, 0xa,
    0xc0, 0x0, 0xac, 0x0, 0x0, 0x6e, 0x1, 0xff,
    0xff, 0xff, 0xff, 0xff, 0x70, 0x6, 0xe0, 0x3,
    0x33, 0x33, 0x33, 0x33, 0x31, 0x0, 0x6e, 0x0,
    0x5, 0x55, 0x55, 0x55, 0x53, 0x0, 0x6, 0xe0,
    0x0, 0xff, 0xff, 0xff, 0xff, 0xa0, 0x0, 0x6e,
    0x6, 0xf, 0x60, 0x0, 0x0, 0xca, 0x0, 0x6,
    0xe9, 0xf3, 0xf6, 0x0, 0x0, 0xc, 0xa0, 0x0,
    0x6f, 0xf4, 0xf, 0x95, 0x55, 0x55, 0xda, 0x0,
    0x1, 0xa3, 0x0, 0xff, 0xee, 0xee, 0xef, 0xa0,
    0x0, 0x0, 0x0, 0xf, 0x60, 0x0, 0x0, 0xca,
    0x0,

    /* U+8DCC "跌" */
    0x0, 0x0, 0x0, 0x0, 0x0, 0x0, 0xf5, 0x0,
    0x0, 0x3, 0xff, 0xff, 0xf7, 0x5, 0xe1, 0xf5,
    0x0, 0x0, 0x3, 0xf5, 0x44, 0xf7, 0x9, 0xd0,
    0xf5, 0x0, 0x0, 0x3, 0xf1, 0x1, 0xf7, 0xe,
    0xfc, 0xfd, 0xcc, 0x40, 0x3, 0xf1, 0x1, 0xf7,
    0x4f, 0xba, 0xfc, 0xaa, 0x40, 0x3, 0xf6, 0x55,
    0xf7, 0xcd, 0x0, 0xf5, 0x0, 0x0, 0x3, 0xff,
    0xff, 0xf8, 0xd6, 0x0, 0xf5, 0x0, 0x0, 0x0,
    0x0, 0xd6, 0x0, 0x10, 0x0, 0xf5, 0x0, 0x0,
    0x1, 0x80, 0xd6, 0x0, 0x7b, 0xbb, 0xfc, 0xbb,
    0xa0, 0x3, 0xf1, 0xdf, 0xf6, 0x69, 0x9b, 0xfd,
    0x99, 0x90, 0x3, 0xf1, 0xd9, 0x52, 0x0, 0x7,
    0xfe, 0x0, 0x0, 0x3, 0xf1, 0xd6, 0x0, 0x0,
    0xc, 0xbe, 0x60, 0x0, 0x3, 0xf1, 0xd6, 0x0,
    0x0, 0x4f, 0x47, 0xe1, 0x0, 0x3, 0xf1, 0xd9,
    0x8a, 0x1, 0xeb, 0x0, 0xeb, 0x0, 0x6, 0xfc,
    0xff, 0xd9, 0x1c, 0xe1, 0x0, 0x4f, 0x90, 0x1f,
    0xfb, 0x72, 0x0, 0xce, 0x30, 0x0, 0x8, 0xf1,
    0x2, 0x0, 0x0, 0x0, 0x22, 0x0, 0x0, 0x0,
    0x40,

    /* U+8F93 "输" */
    0x0, 0x3, 0x20, 0x0, 0x0, 0x4, 0x0, 0x0,
    0x0, 0x0, 0xc, 0x90, 0x0, 0x0, 0x8f, 0x60,
    0x0, 0x0, 0x2, 0x2f, 0x72, 0x0, 0x5, 0xfa,
    0xf7, 0x0, 0x0, 0x1f, 0xff, 0xff, 0x50, 0x5f,
    0x80, 0x5f, 0xb2, 0x0, 0x3, 0xad, 0x33, 0x17,
    0xfc, 0x55, 0x58, 0xff, 0x80, 0x0, 0xe8, 0x0,
    0x9f, 0x7f, 0xff, 0xff, 0xab, 0xe0, 0x5, 0xf6,
    0xd0, 0x43, 0x0, 0x0, 0x0, 0x1, 0x20, 0xc,
    0xb4, 0xf0, 0xd, 0xff, 0xfa, 0x27, 0x2f, 0x10,
    0xf, 0xff, 0xff, 0x6d, 0x60, 0x8a, 0x4d, 0x2f,
    0x10, 0x3, 0x37, 0xf3, 0x1d, 0xb8, 0xca, 0x4d,
    0x2f, 0x10, 0x0, 0x4, 0xf0, 0xd, 0xca, 0xda,
    0x4d, 0x2f, 0x10, 0x0, 0x38, 0xfd, 0x4d, 0x60,
    0x8a, 0x4d, 0x2f, 0x10, 0xf, 0xff, 0xf8, 0x2d,
    0xff, 0xfa, 0x4d, 0x2f, 0x10, 0x6, 0x45, 0xf0,
    0xd, 0x72, 0x9a, 0x4d, 0x2f, 0x10, 0x0, 0x4,
    0xf0, 0xd, 0x60, 0x8a, 0x0, 0x2f, 0x10, 0x0,
    0x4, 0xf0, 0xd, 0x63, 0xba, 0x5, 0x7f, 0x10,
    0x0, 0x4, 0xf0, 0xd, 0x6b, 0xe4, 0xe, 0xfa,
    0x0, 0x0, 0x0, 0x0, 0x1, 0x0, 0x0, 0x0,
    0x0, 0x0,

    /* U+8FD0 "运" */
    0x0, 0x0, 0x0, 0x0, 0x0, 0x0, 0x0, 0x0,
    0x0, 0x6, 0xc1, 0x0, 0xb, 0xff, 0xff, 0xff,
    0xf6, 0x0, 0x4, 0xee, 0x20, 0x3, 0x55, 0x55,
    0x55, 0x52, 0x0, 0x0, 0x2e, 0x50, 0x0, 0x0,
    0x0, 0x0, 0x0, 0x0, 0x0, 0x1, 0x0, 0x0,
    0x0, 0x0, 0x0, 0x0, 0x0, 0x0, 0x0, 0x0,
    0xbb, 0xbb, 0xbb, 0xbb, 0xbb, 0x90, 0x4, 0x44,
    0x20, 0xaa, 0xad, 0xfa, 0xaa, 0xaa, 0x80, 0x1f,
    0xff, 0x70, 0x0, 0xd, 0xb0, 0x0, 0x0, 0x0,
    0x0, 0xf, 0x70, 0x0, 0x4f, 0x50, 0x2c, 0x20,
    0x0, 0x0, 0xf, 0x70, 0x0, 0xcd, 0x0, 0x1e,
    0xc0, 0x0, 0x0, 0xf, 0x70, 0x5, 0xf5, 0x0,
    0x4, 0xf8, 0x0, 0x0, 0xf, 0x70, 0x1e, 0xe7,
    0x9b, 0xdf, 0xff, 0x20, 0x0, 0xf, 0x70, 0xf,
    0xff, 0xec, 0x97, 0x5f, 0x90, 0x0, 0x2f, 0xb1,
    0x1, 0x10, 0x0, 0x0, 0x3, 0x0, 0x9, 0xfa,
    0xaf, 0xdb, 0xa9, 0x99, 0x99, 0x99, 0x91, 0xa,
    0x90, 0x2, 0x7b, 0xde, 0xff, 0xff, 0xff, 0xd0,
    0x0, 0x0, 0x0, 0x0, 0x0, 0x0, 0x0, 0x0,
    0x0,

    /* U+8FD4 "返" */
    0x0, 0x0, 0x0, 0x0, 0x0, 0x0, 0x1, 0x52,
    0x0, 0x6, 0xb1, 0x0, 0x5, 0x67, 0x9b, 0xef,
    0xfa, 0x0, 0x4, 0xed, 0x10, 0xf, 0xed, 0xba,
    0x85, 0x10, 0x0, 0x0, 0x2e, 0x50, 0xf, 0x60,
    0x0, 0x0, 0x0, 0x0, 0x0, 0x1, 0x0, 0xf,
    0x61, 0x11, 0x11, 0x11, 0x0, 0x0, 0x0, 0x0,
    0xf, 0xff, 0xff, 0xff, 0xfe, 0x0, 0x4, 0x44,
    0x20, 0xf, 0x72, 0x22, 0x23, 0xeb, 0x0, 0x1f,
    0xff, 0x70, 0x1f, 0xf7, 0x0, 0x7, 0xf2, 0x0,
    0x0, 0xf, 0x70, 0x3f, 0x9f, 0xd4, 0x3f, 0x80,
    0x0, 0x0, 0xf, 0x70, 0x7f, 0x1, 0xaf, 0xfc,
    0x0, 0x0, 0x0, 0xf, 0x70, 0xda, 0x0, 0x5f,
    0xff, 0x50, 0x0, 0x0, 0xf, 0x74, 0xf4, 0x1a,
    0xfa, 0x1a, 0xf8, 0x0, 0x0, 0xf, 0x73, 0xa3,
    0xfe, 0x60, 0x0, 0x7f, 0x50, 0x0, 0x3f, 0xc2,
    0x0, 0x71, 0x0, 0x0, 0x4, 0x0, 0x9, 0xf9,
    0xaf, 0xeb, 0xaa, 0x99, 0x99, 0x99, 0x80, 0xa,
    0x90, 0x2, 0x8b, 0xdf, 0xff, 0xff, 0xff, 0xa0,
    0x0, 0x0, 0x0, 0x0, 0x0, 0x0, 0x0, 0x0,
    0x0,

    /* U+8FDB "进" */
    0x0, 0x10, 0x0, 0x0, 0x7f, 0x0, 0x8e, 0x0,
    0x0, 0x8, 0xe3, 0x0, 0x0, 0x7f, 0x0, 0x8e,
    0x0, 0x0, 0x2, 0xee, 0x20, 0x0, 0x7f, 0x0,
    0x8e, 0x0, 0x0, 0x0, 0x2f, 0x60, 0x56, 0xaf,
    0x66, 0xbf, 0x66, 0x40, 0x0, 0x2, 0x0, 0xdf,
    0xff, 0xff, 0xff, 0xff, 0xa0, 0x0, 0x0, 0x0,
    0x0, 0x7f, 0x0, 0x8e, 0x0, 0x0, 0x3, 0x33,
    0x10, 0x0, 0x7f, 0x0, 0x8e, 0x0, 0x0, 0x1f,
    0xff, 0x71, 0x44, 0x9f, 0x44, 0xae, 0x44, 0x30,
    0x0, 0xf, 0x76, 0xff, 0xff, 0xff, 0xff, 0xff,
    0xe0, 0x0, 0xf, 0x70, 0x11, 0xbc, 0x11, 0x8e,
    0x11, 0x10, 0x0, 0xf, 0x70, 0x1, 0xf8, 0x0,
    0x8e, 0x0, 0x0, 0x0, 0xf, 0x70, 0xb, 0xf1,
    0x0, 0x8e, 0x0, 0x0, 0x0, 0xf, 0x70, 0xbf,
    0x50, 0x0, 0x8e, 0x0, 0x0, 0x0, 0x6f, 0xe5,
    0x76, 0x0, 0x0, 0x36, 0x0, 0x0, 0xb, 0xf8,
    0x8f, 0xfc, 0xba, 0x99, 0x99, 0x99, 0x80, 0xa,
    0x90, 0x1, 0x7b, 0xde, 0xff, 0xff, 0xff, 0xb0,
    0x0, 0x0, 0x0, 0x0, 0x0, 0x0, 0x0, 0x0,
    0x0,

    /* U+8FDE "连" */
    0x0, 0x20, 0x0, 0x0, 0x4, 0xb1, 0x0, 0x0,
    0x0, 0x9, 0xf5, 0x0, 0x0, 0xa, 0xd0, 0x0,
    0x0, 0x0, 0x1, 0xcf, 0x50, 0xbf, 0xff, 0xff,
    0xff, 0xff, 0x40, 0x0, 0xb, 0x20, 0x35, 0xbf,
    0x55, 0x55, 0x55, 0x10, 0x0, 0x0, 0x0, 0x1,
    0xfa, 0xb, 0x40, 0x0, 0x0, 0x0, 0x0, 0x0,
    0x9, 0xf2, 0xf, 0x60, 0x0, 0x0, 0x8, 0x88,
    0x30, 0x3f, 0xc6, 0x6f, 0x96, 0x66, 0x0, 0x1d,
    0xdf, 0x70, 0x2f, 0xff, 0xff, 0xff, 0xff, 0x0,
    0x0, 0xf, 0x70, 0x0, 0x0, 0xf, 0x60, 0x0,
    0x0, 0x0, 0xf, 0x70, 0x0, 0x0, 0xf, 0x60,
    0x0, 0x0, 0x0, 0xf, 0x71, 0xff, 0xff, 0xff,
    0xff, 0xff, 0x70, 0x0, 0xf, 0x70, 0x66, 0x66,
    0x6f, 0xa6, 0x66, 0x30, 0x0, 0xf, 0x70, 0x0,
    0x0, 0xf, 0x60, 0x0, 0x0, 0x0, 0x3f, 0xc3,
    0x0, 0x0, 0xf, 0x60, 0x0, 0x0, 0x9, 0xf9,
    0x9f, 0xeb, 0xaa, 0x9a, 0x99, 0x99, 0x92, 0xa,
    0x90, 0x2, 0x7b, 0xde, 0xff, 0xff, 0xff, 0xe0,
    0x0, 0x0, 0x0, 0x0, 0x0, 0x0, 0x0, 0x0,
    0x0,

    /* U+914D "配" */
    0x1f, 0xff, 0xff, 0xff, 0xcf, 0xff, 0xff, 0xff,
    0x40, 0x4, 0x4b, 0xad, 0x74, 0x35, 0x55, 0x55,
    0x6f, 0x40, 0x0, 0xa, 0x8c, 0x40, 0x0, 0x0,
    0x0, 0x2f, 0x40, 0xa, 0xff, 0xff, 0xff, 0x50,
    0x0, 0x0, 0x2f, 0x40, 0xa, 0xab, 0x9d, 0x6f,
    0x50, 0x0, 0x0, 0x2f, 0x40, 0xa, 0x8a, 0x7c,
    0x4f, 0x54, 0x44, 0x44, 0x6f, 0x40, 0xa, 0x8c,
    0x5c, 0x4f, 0x5d, 0xff, 0xff, 0xff, 0x40, 0xa,
    0x8f, 0x3c, 0x8f, 0x5d, 0x90, 0x0, 0x2e, 0x30,
    0xa, 0xdf, 0x8, 0xff, 0x5d, 0x90, 0x0, 0x0,
    0x0, 0xa, 0xf9, 0x0, 0xf, 0x5d, 0x90, 0x0,
    0x0, 0x0, 0xa, 0xa4, 0x44, 0x4f, 0x5d, 0x90,
    0x0, 0x0, 0x30, 0xa, 0xff, 0xff, 0xff, 0x5d,
    0x90, 0x0, 0x1, 0xf4, 0xa, 0x80, 0x0, 0xf,
    0x5d, 0x90, 0x0, 0x4, 0xf2, 0xa, 0xfe, 0xee,
    0xef, 0x5d, 0xe7, 0x66, 0x8e, 0xd0, 0xa, 0xa4,
    0x44, 0x4f, 0x56, 0xef, 0xff, 0xec, 0x30, 0xa,
    0x80, 0x0, 0xf, 0x50, 0x0, 0x0, 0x0, 0x0,

    /* U+9192 "醒" */
    0x0, 0x0, 0x0, 0x0, 0x0, 0x11, 0x11, 0x11,
    0x0, 0x1f, 0xff, 0xff, 0xff, 0xc2, 0xff, 0xff,
    0xff, 0x70, 0x4, 0x4b, 0xad, 0x74, 0x32, 0xf4,
    0x22, 0x2e, 0x70, 0x0, 0x9, 0x8c, 0x40, 0x2,
    0xf6, 0x44, 0x4f, 0x70, 0x8, 0xde, 0xef, 0xdd,
    0x42, 0xfe, 0xee, 0xef, 0x70, 0xa, 0xbc, 0xad,
    0x8f, 0x52, 0xf3, 0x0, 0xe, 0x70, 0xa, 0x8a,
    0x7c, 0x4f, 0x52, 0xff, 0xff, 0xff, 0x70, 0xa,
    0x8c, 0x6c, 0x4f, 0x50, 0x84, 0x8f, 0x44, 0x10,
    0xa, 0x8e, 0x3c, 0x8f, 0x53, 0xf3, 0x6f, 0x0,
    0x0, 0xa, 0xcf, 0x8, 0xff, 0x57, 0xff, 0xff,
    0xff, 0xa0, 0xa, 0xf9, 0x0, 0xf, 0x5e, 0x93,
    0x8f, 0x33, 0x20, 0xa, 0xa4, 0x44, 0x4f, 0x9f,
    0x10, 0x6f, 0x0, 0x0, 0xa, 0xff, 0xff, 0xff,
    0x53, 0xbd, 0xef, 0xdd, 0x50, 0xa, 0x80, 0x0,
    0xf, 0x50, 0x34, 0x9f, 0x44, 0x10, 0xa, 0xfe,
    0xee, 0xef, 0x53, 0x55, 0x9f, 0x55, 0x50, 0xa,
    0xa4, 0x44, 0x4f, 0x5b, 0xff, 0xff, 0xff, 0xf0,
    0xa, 0x80, 0x0, 0xf, 0x50, 0x0, 0x0, 0x0,
    0x0,

    /* U+91CF "量" */
    0x0, 0xf, 0xff, 0xff, 0xff, 0xff, 0xff, 0xd0,
    0x0, 0x0, 0xf, 0x83, 0x33, 0x33, 0x33, 0x3a,
    0xd0, 0x0, 0x0, 0xf, 0xed, 0xdd, 0xdd, 0xdd,
    0xde, 0xd0, 0x0, 0x0, 0xf, 0xb8, 0x88, 0x88,
    0x88, 0x8c, 0xd0, 0x0, 0x0, 0x7, 0x77, 0x77,
    0x77, 0x77, 0x77, 0x60, 0x0, 0xc, 0xff, 0xff,
    0xff, 0xff, 0xff, 0xff, 0xff, 0xb0, 0x1, 0x13,
    0x33, 0x33, 0x33, 0x33, 0x33, 0x31, 0x10, 0x0,
    0xf, 0xff, 0xff, 0xff, 0xff, 0xff, 0xf0, 0x0,
    0x0, 0xf, 0x72, 0x22, 0xcb, 0x22, 0x28, 0xf0,
    0x0, 0x0, 0xf, 0xfe, 0xee, 0xff, 0xee, 0xef,
    0xf0, 0x0, 0x0, 0xf, 0xa7, 0x77, 0xed, 0x77,
    0x7b, 0xf0, 0x0, 0x0, 0x7, 0x77, 0x77, 0xed,
    0x77, 0x77, 0x70, 0x0, 0x0, 0x8e, 0xee, 0xee,
    0xff, 0xee, 0xee, 0xe8, 0x0, 0x3, 0x45, 0x55,
    0x55, 0xdc, 0x55, 0x55, 0x54, 0x30, 0x2f, 0xff,
    0xff, 0xff, 0xff, 0xff, 0xff, 0xff, 0xf1,

    /* U+9664 "除" */
    0x0, 0x0, 0x0, 0x0, 0x4, 0x70, 0x0, 0x0,
    0xe, 0xff, 0xfc, 0x0, 0x0, 0xef, 0x20, 0x0,
    0x0, 0xe8, 0x3c, 0xa0, 0x0, 0xaf, 0xde, 0x20,
    0x0, 0xe, 0x61, 0xf4, 0x0, 0x7f, 0x51, 0xde,
    0x40, 0x0, 0xe6, 0x7e, 0x0, 0x7f, 0x80, 0x1,
    0xdf, 0x80, 0xe, 0x6d, 0x80, 0x9f, 0x84, 0x44,
    0x45, 0xaf, 0xb0, 0xe8, 0xf5, 0x8, 0x52, 0xff,
    0xff, 0xe0, 0x54, 0xe, 0x69, 0xd0, 0x0, 0x0,
    0x7f, 0x0, 0x0, 0x0, 0xe6, 0x1f, 0x41, 0x22,
    0x28, 0xf2, 0x22, 0x20, 0xe, 0x60, 0xc8, 0xff,
    0xff, 0xff, 0xff, 0xff, 0x50, 0xe6, 0xa, 0xa3,
    0x33, 0x38, 0xf3, 0x33, 0x31, 0xe, 0x60, 0xc9,
    0x3, 0xd1, 0x7f, 0x7, 0x80, 0x0, 0xe9, 0xff,
    0x30, 0xdd, 0x7, 0xf0, 0x6f, 0x50, 0xe, 0x64,
    0x10, 0x9f, 0x40, 0x7f, 0x0, 0xaf, 0x10, 0xe6,
    0x0, 0x6f, 0xa0, 0x7, 0xf0, 0x1, 0xea, 0xe,
    0x60, 0x2, 0xb0, 0x68, 0xce, 0x0, 0x6, 0x90,
    0xe6, 0x0, 0x0, 0x6, 0xed, 0x60, 0x0, 0x0,
    0x0,

    /* U+9669 "险" */
    0x0, 0x0, 0x0, 0x0, 0x0, 0x55, 0x0, 0x0,
    0x6, 0xff, 0xff, 0xe0, 0x0, 0x1f, 0xd0, 0x0,
    0x0, 0x6e, 0x44, 0xbc, 0x0, 0xb, 0xef, 0x90,
    0x0, 0x6, 0xe0, 0xe, 0x60, 0x8, 0xf3, 0x5f,
    0xa0, 0x0, 0x6e, 0x5, 0xf0, 0x8, 0xf6, 0x0,
    0x6f, 0xc1, 0x6, 0xe0, 0xb9, 0x9, 0xf8, 0x0,
    0x0, 0x5f, 0xf3, 0x6e, 0xf, 0x50, 0xb6, 0x9f,
    0xff, 0xff, 0x3b, 0x6, 0xe0, 0x8d, 0x0, 0x3,
    0x55, 0x55, 0x40, 0x0, 0x6e, 0x0, 0xf5, 0x0,
    0x7, 0x90, 0x5, 0x30, 0x6, 0xe0, 0xb, 0x93,
    0xf2, 0x7f, 0x0, 0xeb, 0x0, 0x6e, 0x0, 0x9a,
    0xe, 0x83, 0xf3, 0x3f, 0x60, 0x6, 0xe2, 0x2d,
    0x80, 0xad, 0xf, 0x67, 0xf1, 0x0, 0x6e, 0x8f,
    0xe2, 0x6, 0xf1, 0xb5, 0xca, 0x0, 0x6, 0xe0,
    0x30, 0x0, 0x26, 0x0, 0x2f, 0x30, 0x0, 0x6e,
    0x0, 0x0, 0x24, 0x44, 0x4a, 0xe4, 0x44, 0x6,
    0xe0, 0x0, 0x9, 0xff, 0xff, 0xff, 0xff, 0xf0,
    0x6e, 0x0, 0x0, 0x1, 0x11, 0x11, 0x11, 0x11,
    0x0,

    /* U+9759 "静" */
    0x0, 0x0, 0x0, 0x0, 0x0, 0x0, 0x0, 0x0,
    0x0, 0x0, 0x0, 0xd8, 0x0, 0x0, 0x6a, 0x0,
    0x0, 0x0, 0xf, 0xff, 0xff, 0xff, 0x70, 0xde,
    0x99, 0x91, 0x0, 0x3, 0x33, 0xe9, 0x33, 0x16,
    0xfd, 0xde, 0xf2, 0x0, 0x1, 0x55, 0xea, 0x55,
    0x3f, 0x90, 0xa, 0xf0, 0x0, 0x4, 0xdd, 0xfe,
    0xdd, 0x8d, 0x33, 0x3f, 0xb3, 0x10, 0x4, 0x44,
    0xea, 0x44, 0x22, 0xff, 0xff, 0xff, 0x70, 0x1e,
    0xee, 0xee, 0xee, 0x70, 0x11, 0xf5, 0x1f, 0x70,
    0x1, 0x44, 0x44, 0x44, 0x12, 0x22, 0xf6, 0x2f,
    0x80, 0x6, 0xfe, 0xee, 0xef, 0x6f, 0xff, 0xff,
    0xff, 0xf2, 0x6, 0xf0, 0x0, 0x5f, 0x12, 0x22,
    0xf6, 0x2f, 0x80, 0x6, 0xff, 0xff, 0xff, 0x0,
    0x11, 0xf5, 0x1f, 0x70, 0x6, 0xf1, 0x11, 0x5f,
    0x8, 0xff, 0xff, 0xff, 0x70, 0x6, 0xfd, 0xdd,
    0xef, 0x1, 0x22, 0xf6, 0x2f, 0x70, 0x6, 0xf6,
    0x66, 0x9f, 0x0, 0x0, 0xf4, 0x2, 0x10, 0x6,
    0xf0, 0x0, 0x5f, 0x0, 0x0, 0xf4, 0x0, 0x0,
    0x6, 0xf0, 0x5, 0x9e, 0x0, 0x46, 0xf4, 0x0,
    0x0, 0x5, 0xe0, 0xd, 0xf8, 0x0, 0x7f, 0xc0,
    0x0, 0x0,

    /* U+97F3 "音" */
    0x0, 0x0, 0x0, 0x2, 0x82, 0x0, 0x0, 0x0,
    0x0, 0x0, 0x44, 0x44, 0x45, 0xfb, 0x44, 0x44,
    0x44, 0x0, 0x1, 0xff, 0xff, 0xff, 0xff, 0xff,
    0xff, 0xff, 0x10, 0x0, 0x0, 0x39, 0x10, 0x0,
    0x2, 0x93, 0x0, 0x0, 0x0, 0x0, 0x3f, 0x80,
    0x0, 0x8, 0xf3, 0x0, 0x0, 0x4, 0x44, 0x4d,
    0xe4, 0x44, 0x4f, 0xc4, 0x44, 0x40, 0x1f, 0xff,
    0xff, 0xff, 0xff, 0xff, 0xff, 0xff, 0xf1, 0x0,
    0x0, 0x0, 0x0, 0x0, 0x0, 0x0, 0x0, 0x0,
    0x0, 0xc, 0xee, 0xee, 0xee, 0xee, 0xee, 0x90,
    0x0, 0x0, 0xd, 0xc7, 0x77, 0x77, 0x77, 0x7d,
    0xa0, 0x0, 0x0, 0xd, 0x90, 0x0, 0x0, 0x0,
    0xc, 0xa0, 0x0, 0x0, 0xd, 0xb6, 0x66, 0x66,
    0x66, 0x6d, 0xa0, 0x0, 0x0, 0xd, 0xfe, 0xee,
    0xee, 0xee, 0xef, 0xa0, 0x0, 0x0, 0xd, 0x90,
    0x0, 0x0, 0x0, 0xc, 0xa0, 0x0, 0x0, 0xd,
    0xb6, 0x66, 0x66, 0x66, 0x6d, 0xa0, 0x0, 0x0,
    0xd, 0xff, 0xff, 0xff, 0xff, 0xff, 0xa0, 0x0,
    0x0, 0xd, 0x90, 0x0, 0x0, 0x0, 0xc, 0xa0,
    0x0,

    /* U+98CE "风" */
    0x0, 0x1f, 0xff, 0xff, 0xff, 0xff, 0xff, 0x60,
    0x0, 0x0, 0x1f, 0x85, 0x55, 0x55, 0x55, 0x5f,
    0x60, 0x0, 0x0, 0x1f, 0x40, 0x0, 0x0, 0x0,
    0xf, 0x60, 0x0, 0x0, 0x1f, 0x41, 0x10, 0x0,
    0x59, 0xf, 0x70, 0x0, 0x0, 0x1f, 0x4b, 0xd1,
    0x0, 0xda, 0xf, 0x70, 0x0, 0x0, 0x1f, 0x41,
    0xdd, 0x5, 0xf3, 0xe, 0x70, 0x0, 0x0, 0x1f,
    0x40, 0x1e, 0xce, 0xa0, 0xe, 0x80, 0x0, 0x0,
    0x1f, 0x40, 0x2, 0xff, 0x10, 0xd, 0x90, 0x0,
    0x0, 0x2f, 0x30, 0x5, 0xff, 0x40, 0xc, 0xa0,
    0x0, 0x0, 0x4f, 0x20, 0x3f, 0xab, 0xe1, 0xb,
    0xb0, 0x0, 0x0, 0x8e, 0x3, 0xec, 0x2, 0xfa,
    0x9, 0xc0, 0x0, 0x0, 0xda, 0x2f, 0xc0, 0x0,
    0x8f, 0x47, 0xe0, 0x95, 0x3, 0xf4, 0x4, 0x0,
    0x0, 0x9, 0x34, 0xf2, 0xd5, 0xc, 0xd0, 0x0,
    0x0, 0x0, 0x0, 0x0, 0xfc, 0xf2, 0x9, 0x50,
    0x0, 0x0, 0x0, 0x0, 0x0, 0x5e, 0xa0,

    /* U+9AD8 "高" */
    0x0, 0x0, 0x0, 0x0, 0x62, 0x0, 0x0, 0x0,
    0x0, 0x3, 0x33, 0x33, 0x34, 0xfc, 0x33, 0x33,
    0x33, 0x30, 0xf, 0xff, 0xff, 0xff, 0xff, 0xff,
    0xff, 0xff, 0xf0, 0x0, 0x0, 0x11, 0x11, 0x11,
    0x11, 0x11, 0x0, 0x0, 0x0, 0x8, 0xff, 0xff,
    0xff, 0xff, 0xff, 0x60, 0x0, 0x0, 0x8, 0xd1,
    0x11, 0x11, 0x11, 0x1f, 0x60, 0x0, 0x0, 0x8,
    0xfe, 0xee, 0xee, 0xee, 0xef, 0x60, 0x0, 0x0,
    0x2, 0x55, 0x55, 0x55, 0x55, 0x55, 0x20, 0x0,
    0x1, 0x44, 0x44, 0x44, 0x44, 0x44, 0x44, 0x44,
    0x10, 0x7, 0xff, 0xff, 0xff, 0xff, 0xff, 0xff,
    0xff, 0x60, 0x7, 0xf0, 0x2, 0x22, 0x22, 0x22,
    0x20, 0xf, 0x60, 0x7, 0xf0, 0xf, 0xff, 0xff,
    0xff, 0xe0, 0xf, 0x60, 0x7, 0xf0, 0xf, 0x50,
    0x0, 0x7, 0xe0, 0xf, 0x60, 0x7, 0xf0, 0xf,
    0xed, 0xdd, 0xde, 0xe0, 0xf, 0x60, 0x7, 0xf0,
    0x5, 0x55, 0x55, 0x55, 0x50, 0xf, 0x60, 0x7,
    0xf0, 0x0, 0x0, 0x0, 0x0, 0x54, 0x6f, 0x50,
    0x7, 0xf0, 0x0, 0x0, 0x0, 0x0, 0xaf, 0xfb,
    0x10,

    /* U+9EA6 "麦" */
    0x0, 0x0, 0x0, 0x0, 0xbb, 0x0, 0x0, 0x0,
    0x0, 0x0, 0x22, 0x22, 0x22, 0xbb, 0x22, 0x22,
    0x22, 0x0, 0x2, 0xff, 0xff, 0xff, 0xff, 0xff,
    0xff, 0xff, 0x10, 0x0, 0x11, 0x11, 0x11, 0xbb,
    0x11, 0x11, 0x11, 0x0, 0x0, 0x35, 0x55, 0x55,
    0xcc, 0x55, 0x55, 0x52, 0x0, 0x0, 0x9f, 0xff,
    0xff, 0xff, 0xff, 0xff, 0xf7, 0x0, 0x0, 0x0,
    0x0, 0x0, 0xbb, 0x0, 0x0, 0x0, 0x0, 0x8,
    0x88, 0x88, 0x88, 0xdd, 0x88, 0x88, 0x88, 0x80,
    0xc, 0xcc, 0xcf, 0xff, 0xcc, 0xcc, 0xcc, 0xcc,
    0xc0, 0x0, 0x0, 0x2e, 0xe4, 0x44, 0x44, 0x44,
    0x20, 0x0, 0x0, 0x5, 0xef, 0xff, 0xff, 0xff,
    0xff, 0x80, 0x0, 0x3, 0xbf, 0xae, 0xb0, 0x0,
    0x3, 0xed, 0x10, 0x0, 0x4, 0xd5, 0x2, 0xec,
    0x30, 0x7f, 0xd2, 0x0, 0x0, 0x0, 0x0, 0x0,
    0x1d, 0xfe, 0xf9, 0x0, 0x0, 0x0, 0x0, 0x1,
    0x58, 0xcf, 0xfd, 0xff, 0xb7, 0x41, 0x0, 0x8,
    0xff, 0xfe, 0xa5, 0x0, 0x27, 0xbf, 0xff, 0xd0,
    0x2, 0x85, 0x20, 0x0, 0x0, 0x0, 0x0, 0x36,
    0x40,

    /* U+FF0C "，" */
    0x0, 0x10, 0x9, 0xf4, 0xd, 0xe0, 0xf, 0x80,
    0x3f, 0x20, 0x14, 0x0,

    /* U+FF1A "：" */
    0xc, 0xc0, 0x1f, 0xf1, 0x6, 0x60, 0x0, 0x0,
    0x0, 0x0, 0x0, 0x0, 0x0, 0x0, 0x1, 0x10,
    0xf, 0xf0, 0xf, 0xf0, 0x2, 0x20
};


/*---------------------
 *  GLYPH DESCRIPTION
 *--------------------*/

static const lv_font_fmt_txt_glyph_dsc_t glyph_dsc[] = {
    {.bitmap_index = 0, .adv_w = 0, .box_w = 0, .box_h = 0, .ofs_x = 0, .ofs_y = 0} /* id = 0 reserved */,
    {.bitmap_index = 0, .adv_w = 77, .box_w = 0, .box_h = 0, .ofs_x = 0, .ofs_y = 0},
    {.bitmap_index = 0, .adv_w = 77, .box_w = 3, .box_h = 13, .ofs_x = 1, .ofs_y = 0},
    {.bitmap_index = 20, .adv_w = 113, .box_w = 5, .box_h = 6, .ofs_x = 1, .ofs_y = 7},
    {.bitmap_index = 35, .adv_w = 202, .box_w = 13, .box_h = 13, .ofs_x = 0, .ofs_y = 0},
    {.bitmap_index = 120, .adv_w = 179, .box_w = 11, .box_h = 18, .ofs_x = 0, .ofs_y = -2},
    {.bitmap_index = 219, .adv_w = 243, .box_w = 15, .box_h = 13, .ofs_x = 0, .ofs_y = 0},
    {.bitmap_index = 317, .adv_w = 198, .box_w = 13, .box_h = 14, .ofs_x = 0, .ofs_y = -1},
    {.bitmap_index = 408, .adv_w = 60, .box_w = 2, .box_h = 6, .ofs_x = 1, .ofs_y = 7},
    {.bitmap_index = 414, .adv_w = 97, .box_w = 5, .box_h = 18, .ofs_x = 1, .ofs_y = -4},
    {.bitmap_index = 459, .adv_w = 97, .box_w = 5, .box_h = 18, .ofs_x = 0, .ofs_y = -4},
    {.bitmap_index = 504, .adv_w = 115, .box_w = 7, .box_h = 7, .ofs_x = 0, .ofs_y = 7},
    {.bitmap_index = 529, .adv_w = 168, .box_w = 9, .box_h = 9, .ofs_x = 1, .ofs_y = 2},
    {.bitmap_index = 570, .adv_w = 65, .box_w = 4, .box_h = 6, .ofs_x = 0, .ofs_y = -3},
    {.bitmap_index = 582, .adv_w = 110, .box_w = 5, .box_h = 2, .ofs_x = 1, .ofs_y = 4},
    {.bitmap_index = 587, .adv_w = 65, .box_w = 4, .box_h = 3, .ofs_x = 0, .ofs_y = 0},
    {.bitmap_index = 593, .adv_w = 101, .box_w = 8, .box_h = 18, .ofs_x = -1, .ofs_y = -2},
    {.bitmap_index = 665, .adv_w = 192, .box_w = 12, .box_h = 13, .ofs_x = 0, .ofs_y = 0},
    {.bitmap_index = 743, .adv_w = 107, .box_w = 5, .box_h = 13, .ofs_x = 0, .ofs_y = 0},
    {.bitmap_index = 776, .adv_w = 165, .box_w = 10, .box_h = 13, .ofs_x = 0, .ofs_y = 0},
    {.bitmap_index = 841, .adv_w = 165, .box_w = 10, .box_h = 13, .ofs_x = 0, .ofs_y = 0},
    {.bitmap_index = 906, .adv_w = 193, .box_w = 12, .box_h = 13, .ofs_x = 0, .ofs_y = 0},
    {.bitmap_index = 984, .adv_w = 165, .box_w = 10, .box_h = 13, .ofs_x = 0, .ofs_y = 0},
    {.bitmap_index = 1049, .adv_w = 178, .box_w = 11, .box_h = 13, .ofs_x = 0, .ofs_y = 0},
    {.bitmap_index = 1121, .adv_w = 172, .box_w = 11, .box_h = 13, .ofs_x = 0, .ofs_y = 0},
    {.bitmap_index = 1193, .adv_w = 185, .box_w = 11, .box_h = 13, .ofs_x = 0, .ofs_y = 0},
    {.bitmap_index = 1265, .adv_w = 178, .box_w = 11, .box_h = 13, .ofs_x = 0, .ofs_y = 0},
    {.bitmap_index = 1337, .adv_w = 65, .box_w = 4, .box_h = 10, .ofs_x = 0, .ofs_y = 0},
    {.bitmap_index = 1357, .adv_w = 65, .box_w = 4, .box_h = 13, .ofs_x = 0, .ofs_y = -3},
    {.bitmap_index = 1383, .adv_w = 168, .box_w = 9, .box_h = 9, .ofs_x = 1, .ofs_y = 2},
    {.bitmap_index = 1424, .adv_w = 168, .box_w = 9, .box_h = 7, .ofs_x = 1, .ofs_y = 3},
    {.bitmap_index = 1456, .adv_w = 168, .box_w = 9, .box_h = 9, .ofs_x = 1, .ofs_y = 2},
    {.bitmap_index = 1497, .adv_w = 165, .box_w = 10, .box_h = 13, .ofs_x = 0, .ofs_y = 0},
    {.bitmap_index = 1562, .adv_w = 298, .box_w = 18, .box_h = 17, .ofs_x = 0, .ofs_y = -4},
    {.bitmap_index = 1715, .adv_w = 211, .box_w = 15, .box_h = 13, .ofs_x = -1, .ofs_y = 0},
    {.bitmap_index = 1813, .adv_w = 218, .box_w = 12, .box_h = 13, .ofs_x = 1, .ofs_y = 0},
    {.bitmap_index = 1891, .adv_w = 208, .box_w = 13, .box_h = 13, .ofs_x = 0, .ofs_y = 0},
    {.bitmap_index = 1976, .adv_w = 238, .box_w = 13, .box_h = 13, .ofs_x = 1, .ofs_y = 0},
    {.bitmap_index = 2061, .adv_w = 193, .box_w = 11, .box_h = 13, .ofs_x = 1, .ofs_y = 0},
    {.bitmap_index = 2133, .adv_w = 183, .box_w = 10, .box_h = 13, .ofs_x = 1, .ofs_y = 0},
    {.bitmap_index = 2198, .adv_w = 222, .box_w = 13, .box_h = 13, .ofs_x = 0, .ofs_y = 0},
    {.bitmap_index = 2283, .adv_w = 234, .box_w = 12, .box_h = 13, .ofs_x = 1, .ofs_y = 0},
    {.bitmap_index = 2361, .adv_w = 89, .box_w = 3, .box_h = 13, .ofs_x = 1, .ofs_y = 0},
    {.bitmap_index = 2381, .adv_w = 148, .box_w = 9, .box_h = 13, .ofs_x = -1, .ofs_y = 0},
    {.bitmap_index = 2440, .adv_w = 207, .box_w = 12, .box_h = 13, .ofs_x = 1, .ofs_y = 0},
    {.bitmap_index = 2518, .adv_w = 171, .box_w = 10, .box_h = 13, .ofs_x = 1, .ofs_y = 0},
    {.bitmap_index = 2583, .adv_w = 275, .box_w = 15, .box_h = 13, .ofs_x = 1, .ofs_y = 0},
    {.bitmap_index = 2681, .adv_w = 234, .box_w = 12, .box_h = 13, .ofs_x = 1, .ofs_y = 0},
    {.bitmap_index = 2759, .adv_w = 242, .box_w = 15, .box_h = 13, .ofs_x = 0, .ofs_y = 0},
    {.bitmap_index = 2857, .adv_w = 208, .box_w = 12, .box_h = 13, .ofs_x = 1, .ofs_y = 0},
    {.bitmap_index = 2935, .adv_w = 242, .box_w = 15, .box_h = 16, .ofs_x = 0, .ofs_y = -3},
    {.bitmap_index = 3055, .adv_w = 209, .box_w = 12, .box_h = 13, .ofs_x = 1, .ofs_y = 0},
    {.bitmap_index = 3133, .adv_w = 179, .box_w = 11, .box_h = 13, .ofs_x = 0, .ofs_y = 0},
    {.bitmap_index = 3205, .adv_w = 169, .box_w = 11, .box_h = 13, .ofs_x = 0, .ofs_y = 0},
    {.bitmap_index = 3277, .adv_w = 228, .box_w = 12, .box_h = 13, .ofs_x = 1, .ofs_y = 0},
    {.bitmap_index = 3355, .adv_w = 205, .box_w = 14, .box_h = 13, .ofs_x = -1, .ofs_y = 0},
    {.bitmap_index = 3446, .adv_w = 324, .box_w = 20, .box_h = 13, .ofs_x = 0, .ofs_y = 0},
    {.bitmap_index = 3576, .adv_w = 194, .box_w = 12, .box_h = 13, .ofs_x = 0, .ofs_y = 0},
    {.bitmap_index = 3654, .adv_w = 186, .box_w = 13, .box_h = 13, .ofs_x = -1, .ofs_y = 0},
    {.bitmap_index = 3739, .adv_w = 189, .box_w = 12, .box_h = 13, .ofs_x = 0, .ofs_y = 0},
    {.bitmap_index = 3817, .adv_w = 96, .box_w = 5, .box_h = 18, .ofs_x = 1, .ofs_y = -4},
    {.bitmap_index = 3862, .adv_w = 101, .box_w = 8, .box_h = 18, .ofs_x = -1, .ofs_y = -2},
    {.bitmap_index = 3934, .adv_w = 96, .box_w = 5, .box_h = 18, .ofs_x = 0, .ofs_y = -4},
    {.bitmap_index = 3979, .adv_w = 168, .box_w = 9, .box_h = 8, .ofs_x = 1, .ofs_y = 3},
    {.bitmap_index = 4015, .adv_w = 144, .box_w = 9, .box_h = 2, .ofs_x = 0, .ofs_y = -2},
    {.bitmap_index = 4024, .adv_w = 173, .box_w = 5, .box_h = 3, .ofs_x = 2, .ofs_y = 11},
    {.bitmap_index = 4032, .adv_w = 172, .box_w = 10, .box_h = 10, .ofs_x = 0, .ofs_y = 0},
    {.bitmap_index = 4082, .adv_w = 196, .box_w = 11, .box_h = 14, .ofs_x = 1, .ofs_y = 0},
    {.bitmap_index = 4159, .adv_w = 164, .box_w = 10, .box_h = 10, .ofs_x = 0, .ofs_y = 0},
    {.bitmap_index = 4209, .adv_w = 196, .box_w = 11, .box_h = 14, .ofs_x = 0, .ofs_y = 0},
    {.bitmap_index = 4286, .adv_w = 176, .box_w = 11, .box_h = 10, .ofs_x = 0, .ofs_y = 0},
    {.bitmap_index = 4341, .adv_w = 102, .box_w = 7, .box_h = 14, .ofs_x = 0, .ofs_y = 0},
    {.bitmap_index = 4390, .adv_w = 199, .box_w = 11, .box_h = 14, .ofs_x = 0, .ofs_y = -4},
    {.bitmap_index = 4467, .adv_w = 196, .box_w = 10, .box_h = 14, .ofs_x = 1, .ofs_y = 0},
    {.bitmap_index = 4537, .adv_w = 80, .box_w = 3, .box_h = 14, .ofs_x = 1, .ofs_y = 0},
    {.bitmap_index = 4558, .adv_w = 82, .box_w = 6, .box_h = 18, .ofs_x = -2, .ofs_y = -4},
    {.bitmap_index = 4612, .adv_w = 177, .box_w = 11, .box_h = 14, .ofs_x = 1, .ofs_y = 0},
    {.bitmap_index = 4689, .adv_w = 80, .box_w = 3, .box_h = 14, .ofs_x = 1, .ofs_y = 0},
    {.bitmap_index = 4710, .adv_w = 304, .box_w = 17, .box_h = 10, .ofs_x = 1, .ofs_y = 0},
    {.bitmap_index = 4795, .adv_w = 196, .box_w = 10, .box_h = 10, .ofs_x = 1, .ofs_y = 0},
    {.bitmap_index = 4845, .adv_w = 183, .box_w = 11, .box_h = 10, .ofs_x = 0, .ofs_y = 0},
    {.bitmap_index = 4900, .adv_w = 196, .box_w = 11, .box_h = 14, .ofs_x = 1, .ofs_y = -4},
    {.bitmap_index = 4977, .adv_w = 196, .box_w = 11, .box_h = 14, .ofs_x = 0, .ofs_y = -4},
    {.bitmap_index = 5054, .adv_w = 118, .box_w = 6, .box_h = 10, .ofs_x = 1, .ofs_y = 0},
    {.bitmap_index = 5084, .adv_w = 144, .box_w = 9, .box_h = 10, .ofs_x = 0, .ofs_y = 0},
    {.bitmap_index = 5129, .adv_w = 119, .box_w = 7, .box_h = 12, .ofs_x = 0, .ofs_y = 0},
    {.bitmap_index = 5171, .adv_w = 195, .box_w = 10, .box_h = 10, .ofs_x = 1, .ofs_y = 0},
    {.bitmap_index = 5221, .adv_w = 161, .box_w = 12, .box_h = 10, .ofs_x = -1, .ofs_y = 0},
    {.bitmap_index = 5281, .adv_w = 259, .box_w = 17, .box_h = 10, .ofs_x = 0, .ofs_y = 0},
    {.bitmap_index = 5366, .adv_w = 159, .box_w = 10, .box_h = 10, .ofs_x = 0, .ofs_y = 0},
    {.bitmap_index = 5416, .adv_w = 161, .box_w = 12, .box_h = 14, .ofs_x = -1, .ofs_y = -4},
    {.bitmap_index = 5500, .adv_w = 150, .box_w = 9, .box_h = 10, .ofs_x = 0, .ofs_y = 0},
    {.bitmap_index = 5545, .adv_w = 101, .box_w = 5, .box_h = 18, .ofs_x = 1, .ofs_y = -4},
    {.bitmap_index = 5590, .adv_w = 86, .box_w = 3, .box_h = 18, .ofs_x = 1, .ofs_y = -4},
    {.bitmap_index = 5617, .adv_w = 101, .box_w = 6, .box_h = 18, .ofs_x = 0, .ofs_y = -4},
    {.bitmap_index = 5671, .adv_w = 168, .box_w = 9, .box_h = 5, .ofs_x = 1, .ofs_y = 4},
    {.bitmap_index = 5694, .adv_w = 288, .box_w = 6, .box_h = 6, .ofs_x = 0, .ofs_y = -3},
    {.bitmap_index = 5712, .adv_w = 288, .box_w = 6, .box_h = 6, .ofs_x = 0, .ofs_y = -3},
    {.bitmap_index = 5730, .adv_w = 288, .box_w = 16, .box_h = 2, .ofs_x = 1, .ofs_y = 6},
    {.bitmap_index = 5746, .adv_w = 288, .box_w = 16, .box_h = 15, .ofs_x = 1, .ofs_y = -1},
    {.bitmap_index = 5866, .adv_w = 288, .box_w = 16, .box_h = 16, .ofs_x = 1, .ofs_y = -2},
    {.bitmap_index = 5994, .adv_w = 288, .box_w = 16, .box_h = 16, .ofs_x = 1, .ofs_y = -1},
    {.bitmap_index = 6122, .adv_w = 288, .box_w = 16, .box_h = 17, .ofs_x = 1, .ofs_y = -2},
    {.bitmap_index = 6258, .adv_w = 288, .box_w = 15, .box_h = 17, .ofs_x = 2, .ofs_y = -2},
    {.bitmap_index = 6386, .adv_w = 288, .box_w = 16, .box_h = 17, .ofs_x = 1, .ofs_y = -2},
    {.bitmap_index = 6522, .adv_w = 288, .box_w = 18, .box_h = 18, .ofs_x = 0, .ofs_y = -3},
    {.bitmap_index = 6684, .adv_w = 288, .box_w = 18, .box_h = 16, .ofs_x = 0, .ofs_y = -2},
    {.bitmap_index = 6828, .adv_w = 288, .box_w = 18, .box_h = 17, .ofs_x = 0, .ofs_y = -2},
    {.bitmap_index = 6981, .adv_w = 288, .box_w = 18, .box_h = 17, .ofs_x = 0, .ofs_y = -2},
    {.bitmap_index = 7134, .adv_w = 288, .box_w = 18, .box_h = 17, .ofs_x = 0, .ofs_y = -2},
    {.bitmap_index = 7287, .adv_w = 288, .box_w = 17, .box_h = 17, .ofs_x = 0, .ofs_y = -2},
    {.bitmap_index = 7432, .adv_w = 288, .box_w = 17, .box_h = 17, .ofs_x = 0, .ofs_y = -2},
    {.bitmap_index = 7577, .adv_w = 288, .box_w = 17, .box_h = 18, .ofs_x = 0, .ofs_y = -3},
    {.bitmap_index = 7730, .adv_w = 288, .box_w = 17, .box_h = 17, .ofs_x = 1, .ofs_y = -2},
    {.bitmap_index = 7875, .adv_w = 288, .box_w = 18, .box_h = 17, .ofs_x = 0, .ofs_y = -2},
    {.bitmap_index = 8028, .adv_w = 288, .box_w = 18, .box_h = 16, .ofs_x = 0, .ofs_y = -1},
    {.bitmap_index = 8172, .adv_w = 288, .box_w = 17, .box_h = 17, .ofs_x = 0, .ofs_y = -2},
    {.bitmap_index = 8317, .adv_w = 288, .box_w = 15, .box_h = 17, .ofs_x = 1, .ofs_y = -2},
    {.bitmap_index = 8445, .adv_w = 288, .box_w = 16, .box_h = 17, .ofs_x = 1, .ofs_y = -2},
    {.bitmap_index = 8581, .adv_w = 288, .box_w = 17, .box_h = 18, .ofs_x = 0, .ofs_y = -3},
    {.bitmap_index = 8734, .adv_w = 288, .box_w = 16, .box_h = 18, .ofs_x = 1, .ofs_y = -3},
    {.bitmap_index = 8878, .adv_w = 288, .box_w = 17, .box_h = 17, .ofs_x = 0, .ofs_y = -2},
    {.bitmap_index = 9023, .adv_w = 288, .box_w = 17, .box_h = 17, .ofs_x = 0, .ofs_y = -2},
    {.bitmap_index = 9168, .adv_w = 288, .box_w = 17, .box_h = 17, .ofs_x = 0, .ofs_y = -2},
    {.bitmap_index = 9313, .adv_w = 288, .box_w = 17, .box_h = 17, .ofs_x = 0, .ofs_y = -2},
    {.bitmap_index = 9458, .adv_w = 288, .box_w = 16, .box_h = 15, .ofs_x = 1, .ofs_y = -1},
    {.bitmap_index = 9578, .adv_w = 288, .box_w = 16, .box_h = 16, .ofs_x = 1, .ofs_y = -2},
    {.bitmap_index = 9706, .adv_w = 288, .box_w = 18, .box_h = 17, .ofs_x = 0, .ofs_y = -2},
    {.bitmap_index = 9859, .adv_w = 288, .box_w = 18, .box_h = 16, .ofs_x = 0, .ofs_y = -2},
    {.bitmap_index = 10003, .adv_w = 288, .box_w = 17, .box_h = 17, .ofs_x = 1, .ofs_y = -2},
    {.bitmap_index = 10148, .adv_w = 288, .box_w = 14, .box_h = 15, .ofs_x = 2, .ofs_y = -1},
    {.bitmap_index = 10253, .adv_w = 288, .box_w = 15, .box_h = 17, .ofs_x = 1, .ofs_y = -2},
    {.bitmap_index = 10381, .adv_w = 288, .box_w = 18, .box_h = 16, .ofs_x = 0, .ofs_y = -2},
    {.bitmap_index = 10525, .adv_w = 288, .box_w = 17, .box_h = 18, .ofs_x = 0, .ofs_y = -3},
    {.bitmap_index = 10678, .adv_w = 288, .box_w = 16, .box_h = 18, .ofs_x = 0, .ofs_y = -3},
    {.bitmap_index = 10822, .adv_w = 288, .box_w = 18, .box_h = 17, .ofs_x = 0, .ofs_y = -2},
    {.bitmap_index = 10975, .adv_w = 288, .box_w = 17, .box_h = 17, .ofs_x = 0, .ofs_y = -2},
    {.bitmap_index = 11120, .adv_w = 288, .box_w = 17, .box_h = 17, .ofs_x = 1, .ofs_y = -2},
    {.bitmap_index = 11265, .adv_w = 288, .box_w = 16, .box_h = 16, .ofs_x = 1, .ofs_y = -2},
    {.bitmap_index = 11393, .adv_w = 288, .box_w = 16, .box_h = 16, .ofs_x = 1, .ofs_y = -2},
    {.bitmap_index = 11521, .adv_w = 288, .box_w = 18, .box_h = 16, .ofs_x = 0, .ofs_y = -1},
    {.bitmap_index = 11665, .adv_w = 288, .box_w = 17, .box_h = 17, .ofs_x = 0, .ofs_y = -3},
    {.bitmap_index = 11810, .adv_w = 288, .box_w = 17, .box_h = 17, .ofs_x = 0, .ofs_y = -2},
    {.bitmap_index = 11955, .adv_w = 288, .box_w = 16, .box_h = 17, .ofs_x = 1, .ofs_y = -2},
    {.bitmap_index = 12091, .adv_w = 288, .box_w = 18, .box_h = 17, .ofs_x = 0, .ofs_y = -2},
    {.bitmap_index = 12244, .adv_w = 288, .box_w = 16, .box_h = 17, .ofs_x = 1, .ofs_y = -2},
    {.bitmap_index = 12380, .adv_w = 288, .box_w = 16, .box_h = 17, .ofs_x = 1, .ofs_y = -2},
    {.bitmap_index = 12516, .adv_w = 288, .box_w = 17, .box_h = 17, .ofs_x = 1, .ofs_y = -2},
    {.bitmap_index = 12661, .adv_w = 288, .box_w = 18, .box_h = 17, .ofs_x = 0, .ofs_y = -2},
    {.bitmap_index = 12814, .adv_w = 288, .box_w = 17, .box_h = 17, .ofs_x = 0, .ofs_y = -3},
    {.bitmap_index = 12959, .adv_w = 288, .box_w = 16, .box_h = 16, .ofs_x = 1, .ofs_y = -2},
    {.bitmap_index = 13087, .adv_w = 288, .box_w = 16, .box_h = 15, .ofs_x = 1, .ofs_y = -1},
    {.bitmap_index = 13207, .adv_w = 288, .box_w = 16, .box_h = 17, .ofs_x = 1, .ofs_y = -2},
    {.bitmap_index = 13343, .adv_w = 288, .box_w = 18, .box_h = 17, .ofs_x = 0, .ofs_y = -2},
    {.bitmap_index = 13496, .adv_w = 288, .box_w = 18, .box_h = 17, .ofs_x = 0, .ofs_y = -2},
    {.bitmap_index = 13649, .adv_w = 288, .box_w = 18, .box_h = 17, .ofs_x = 0, .ofs_y = -3},
    {.bitmap_index = 13802, .adv_w = 288, .box_w = 17, .box_h = 17, .ofs_x = 1, .ofs_y = -2},
    {.bitmap_index = 13947, .adv_w = 288, .box_w = 17, .box_h = 16, .ofs_x = 1, .ofs_y = -2},
    {.bitmap_index = 14083, .adv_w = 288, .box_w = 18, .box_h = 16, .ofs_x = 0, .ofs_y = -1},
    {.bitmap_index = 14227, .adv_w = 288, .box_w = 17, .box_h = 17, .ofs_x = 1, .ofs_y = -2},
    {.bitmap_index = 14372, .adv_w = 288, .box_w = 16, .box_h = 17, .ofs_x = 0, .ofs_y = -2},
    {.bitmap_index = 14508, .adv_w = 288, .box_w = 18, .box_h = 17, .ofs_x = 0, .ofs_y = -2},
    {.bitmap_index = 14661, .adv_w = 288, .box_w = 17, .box_h = 17, .ofs_x = 0, .ofs_y = -2},
    {.bitmap_index = 14806, .adv_w = 288, .box_w = 18, .box_h = 18, .ofs_x = 0, .ofs_y = -3},
    {.bitmap_index = 14968, .adv_w = 288, .box_w = 17, .box_h = 18, .ofs_x = 0, .ofs_y = -2},
    {.bitmap_index = 15121, .adv_w = 288, .box_w = 17, .box_h = 17, .ofs_x = 0, .ofs_y = -2},
    {.bitmap_index = 15266, .adv_w = 288, .box_w = 18, .box_h = 18, .ofs_x = 0, .ofs_y = -3},
    {.bitmap_index = 15428, .adv_w = 288, .box_w = 17, .box_h = 17, .ofs_x = 0, .ofs_y = -2},
    {.bitmap_index = 15573, .adv_w = 288, .box_w = 17, .box_h = 17, .ofs_x = 0, .ofs_y = -2},
    {.bitmap_index = 15718, .adv_w = 288, .box_w = 18, .box_h = 18, .ofs_x = 0, .ofs_y = -2},
    {.bitmap_index = 15880, .adv_w = 288, .box_w = 18, .box_h = 18, .ofs_x = 0, .ofs_y = -3},
    {.bitmap_index = 16042, .adv_w = 288, .box_w = 18, .box_h = 18, .ofs_x = 0, .ofs_y = -2},
    {.bitmap_index = 16204, .adv_w = 288, .box_w = 17, .box_h = 16, .ofs_x = 0, .ofs_y = -2},
    {.bitmap_index = 16340, .adv_w = 288, .box_w = 18, .box_h = 16, .ofs_x = 0, .ofs_y = -2},
    {.bitmap_index = 16484, .adv_w = 288, .box_w = 16, .box_h = 17, .ofs_x = 1, .ofs_y = -2},
    {.bitmap_index = 16620, .adv_w = 288, .box_w = 17, .box_h = 17, .ofs_x = 0, .ofs_y = -2},
    {.bitmap_index = 16765, .adv_w = 288, .box_w = 17, .box_h = 17, .ofs_x = 0, .ofs_y = -2},
    {.bitmap_index = 16910, .adv_w = 288, .box_w = 18, .box_h = 18, .ofs_x = 0, .ofs_y = -3},
    {.bitmap_index = 17072, .adv_w = 288, .box_w = 18, .box_h = 17, .ofs_x = 0, .ofs_y = -2},
    {.bitmap_index = 17225, .adv_w = 288, .box_w = 18, .box_h = 17, .ofs_x = 0, .ofs_y = -2},
    {.bitmap_index = 17378, .adv_w = 288, .box_w = 18, .box_h = 16, .ofs_x = 0, .ofs_y = -1},
    {.bitmap_index = 17522, .adv_w = 288, .box_w = 17, .box_h = 17, .ofs_x = 1, .ofs_y = -2},
    {.bitmap_index = 17667, .adv_w = 288, .box_w = 18, .box_h = 17, .ofs_x = 0, .ofs_y = -2},
    {.bitmap_index = 17820, .adv_w = 288, .box_w = 18, .box_h = 18, .ofs_x = 0, .ofs_y = -3},
    {.bitmap_index = 17982, .adv_w = 288, .box_w = 17, .box_h = 18, .ofs_x = 0, .ofs_y = -3},
    {.bitmap_index = 18135, .adv_w = 288, .box_w = 17, .box_h = 18, .ofs_x = 0, .ofs_y = -3},
    {.bitmap_index = 18288, .adv_w = 288, .box_w = 17, .box_h = 17, .ofs_x = 0, .ofs_y = -2},
    {.bitmap_index = 18433, .adv_w = 288, .box_w = 18, .box_h = 16, .ofs_x = 0, .ofs_y = -2},
    {.bitmap_index = 18577, .adv_w = 288, .box_w = 18, .box_h = 17, .ofs_x = 0, .ofs_y = -2},
    {.bitmap_index = 18730, .adv_w = 288, .box_w = 16, .box_h = 16, .ofs_x = 0, .ofs_y = -2},
    {.bitmap_index = 18858, .adv_w = 288, .box_w = 17, .box_h = 17, .ofs_x = 0, .ofs_y = -2},
    {.bitmap_index = 19003, .adv_w = 288, .box_w = 17, .box_h = 17, .ofs_x = 0, .ofs_y = -2},
    {.bitmap_index = 19148, .adv_w = 288, .box_w = 17, .box_h = 18, .ofs_x = 0, .ofs_y = -3},
    {.bitmap_index = 19301, .adv_w = 288, .box_w = 17, .box_h = 16, .ofs_x = 1, .ofs_y = -2},
    {.bitmap_index = 19437, .adv_w = 288, .box_w = 17, .box_h = 19, .ofs_x = 0, .ofs_y = -3},
    {.bitmap_index = 19599, .adv_w = 288, .box_w = 17, .box_h = 17, .ofs_x = 0, .ofs_y = -2},
    {.bitmap_index = 19744, .adv_w = 288, .box_w = 17, .box_h = 17, .ofs_x = 0, .ofs_y = -2},
    {.bitmap_index = 19889, .adv_w = 288, .box_w = 18, .box_h = 16, .ofs_x = 0, .ofs_y = -1},
    {.bitmap_index = 20033, .adv_w = 288, .box_w = 18, .box_h = 17, .ofs_x = 0, .ofs_y = -2},
    {.bitmap_index = 20186, .adv_w = 288, .box_w = 17, .box_h = 15, .ofs_x = 1, .ofs_y = -1},
    {.bitmap_index = 20314, .adv_w = 288, .box_w = 18, .box_h = 16, .ofs_x = 0, .ofs_y = -1},
    {.bitmap_index = 20458, .adv_w = 288, .box_w = 17, .box_h = 17, .ofs_x = 1, .ofs_y = -2},
    {.bitmap_index = 20603, .adv_w = 288, .box_w = 14, .box_h = 17, .ofs_x = 2, .ofs_y = -2},
    {.bitmap_index = 20722, .adv_w = 288, .box_w = 17, .box_h = 17, .ofs_x = 0, .ofs_y = -2},
    {.bitmap_index = 20867, .adv_w = 288, .box_w = 18, .box_h = 17, .ofs_x = 0, .ofs_y = -2},
    {.bitmap_index = 21020, .adv_w = 288, .box_w = 18, .box_h = 17, .ofs_x = 0, .ofs_y = -2},
    {.bitmap_index = 21173, .adv_w = 288, .box_w = 18, .box_h = 18, .ofs_x = 0, .ofs_y = -2},
    {.bitmap_index = 21335, .adv_w = 288, .box_w = 17, .box_h = 17, .ofs_x = 1, .ofs_y = -2},
    {.bitmap_index = 21480, .adv_w = 288, .box_w = 17, .box_h = 16, .ofs_x = 1, .ofs_y = -1},
    {.bitmap_index = 21616, .adv_w = 288, .box_w = 16, .box_h = 17, .ofs_x = 1, .ofs_y = -2},
    {.bitmap_index = 21752, .adv_w = 288, .box_w = 16, .box_h = 17, .ofs_x = 1, .ofs_y = -2},
    {.bitmap_index = 21888, .adv_w = 288, .box_w = 17, .box_h = 17, .ofs_x = 1, .ofs_y = -2},
    {.bitmap_index = 22033, .adv_w = 288, .box_w = 18, .box_h = 17, .ofs_x = 0, .ofs_y = -2},
    {.bitmap_index = 22186, .adv_w = 288, .box_w = 18, .box_h = 18, .ofs_x = 0, .ofs_y = -3},
    {.bitmap_index = 22348, .adv_w = 288, .box_w = 18, .box_h = 17, .ofs_x = 0, .ofs_y = -2},
    {.bitmap_index = 22501, .adv_w = 288, .box_w = 18, .box_h = 17, .ofs_x = 0, .ofs_y = -2},
    {.bitmap_index = 22654, .adv_w = 288, .box_w = 18, .box_h = 17, .ofs_x = 0, .ofs_y = -2},
    {.bitmap_index = 22807, .adv_w = 288, .box_w = 18, .box_h = 17, .ofs_x = 0, .ofs_y = -2},
    {.bitmap_index = 22960, .adv_w = 288, .box_w = 18, .box_h = 16, .ofs_x = 0, .ofs_y = -2},
    {.bitmap_index = 23104, .adv_w = 288, .box_w = 18, .box_h = 17, .ofs_x = 0, .ofs_y = -2},
    {.bitmap_index = 23257, .adv_w = 288, .box_w = 18, .box_h = 15, .ofs_x = 0, .ofs_y = -1},
    {.bitmap_index = 23392, .adv_w = 288, .box_w = 17, .box_h = 17, .ofs_x = 1, .ofs_y = -2},
    {.bitmap_index = 23537, .adv_w = 288, .box_w = 17, .box_h = 17, .ofs_x = 1, .ofs_y = -2},
    {.bitmap_index = 23682, .adv_w = 288, .box_w = 18, .box_h = 18, .ofs_x = 0, .ofs_y = -2},
    {.bitmap_index = 23844, .adv_w = 288, .box_w = 18, .box_h = 17, .ofs_x = 0, .ofs_y = -2},
    {.bitmap_index = 23997, .adv_w = 288, .box_w = 18, .box_h = 15, .ofs_x = 0, .ofs_y = -1},
    {.bitmap_index = 24132, .adv_w = 288, .box_w = 18, .box_h = 17, .ofs_x = 0, .ofs_y = -2},
    {.bitmap_index = 24285, .adv_w = 288, .box_w = 18, .box_h = 17, .ofs_x = 0, .ofs_y = -2},
    {.bitmap_index = 24438, .adv_w = 288, .box_w = 4, .box_h = 6, .ofs_x = 7, .ofs_y = -3},
    {.bitmap_index = 24450, .adv_w = 288, .box_w = 4, .box_h = 11, .ofs_x = 7, .ofs_y = -1}
};

/*---------------------
 *  CHARACTER MAPPING
 *--------------------*/

static const uint16_t unicode_list_1[] = {
    0x0, 0x1, 0x1dff, 0x1e09, 0x1e0a, 0x1e0d, 0x1e2c, 0x1e31,
    0x1e39, 0x1e8a, 0x1eb9, 0x1ee3, 0x1ef5, 0x1f3b, 0x1fe0, 0x2011,
    0x204e, 0x214a, 0x2164, 0x2167, 0x21b1, 0x21f9, 0x21fa, 0x2218,
    0x2223, 0x222f, 0x22a7, 0x22a8, 0x2315, 0x2338, 0x2372, 0x23c1,
    0x23d5, 0x23d7, 0x23e2, 0x23ea, 0x23ee, 0x240d, 0x242e, 0x2449,
    0x248b, 0x2523, 0x26dd, 0x26ec, 0x272f, 0x2739, 0x28ef, 0x2915,
    0x29fe, 0x2b87, 0x2b88, 0x2b99, 0x2c15, 0x2c4e, 0x2de4, 0x2df1,
    0x2e37, 0x2e54, 0x2ea5, 0x2f01, 0x2f0e, 0x2f54, 0x3000, 0x3215,
    0x3236, 0x324a, 0x32a3, 0x32a4, 0x3300, 0x3306, 0x3308, 0x336d,
    0x33a4, 0x349d, 0x354e, 0x356f, 0x35df, 0x366e, 0x3681, 0x3729,
    0x372b, 0x3820, 0x38bf, 0x3a20, 0x3b61, 0x3c41, 0x3cd4, 0x3d40,
    0x3d4a, 0x3d87, 0x3f13, 0x4074, 0x40b8, 0x4527, 0x4590, 0x47e4,
    0x486d, 0x4939, 0x49d1, 0x4a0a, 0x4a96, 0x4aca, 0x4eec, 0x4f6d,
    0x5000, 0x50fc, 0x51e9, 0x584b, 0x59c3, 0x59e2, 0x5b65, 0x5ba3,
    0x5baf, 0x5bbd, 0x5bcc, 0x5bec, 0x5dcb, 0x5f92, 0x5fcf, 0x5fd3,
    0x5fda, 0x5fdd, 0x614c, 0x6191, 0x61ce, 0x6663, 0x6668, 0x6758,
    0x67f2, 0x68cd, 0x6ad7, 0x6ea5, 0xcf0b, 0xcf19
};

/*Collect the unicode lists and glyph_id offsets*/
static const lv_font_fmt_txt_cmap_t cmaps[] =
{
    {
        .range_start = 32, .range_length = 95, .glyph_id_start = 1,
        .unicode_list = NULL, .glyph_id_ofs_list = NULL, .list_length = 0, .type = LV_FONT_FMT_TXT_CMAP_FORMAT0_TINY
    },
    {
        .range_start = 12289, .range_length = 53018, .glyph_id_start = 96,
        .unicode_list = unicode_list_1, .glyph_id_ofs_list = NULL, .list_length = 134, .type = LV_FONT_FMT_TXT_CMAP_SPARSE_TINY
    }
};

/*-----------------
 *    KERNING
 *----------------*/


/*Map glyph_ids to kern left classes*/
static const uint8_t kern_left_class_mapping[] =
{
    0, 0, 1, 2, 0, 3, 4, 5,
    2, 6, 7, 8, 9, 10, 9, 10,
    11, 12, 0, 13, 14, 15, 16, 17,
    18, 19, 12, 20, 20, 0, 0, 0,
    21, 22, 23, 24, 25, 22, 26, 27,
    28, 29, 29, 30, 31, 32, 29, 29,
    22, 33, 34, 35, 3, 36, 30, 37,
    37, 38, 39, 40, 41, 42, 43, 0,
    44, 0, 45, 46, 47, 48, 49, 50,
    51, 45, 52, 52, 53, 48, 45, 45,
    46, 46, 54, 55, 56, 57, 51, 58,
    58, 59, 58, 60, 41, 0, 0, 9,
    0, 0, 0, 0, 0, 0, 0, 0,
    0, 0, 0, 0, 0, 0, 0, 0,
    0, 0, 0, 0, 0, 0, 0, 0,
    0, 0, 0, 0, 0, 0, 0, 0,
    0, 0, 0, 0, 0, 0, 0, 0,
    0, 0, 0, 0, 0, 0, 0, 0,
    0, 0, 0, 0, 0, 0, 0, 0,
    0, 0, 0, 0, 0, 0, 0, 0,
    0, 0, 0, 0, 0, 0, 0, 0,
    0, 0, 0, 0, 0, 0, 0, 0,
    0, 0, 0, 0, 0, 0, 0, 0,
    0, 0, 0, 0, 0, 0, 0, 0,
    0, 0, 0, 0, 0, 0, 0, 0,
    0, 0, 0, 0, 0, 0, 0, 0,
    0, 0, 0, 0, 0, 0, 0, 0,
    0, 0, 0, 0, 0, 0, 0, 0,
    0, 0, 0, 0, 0, 0
};

/*Map glyph_ids to kern right classes*/
static const uint8_t kern_right_class_mapping[] =
{
    0, 0, 1, 2, 0, 3, 4, 5,
    2, 6, 7, 8, 9, 10, 9, 10,
    11, 12, 13, 14, 15, 16, 17, 12,
    18, 19, 20, 21, 21, 0, 0, 0,
    22, 23, 24, 25, 23, 25, 25, 25,
    23, 25, 25, 26, 25, 25, 25, 25,
    23, 25, 23, 25, 3, 27, 28, 29,
    29, 30, 31, 32, 33, 34, 35, 0,
    36, 0, 37, 38, 39, 39, 39, 0,
    39, 38, 40, 41, 38, 38, 42, 42,
    39, 42, 39, 42, 43, 44, 45, 46,
    46, 47, 46, 48, 0, 0, 35, 9,
    0, 0, 0, 0, 0, 0, 0, 0,
    0, 0, 0, 0, 0, 0, 0, 0,
    0, 0, 0, 0, 0, 0, 0, 0,
    0, 0, 0, 0, 0, 0, 0, 0,
    0, 0, 0, 0, 0, 0, 0, 0,
    0, 0, 0, 0, 0, 0, 0, 0,
    0, 0, 0, 0, 0, 0, 0, 0,
    0, 0, 0, 0, 0, 0, 0, 0,
    0, 0, 0, 0, 0, 0, 0, 0,
    0, 0, 0, 0, 0, 0, 0, 0,
    0, 0, 0, 0, 0, 0, 0, 0,
    0, 0, 0, 0, 0, 0, 0, 0,
    0, 0, 0, 0, 0, 0, 0, 0,
    0, 0, 0, 0, 0, 0, 0, 0,
    0, 0, 0, 0, 0, 0, 0, 0,
    0, 0, 0, 0, 0, 0, 0, 0,
    0, 0, 0, 0, 0, 0
};

/*Kern values between classes*/
static const int8_t kern_class_values[] =
{
    0, 1, 0, 0, 0, 0, 0, 0,
    0, 1, 0, 0, 3, 0, 0, 0,
    0, 2, 0, 0, 0, 0, 0, 0,
    0, 0, 0, 0, 0, 0, 0, 0,
    0, 0, 1, 0, 0, 0, 0, 0,
    0, 0, 0, 0, 0, 0, 0, 0,
    1, 13, 0, 8, -6, 0, 0, 0,
    0, -16, -17, 2, 14, 6, 5, -12,
    2, 14, 1, 12, 3, 9, 0, 0,
    0, 0, 0, 0, 0, 0, 0, 0,
    0, 17, 2, -2, 0, 0, 0, 0,
    0, 0, 0, 0, 0, 0, 0, 0,
    0, -9, 0, 0, 0, 0, 0, -6,
    5, 6, 0, 0, -3, 0, -2, 3,
    0, -3, 0, -3, -1, -6, 0, 0,
    0, 0, -3, 0, 0, -4, -4, 0,
    0, -3, 0, -6, 0, 0, 0, 0,
    0, 0, 0, 0, 0, -3, -3, 0,
    0, -8, 0, -35, 0, 0, -6, 0,
    6, 9, 0, 0, -6, 3, 3, 10,
    6, -5, 6, 0, 0, -16, 0, 0,
    0, 0, 0, 0, 0, 0, 0, 0,
    0, -11, 0, 0, 0, 0, 0, 0,
    0, 0, 0, 0, 0, 0, 0, 0,
    -3, -14, 0, -12, -2, 0, 0, 0,
    0, 1, 11, 0, -9, -2, -1, 1,
    0, -5, 0, 0, -2, -21, 0, 0,
    0, 0, 0, 0, 0, 0, 0, 0,
    0, -23, -2, 11, 0, 0, 0, 0,
    0, 0, 0, 0, 0, 0, 0, 0,
    0, 0, 0, 0, 0, 0, 0, 0,
    0, 0, 10, 0, 3, 0, 0, -6,
    0, 0, 0, 0, 0, 0, 0, 0,
    0, 0, 0, 0, 0, 0, 0, 0,
    0, 11, 2, 1, 0, 0, 0, 0,
    0, 0, 0, 0, 0, 0, 0, 0,
    0, 0, 0, 0, 0, 0, 0, 0,
    0, 0, 0, 0, 0, 0, 0, 0,
    0, 0, 0, 0, 0, 0, 0, 0,
    0, 0, -11, 0, 0, 0, 0, 0,
    0, 0, 0, 0, 0, 0, 0, 0,
    0, 0, 0, 0, 0, 0, 0, 0,
    2, 6, 3, 9, -3, 0, 0, 6,
    -3, -10, -39, 2, 8, 6, 1, -4,
    0, 10, 0, 9, 0, 9, 0, -27,
    0, -3, 9, 0, 10, -3, 6, 3,
    0, 0, 1, -3, 0, 0, -5, 23,
    0, 23, 0, 9, 0, 12, 4, 5,
    0, 0, 0, -11, 0, 0, 0, 0,
    1, -2, 0, 2, -5, -4, -6, 2,
    0, -3, 0, 0, 0, -12, 0, 0,
    0, 0, 0, 0, 0, 0, 0, 0,
    0, -19, 0, 0, 0, 0, 0, 0,
    0, 0, 0, 0, 0, 0, 0, 0,
    1, -16, 0, -18, 0, 0, 0, 0,
    -2, 0, 29, -3, -4, 3, 3, -3,
    0, -4, 3, 0, 0, -15, 0, 0,
    0, 0, 0, 0, 0, 0, 0, 0,
    0, -28, 0, 3, 0, 0, 0, 0,
    0, 0, 0, 0, 0, 0, 0, 0,
    0, 17, 0, 0, -11, 0, 10, 0,
    -20, -28, -20, -6, 9, 0, 0, -19,
    0, 3, -7, 0, -4, 0, 0, 0,
    0, 0, 0, 0, 0, 0, 0, 0,
    0, 7, 9, -35, 0, 0, 0, 0,
    0, 0, 0, 0, 0, 0, 0, 0,
    0, 2, 0, 0, 0, 0, 0, 2,
    2, -3, -6, 0, -1, -1, -3, 0,
    0, -2, 0, 0, 0, -6, 0, -2,
    0, -7, -6, 0, -7, -10, -10, -5,
    0, -6, 0, -6, 0, 0, 0, 0,
    -2, 0, 0, 3, 0, 2, -3, 0,
    0, 0, 0, 3, -2, 0, 0, 0,
    -2, 3, 3, -1, 0, 0, 0, -5,
    0, -1, 0, 0, 0, 0, 0, 1,
    0, 4, -2, 0, -3, 0, -5, 0,
    0, -2, 0, 9, 0, 0, -3, 0,
    0, 0, 0, 0, -1, 1, -2, -2,
    0, -3, 0, -3, 0, 0, 0, 0,
    0, 0, 0, 0, 0, -1, -1, 0,
    -3, -3, 0, 0, 0, 0, 0, 1,
    0, 0, -2, 0, -3, -3, -3, 0,
    0, 0, 0, 0, 0, 0, 0, 0,
    -2, 0, 0, 0, 0, -2, -4, 0,
    0, -9, -2, -9, 6, 0, 0, -6,
    3, 6, 8, 0, -7, -1, -3, 0,
    -1, -14, 3, -2, 2, -15, 3, 0,
    0, 1, -15, 0, -15, -2, -25, -2,
    0, -14, 0, 6, 8, 0, 4, 0,
    0, 0, 0, 1, 0, -5, -4, 0,
    0, 0, 0, -3, 0, 0, 0, -3,
    0, 0, 0, 0, 0, -1, -1, 0,
    -1, -4, 0, 0, 0, 0, 0, 0,
    0, -3, -3, 0, -2, -3, -2, 0,
    0, -3, 0, 0, 0, 0, 0, 0,
    0, 0, 0, 0, 0, -2, -2, 0,
    0, -2, 0, -6, 3, 0, 0, -3,
    1, 3, 3, 0, 0, 0, 0, 0,
    0, -2, 0, 0, 0, 0, 0, 2,
    0, 0, -3, 0, -3, -2, -3, 0,
    0, 0, 0, 0, 0, 0, 2, 0,
    -2, 0, 0, 0, 0, -3, -4, 0,
    0, 9, -2, 1, -9, 0, 0, 8,
    -14, -15, -12, -6, 3, 0, -2, -19,
    -5, 0, -5, 0, -6, 4, -5, -18,
    0, -8, 0, 0, 1, -1, 2, -2,
    0, 3, 0, -9, -11, 0, -14, -7,
    -6, -7, -9, -3, -8, -1, -5, -8,
    0, 1, 0, -3, 0, 0, 0, 2,
    0, 3, 0, 0, 0, 0, 0, 0,
    0, 0, 0, 0, 0, -3, 0, -1,
    0, -1, -3, 0, -5, -6, -6, -1,
    0, -9, 0, 0, 0, 0, 0, 0,
    -2, 0, 0, 0, 0, 1, -2, 0,
    0, 3, 0, 0, 0, 0, 0, 0,
    0, 0, 14, 0, 0, 0, 0, 0,
    0, 2, 0, 0, 0, -3, 0, 0,
    0, 0, 0, 0, 0, 0, 0, 0,
    0, -5, 0, 3, 0, 0, 0, 0,
    0, 0, 0, 0, 0, 0, 0, 0,
    -2, 0, 0, 0, -5, 0, 0, 0,
    0, -14, -9, 0, 0, 0, -4, -14,
    0, 0, -3, 3, 0, -8, 0, 0,
    0, 0, 0, 0, 0, 0, 0, 0,
    -5, 0, 0, -5, 0, 0, 0, 0,
    0, 0, 0, 0, 0, 0, 0, 0,
    0, -5, 0, 0, 0, 0, 3, 0,
    2, -6, -6, 0, -3, -3, -3, 0,
    0, 0, 0, 0, 0, -9, 0, -3,
    0, -4, -3, 0, -6, -7, -9, -2,
    0, -6, 0, -9, 0, 0, 0, 0,
    23, 0, 0, 1, 0, 0, -4, 0,
    0, -12, 0, 0, 0, 0, 0, -27,
    -5, 10, 9, -2, -12, 0, 3, -4,
    0, -14, -1, -4, 3, -20, -3, 4,
    0, 4, -10, -4, -11, -10, -12, 0,
    0, -17, 0, 16, 0, 0, -1, 0,
    0, 0, -1, -1, -3, -8, -10, -1,
    0, 0, 0, 0, 0, 0, 0, 0,
    0, 1, 0, 0, 0, 0, 0, 0,
    0, 0, 0, 0, 0, 0, 0, 0,
    0, 0, -3, 0, -1, -3, -4, 0,
    0, -6, 0, -3, 0, 0, 0, 0,
    0, 0, 0, 0, 0, 0, 0, 0,
    0, 0, -1, 0, -6, 0, 0, 6,
    -1, 4, 0, -6, 3, -2, -1, -7,
    -3, 0, -4, -3, -2, 0, -4, -5,
    0, 0, -2, -1, -2, -5, -3, 0,
    0, -3, 0, 3, -2, 0, -6, 0,
    0, 0, -6, 0, -5, 0, -5, -5,
    0, 0, 0, 0, 0, 0, 0, 0,
    -6, 3, 0, -4, 0, -2, -3, -9,
    -2, -2, -2, -1, -2, -3, -1, 0,
    0, 0, 0, 0, -3, -2, -2, 0,
    0, 0, 0, 3, -2, 0, -2, 0,
    0, 0, -2, -3, -2, -3, -3, -3,
    2, 12, -1, 0, -8, 0, -2, 6,
    0, -3, -12, -4, 4, 0, 0, -14,
    -5, 3, -5, 2, 0, -2, -2, -9,
    0, -4, 1, 0, 0, -5, 0, 0,
    0, 3, 3, -6, -5, 0, -5, -3,
    -4, -3, -3, 0, -5, 1, -5, -5,
    0, 0, 0, 0, 0, 0, 0, 0,
    0, 3, 0, 0, 0, 0, 0, 0,
    0, 0, 0, 0, 0, 0, 0, 0,
    0, 0, 0, 0, 0, 0, 0, 0,
    0, -5, 0, 0, 0, 0, 0, 0,
    0, 0, 0, 0, 0, 0, 0, 0,
    0, 0, 0, 0, 0, 0, 0, 0,
    0, 0, 0, 0, 0, 0, 0, 0,
    0, 0, 0, 0, 0, 0, 0, 0,
    0, 0, 0, 0, -2, 0, 0, 0,
    0, 0, 0, 0, 0, 0, 0, 0,
    0, 0, 0, 0, 0, 0, 0, 0,
    0, 0, 0, 0, 0, 0, 0, 0,
    0, -2, -3, 0, 0, 0, 0, 0,
    0, 0, 0, 0, 0, 0, 0, -4,
    0, 0, -4, 0, 0, -3, -3, 0,
    0, 0, 0, -3, 0, 0, 0, 0,
    -1, 0, 0, 0, 0, 0, -2, 0,
    0, 0, -4, 0, -6, 0, 0, 0,
    -10, 0, 2, -6, 6, 1, -2, -14,
    0, 0, -6, -3, 0, -12, -7, -8,
    0, 0, -12, -3, -12, -11, -14, 0,
    -7, 0, 2, 19, -4, 0, -7, -3,
    -1, -3, -5, -8, -5, -11, -12, -7,
    0, 0, -2, 0, 1, 0, 0, -20,
    -3, 9, 6, -6, -11, 0, 1, -9,
    0, -14, -2, -3, 6, -26, -4, 1,
    0, 0, -19, -3, -15, -3, -21, 0,
    0, -20, 0, 17, 1, 0, -2, 0,
    0, 0, 0, -1, -2, -11, -2, 0,
    0, 0, 0, 0, -9, 0, -3, 0,
    -1, -8, -14, 0, 0, -1, -4, -9,
    -3, 0, -2, 0, 0, 0, 0, -13,
    -3, -10, -9, -2, -5, -7, -3, -5,
    0, -6, -3, -10, -4, 0, -3, -5,
    -3, -5, 0, 1, 0, -2, -10, 0,
    0, -5, 0, 0, 0, 0, 3, 0,
    2, -6, 12, 0, -3, -3, -3, 0,
    0, 0, 0, 0, 0, -9, 0, -3,
    0, -4, -3, 0, -6, -7, -9, -2,
    0, -6, 2, 12, 0, 0, 0, 0,
    23, 0, 0, 1, 0, 0, -4, 0,
    0, 0, 0, 0, 0, 0, 0, 0,
    -1, 0, 0, 0, 0, 0, -2, -6,
    0, 0, 0, 0, 0, -1, 0, 0,
    0, -3, -3, 0, 0, -6, -3, 0,
    0, -6, 0, 5, -1, 0, 0, 0,
    0, 0, 0, 1, 0, 0, 0, 0,
    6, 2, -3, 0, -9, -5, 0, 9,
    -10, -9, -6, -6, 12, 5, 3, -25,
    -2, 6, -3, 0, -3, 3, -3, -10,
    0, -3, 3, -4, -2, -9, -2, 0,
    0, 9, 6, 0, -8, 0, -16, -4,
    8, -4, -11, 1, -4, -10, -10, -3,
    3, 0, -4, 0, -8, 0, 2, 10,
    -7, -11, -12, -7, 9, 0, 1, -21,
    -2, 3, -5, -2, -7, 0, -6, -11,
    -4, -4, -2, 0, 0, -7, -6, -3,
    0, 9, 7, -3, -16, 0, -16, -4,
    0, -10, -17, -1, -9, -5, -10, -8,
    0, 0, -4, 0, -6, -3, 0, -3,
    -5, 0, 5, -10, 3, 0, 0, -15,
    0, -3, -6, -5, -2, -9, -7, -10,
    -7, 0, -9, -3, -7, -5, -9, -3,
    0, 0, 1, 14, -5, 0, -9, -3,
    0, -3, -6, -7, -8, -8, -11, -4,
    6, 0, -4, 0, -14, -3, 2, 6,
    -9, -11, -6, -10, 10, -3, 1, -27,
    -5, 6, -6, -5, -11, 0, -9, -12,
    -3, -3, -2, -3, -6, -9, -1, 0,
    0, 9, 8, -2, -19, 0, -17, -7,
    7, -11, -20, -6, -10, -12, -14, -10,
    0, 0, 0, 0, -3, 0, 0, 3,
    -3, 6, 2, -5, 6, 0, 0, -9,
    -1, 0, -1, 0, 1, 1, -2, 0,
    0, 0, 0, 0, 0, -3, 0, 0,
    0, 0, 2, 9, 1, 0, -3, 0,
    0, 0, 0, -2, -2, -3, 0, 0,
    1, 2, 0, 0, 0, 0, 2, 0,
    -2, 0, 11, 0, 5, 1, 1, -4,
    0, 6, 0, 0, 0, 2, 0, 0,
    0, 0, 0, 0, 0, 0, 0, 0,
    0, 9, 0, 8, 0, 0, 0, 0,
    0, 0, 0, 0, 0, 0, 0, 0,
    0, -17, 0, -3, 5, 0, 9, 0,
    0, 29, 3, -6, -6, 3, 3, -2,
    1, -14, 0, 0, 14, -17, 0, 0,
    0, 0, 0, 0, 0, 0, 0, 0,
    0, -20, 11, 40, 0, 0, 0, 0,
    0, 0, 0, 0, 0, 0, 0, 0,
    0, 0, 0, 0, 0, 0, 0, 0,
    0, 0, 0, 0, 0, 0, 0, 0,
    0, 0, 0, 0, 0, 0, 0, 0,
    0, 0, -5, 0, 0, -5, -3, 0,
    0, 0, 0, 0, 0, 0, 0, 0,
    0, 0, 0, 0, 0, 0, 0, 0,
    0, -2, 0, -8, 0, 0, 1, 0,
    0, 3, 37, -6, -2, 9, 8, -8,
    3, 0, 0, 3, 3, -4, 0, 0,
    0, 0, 0, 0, 0, 0, 0, 0,
    0, -37, 8, 0, 0, 0, 0, 0,
    0, 0, 0, 0, 0, 0, 0, 0,
    0, 0, 0, -8, 0, 0, 0, -8,
    0, 0, 0, 0, -6, -1, 0, 0,
    0, -6, 0, -3, 0, -14, 0, 0,
    0, 0, 0, 0, 0, 0, 0, 0,
    0, -19, 0, 0, 0, 0, 1, 0,
    0, 0, 0, 0, 0, -3, 0, 0,
    0, -4, 0, -8, 0, 0, 0, -5,
    3, -3, 0, 0, -8, -3, -7, 0,
    0, -8, 0, -3, 0, -14, 0, -3,
    0, 0, -23, -5, -12, -3, -10, 0,
    0, -19, 0, -8, -1, 0, 0, 0,
    0, 0, 0, 0, 0, -4, -5, -2,
    0, 0, 0, 0, -6, 0, -6, 4,
    -3, 6, 0, -2, -7, -2, -5, -5,
    0, -3, -1, -2, 2, -8, -1, 0,
    0, 0, -25, -2, -4, 0, -6, 0,
    -2, -14, -3, 0, 0, -2, -2, 0,
    0, 0, 0, 2, 0, -2, -5, -2,
    0, 0, 0, 0, 0, 0, 0, 0,
    0, 0, 0, 0, 0, 0, 0, 0,
    0, 0, 0, 0, 0, 0, 0, 0,
    0, 0, 0, 0, 0, 0, 0, 0,
    0, 0, 0, 0, 0, 0, 0, 0,
    0, 0, 0, 4, 0, 0, 0, 0,
    0, -6, 0, -2, 0, 0, 0, -6,
    3, 0, 0, 0, -8, -3, -6, 0,
    0, -8, 0, -3, 0, -14, 0, 0,
    0, 0, -28, 0, -6, -11, -14, 0,
    0, -19, 0, -2, -4, 0, 0, 0,
    0, 0, 0, 0, 0, -3, -4, -1,
    1, 0, 0, 5, -4, 0, 9, 14,
    -3, -3, -9, 3, 14, 5, 6, -8,
    3, 12, 3, 8, 6, 8, 0, 0,
    0, 0, 0, 0, 0, 0, 0, 0,
    0, 18, 14, -5, -3, 0, -2, 23,
    12, 23, 0, 0, 0, 3, 0, 0,
    0, 0, -5, 0, 0, 0, 0, 0,
    0, 0, 0, 0, -2, 0, 0, 0,
    0, 0, 0, 0, 0, 4, 0, 0,
    0, 0, -24, -3, -2, -12, -14, 0,
    0, -19, 0, 0, 0, 0, 0, 0,
    0, 0, 0, 0, 0, 0, 0, 0,
    0, 0, -5, 0, 0, 0, 0, 0,
    0, 0, 0, 0, -2, 0, 0, 0,
    0, 0, 0, 0, 0, 4, 0, 0,
    0, 0, -24, -3, -2, -12, -14, 0,
    0, -12, 0, 0, 0, 0, 0, 0,
    0, 0, 0, 0, 0, 0, 0, 0,
    0, 0, 0, 0, -2, 0, 0, 0,
    -7, 3, 0, -3, 2, 5, 3, -9,
    0, -1, -2, 3, 0, 2, 0, 0,
    0, 0, -7, 0, -3, -2, -6, 0,
    -3, -12, 0, 18, -3, 0, -6, -2,
    0, -2, -5, 0, -3, -8, -6, -3,
    0, 0, -5, 0, 0, 0, 0, 0,
    0, 0, 0, 0, -2, 0, 0, 0,
    0, 0, 0, 0, 0, 4, 0, 0,
    0, 0, -24, -3, -2, -12, -14, 0,
    0, -19, 0, 0, 0, 0, 0, 0,
    14, 0, 0, 0, 0, 0, 0, 0,
    0, 0, -5, 0, -9, -3, -3, 9,
    -3, -3, -12, 1, -2, 1, -2, -8,
    1, 6, 1, 2, 1, 2, -7, -12,
    -3, 0, -11, -5, -8, -12, -11, 0,
    -5, -6, -3, -4, -2, -2, -3, -2,
    0, -2, -1, 4, 0, 4, -2, 0,
    0, 0, 0, 0, 0, 0, 0, 0,
    0, 0, 0, 0, -2, -3, -3, 0,
    0, -8, 0, -1, 0, -5, 0, 0,
    0, 0, 0, 0, 0, 0, 0, 0,
    0, -17, 0, 0, 0, 0, 0, 0,
    0, 0, 0, 0, 0, -3, -3, 0,
    0, 0, 0, 0, -2, 0, 0, -5,
    -3, 3, 0, -5, -5, -2, 0, -8,
    -2, -6, -2, -3, 0, -5, 0, 0,
    0, 0, 0, 0, 0, 0, 0, 0,
    0, -19, 0, 9, 0, 0, -5, 0,
    0, 0, 0, -4, 0, -3, 0, 0,
    0, 0, -2, 0, -7, 0, 0, 12,
    -4, -10, -9, 2, 3, 3, -1, -8,
    2, 4, 2, 9, 2, 10, -2, -8,
    0, 0, -12, 0, 0, -9, -8, 0,
    0, -6, 0, -4, -5, 0, -4, 0,
    -4, 0, -2, 4, 0, -2, -9, -3,
    0, 0, -3, 0, -6, 0, 0, 4,
    -7, 0, 3, -3, 2, 0, 0, -10,
    0, -2, -1, 0, -3, 3, -2, 0,
    0, 0, -12, -3, -6, 0, -9, 0,
    0, -14, 0, 11, -3, 0, -5, 0,
    2, 0, -3, 0, -3, -9, 0, -3,
    0, 0, 0, 0, -2, 0, 0, 3,
    -4, 1, 0, 0, -3, -2, 0, -3,
    0, 0, 0, 0, 0, 0, 0, 0,
    0, 0, 0, 0, 0, 0, 0, 0,
    0, -18, 0, 6, 0, 0, -2, 0,
    0, 0, 0, 1, 0, -3, -3, 0
};


/*Collect the kern class' data in one place*/
static const lv_font_fmt_txt_kern_classes_t kern_classes =
{
    .class_pair_values   = kern_class_values,
    .left_class_mapping  = kern_left_class_mapping,
    .right_class_mapping = kern_right_class_mapping,
    .left_class_cnt      = 60,
    .right_class_cnt     = 48,
};

/*--------------------
 *  ALL CUSTOM DATA
 *--------------------*/

#if LVGL_VERSION_MAJOR == 8
/*Store all the custom data of the font*/
static  lv_font_fmt_txt_glyph_cache_t cache;
#endif

#if LVGL_VERSION_MAJOR >= 8
static const lv_font_fmt_txt_dsc_t font_dsc = {
#else
static lv_font_fmt_txt_dsc_t font_dsc = {
#endif
    .glyph_bitmap = glyph_bitmap,
    .glyph_dsc = glyph_dsc,
    .cmaps = cmaps,
    .kern_dsc = &kern_classes,
    .kern_scale = 16,
    .cmap_num = 2,
    .bpp = 4,
    .kern_classes = 1,
    .bitmap_format = 0,
#if LVGL_VERSION_MAJOR == 8
    .cache = &cache
#endif
};



/*-----------------
 *  PUBLIC FONT
 *----------------*/

/*Initialize a public general font descriptor*/
#if LVGL_VERSION_MAJOR >= 8
const lv_font_t velaguard_font_18 = {
#else
lv_font_t velaguard_font_18 = {
#endif
    .get_glyph_dsc = lv_font_get_glyph_dsc_fmt_txt,    /*Function pointer to get glyph's data*/
    .get_glyph_bitmap = lv_font_get_bitmap_fmt_txt,    /*Function pointer to get glyph's bitmap*/
    .line_height = 20,          /*The maximum line height required by the font*/
    .base_line = 4,             /*Baseline measured from the bottom of the line*/
#if !(LVGL_VERSION_MAJOR == 6 && LVGL_VERSION_MINOR == 0)
    .subpx = LV_FONT_SUBPX_NONE,
#endif
#if LV_VERSION_CHECK(7, 4, 0) || LVGL_VERSION_MAJOR >= 8
    .underline_position = -1,
    .underline_thickness = 1,
#endif
    .dsc = &font_dsc,          /*The custom font data. Will be accessed by `get_glyph_bitmap/dsc` */
#if LV_VERSION_CHECK(8, 2, 0) || LVGL_VERSION_MAJOR >= 9
    .fallback = NULL,
#endif
    .user_data = NULL,
};



#endif /*#if VELAGUARD_FONT_18*/
