#include <lvgl.h>

static const uint8_t velaguard_img_alarm_clock_0_data[] =
{
  0x00, 0x00, 0x00, 0x00, 0x00, 0x00, 0x00, 0x00, 0x00, 0x00, 0x00, 0x00, 0x00, 0x00, 0x00, 0x00,
  0x00, 0x00, 0x00, 0x00, 0x00, 0x00, 0x00, 0x00, 0x00, 0x00, 0x00, 0x00, 0x00, 0x00, 0x00, 0x00,
  0x00, 0x00, 0x00, 0x00, 0x00, 0x00, 0x00, 0x00, 0x00, 0x00, 0x00, 0x00, 0x00, 0x00, 0x00, 0x00,
  0x00, 0x00, 0x00, 0x00, 0x00, 0x00, 0x00, 0x00, 0x00, 0x00, 0x00, 0x00, 0x00, 0x00, 0x00, 0x00,
  0x00, 0x00, 0x00, 0x00, 0x00, 0x00, 0x00, 0x00, 0x00, 0x00, 0x00, 0x00, 0x00, 0x00, 0x00, 0x00,
  0x00, 0x00, 0x00, 0x00, 0x00, 0x00, 0x00, 0x00, 0x00, 0x00, 0x00, 0x00, 0x00, 0x00, 0x00, 0x00,
  0x00, 0x00, 0x00, 0x00, 0x00, 0x00, 0x00, 0x00, 0x00, 0x00, 0x00, 0x00, 0x00, 0x00, 0x00, 0x00,
  0x00, 0x00, 0x00, 0x00, 0x00, 0x00, 0x00, 0x00, 0x00, 0x00, 0x00, 0x00, 0x00, 0x00, 0x00, 0x00,
  0x00, 0x00, 0x00, 0x00, 0x00, 0x00, 0x00, 0x00, 0x00, 0x00, 0x00, 0x00, 0x00, 0x00, 0x00, 0x00,
  0x00, 0x00, 0x00, 0x00, 0x00, 0x00, 0x00, 0x00, 0x00, 0x00, 0x00, 0x00, 0x00, 0x00, 0x00, 0x00,
  0x00, 0x00, 0x00, 0x00, 0x00, 0x00, 0x00, 0x00, 0x00, 0x00, 0x00, 0x00, 0x00, 0x00, 0x00, 0x00,
  0x00, 0x00, 0x00, 0x00, 0x00, 0x00, 0x00, 0x00, 0x00, 0x00, 0x00, 0x00, 0x00, 0x00, 0x00, 0x00,
  0x00, 0x00, 0x00, 0x00, 0x00, 0x00, 0x00, 0x00, 0x00, 0x00, 0x00, 0x00, 0x00, 0x00, 0x00, 0x00,
  0x00, 0x00, 0x00, 0x00, 0x00, 0x00, 0x00, 0x00, 0x00, 0x00, 0x00, 0x00, 0x00, 0x00, 0x00, 0x00,
  0x00, 0x00, 0x00, 0x00, 0x00, 0x00, 0x00, 0x00, 0x00, 0x00, 0x00, 0x00, 0x00, 0x00, 0x00, 0x00,
  0x00, 0x00, 0x00, 0x00, 0x00, 0x00, 0x00, 0x00, 0x00, 0x00, 0x00, 0x00, 0x00, 0x00, 0x00, 0x00,
  0x00, 0x00, 0x00, 0x00, 0x00, 0x00, 0x00, 0x00, 0x00, 0x00, 0x00, 0x00, 0x00, 0x00, 0x00, 0x00,
  0x00, 0x00, 0x00, 0x00, 0x00, 0x00, 0x00, 0x00, 0x00, 0x00, 0x00, 0x00, 0x00, 0x00, 0x00, 0x00,
  0x00, 0x00, 0x00, 0x00, 0x00, 0x00, 0x00, 0x00, 0x00, 0x00, 0x00, 0x00, 0x00, 0x00, 0x00, 0x00,
  0x00, 0x00, 0x00, 0x00, 0x00, 0x00, 0x00, 0x00, 0x00, 0x00, 0x00, 0x00, 0x00, 0x00, 0x00, 0x00,
  0x00, 0x00, 0x00, 0x00, 0x00, 0x00, 0x00, 0x00, 0x00, 0x00, 0x00, 0x00, 0x00, 0x00, 0x00, 0x00,
  0x00, 0x00, 0x00, 0x00, 0x00, 0x00, 0x00, 0x00, 0x00, 0x00, 0x00, 0x00, 0x00, 0x00, 0x00, 0x00,
  0x00, 0x00, 0x00, 0x00, 0x00, 0x00, 0x00, 0x00, 0x00, 0x00, 0x00, 0x00, 0x00, 0x00, 0x00, 0x00,
  0x00, 0x00, 0x00, 0x00, 0x00, 0x00, 0x00, 0x00, 0x00, 0x00, 0x00, 0x00, 0x00, 0x00, 0x00, 0x00,
  0x00, 0x00, 0x00, 0x00, 0x00, 0x00, 0x00, 0x00, 0x00, 0x00, 0x00, 0x00, 0x00, 0x00, 0x00, 0x00,
  0x00, 0x00, 0x00, 0x00, 0x00, 0x00, 0x00, 0x00, 0x00, 0x00, 0x00, 0x00, 0x00, 0x00, 0x00, 0x00,
  0x00, 0x00, 0x00, 0x00, 0x00, 0x00, 0x00, 0x00, 0x00, 0x00, 0x00, 0x00, 0x00, 0x00, 0x00, 0x00,
  0x00, 0x00, 0x00, 0x00, 0x00, 0x00, 0x00, 0x00, 0x00, 0x00, 0x00, 0x00, 0x00, 0x00, 0x00, 0x00,
  0x00, 0x00, 0x00, 0x00, 0x00, 0x00, 0x00, 0x00, 0x00, 0x00, 0x00, 0x00, 0x00, 0x00, 0x00, 0x00,
  0x00, 0x00, 0x00, 0x00, 0x00, 0x00, 0x00, 0x00, 0x00, 0x00, 0x00, 0x00, 0x00, 0x00, 0x00, 0x00,
  0x00, 0x00, 0x00, 0x00, 0x00, 0x00, 0x00, 0x00, 0x00, 0x00, 0x00, 0x00, 0x00, 0x00, 0x00, 0x00,
  0x00, 0x00, 0x00, 0x00, 0x00, 0x00, 0x00, 0x00, 0x00, 0x00, 0x00, 0x00, 0x00, 0x00, 0x00, 0x00,
  0x00, 0x00, 0x00, 0x00, 0x00, 0x00, 0x00, 0x00, 0x00, 0x00, 0x00, 0x00, 0x00, 0x00, 0x00, 0x00,
  0x00, 0x00, 0x00, 0x00, 0x00, 0x00, 0x00, 0x00, 0x00, 0x00, 0x00, 0x00, 0x00, 0x00, 0x00, 0x00,
  0x00, 0x00, 0x00, 0x00, 0x00, 0x00, 0x00, 0x00, 0x00, 0x00, 0x00, 0x00, 0x00, 0x00, 0x00, 0x00,
  0x00, 0x00, 0x00, 0x00, 0x00, 0x00, 0x00, 0x00, 0x00, 0x00, 0x00, 0x00, 0x00, 0x00, 0x00, 0x00,
  0x00, 0x00, 0x00, 0x00, 0x00, 0x00, 0x00, 0x00, 0x00, 0x00, 0x00, 0x00, 0x00, 0x00, 0x00, 0x00,
  0x00, 0x00, 0x00, 0x00, 0x00, 0x00, 0x00, 0x00, 0x00, 0x00, 0x00, 0x00, 0x00, 0x00, 0x00, 0x00,
  0x00, 0x00, 0xe0, 0xff, 0xea, 0xff, 0xea, 0xff, 0xea, 0xff, 0xea, 0xff, 0xe0, 0xff, 0x00, 0x00,
  0x00, 0x00, 0x00, 0x00, 0x00, 0x00, 0x00, 0x00, 0x00, 0x00, 0x00, 0x00, 0x00, 0x00, 0x00, 0x00,
  0x00, 0x00, 0x00, 0x00, 0x00, 0x00, 0x00, 0x00, 0x00, 0x00, 0x00, 0x00, 0x00, 0x00, 0x00, 0x00,
  0x00, 0x00, 0x00, 0x00, 0x00, 0x00, 0x00, 0x00, 0x00, 0x00, 0x00, 0x00, 0x00, 0x00, 0x00, 0x00,
  0x00, 0x00, 0x00, 0x00, 0x00, 0x00, 0x00, 0x00, 0x00, 0x00, 0x00, 0x00, 0x00, 0x00, 0x00, 0x00,
  0x00, 0x00, 0x00, 0x00, 0x00, 0x00, 0x00, 0x00, 0x00, 0x00, 0x00, 0x00, 0x00, 0x00, 0x00, 0x00,
  0x00, 0x00, 0x00, 0x00, 0x00, 0x00, 0x00, 0x00, 0x00, 0x00, 0x00, 0x00, 0x00, 0x00, 0x00, 0x00,
  0x00, 0x00, 0x00, 0x00, 0x00, 0x00, 0x00, 0x00, 0x00, 0x00, 0x00, 0x00, 0x00, 0x00, 0x00, 0x00,
  0x00, 0x00, 0x00, 0x00, 0x00, 0x00, 0x00, 0x00, 0x00, 0x00, 0x00, 0x00, 0x00, 0x00, 0x00, 0x00,
  0x00, 0x00, 0x00, 0x00, 0x00, 0x00, 0x00, 0x00, 0x00, 0x00, 0x00, 0x00, 0x00, 0x00, 0x00, 0x00,
  0x00, 0x00, 0x00, 0x00, 0x00, 0x00, 0x00, 0x00, 0x00, 0x00, 0x00, 0x00, 0x00, 0x00, 0x00, 0x00,
  0x4a, 0xfd, 0x00, 0x00, 0x00, 0x00, 0x00, 0x00, 0x00, 0x00, 0x00, 0x00, 0x00, 0x00, 0x4a, 0xfd,
  0x00, 0x00, 0x00, 0x00, 0x00, 0x00, 0x00, 0x00, 0x00, 0x00, 0x00, 0x00, 0x00, 0x00, 0x00, 0x00,
  0x00, 0x00, 0x00, 0x00, 0x00, 0x00, 0x00, 0x00, 0x00, 0x00, 0x00, 0x00, 0x00, 0x00, 0x00, 0x00,
  0x00, 0x00, 0x00, 0x00, 0x00, 0x00, 0x00, 0x00, 0x00, 0x00, 0x00, 0x00, 0x00, 0x00, 0x00, 0x00,
  0x00, 0x00, 0x00, 0x00, 0x00, 0x00, 0x00, 0x00, 0x00, 0x00, 0x00, 0x00, 0x00, 0x00, 0x00, 0x00,
  0x00, 0x00, 0x00, 0x00, 0x00, 0x00, 0x00, 0x00, 0x00, 0x00, 0x00, 0x00, 0x00, 0x00, 0x00, 0x00,
  0x00, 0x00, 0x00, 0x00, 0x00, 0x00, 0x00, 0x00, 0x00, 0x00, 0x00, 0x00, 0x00, 0x00, 0x00, 0x00,
  0x00, 0x00, 0x00, 0x00, 0x00, 0x00, 0x00, 0x00, 0x00, 0x00, 0x00, 0x00, 0x00, 0x00, 0x00, 0x00,
  0x00, 0x00, 0x00, 0x00, 0x00, 0x00, 0x00, 0x00, 0x00, 0x00, 0x00, 0x00, 0x00, 0x00, 0x00, 0x00,
  0x00, 0x00, 0x00, 0x00, 0x00, 0x00, 0x00, 0x00, 0x00, 0x00, 0x00, 0x00, 0x00, 0x00, 0x00, 0x00,
  0x00, 0x00, 0x00, 0x00, 0x00, 0x00, 0x00, 0x00, 0x00, 0x00, 0x00, 0x00, 0x00, 0x00, 0xef, 0xff,
  0x00, 0x00, 0x2c, 0xfe, 0x6c, 0xfe, 0x4c, 0xfe, 0x4c, 0xfe, 0x6c, 0xfe, 0x2c, 0xfe, 0x00, 0x00,
  0xef, 0xff, 0x00, 0x00, 0x00, 0x00, 0x00, 0x00, 0x00, 0x00, 0x00, 0x00, 0x00, 0x00, 0x00, 0x00,
  0x00, 0x00, 0x00, 0x00, 0x00, 0x00, 0x00, 0x00, 0x00, 0x00, 0x00, 0x00, 0x00, 0x00, 0x00, 0x00,
  0x00, 0x00, 0x00, 0x00, 0x00, 0x00, 0x00, 0x00, 0x00, 0x00, 0x00, 0x00, 0x00, 0x00, 0x00, 0x00,
  0x00, 0x00, 0x00, 0x00, 0x00, 0x00, 0x00, 0x00, 0x00, 0x00, 0x00, 0x00, 0x00, 0x00, 0x00, 0x00,
  0x00, 0x00, 0x00, 0x00, 0x00, 0x00, 0x00, 0x00, 0x00, 0x00, 0x00, 0x00, 0x00, 0x00, 0x00, 0x00,
  0x00, 0x00, 0x00, 0x00, 0x00, 0x00, 0x00, 0x00, 0x00, 0x00, 0x00, 0x00, 0x00, 0x00, 0x00, 0x00,
  0x00, 0x00, 0x00, 0x00, 0x00, 0x00, 0x00, 0x00, 0x00, 0x00, 0x00, 0x00, 0x00, 0x00, 0x00, 0x00,
  0x00, 0x00, 0x00, 0x00, 0x00, 0x00, 0x00, 0x00, 0x00, 0x00, 0x00, 0x00, 0x00, 0x00, 0x00, 0x00,
  0x00, 0x00, 0x00, 0x00, 0x00, 0x00, 0x00, 0x00, 0x00, 0x00, 0x00, 0x00, 0x00, 0x00, 0x00, 0x00,
  0x00, 0x00, 0x00, 0x00, 0x00, 0x00, 0x00, 0x00, 0x00, 0x00, 0x00, 0x00, 0xef, 0xff, 0x00, 0x00,
  0x6c, 0xfe, 0x8c, 0xfe, 0xad, 0xfe, 0xcd, 0xfe, 0xcd, 0xfe, 0xad, 0xfe, 0x8c, 0xfe, 0x6c, 0xfe,
  0x00, 0x00, 0xef, 0xff, 0x00, 0x00, 0x00, 0x00, 0x00, 0x00, 0x00, 0x00, 0x00, 0x00, 0x00, 0x00,
  0x00, 0x00, 0x00, 0x00, 0x00, 0x00, 0x00, 0x00, 0x00, 0x00, 0x00, 0x00, 0x00, 0x00, 0x00, 0x00,
  0x00, 0x00, 0x00, 0x00, 0x00, 0x00, 0x00, 0x00, 0x00, 0x00, 0x00, 0x00, 0x00, 0x00, 0x00, 0x00,
  0x00, 0x00, 0x00, 0x00, 0x00, 0x00, 0x00, 0x00, 0x00, 0x00, 0x00, 0x00, 0x00, 0x00, 0x00, 0x00,
  0x00, 0x00, 0x00, 0x00, 0x00, 0x00, 0x00, 0x00, 0x00, 0x00, 0x00, 0x00, 0x00, 0x00, 0x00, 0x00,
  0x00, 0x00, 0x00, 0x00, 0x00, 0x00, 0x00, 0x00, 0x00, 0x00, 0x00, 0x00, 0x00, 0x00, 0x00, 0x00,
  0x00, 0x00, 0x00, 0x00, 0x00, 0x00, 0x00, 0x00, 0x00, 0x00, 0x00, 0x00, 0x00, 0x00, 0x00, 0x00,
  0x00, 0x00, 0x00, 0x00, 0x00, 0x00, 0x00, 0x00, 0x00, 0x00, 0x00, 0x00, 0x00, 0x00, 0x00, 0x00,
  0x00, 0x00, 0x00, 0x00, 0x00, 0x00, 0x00, 0x00, 0x00, 0x00, 0x00, 0x00, 0x00, 0x00, 0x00, 0x00,
  0x00, 0x00, 0x00, 0x00, 0x00, 0x00, 0x00, 0x00, 0x00, 0x00, 0xef, 0xff, 0x00, 0x00, 0x4c, 0xfe,
  0xcd, 0xfe, 0x8c, 0xfe, 0x6c, 0xfe, 0x4c, 0xfe, 0x4c, 0xfe, 0x6c, 0xfe, 0x8c, 0xfe, 0xcd, 0xfe,
  0x4c, 0xfe, 0x00, 0x00, 0xef, 0xff, 0x00, 0x00, 0x00, 0x00, 0x00, 0x00, 0x00, 0x00, 0x00, 0x00,
  0x00, 0x00, 0x00, 0x00, 0x00, 0x00, 0x00, 0x00, 0x00, 0x00, 0x00, 0x00, 0x00, 0x00, 0x00, 0x00,
  0x00, 0x00, 0x00, 0x00, 0x00, 0x00, 0x00, 0x00, 0x00, 0x00, 0x00, 0x00, 0x00, 0x00, 0x00, 0x00,
  0x00, 0x00, 0x00, 0x00, 0x00, 0x00, 0x00, 0x00, 0x00, 0x00, 0x00, 0x00, 0x00, 0x00, 0x00, 0x00,
  0x00, 0x00, 0x00, 0x00, 0x00, 0x00, 0x00, 0x00, 0x00, 0x00, 0x00, 0x00, 0x00, 0x00, 0x00, 0x00,
  0x00, 0x00, 0x00, 0x00, 0x00, 0x00, 0x00, 0x00, 0x00, 0x00, 0x00, 0x00, 0x00, 0x00, 0x00, 0x00,
  0x00, 0x00, 0x00, 0x00, 0x00, 0x00, 0x00, 0x00, 0x00, 0x00, 0x00, 0x00, 0x00, 0x00, 0x00, 0x00,
  0x00, 0x00, 0x00, 0x00, 0x00, 0x00, 0x00, 0x00, 0x00, 0x00, 0x00, 0x00, 0x00, 0x00, 0x00, 0x00,
  0x00, 0x00, 0x00, 0x00, 0x00, 0x00, 0x00, 0x00, 0x00, 0x00, 0x00, 0x00, 0x00, 0x00, 0x00, 0x00,
  0x00, 0x00, 0x00, 0x00, 0x00, 0x00, 0x00, 0x00, 0xef, 0xff, 0x00, 0x00, 0x6c, 0xfe, 0x8c, 0xfe,
  0x6c, 0xfe, 0x4c, 0xfe, 0x6c, 0xfe, 0x6c, 0xfe, 0x6c, 0xfe, 0x6c, 0xfe, 0x4c, 0xfe, 0x6c, 0xfe,
  0x8c, 0xfe, 0x6c, 0xfe, 0x00, 0x00, 0xef, 0xff, 0x00, 0x00, 0x00, 0x00, 0x00, 0x00, 0x00, 0x00,
  0x00, 0x00, 0x00, 0x00, 0x00, 0x00, 0x00, 0x00, 0x00, 0x00, 0x00, 0x00, 0x00, 0x00, 0x00, 0x00,
  0x00, 0x00, 0x00, 0x00, 0x00, 0x00, 0x00, 0x00, 0x00, 0x00, 0x00, 0x00, 0x00, 0x00, 0x00, 0x00,
  0x00, 0x00, 0x00, 0x00, 0x00, 0x00, 0x00, 0x00, 0x00, 0x00, 0x00, 0x00, 0x00, 0x00, 0x00, 0x00,
  0x00, 0x00, 0x00, 0x00, 0x00, 0x00, 0x00, 0x00, 0x00, 0x00, 0x00, 0x00, 0x00, 0x00, 0x00, 0x00,
  0x00, 0x00, 0x00, 0x00, 0x00, 0x00, 0x00, 0x00, 0x00, 0x00, 0x00, 0x00, 0x00, 0x00, 0x00, 0x00,
  0x00, 0x00, 0x00, 0x00, 0x00, 0x00, 0x00, 0x00, 0x00, 0x00, 0x00, 0x00, 0x00, 0x00, 0x00, 0x00,
  0x00, 0x00, 0x00, 0x00, 0x00, 0x00, 0x00, 0x00, 0x00, 0x00, 0x00, 0x00, 0x00, 0x00, 0x00, 0x00,
  0x00, 0x00, 0x00, 0x00, 0x00, 0x00, 0x00, 0x00, 0x00, 0x00, 0x00, 0x00, 0x00, 0x00, 0x00, 0x00,
  0x00, 0x00, 0x00, 0x00, 0x00, 0x00, 0x00, 0x00, 0xef, 0xff, 0x00, 0x00, 0x4c, 0xfe, 0xcd, 0xfe,
  0x4c, 0xfe, 0x6c, 0xfe, 0x6c, 0xfe, 0x6c, 0xfe, 0x6c, 0xfe, 0x6c, 0xfe, 0x6c, 0xfe, 0x4c, 0xfe,
  0xcd, 0xfe, 0x4c, 0xfe, 0x00, 0x00, 0xef, 0xff, 0x00, 0x00, 0x00, 0x00, 0x00, 0x00, 0x00, 0x00,
  0x00, 0x00, 0x00, 0x00, 0x00, 0x00, 0x00, 0x00, 0x00, 0x00, 0x00, 0x00, 0x00, 0x00, 0x00, 0x00,
  0x00, 0x00, 0x00, 0x00, 0x00, 0x00, 0x00, 0x00, 0x00, 0x00, 0x00, 0x00, 0x00, 0x00, 0x00, 0x00,
  0x00, 0x00, 0x00, 0x00, 0x00, 0x00, 0x00, 0x00, 0x00, 0x00, 0x00, 0x00, 0x00, 0x00, 0x00, 0x00,
  0x00, 0x00, 0x00, 0x00, 0x00, 0x00, 0x00, 0x00, 0x00, 0x00, 0x00, 0x00, 0x00, 0x00, 0x00, 0x00,
  0x00, 0x00, 0x00, 0x00, 0x00, 0x00, 0x00, 0x00, 0x00, 0x00, 0x00, 0x00, 0x00, 0x00, 0x00, 0x00,
  0x00, 0x00, 0x00, 0x00, 0x00, 0x00, 0x00, 0x00, 0x00, 0x00, 0x00, 0x00, 0x00, 0x00, 0x00, 0x00,
  0x00, 0x00, 0x00, 0x00, 0x00, 0x00, 0x00, 0x00, 0x00, 0x00, 0x00, 0x00, 0x00, 0x00, 0x00, 0x00,
  0x00, 0x00, 0x00, 0x00, 0x00, 0x00, 0x00, 0x00, 0x00, 0x00, 0x00, 0x00, 0x00, 0x00, 0x00, 0x00,
  0x00, 0x00, 0x00, 0x00, 0x00, 0x00, 0xe0, 0xff, 0x00, 0x00, 0x4b, 0xfe, 0x4c, 0xfe, 0x8c, 0xfe,
  0x6c, 0xfe, 0x6c, 0xfe, 0x6c, 0xfe, 0x6c, 0xfe, 0x6c, 0xfe, 0x6c, 0xfe, 0x6c, 0xfe, 0x6c, 0xfe,
  0x8c, 0xfe, 0x4c, 0xfe, 0x2c, 0xfe, 0x00, 0x00, 0xe0, 0xff, 0x00, 0x00, 0x00, 0x00, 0x00, 0x00,
  0x00, 0x00, 0x00, 0x00, 0x00, 0x00, 0x00, 0x00, 0x00, 0x00, 0x00, 0x00, 0x00, 0x00, 0x00, 0x00,
  0x00, 0x00, 0x00, 0x00, 0x00, 0x00, 0x00, 0x00, 0x00, 0x00, 0x00, 0x00, 0x00, 0x00, 0x00, 0x00,
  0x00, 0x00, 0x00, 0x00, 0x00, 0x00, 0x00, 0x00, 0x00, 0x00, 0x00, 0x00, 0x00, 0x00, 0x00, 0x00,
  0x00, 0x00, 0x00, 0x00, 0x00, 0x00, 0x00, 0x00, 0x00, 0x00, 0x00, 0x00, 0x00, 0x00, 0x00, 0x00,
  0x00, 0x00, 0x00, 0x00, 0x00, 0x00, 0x00, 0x00, 0x00, 0x00, 0x00, 0x00, 0x00, 0x00, 0x00, 0x00,
  0x00, 0x00, 0x00, 0x00, 0x00, 0x00, 0x00, 0x00, 0x00, 0x00, 0x00, 0x00, 0x00, 0x00, 0x00, 0x00,
  0x00, 0x00, 0x00, 0x00, 0x00, 0x00, 0x00, 0x00, 0x00, 0x00, 0x00, 0x00, 0x00, 0x00, 0x00, 0x00,
  0x00, 0x00, 0x00, 0x00, 0x00, 0x00, 0x00, 0x00, 0x00, 0x00, 0x00, 0x00, 0x00, 0x00, 0x00, 0x00,
  0x00, 0x00, 0x00, 0x00, 0x00, 0x00, 0xcc, 0xfc, 0xea, 0xff, 0x4b, 0xfe, 0x4c, 0xfe, 0x6c, 0xfe,
  0x4c, 0xfe, 0x6c, 0xfe, 0x6c, 0xfe, 0x4c, 0xfe, 0x4c, 0xfe, 0x6c, 0xfe, 0x6c, 0xfe, 0x4c, 0xfe,
  0x6c, 0xfe, 0x6c, 0xfe, 0x2b, 0xfe, 0xe7, 0xfd, 0xef, 0xfb, 0x00, 0x00, 0x00, 0x00, 0x00, 0x00,
  0x00, 0x00, 0x00, 0x00, 0x00, 0x00, 0x00, 0x00, 0x00, 0x00, 0x00, 0x00, 0x00, 0x00, 0x00, 0x00,
  0x00, 0x00, 0x00, 0x00, 0x00, 0x00, 0x00, 0x00, 0x00, 0x00, 0x00, 0x00, 0x00, 0x00, 0x00, 0x00,
  0x00, 0x00, 0x00, 0x00, 0x00, 0x00, 0x00, 0x00, 0x00, 0x00, 0x00, 0x00, 0x00, 0x00, 0x00, 0x00,
  0x00, 0x00, 0x00, 0x00, 0x00, 0x00, 0x00, 0x00, 0x00, 0x00, 0x00, 0x00, 0x00, 0x00, 0x00, 0x00,
  0x00, 0x00, 0x00, 0x00, 0x00, 0x00, 0x00, 0x00, 0x00, 0x00, 0x00, 0x00, 0x00, 0x00, 0x00, 0x00,
  0x00, 0x00, 0x00, 0x00, 0x00, 0x00, 0x00, 0x00, 0x00, 0x00, 0x00, 0x00, 0x00, 0x00, 0x00, 0x00,
  0x00, 0x00, 0x00, 0x00, 0x00, 0x00, 0x00, 0x00, 0x00, 0x00, 0x00, 0x00, 0x00, 0x00, 0x00, 0x00,
  0x00, 0x00, 0x00, 0x00, 0x00, 0x00, 0x00, 0x00, 0x00, 0x00, 0x00, 0x00, 0x00, 0x00, 0x00, 0x00,
  0xe0, 0xff, 0xef, 0xfd, 0xe0, 0xff, 0x00, 0x00, 0x00, 0x00, 0x6c, 0xfe, 0x4c, 0xfe, 0x8d, 0xfe,
  0x4c, 0xfe, 0x6c, 0xfe, 0x6d, 0xfe, 0x6d, 0xfe, 0x6d, 0xfe, 0x6c, 0xfe, 0x6c, 0xfe, 0x4c, 0xfe,
  0x8d, 0xfe, 0x4c, 0xfe, 0x2a, 0xfe, 0x00, 0x00, 0x00, 0x00, 0xef, 0xff, 0x4a, 0xfd, 0x00, 0x00,
  0x00, 0x00, 0x00, 0x00, 0x00, 0x00, 0x00, 0x00, 0x00, 0x00, 0x00, 0x00, 0x00, 0x00, 0x00, 0x00,
  0x00, 0x00, 0x00, 0x00, 0x00, 0x00, 0x00, 0x00, 0x00, 0x00, 0x00, 0x00, 0x00, 0x00, 0x00, 0x00,
  0x00, 0x00, 0x00, 0x00, 0x00, 0x00, 0x00, 0x00, 0x00, 0x00, 0x00, 0x00, 0x00, 0x00, 0x00, 0x00,
  0x00, 0x00, 0x00, 0x00, 0x00, 0x00, 0x00, 0x00, 0x00, 0x00, 0x00, 0x00, 0x00, 0x00, 0x00, 0x00,
  0x00, 0x00, 0x00, 0x00, 0x00, 0x00, 0x00, 0x00, 0x00, 0x00, 0x00, 0x00, 0x00, 0x00, 0x00, 0x00,
  0x00, 0x00, 0x00, 0x00, 0x00, 0x00, 0x00, 0x00, 0x00, 0x00, 0x00, 0x00, 0x00, 0x00, 0x00, 0x00,
  0x00, 0x00, 0x00, 0x00, 0x00, 0x00, 0x00, 0x00, 0x00, 0x00, 0x00, 0x00, 0x00, 0x00, 0x00, 0x00,
  0x00, 0x00, 0x00, 0x00, 0x00, 0x00, 0x00, 0x00, 0x00, 0x00, 0x00, 0x00, 0xe0, 0xff, 0xef, 0xfd,
  0x00, 0x00, 0x00, 0x00, 0x00, 0x00, 0x4d, 0xfe, 0x8d, 0xfe, 0x8d, 0xfe, 0x6d, 0xfe, 0x6d, 0xfe,
  0x6d, 0xfe, 0x6d, 0xfe, 0x6d, 0xfe, 0x6d, 0xfe, 0x6d, 0xfe, 0x6d, 0xfe, 0x6d, 0xfe, 0x6d, 0xfe,
  0x6d, 0xfe, 0x6d, 0xfe, 0x6d, 0xfe, 0x6d, 0xfe, 0x2d, 0xfe, 0x00, 0x00, 0x00, 0x00, 0xef, 0xff,
  0xef, 0xfb, 0x00, 0x00, 0x00, 0x00, 0x00, 0x00, 0x00, 0x00, 0x00, 0x00, 0x00, 0x00, 0x00, 0x00,
  0x00, 0x00, 0x00, 0x00, 0x00, 0x00, 0x00, 0x00, 0x00, 0x00, 0x00, 0x00, 0x00, 0x00, 0x00, 0x00,
  0x00, 0x00, 0x00, 0x00, 0x00, 0x00, 0x00, 0x00, 0x00, 0x00, 0x00, 0x00, 0x00, 0x00, 0x00, 0x00,
  0x00, 0x00, 0x00, 0x00, 0x00, 0x00, 0x00, 0x00, 0x00, 0x00, 0x00, 0x00, 0x00, 0x00, 0x00, 0x00,
  0x00, 0x00, 0x00, 0x00, 0x00, 0x00, 0x00, 0x00, 0x00, 0x00, 0x00, 0x00, 0x00, 0x00, 0x00, 0x00,
  0x00, 0x00, 0x00, 0x00, 0x00, 0x00, 0x00, 0x00, 0x00, 0x00, 0x00, 0x00, 0x00, 0x00, 0x00, 0x00,
  0x00, 0x00, 0x00, 0x00, 0x00, 0x00, 0x00, 0x00, 0x00, 0x00, 0x00, 0x00, 0x00, 0x00, 0x00, 0x00,
  0x00, 0x00, 0x00, 0x00, 0x00, 0x00, 0x00, 0x00, 0x00, 0x00, 0x4a, 0xfd, 0x00, 0x00, 0x00, 0x00,
  0xab, 0xfd, 0x6d, 0xfe, 0x8d, 0xfe, 0xad, 0xfe, 0xce, 0xfe, 0xad, 0xfe, 0x6d, 0xfe, 0x6d, 0xfe,
  0x6d, 0xfe, 0x6d, 0xfe, 0x6d, 0xfe, 0x6d, 0xfe, 0x6d, 0xfe, 0x6d, 0xfe, 0x6d, 0xfe, 0x6d, 0xfe,
  0x6d, 0xfe, 0x6d, 0xfe, 0xad, 0xfe, 0xee, 0xfe, 0x6d, 0xfe, 0x8d, 0xfe, 0x0c, 0xfe, 0x00, 0x00,
  0x00, 0x00, 0x4a, 0xfd, 0xe0, 0xff, 0x00, 0x00, 0x00, 0x00, 0x00, 0x00, 0x00, 0x00, 0x00, 0x00,
  0x00, 0x00, 0x00, 0x00, 0x00, 0x00, 0x00, 0x00, 0x00, 0x00, 0x00, 0x00, 0x00, 0x00, 0x00, 0x00,
  0x00, 0x00, 0x00, 0x00, 0x00, 0x00, 0x00, 0x00, 0x00, 0x00, 0x00, 0x00, 0x00, 0x00, 0x00, 0x00,
  0x00, 0x00, 0x00, 0x00, 0x00, 0x00, 0x00, 0x00, 0x00, 0x00, 0x00, 0x00, 0x00, 0x00, 0x00, 0x00,
  0x00, 0x00, 0x00, 0x00, 0x00, 0x00, 0x00, 0x00, 0x00, 0x00, 0x00, 0x00, 0x00, 0x00, 0x00, 0x00,
  0x00, 0x00, 0x00, 0x00, 0x00, 0x00, 0x00, 0x00, 0x00, 0x00, 0x00, 0x00, 0x00, 0x00, 0x00, 0x00,
  0x00, 0x00, 0x00, 0x00, 0x00, 0x00, 0x00, 0x00, 0x00, 0x00, 0x00, 0x00, 0x00, 0x00, 0x00, 0x00,
  0x00, 0x00, 0x00, 0x00, 0x00, 0x00, 0xe0, 0xff, 0xea, 0xff, 0x00, 0x00, 0x4a, 0xfd, 0x8d, 0xfe,
  0x8d, 0xfe, 0xee, 0xfe, 0xcd, 0xfe, 0x6c, 0xfe, 0x6d, 0xfe, 0x6d, 0xfe, 0x6d, 0xfe, 0x6d, 0xfe,
  0x6d, 0xfe, 0x6d, 0xfe, 0x6d, 0xfe, 0x6d, 0xfe, 0x6d, 0xfe, 0x6d, 0xfe, 0x6d, 0xfe, 0x6d, 0xfe,
  0x6d, 0xfe, 0x6d, 0xfe, 0x6d, 0xfe, 0x6d, 0xfe, 0x4d, 0xfe, 0x6d, 0xfe, 0xed, 0xfd, 0xed, 0xfd,
  0xed, 0xfd, 0x00, 0x00, 0x00, 0x00, 0x4a, 0xfd, 0x00, 0x00, 0x00, 0x00, 0x00, 0x00, 0x00, 0x00,
  0x00, 0x00, 0x00, 0x00, 0x00, 0x00, 0x00, 0x00, 0x00, 0x00, 0x00, 0x00, 0x00, 0x00, 0x00, 0x00,
  0x00, 0x00, 0x00, 0x00, 0x00, 0x00, 0x00, 0x00, 0x00, 0x00, 0x00, 0x00, 0x00, 0x00, 0x00, 0x00,
  0x00, 0x00, 0x00, 0x00, 0x00, 0x00, 0x00, 0x00, 0x00, 0x00, 0x00, 0x00, 0x00, 0x00, 0x00, 0x00,
  0x00, 0x00, 0x00, 0x00, 0x00, 0x00, 0x00, 0x00, 0x00, 0x00, 0x00, 0x00, 0x00, 0x00, 0x00, 0x00,
  0x00, 0x00, 0x00, 0x00, 0x00, 0x00, 0x00, 0x00, 0x00, 0x00, 0x00, 0x00, 0x00, 0x00, 0x00, 0x00,
  0x00, 0x00, 0x00, 0x00, 0x00, 0x00, 0x00, 0x00, 0x00, 0x00, 0x00, 0x00, 0x00, 0x00, 0x00, 0x00,
  0x00, 0x00, 0x00, 0x00, 0xef, 0xfb, 0x00, 0x00, 0x00, 0x00, 0x6d, 0xfe, 0x6d, 0xfe, 0xee, 0xfe,
  0x8d, 0xfe, 0x6d, 0xfe, 0x6c, 0xfe, 0x8d, 0xfe, 0x8d, 0xfe, 0x6d, 0xfe, 0x6d, 0xfe, 0x6d, 0xfe,
  0x6d, 0xfe, 0x6d, 0xfe, 0x6d, 0xfe, 0x6d, 0xfe, 0x6d, 0xfe, 0x6d, 0xfe, 0x6d, 0xfe, 0x6d, 0xfe,
  0x6d, 0xfe, 0x6d, 0xfe, 0x6d, 0xfe, 0x0d, 0xfe, 0xcc, 0xfd, 0xcc, 0xfd, 0xec, 0xfd, 0x2d, 0xfe,
  0x0d, 0xfe, 0xcd, 0xfd, 0xcc, 0xfd, 0x00, 0x00, 0x4a, 0xfd, 0x00, 0x00, 0x00, 0x00, 0x00, 0x00,
  0x00, 0x00, 0x00, 0x00, 0x00, 0x00, 0x00, 0x00, 0x00, 0x00, 0x00, 0x00, 0x00, 0x00, 0x00, 0x00,
  0x00, 0x00, 0x00, 0x00, 0x00, 0x00, 0x00, 0x00, 0x00, 0x00, 0x00, 0x00, 0x00, 0x00, 0x00, 0x00,
  0x00, 0x00, 0x00, 0x00, 0x00, 0x00, 0x00, 0x00, 0x00, 0x00, 0x00, 0x00, 0x00, 0x00, 0x00, 0x00,
  0x00, 0x00, 0x00, 0x00, 0x00, 0x00, 0x00, 0x00, 0x00, 0x00, 0x00, 0x00, 0x00, 0x00, 0x00, 0x00,
  0x00, 0x00, 0x00, 0x00, 0x00, 0x00, 0x00, 0x00, 0x00, 0x00, 0x00, 0x00, 0x00, 0x00, 0x00, 0x00,
  0x00, 0x00, 0x00, 0x00, 0x00, 0x00, 0x00, 0x00, 0x00, 0x00, 0x00, 0x00, 0x00, 0x00, 0x00, 0x00,
  0x00, 0x00, 0xea, 0xff, 0x00, 0x00, 0xcc, 0xfd, 0x6d, 0xfe, 0xad, 0xfe, 0xad, 0xfe, 0x6d, 0xfe,
  0x6c, 0xfe, 0x6d, 0xfe, 0xae, 0xfe, 0xcf, 0xfe, 0xcf, 0xfe, 0x8d, 0xfe, 0x6d, 0xfe, 0x6d, 0xfe,
  0x6d, 0xfe, 0x6d, 0xfe, 0x6d, 0xfe, 0x6d, 0xfe, 0x6d, 0xfe, 0x6d, 0xfe, 0x6d, 0xfe, 0x6d, 0xfe,
  0x6d, 0xfe, 0x6d, 0xfe, 0x0c, 0xfe, 0xcc, 0xfd, 0xec, 0xfd, 0xec, 0xfd, 0xec, 0xfd, 0xcc, 0xfd,
  0xec, 0xfd, 0x2d, 0xfe, 0xed, 0xfd, 0xec, 0xfd, 0x00, 0x00, 0x4a, 0xfd, 0xe0, 0xff, 0x00, 0x00,
  0x00, 0x00, 0x00, 0x00, 0x00, 0x00, 0x00, 0x00, 0x00, 0x00, 0x00, 0x00, 0x00, 0x00, 0x00, 0x00,
  0x00, 0x00, 0x00, 0x00, 0x00, 0x00, 0x00, 0x00, 0x00, 0x00, 0x00, 0x00, 0x00, 0x00, 0x00, 0x00,
  0x00, 0x00, 0x00, 0x00, 0x00, 0x00, 0x00, 0x00, 0x00, 0x00, 0x00, 0x00, 0x00, 0x00, 0x00, 0x00,
  0x00, 0x00, 0x00, 0x00, 0x00, 0x00, 0x00, 0x00, 0x00, 0x00, 0x00, 0x00, 0x00, 0x00, 0x00, 0x00,
  0x00, 0x00, 0x00, 0x00, 0x00, 0x00, 0x00, 0x00, 0x00, 0x00, 0x00, 0x00, 0x00, 0x00, 0x00, 0x00,
  0x00, 0x00, 0x00, 0x00, 0x00, 0x00, 0x00, 0x00, 0x00, 0x00, 0x00, 0x00, 0x00, 0x00, 0x00, 0x00,
  0xef, 0xff, 0x00, 0x00, 0x0d, 0xfe, 0x6d, 0xfe, 0xee, 0xfe, 0x6d, 0xfe, 0x6d, 0xfe, 0x6d, 0xfe,
  0x8d, 0xfe, 0xce, 0xfe, 0xcf, 0xfe, 0xcf, 0xfe, 0xce, 0xfe, 0x6d, 0xfe, 0x6d, 0xfe, 0x6d, 0xfe,
  0x6d, 0xfe, 0x6d, 0xfe, 0x6d, 0xfe, 0x6d, 0xfe, 0x6d, 0xfe, 0x6d, 0xfe, 0x6d, 0xfe, 0x6d, 0xfe,
  0x6d, 0xfe, 0x2d, 0xfe, 0xcc, 0xfd, 0xec, 0xfd, 0xec, 0xfd, 0xec, 0xfd, 0xec, 0xfd, 0xec, 0xfd,
  0xec, 0xfd, 0xcc, 0xfd, 0x0d, 0xfe, 0x0d, 0xfe, 0xcc, 0xfd, 0x00, 0x00, 0x00, 0xf8, 0xe0, 0xff,
  0x00, 0x00, 0x00, 0x00, 0x00, 0x00, 0x00, 0x00, 0x00, 0x00, 0x00, 0x00, 0x00, 0x00, 0x00, 0x00,
  0x00, 0x00, 0x00, 0x00, 0x00, 0x00, 0x00, 0x00, 0x00, 0x00, 0x00, 0x00, 0x00, 0x00, 0x00, 0x00,
  0x00, 0x00, 0x00, 0x00, 0x00, 0x00, 0x00, 0x00, 0x00, 0x00, 0x00, 0x00, 0x00, 0x00, 0x00, 0x00,
  0x00, 0x00, 0x00, 0x00, 0x00, 0x00, 0x00, 0x00, 0x00, 0x00, 0x00, 0x00, 0x00, 0x00, 0x00, 0x00,
  0x00, 0x00, 0x00, 0x00, 0x00, 0x00, 0x00, 0x00, 0x00, 0x00, 0x00, 0x00, 0x00, 0x00, 0x00, 0x00,
  0x00, 0x00, 0x00, 0x00, 0x00, 0x00, 0x00, 0x00, 0x00, 0x00, 0x00, 0x00, 0x00, 0x00, 0x4a, 0xfd,
  0x00, 0x00, 0x2c, 0xfe, 0x8d, 0xfe, 0xcd, 0xfe, 0x6d, 0xfe, 0x6d, 0xfe, 0x6d, 0xfe, 0x8d, 0xfe,
  0xce, 0xfe, 0xcf, 0xfe, 0xcf, 0xfe, 0xce, 0xfe, 0x6d, 0xfe, 0x6d, 0xfe, 0x6d, 0xfe, 0x6d, 0xfe,
  0x6d, 0xfe, 0x6d, 0xfe, 0x6d, 0xfe, 0x6d, 0xfe, 0x6d, 0xfe, 0x6d, 0xfe, 0x6d, 0xfe, 0x6d, 0xfe,
  0x4d, 0xfe, 0xec, 0xfd, 0xec, 0xfd, 0xec, 0xfd, 0xec, 0xfd, 0xec, 0xfd, 0xec, 0xfd, 0xec, 0xfd,
  0xec, 0xfd, 0xec, 0xfd, 0xcc, 0xfd, 0xec, 0xfd, 0x2d, 0xfe, 0xcc, 0xfd, 0x4a, 0xfd, 0xef, 0xfb,
  0xe0, 0xff, 0x00, 0x00, 0x00, 0x00, 0x00, 0x00, 0x00, 0x00, 0x00, 0x00, 0x00, 0x00, 0x00, 0x00,
  0x00, 0x00, 0x00, 0x00, 0x00, 0x00, 0x00, 0x00, 0x00, 0x00, 0x00, 0x00, 0x00, 0x00, 0x00, 0x00,
  0x00, 0x00, 0x00, 0x00, 0x00, 0x00, 0x00, 0x00, 0x00, 0x00, 0x00, 0x00, 0x00, 0x00, 0x00, 0x00,
  0x00, 0x00, 0x00, 0x00, 0x00, 0x00, 0x00, 0x00, 0x00, 0x00, 0x00, 0x00, 0x00, 0x00, 0x00, 0x00,
  0x00, 0x00, 0x00, 0x00, 0x00, 0x00, 0x00, 0x00, 0x00, 0x00, 0x00, 0x00, 0x00, 0x00, 0x00, 0x00,
  0x00, 0x00, 0x00, 0x00, 0x00, 0x00, 0x00, 0x00, 0x00, 0x00, 0x00, 0x00, 0xef, 0xff, 0x00, 0x00,
  0x2c, 0xfe, 0x8d, 0xfe, 0xad, 0xfe, 0x6d, 0xfe, 0x6d, 0xfe, 0x6d, 0xfe, 0x6d, 0xfe, 0xce, 0xfe,
  0xcf, 0xfe, 0xcf, 0xfe, 0xce, 0xfe, 0x6d, 0xfe, 0x6d, 0xfe, 0x6d, 0xfe, 0x6d, 0xfe, 0x6d, 0xfe,
  0x6d, 0xfe, 0x6d, 0xfe, 0x6d, 0xfe, 0x6d, 0xfe, 0x6d, 0xfe, 0x6d, 0xfe, 0x6d, 0xfe, 0x6d, 0xfe,
  0x2d, 0xfe, 0xcc, 0xfd, 0xec, 0xfd, 0xec, 0xfd, 0xec, 0xfd, 0xec, 0xfd, 0xec, 0xfd, 0xec, 0xfd,
  0xec, 0xfd, 0xec, 0xfd, 0xec, 0xfd, 0xcc, 0xfd, 0xec, 0xfd, 0x4d, 0xfe, 0xcc, 0xfd, 0x00, 0x00,
  0x4a, 0xfd, 0x00, 0x00, 0x00, 0x00, 0x00, 0x00, 0x00, 0x00, 0x00, 0x00, 0x00, 0x00, 0x00, 0x00,
  0x00, 0x00, 0x00, 0x00, 0x00, 0x00, 0x00, 0x00, 0x00, 0x00, 0x00, 0x00, 0x00, 0x00, 0x00, 0x00,
  0x00, 0x00, 0x00, 0x00, 0x00, 0x00, 0x00, 0x00, 0x00, 0x00, 0x00, 0x00, 0x00, 0x00, 0x00, 0x00,
  0x00, 0x00, 0x00, 0x00, 0x00, 0x00, 0x00, 0x00, 0x00, 0x00, 0x00, 0x00, 0x00, 0x00, 0x00, 0x00,
  0x00, 0x00, 0x00, 0x00, 0x00, 0x00, 0x00, 0x00, 0x00, 0x00, 0x00, 0x00, 0x00, 0x00, 0x00, 0x00,
  0x00, 0x00, 0x00, 0x00, 0x00, 0x00, 0x00, 0x00, 0x00, 0x00, 0xe0, 0xff, 0xef, 0xff, 0x0d, 0xfe,
  0x6d, 0xfe, 0xcd, 0xfe, 0x6d, 0xfe, 0x6d, 0xfe, 0x6d, 0xfe, 0x6d, 0xfe, 0xae, 0xfe, 0xcf, 0xfe,
  0xcf, 0xfe, 0xce, 0xfe, 0x8d, 0xfe, 0x6d, 0xfe, 0x6d, 0xfe, 0x6d, 0xfe, 0x6d, 0xfe, 0x6d, 0xfe,
  0x6d, 0xfe, 0x6d, 0xfe, 0x6d, 0xfe, 0x6d, 0xfe, 0x6d, 0xfe, 0x6d, 0xfe, 0x6d, 0xfe, 0x6d, 0xfe,
  0x0d, 0xfe, 0xcc, 0xfd, 0xec, 0xfd, 0xec, 0xfd, 0xec, 0xfd, 0xec, 0xfd, 0xec, 0xfd, 0xec, 0xfd,
  0xec, 0xfd, 0xec, 0xfd, 0xec, 0xfd, 0xec, 0xfd, 0xec, 0xfd, 0xed, 0xfd, 0x2d, 0xfe, 0xcc, 0xfd,
  0x00, 0x00, 0x4a, 0xfd, 0x00, 0x00, 0x00, 0x00, 0x00, 0x00, 0x00, 0x00, 0x00, 0x00, 0x00, 0x00,
  0x00, 0x00, 0x00, 0x00, 0x00, 0x00, 0x00, 0x00, 0x00, 0x00, 0x00, 0x00, 0x00, 0x00, 0x00, 0x00,
  0x00, 0x00, 0x00, 0x00, 0x00, 0x00, 0x00, 0x00, 0x00, 0x00, 0x00, 0x00, 0x00, 0x00, 0x00, 0x00,
  0x00, 0x00, 0x00, 0x00, 0x00, 0x00, 0x00, 0x00, 0x00, 0x00, 0x00, 0x00, 0x00, 0x00, 0x00, 0x00,
  0x00, 0x00, 0x00, 0x00, 0x00, 0x00, 0x00, 0x00, 0x00, 0x00, 0x00, 0x00, 0x00, 0x00, 0x00, 0x00,
  0x00, 0x00, 0x00, 0x00, 0x00, 0x00, 0x00, 0x00, 0x00, 0x00, 0xea, 0xff, 0x00, 0x00, 0x4c, 0xfe,
  0xee, 0xfe, 0x6d, 0xfe, 0x6d, 0xfe, 0x6d, 0xfe, 0x6d, 0xfe, 0xae, 0xfe, 0xcf, 0xfe, 0xcf, 0xfe,
  0xcf, 0xfe, 0x8d, 0xfe, 0x6d, 0xfe, 0x6d, 0xfe, 0x6d, 0xfe, 0x6d, 0xfe, 0x6d, 0xfe, 0x6d, 0xfe,
  0x6d, 0xfe, 0x6d, 0xfe, 0x6d, 0xfe, 0x6d, 0xfe, 0x6d, 0xfe, 0x6d, 0xfe, 0x6d, 0xfe, 0x6d, 0xfe,
  0x0d, 0xfe, 0xcc, 0xfd, 0xec, 0xfd, 0xec, 0xfd, 0xec, 0xfd, 0xec, 0xfd, 0xec, 0xfd, 0xec, 0xfd,
  0xec, 0xfd, 0xec, 0xfd, 0xec, 0xfd, 0xec, 0xfd, 0xec, 0xfd, 0xcc, 0xfd, 0xed, 0xfd, 0xed, 0xfd,
  0xed, 0xfd, 0x00, 0x00, 0x4a, 0xfd, 0x00, 0x00, 0x00, 0x00, 0x00, 0x00, 0x00, 0x00, 0x00, 0x00,
  0x00, 0x00, 0x00, 0x00, 0x00, 0x00, 0x00, 0x00, 0x00, 0x00, 0x00, 0x00, 0x00, 0x00, 0x00, 0x00,
  0x00, 0x00, 0x00, 0x00, 0x00, 0x00, 0x00, 0x00, 0x00, 0x00, 0x00, 0x00, 0x00, 0x00, 0x00, 0x00,
  0x00, 0x00, 0x00, 0x00, 0x00, 0x00, 0x00, 0x00, 0x00, 0x00, 0x00, 0x00, 0x00, 0x00, 0x00, 0x00,
  0x00, 0x00, 0x00, 0x00, 0x00, 0x00, 0x00, 0x00, 0x00, 0x00, 0x00, 0x00, 0x00, 0x00, 0x00, 0x00,
  0x00, 0x00, 0x00, 0x00, 0x00, 0x00, 0x00, 0x00, 0xef, 0xff, 0x00, 0xf8, 0x4d, 0xfe, 0x8d, 0xfe,
  0x6d, 0xfe, 0x6d, 0xfe, 0x6d, 0xfe, 0x6d, 0xfe, 0x8d, 0xfe, 0xcf, 0xfe, 0xcf, 0xfe, 0xcf, 0xfe,
  0xae, 0xfe, 0x6d, 0xfe, 0x6d, 0xfe, 0x6d, 0xfe, 0x6d, 0xfe, 0x6d, 0xfe, 0x6d, 0xfe, 0x6d, 0xfe,
  0x6d, 0xfe, 0x6d, 0xfe, 0x6d, 0xfe, 0x6d, 0xfe, 0x6d, 0xfe, 0x6d, 0xfe, 0x6d, 0xfe, 0x6d, 0xfe,
  0x0d, 0xfe, 0xcc, 0xfd, 0xec, 0xfd, 0xec, 0xfd, 0xec, 0xfd, 0xec, 0xfd, 0xec, 0xfd, 0xec, 0xfd,
  0xec, 0xfd, 0xec, 0xfd, 0xec, 0xfd, 0xec, 0xfd, 0xec, 0xfd, 0xec, 0xfd, 0xcc, 0xfd, 0x2d, 0xfe,
  0xcc, 0xfd, 0x00, 0x00, 0xe0, 0xfb, 0x00, 0x00, 0x00, 0x00, 0x00, 0x00, 0x00, 0x00, 0x00, 0x00,
  0x00, 0x00, 0x00, 0x00, 0x00, 0x00, 0x00, 0x00, 0x00, 0x00, 0x00, 0x00, 0x00, 0x00, 0x00, 0x00,
  0x00, 0x00, 0x00, 0x00, 0x00, 0x00, 0x00, 0x00, 0x00, 0x00, 0x00, 0x00, 0x00, 0x00, 0x00, 0x00,
  0x00, 0x00, 0x00, 0x00, 0x00, 0x00, 0x00, 0x00, 0x00, 0x00, 0x00, 0x00, 0x00, 0x00, 0x00, 0x00,
  0x00, 0x00, 0x00, 0x00, 0x00, 0x00, 0x00, 0x00, 0x00, 0x00, 0x00, 0x00, 0x00, 0x00, 0x00, 0x00,
  0x00, 0x00, 0x00, 0x00, 0x00, 0x00, 0x00, 0x00, 0xef, 0xff, 0x00, 0x00, 0x4c, 0xfe, 0xcd, 0xfe,
  0x6d, 0xfe, 0x6d, 0xfe, 0x6d, 0xfe, 0x6d, 0xfe, 0xae, 0xfe, 0xcf, 0xfe, 0xcf, 0xfe, 0xce, 0xfe,
  0x6d, 0xfe, 0x6d, 0xfe, 0x6d, 0xfe, 0x6d, 0xfe, 0x6d, 0xfe, 0x6d, 0xfe, 0x6d, 0xfe, 0x6d, 0xfe,
  0x6d, 0xfe, 0x6d, 0xfe, 0x6d, 0xfe, 0x6d, 0xfe, 0x6d, 0xfe, 0x6d, 0xfe, 0x6d, 0xfe, 0x6d, 0xfe,
  0x0d, 0xfe, 0xcc, 0xfd, 0xec, 0xfd, 0xec, 0xfd, 0xec, 0xfd, 0xec, 0xfd, 0xec, 0xfd, 0xec, 0xfd,
  0xec, 0xfd, 0xec, 0xfd, 0xec, 0xfd, 0xec, 0xfd, 0xec, 0xfd, 0xec, 0xfd, 0xec, 0xfd, 0xec, 0xfd,
  0x2d, 0xfe, 0xcc, 0xfd, 0x00, 0x00, 0x4a, 0xfd, 0x00, 0x00, 0x00, 0x00, 0x00, 0x00, 0x00, 0x00,
  0x00, 0x00, 0x00, 0x00, 0x00, 0x00, 0x00, 0x00, 0x00, 0x00, 0x00, 0x00, 0x00, 0x00, 0x00, 0x00,
  0x00, 0x00, 0x00, 0x00, 0x00, 0x00, 0x00, 0x00, 0x00, 0x00, 0x00, 0x00, 0x00, 0x00, 0x00, 0x00,
  0x00, 0x00, 0x00, 0x00, 0x00, 0x00, 0x00, 0x00, 0x00, 0x00, 0x00, 0x00, 0x00, 0x00, 0x00, 0x00,
  0x00, 0x00, 0x00, 0x00, 0x00, 0x00, 0x00, 0x00, 0x00, 0x00, 0x00, 0x00, 0x00, 0x00, 0x00, 0x00,
  0x00, 0x00, 0x00, 0x00, 0x00, 0x00, 0xef, 0xff, 0x00, 0x00, 0x4c, 0xfe, 0x8d, 0xfe, 0x6d, 0xfe,
  0x6d, 0xfe, 0x6d, 0xfe, 0x6d, 0xfe, 0x8d, 0xfe, 0xcf, 0xfe, 0xcf, 0xfe, 0xcf, 0xfe, 0x8e, 0xfe,
  0x6d, 0xfe, 0x6d, 0xfe, 0x6d, 0xfe, 0x6d, 0xfe, 0x6d, 0xfe, 0x6d, 0xfe, 0x6d, 0xfe, 0x6d, 0xfe,
  0x6d, 0xfe, 0x6d, 0xfe, 0x6d, 0xfe, 0x6d, 0xfe, 0x6d, 0xfe, 0x6d, 0xfe, 0x6d, 0xfe, 0x6d, 0xfe,
  0x2d, 0xfe, 0xcc, 0xfd, 0xec, 0xfd, 0xec, 0xfd, 0xec, 0xfd, 0xec, 0xfd, 0xec, 0xfd, 0xec, 0xfd,
  0xec, 0xfd, 0xec, 0xfd, 0xec, 0xfd, 0xec, 0xfd, 0xec, 0xfd, 0xec, 0xfd, 0xec, 0xfd, 0xcc, 0xfd,
  0x2d, 0xfe, 0xec, 0xfd, 0x00, 0x00, 0xef, 0xfb, 0x00, 0x00, 0x00, 0x00, 0x00, 0x00, 0x00, 0x00,
  0x00, 0x00, 0x00, 0x00, 0x00, 0x00, 0x00, 0x00, 0x00, 0x00, 0x00, 0x00, 0x00, 0x00, 0x00, 0x00,
  0x00, 0x00, 0x00, 0x00, 0x00, 0x00, 0x00, 0x00, 0x00, 0x00, 0x00, 0x00, 0x00, 0x00, 0x00, 0x00,
  0x00, 0x00, 0x00, 0x00, 0x00, 0x00, 0x00, 0x00, 0x00, 0x00, 0x00, 0x00, 0x00, 0x00, 0x00, 0x00,
  0x00, 0x00, 0x00, 0x00, 0x00, 0x00, 0x00, 0x00, 0x00, 0x00, 0x00, 0x00, 0x00, 0x00, 0x00, 0x00,
  0x00, 0x00, 0x00, 0x00, 0x00, 0x00, 0xef, 0xfd, 0xe0, 0xff, 0x4d, 0xfe, 0xee, 0xfe, 0x6d, 0xfe,
  0x6d, 0xfe, 0x6d, 0xfe, 0x6d, 0xfe, 0xce, 0xfe, 0xcf, 0xfe, 0xcf, 0xfe, 0xce, 0xfe, 0x6d, 0xfe,
  0x6d, 0xfe, 0x6d, 0xfe, 0x6d, 0xfe, 0x6d, 0xfe, 0x6d, 0xfe, 0x6d, 0xfe, 0x6d, 0xfe, 0x6d, 0xfe,
  0x6d, 0xfe, 0x6d, 0xfe, 0x6d, 0xfe, 0x6d, 0xfe, 0x6d, 0xfe, 0x6d, 0xfe, 0x6d, 0xfe, 0x6d, 0xfe,
  0x2d, 0xfe, 0xcc, 0xfd, 0xec, 0xfd, 0xec, 0xfd, 0xec, 0xfd, 0xec, 0xfd, 0xec, 0xfd, 0xec, 0xfd,
  0xec, 0xfd, 0xec, 0xfd, 0xec, 0xfd, 0xec, 0xfd, 0xec, 0xfd, 0xec, 0xfd, 0xec, 0xfd, 0xcc, 0xfd,
  0xed, 0xfd, 0xcc, 0xfd, 0xcc, 0xfd, 0x00, 0x00, 0xef, 0xfb, 0x00, 0x00, 0x00, 0x00, 0x00, 0x00,
  0x00, 0x00, 0x00, 0x00, 0x00, 0x00, 0x00, 0x00, 0x00, 0x00, 0x00, 0x00, 0x00, 0x00, 0x00, 0x00,
  0x00, 0x00, 0x00, 0x00, 0x00, 0x00, 0x00, 0x00, 0x00, 0x00, 0x00, 0x00, 0x00, 0x00, 0x00, 0x00,
  0x00, 0x00, 0x00, 0x00, 0x00, 0x00, 0x00, 0x00, 0x00, 0x00, 0x00, 0x00, 0x00, 0x00, 0x00, 0x00,
  0x00, 0x00, 0x00, 0x00, 0x00, 0x00, 0x00, 0x00, 0x00, 0x00, 0x00, 0x00, 0x00, 0x00, 0x00, 0x00,
  0x00, 0x00, 0x00, 0x00, 0x00, 0x00, 0xff, 0xff, 0x00, 0x00, 0x6d, 0xfe, 0xcd, 0xfe, 0x6d, 0xfe,
  0x6d, 0xfe, 0x6d, 0xfe, 0x8d, 0xfe, 0xcf, 0xfe, 0xcf, 0xfe, 0xcf, 0xfe, 0xae, 0xfe, 0x6d, 0xfe,
  0x6d, 0xfe, 0x6d, 0xfe, 0x6d, 0xfe, 0x6d, 0xfe, 0x6d, 0xfe, 0x6d, 0xfe, 0x6d, 0xfe, 0x6d, 0xfe,
  0x6d, 0xfe, 0x6d, 0xfe, 0x6d, 0xfe, 0x6d, 0xfe, 0x6d, 0xfe, 0x6d, 0xfe, 0x6d, 0xfe, 0x6d, 0xfe,
  0x2d, 0xfe, 0xcc, 0xfd, 0xec, 0xfd, 0xec, 0xfd, 0xec, 0xfd, 0xec, 0xfd, 0xec, 0xfd, 0xec, 0xfd,
  0xec, 0xfd, 0xec, 0xfd, 0xec, 0xfd, 0xec, 0xfd, 0xec, 0xfd, 0xec, 0xfd, 0xec, 0xfd, 0xec, 0xfd,
  0xec, 0xfd, 0x2d, 0xfe, 0xec, 0xfd, 0x00, 0x00, 0xe7, 0xfd, 0x00, 0x00, 0x00, 0x00, 0x00, 0x00,
  0x00, 0x00, 0x00, 0x00, 0x00, 0x00, 0x00, 0x00, 0x00, 0x00, 0x00, 0x00, 0x00, 0x00, 0x00, 0x00,
  0x00, 0x00, 0x00, 0x00, 0x00, 0x00, 0x00, 0x00, 0x00, 0x00, 0x00, 0x00, 0x00, 0x00, 0x00, 0x00,
  0x00, 0x00, 0x00, 0x00, 0x00, 0x00, 0x00, 0x00, 0x00, 0x00, 0x00, 0x00, 0x00, 0x00, 0x00, 0x00,
  0x00, 0x00, 0x00, 0x00, 0x00, 0x00, 0x00, 0x00, 0x00, 0x00, 0x00, 0x00, 0x00, 0x00, 0x00, 0x00,
  0x00, 0x00, 0x00, 0x00, 0x00, 0xf8, 0x00, 0x00, 0x2c, 0xfe, 0x6d, 0xfe, 0x8d, 0xfe, 0x6d, 0xfe,
  0x6d, 0xfe, 0x6d, 0xfe, 0xae, 0xfe, 0xcf, 0xfe, 0xcf, 0xfe, 0xcf, 0xfe, 0x8d, 0xfe, 0x6d, 0xfe,
  0x6d, 0xfe, 0x6d, 0xfe, 0x6d, 0xfe, 0x6d, 0xfe, 0x6d, 0xfe, 0x6d, 0xfe, 0x6d, 0xfe, 0x6d, 0xfe,
  0x6d, 0xfe, 0x6d, 0xfe, 0x6d, 0xfe, 0x6d, 0xfe, 0x6d, 0xfe, 0x6d, 0xfe, 0x6d, 0xfe, 0x6d, 0xfe,
  0x2d, 0xfe, 0xcc, 0xfd, 0xec, 0xfd, 0xec, 0xfd, 0xec, 0xfd, 0xec, 0xfd, 0xec, 0xfd, 0xec, 0xfd,
  0xec, 0xfd, 0xec, 0xfd, 0xec, 0xfd, 0xec, 0xfd, 0xec, 0xfd, 0xec, 0xfd, 0xec, 0xfd, 0xec, 0xfd,
  0xcc, 0xfd, 0x4d, 0xfe, 0xcc, 0xfd, 0x00, 0x00, 0x4a, 0xfd, 0x00, 0x00, 0x00, 0x00, 0x00, 0x00,
  0x00, 0x00, 0x00, 0x00, 0x00, 0x00, 0x00, 0x00, 0x00, 0x00, 0x00, 0x00, 0x00, 0x00, 0x00, 0x00,
  0x00, 0x00, 0x00, 0x00, 0x00, 0x00, 0x00, 0x00, 0x00, 0x00, 0x00, 0x00, 0x00, 0x00, 0x00, 0x00,
  0x00, 0x00, 0x00, 0x00, 0x00, 0x00, 0x00, 0x00, 0x00, 0x00, 0x00, 0x00, 0x00, 0x00, 0x00, 0x00,
  0x00, 0x00, 0x00, 0x00, 0x00, 0x00, 0x00, 0x00, 0x00, 0x00, 0x00, 0x00, 0x00, 0x00, 0x00, 0x00,
  0x00, 0x00, 0x00, 0x00, 0xea, 0xff, 0x00, 0x00, 0x2d, 0xfe, 0x8d, 0xfe, 0x6d, 0xfe, 0x6d, 0xfe,
  0x6d, 0xfe, 0x6d, 0xfe, 0xce, 0xfe, 0xcf, 0xfe, 0xcf, 0xfe, 0xae, 0xfe, 0x6d, 0xfe, 0x6d, 0xfe,
  0x6d, 0xfe, 0x6d, 0xfe, 0x6d, 0xfe, 0x6d, 0xfe, 0x6d, 0xfe, 0x6d, 0xfe, 0x6d, 0xfe, 0x6d, 0xfe,
  0x6d, 0xfe, 0x6d, 0xfe, 0x6d, 0xfe, 0x6d, 0xfe, 0x6d, 0xfe, 0x6d, 0xfe, 0x6d, 0xfe, 0x6d, 0xfe,
  0x4d, 0xfe, 0xcc, 0xfd, 0xec, 0xfd, 0xec, 0xfd, 0xec, 0xfd, 0xec, 0xfd, 0xec, 0xfd, 0xec, 0xfd,
  0xec, 0xfd, 0xec, 0xfd, 0xec, 0xfd, 0xec, 0xfd, 0xec, 0xfd, 0xec, 0xfd, 0xec, 0xfd, 0xec, 0xfd,
  0xec, 0xfd, 0x2d, 0xfe, 0xec, 0xfd, 0x00, 0x00, 0xe0, 0xff, 0x00, 0x00, 0x00, 0x00, 0x00, 0x00,
  0x00, 0x00, 0x00, 0x00, 0x00, 0x00, 0x00, 0x00, 0x00, 0x00, 0x00, 0x00, 0x00, 0x00, 0x00, 0x00,
  0x00, 0x00, 0x00, 0x00, 0x00, 0x00, 0x00, 0x00, 0x00, 0x00, 0x00, 0x00, 0x00, 0x00, 0x00, 0x00,
  0x00, 0x00, 0x00, 0x00, 0x00, 0x00, 0x00, 0x00, 0x00, 0x00, 0x00, 0x00, 0x00, 0x00, 0x00, 0x00,
  0x00, 0x00, 0x00, 0x00, 0x00, 0x00, 0x00, 0x00, 0x00, 0x00, 0x00, 0x00, 0x00, 0x00, 0x00, 0x00,
  0x00, 0x00, 0x00, 0x00, 0xe7, 0xfd, 0x00, 0x00, 0x4c, 0xfe, 0xcd, 0xfe, 0x6d, 0xfe, 0x6d, 0xfe,
  0x6d, 0xfe, 0x8d, 0xfe, 0xcf, 0xfe, 0xcf, 0xfe, 0xcf, 0xfe, 0xae, 0xfe, 0x6d, 0xfe, 0x6d, 0xfe,
  0x6d, 0xfe, 0x6d, 0xfe, 0x6d, 0xfe, 0x6d, 0xfe, 0x6d, 0xfe, 0x6d, 0xfe, 0x6d, 0xfe, 0x6d, 0xfe,
  0x6d, 0xfe, 0x6d, 0xfe, 0x6d, 0xfe, 0x6d, 0xfe, 0x6d, 0xfe, 0x6d, 0xfe, 0x6d, 0xfe, 0x6d, 0xfe,
  0x4d, 0xfe, 0xcc, 0xfd, 0xec, 0xfd, 0xec, 0xfd, 0xec, 0xfd, 0xec, 0xfd, 0xec, 0xfd, 0xec, 0xfd,
  0xec, 0xfd, 0xec, 0xfd, 0xec, 0xfd, 0xec, 0xfd, 0xec, 0xfd, 0xec, 0xfd, 0xec, 0xfd, 0xec, 0xfd,
  0xec, 0xfd, 0x0d, 0xfe, 0xec, 0xfd, 0xad, 0xfd, 0x00, 0x00, 0xe0, 0xff, 0x00, 0x00, 0x00, 0x00,
  0x00, 0x00, 0x00, 0x00, 0x00, 0x00, 0x00, 0x00, 0x00, 0x00, 0x00, 0x00, 0x00, 0x00, 0x00, 0x00,
  0x00, 0x00, 0x00, 0x00, 0x00, 0x00, 0x00, 0x00, 0x00, 0x00, 0x00, 0x00, 0x00, 0x00, 0x00, 0x00,
  0x00, 0x00, 0x00, 0x00, 0x00, 0x00, 0x00, 0x00, 0x00, 0x00, 0x00, 0x00, 0x00, 0x00, 0x00, 0x00,
  0x00, 0x00, 0x00, 0x00, 0x00, 0x00, 0x00, 0x00, 0x00, 0x00, 0x00, 0x00, 0x00, 0x00, 0x00, 0x00,
  0x00, 0x00, 0x00, 0x00, 0xea, 0xff, 0x00, 0x00, 0x4c, 0xfe, 0xcd, 0xfe, 0x6d, 0xfe, 0x6d, 0xfe,
  0x6d, 0xfe, 0xae, 0xfe, 0xcf, 0xfe, 0xcf, 0xfe, 0xcf, 0xfe, 0x8d, 0xfe, 0x6d, 0xfe, 0x6d, 0xfe,
  0x6d, 0xfe, 0x6d, 0xfe, 0x6d, 0xfe, 0x6d, 0xfe, 0x6d, 0xfe, 0x6d, 0xfe, 0x6d, 0xfe, 0x6d, 0xfe,
  0x6d, 0xfe, 0x6d, 0xfe, 0x6d, 0xfe, 0x6d, 0xfe, 0x6d, 0xfe, 0x6d, 0xfe, 0x6d, 0xfe, 0x6d, 0xfe,
  0x4d, 0xfe, 0xec, 0xfd, 0xec, 0xfd, 0xec, 0xfd, 0xec, 0xfd, 0xec, 0xfd, 0xec, 0xfd, 0xec, 0xfd,
  0xec, 0xfd, 0xec, 0xfd, 0xec, 0xfd, 0xec, 0xfd, 0xec, 0xfd, 0xec, 0xfd, 0xec, 0xfd, 0xec, 0xfd,
  0xcc, 0xfd, 0xed, 0xfd, 0xcc, 0xfd, 0xec, 0xfd, 0x00, 0x00, 0xef, 0xfb, 0x00, 0x00, 0x00, 0x00,
  0x00, 0x00, 0x00, 0x00, 0x00, 0x00, 0x00, 0x00, 0x00, 0x00, 0x00, 0x00, 0x00, 0x00, 0x00, 0x00,
  0x00, 0x00, 0x00, 0x00, 0x00, 0x00, 0x00, 0x00, 0x00, 0x00, 0x00, 0x00, 0x00, 0x00, 0x00, 0x00,
  0x00, 0x00, 0x00, 0x00, 0x00, 0x00, 0x00, 0x00, 0x00, 0x00, 0x00, 0x00, 0x00, 0x00, 0x00, 0x00,
  0x00, 0x00, 0x00, 0x00, 0x00, 0x00, 0x00, 0x00, 0x00, 0x00, 0x00, 0x00, 0x00, 0x00, 0x00, 0x00,
  0x00, 0x00, 0x00, 0x00, 0x4a, 0xfd, 0x00, 0x00, 0x4d, 0xfe, 0xcd, 0xfe, 0x6d, 0xfe, 0x6d, 0xfe,
  0x6d, 0xfe, 0xce, 0xfe, 0xcf, 0xfe, 0xcf, 0xfe, 0xce, 0xfe, 0x6d, 0xfe, 0x6d, 0xfe, 0x6d, 0xfe,
  0x6d, 0xfe, 0x6d, 0xfe, 0x6d, 0xfe, 0x6d, 0xfe, 0x6d, 0xfe, 0x6d, 0xfe, 0x6d, 0xfe, 0x6d, 0xfe,
  0x6d, 0xfe, 0x6d, 0xfe, 0x6d, 0xfe, 0x6d, 0xfe, 0x6d, 0xfe, 0x6d, 0xfe, 0x6d, 0xfe, 0x6d, 0xfe,
  0x4d, 0xfe, 0xec, 0xfd, 0xec, 0xfd, 0xec, 0xfd, 0xec, 0xfd, 0xec, 0xfd, 0xec, 0xfd, 0xec, 0xfd,
  0xec, 0xfd, 0xec, 0xfd, 0xec, 0xfd, 0xec, 0xfd, 0xec, 0xfd, 0xec, 0xfd, 0xec, 0xfd, 0xec, 0xfd,
  0xec, 0xfd, 0xcc, 0xfd, 0x0d, 0xfe, 0xcc, 0xfd, 0x00, 0x00, 0x4a, 0xfd, 0x00, 0x00, 0x00, 0x00,
  0x00, 0x00, 0x00, 0x00, 0x00, 0x00, 0x00, 0x00, 0x00, 0x00, 0x00, 0x00, 0x00, 0x00, 0x00, 0x00,
  0x00, 0x00, 0x00, 0x00, 0x00, 0x00, 0x00, 0x00, 0x00, 0x00, 0x00, 0x00, 0x00, 0x00, 0x00, 0x00,
  0x00, 0x00, 0x00, 0x00, 0x00, 0x00, 0x00, 0x00, 0x00, 0x00, 0x00, 0x00, 0x00, 0x00, 0x00, 0x00,
  0x00, 0x00, 0x00, 0x00, 0x00, 0x00, 0x00, 0x00, 0x00, 0x00, 0x00, 0x00, 0x00, 0x00, 0x00, 0x00,
  0x00, 0x00, 0x00, 0x00, 0x4a, 0xfd, 0x00, 0x00, 0x6d, 0xfe, 0xcd, 0xfe, 0x6d, 0xfe, 0x6d, 0xfe,
  0x8d, 0xfe, 0xcf, 0xfe, 0xcf, 0xfe, 0xcf, 0xfe, 0xce, 0xfe, 0x6d, 0xfe, 0x6d, 0xfe, 0x6d, 0xfe,
  0x6d, 0xfe, 0x6d, 0xfe, 0x6d, 0xfe, 0x6d, 0xfe, 0x6d, 0xfe, 0x6d, 0xfe, 0x6d, 0xfe, 0x6d, 0xfe,
  0x6d, 0xfe, 0x6d, 0xfe, 0x6d, 0xfe, 0x6d, 0xfe, 0x6d, 0xfe, 0x6d, 0xfe, 0x6d, 0xfe, 0x6d, 0xfe,
  0x6d, 0xfe, 0xec, 0xfd, 0xec, 0xfd, 0xec, 0xfd, 0xec, 0xfd, 0xec, 0xfd, 0xec, 0xfd, 0xec, 0xfd,
  0xec, 0xfd, 0xec, 0xfd, 0xec, 0xfd, 0xec, 0xfd, 0xec, 0xfd, 0xec, 0xfd, 0xec, 0xfd, 0xec, 0xfd,
  0xec, 0xfd, 0xcc, 0xfd, 0x4d, 0xfe, 0xcc, 0xfd, 0x00, 0x00, 0xea, 0xff, 0x00, 0x00, 0x00, 0x00,
  0x00, 0x00, 0x00, 0x00, 0x00, 0x00, 0x00, 0x00, 0x00, 0x00, 0x00, 0x00, 0x00, 0x00, 0x00, 0x00,
  0x00, 0x00, 0x00, 0x00, 0x00, 0x00, 0x00, 0x00, 0x00, 0x00, 0x00, 0x00, 0x00, 0x00, 0x00, 0x00,
  0x00, 0x00, 0x00, 0x00, 0x00, 0x00, 0x00, 0x00, 0x00, 0x00, 0x00, 0x00, 0x00, 0x00, 0x00, 0x00,
  0x00, 0x00, 0x00, 0x00, 0x00, 0x00, 0x00, 0x00, 0x00, 0x00, 0x00, 0x00, 0x00, 0x00, 0x00, 0x00,
  0x00, 0x00, 0xff, 0xff, 0xe0, 0xff, 0x2c, 0xfe, 0x6d, 0xfe, 0xad, 0xfe, 0x6d, 0xfe, 0x6d, 0xfe,
  0x8d, 0xfe, 0xcf, 0xfe, 0xcf, 0xfe, 0xcf, 0xfe, 0xae, 0xfe, 0x6d, 0xfe, 0x6d, 0xfe, 0x6d, 0xfe,
  0x6d, 0xfe, 0x6d, 0xfe, 0x6d, 0xfe, 0x6d, 0xfe, 0x6d, 0xfe, 0x6d, 0xfe, 0x6d, 0xfe, 0x6d, 0xfe,
  0x6d, 0xfe, 0x6d, 0xfe, 0x6d, 0xfe, 0x6d, 0xfe, 0x6d, 0xfe, 0x6d, 0xfe, 0x6d, 0xfe, 0x6d, 0xfe,
  0x6d, 0xfe, 0xec, 0xfd, 0xec, 0xfd, 0xec, 0xfd, 0xec, 0xfd, 0xec, 0xfd, 0xec, 0xfd, 0xec, 0xfd,
  0xec, 0xfd, 0xec, 0xfd, 0xec, 0xfd, 0xec, 0xfd, 0xec, 0xfd, 0xec, 0xfd, 0xec, 0xfd, 0xec, 0xfd,
  0xec, 0xfd, 0xcc, 0xfd, 0x2d, 0xfe, 0xcc, 0xfd, 0x00, 0x00, 0x4a, 0xfd, 0x00, 0x00, 0x00, 0x00,
  0x00, 0x00, 0x00, 0x00, 0x00, 0x00, 0x00, 0x00, 0x00, 0x00, 0x00, 0x00, 0x00, 0x00, 0x00, 0x00,
  0x00, 0x00, 0x00, 0x00, 0x00, 0x00, 0x00, 0x00, 0x00, 0x00, 0x00, 0x00, 0x00, 0x00, 0x00, 0x00,
  0x00, 0x00, 0x00, 0x00, 0x00, 0x00, 0x00, 0x00, 0x00, 0x00, 0x00, 0x00, 0x00, 0x00, 0x00, 0x00,
  0x00, 0x00, 0x00, 0x00, 0x00, 0x00, 0x00, 0x00, 0x00, 0x00, 0x00, 0x00, 0x00, 0x00, 0x00, 0x00,
  0x00, 0x00, 0xef, 0xff, 0x00, 0x00, 0x4c, 0xfe, 0x6d, 0xfe, 0x6d, 0xfe, 0x6d, 0xfe, 0x6d, 0xfe,
  0xae, 0xfe, 0xcf, 0xfe, 0xcf, 0xfe, 0xcf, 0xfe, 0xae, 0xfe, 0x6d, 0xfe, 0x6d, 0xfe, 0x6d, 0xfe,
  0x6d, 0xfe, 0x6d, 0xfe, 0x6d, 0xfe, 0x6d, 0xfe, 0x6d, 0xfe, 0x6d, 0xfe, 0x6d, 0xfe, 0x6d, 0xfe,
  0x6d, 0xfe, 0x6d, 0xfe, 0x6d, 0xfe, 0x6d, 0xfe, 0x6d, 0xfe, 0x6d, 0xfe, 0x6d, 0xfe, 0x6d, 0xfe,
  0x6d, 0xfe, 0xec, 0xfd, 0xcc, 0xfd, 0xec, 0xfd, 0xec, 0xfd, 0xec, 0xfd, 0xec, 0xfd, 0xec, 0xfd,
  0xec, 0xfd, 0xec, 0xfd, 0xec, 0xfd, 0xec, 0xfd, 0xec, 0xfd, 0xec, 0xfd, 0xec, 0xfd, 0xec, 0xfd,
  0xec, 0xfd, 0xec, 0xfd, 0x2d, 0xfe, 0xec, 0xfd, 0x00, 0x00, 0x4a, 0xfd, 0x00, 0x00, 0x00, 0x00,
  0x00, 0x00, 0x00, 0x00, 0x00, 0x00, 0x00, 0x00, 0x00, 0x00, 0x00, 0x00, 0x00, 0x00, 0x00, 0x00,
  0x00, 0x00, 0x00, 0x00, 0x00, 0x00, 0x00, 0x00, 0x00, 0x00, 0x00, 0x00, 0x00, 0x00, 0x00, 0x00,
  0x00, 0x00, 0x00, 0x00, 0x00, 0x00, 0x00, 0x00, 0x00, 0x00, 0x00, 0x00, 0x00, 0x00, 0x00, 0x00,
  0x00, 0x00, 0x00, 0x00, 0x00, 0x00, 0x00, 0x00, 0x00, 0x00, 0x00, 0x00, 0x00, 0x00, 0x00, 0x00,
  0x00, 0x00, 0x4a, 0xfd, 0x00, 0x00, 0x6d, 0xfe, 0xad, 0xfe, 0x6d, 0xfe, 0x6d, 0xfe, 0x6d, 0xfe,
  0xce, 0xfe, 0xcf, 0xfe, 0xcf, 0xfe, 0xcf, 0xfe, 0xae, 0xfe, 0x6d, 0xfe, 0x6d, 0xfe, 0x6d, 0xfe,
  0x6d, 0xfe, 0x6d, 0xfe, 0x6d, 0xfe, 0x6d, 0xfe, 0x6d, 0xfe, 0x6d, 0xfe, 0x6d, 0xfe, 0x6d, 0xfe,
  0x6d, 0xfe, 0x6d, 0xfe, 0x6d, 0xfe, 0x6d, 0xfe, 0x6d, 0xfe, 0x6d, 0xfe, 0x6d, 0xfe, 0x6d, 0xfe,
  0x6d, 0xfe, 0xec, 0xfd, 0xcc, 0xfd, 0xec, 0xfd, 0xec, 0xfd, 0xec, 0xfd, 0xec, 0xfd, 0xec, 0xfd,
  0xec, 0xfd, 0xec, 0xfd, 0xec, 0xfd, 0xec, 0xfd, 0xec, 0xfd, 0xec, 0xfd, 0xec, 0xfd, 0xec, 0xfd,
  0xec, 0xfd, 0xec, 0xfd, 0x2d, 0xfe, 0xcc, 0xfd, 0xff, 0xff, 0xe0, 0xff, 0x00, 0x00, 0x00, 0x00,
  0x00, 0x00, 0x00, 0x00, 0x00, 0x00, 0x00, 0x00, 0x00, 0x00, 0x00, 0x00, 0x00, 0x00, 0x00, 0x00,
  0x00, 0x00, 0x00, 0x00, 0x00, 0x00, 0x00, 0x00, 0x00, 0x00, 0x00, 0x00, 0x00, 0x00, 0x00, 0x00,
  0x00, 0x00, 0x00, 0x00, 0x00, 0x00, 0x00, 0x00, 0x00, 0x00, 0x00, 0x00, 0x00, 0x00, 0x00, 0x00,
  0x00, 0x00, 0x00, 0x00, 0x00, 0x00, 0x00, 0x00, 0x00, 0x00, 0x00, 0x00, 0x00, 0x00, 0x00, 0x00,
  0x00, 0x00, 0xe7, 0xfd, 0x00, 0x00, 0x4c, 0xfe, 0xcd, 0xfe, 0x6d, 0xfe, 0x6d, 0xfe, 0x6d, 0xfe,
  0xce, 0xfe, 0xcf, 0xfe, 0xcf, 0xfe, 0xcf, 0xfe, 0x8d, 0xfe, 0x6d, 0xfe, 0x6d, 0xfe, 0x6d, 0xfe,
  0x6d, 0xfe, 0x6d, 0xfe, 0x6d, 0xfe, 0x6d, 0xfe, 0x6d, 0xfe, 0x6d, 0xfe, 0x6d, 0xfe, 0x6d, 0xfe,
  0x6d, 0xfe, 0x6d, 0xfe, 0x6d, 0xfe, 0x6d, 0xfe, 0x6d, 0xfe, 0x6d, 0xfe, 0x6d, 0xfe, 0x6d, 0xfe,
  0x6d, 0xfe, 0x0d, 0xfe, 0xcc, 0xfd, 0xec, 0xfd, 0xec, 0xfd, 0xec, 0xfd, 0xec, 0xfd, 0xec, 0xfd,
  0xec, 0xfd, 0xec, 0xfd, 0xec, 0xfd, 0xec, 0xfd, 0xec, 0xfd, 0xec, 0xfd, 0xec, 0xfd, 0xec, 0xfd,
  0xec, 0xfd, 0xec, 0xfd, 0x0d, 0xfe, 0xec, 0xfd, 0xec, 0xfd, 0x00, 0x00, 0xff, 0xff, 0x00, 0x00,
  0x00, 0x00, 0x00, 0x00, 0x00, 0x00, 0x00, 0x00, 0x00, 0x00, 0x00, 0x00, 0x00, 0x00, 0x00, 0x00,
  0x00, 0x00, 0x00, 0x00, 0x00, 0x00, 0x00, 0x00, 0x00, 0x00, 0x00, 0x00, 0x00, 0x00, 0x00, 0x00,
  0x00, 0x00, 0x00, 0x00, 0x00, 0x00, 0x00, 0x00, 0x00, 0x00, 0x00, 0x00, 0x00, 0x00, 0x00, 0x00,
  0x00, 0x00, 0x00, 0x00, 0x00, 0x00, 0x00, 0x00, 0x00, 0x00, 0x00, 0x00, 0x00, 0x00, 0x00, 0x00,
  0x00, 0x00, 0xef, 0xfd, 0x00, 0x00, 0x4d, 0xfe, 0xce, 0xfe, 0x6d, 0xfe, 0x6d, 0xfe, 0x6d, 0xfe,
  0xce, 0xfe, 0xcf, 0xfe, 0xcf, 0xfe, 0xcf, 0xfe, 0x8d, 0xfe, 0x6d, 0xfe, 0x6d, 0xfe, 0x6d, 0xfe,
  0x6d, 0xfe, 0x6d, 0xfe, 0x6d, 0xfe, 0x6d, 0xfe, 0x6d, 0xfe, 0x6d, 0xfe, 0x6d, 0xfe, 0x6d, 0xfe,
  0x6d, 0xfe, 0x6d, 0xfe, 0x6d, 0xfe, 0x6d, 0xfe, 0x6d, 0xfe, 0x6d, 0xfe, 0x6d, 0xfe, 0x6d, 0xfe,
  0x6d, 0xfe, 0x0d, 0xfe, 0xcc, 0xfd, 0xec, 0xfd, 0xec, 0xfd, 0xec, 0xfd, 0xec, 0xfd, 0xec, 0xfd,
  0xec, 0xfd, 0xec, 0xfd, 0xec, 0xfd, 0xec, 0xfd, 0xec, 0xfd, 0xec, 0xfd, 0xec, 0xfd, 0xec, 0xfd,
  0xec, 0xfd, 0xec, 0xfd, 0xec, 0xfd, 0xcc, 0xfd, 0xec, 0xfd, 0x00, 0x00, 0xef, 0xff, 0x00, 0x00,
  0x00, 0x00, 0x00, 0x00, 0x00, 0x00, 0x00, 0x00, 0x00, 0x00, 0x00, 0x00, 0x00, 0x00, 0x00, 0x00,
  0x00, 0x00, 0x00, 0x00, 0x00, 0x00, 0x00, 0x00, 0x00, 0x00, 0x00, 0x00, 0x00, 0x00, 0x00, 0x00,
  0x00, 0x00, 0x00, 0x00, 0x00, 0x00, 0x00, 0x00, 0x00, 0x00, 0x00, 0x00, 0x00, 0x00, 0x00, 0x00,
  0x00, 0x00, 0x00, 0x00, 0x00, 0x00, 0x00, 0x00, 0x00, 0x00, 0x00, 0x00, 0x00, 0x00, 0x00, 0x00,
  0x00, 0x00, 0xef, 0xfd, 0x00, 0x00, 0x6d, 0xfe, 0xee, 0xfe, 0x6d, 0xfe, 0x6d, 0xfe, 0x8d, 0xfe,
  0xcf, 0xfe, 0xcf, 0xfe, 0xcf, 0xfe, 0xcf, 0xfe, 0x8d, 0xfe, 0x6d, 0xfe, 0x6d, 0xfe, 0x6d, 0xfe,
  0x6d, 0xfe, 0x6d, 0xfe, 0x6d, 0xfe, 0x6d, 0xfe, 0x6d, 0xfe, 0x6d, 0xfe, 0x6d, 0xfe, 0x6d, 0xfe,
  0x6d, 0xfe, 0x6d, 0xfe, 0x6d, 0xfe, 0x6d, 0xfe, 0x6d, 0xfe, 0x6d, 0xfe, 0x6d, 0xfe, 0x6d, 0xfe,
  0x6d, 0xfe, 0x0d, 0xfe, 0xcc, 0xfd, 0xec, 0xfd, 0xec, 0xfd, 0xec, 0xfd, 0xec, 0xfd, 0xec, 0xfd,
  0xec, 0xfd, 0xec, 0xfd, 0xec, 0xfd, 0xec, 0xfd, 0xec, 0xfd, 0xec, 0xfd, 0xec, 0xfd, 0xec, 0xfd,
  0xec, 0xfd, 0xec, 0xfd, 0xcc, 0xfd, 0x0d, 0xfe, 0xcc, 0xfd, 0x00, 0x00, 0x4a, 0xfd, 0x00, 0x00,
  0x00, 0x00, 0x00, 0x00, 0x00, 0x00, 0x00, 0x00, 0x00, 0x00, 0x00, 0x00, 0x00, 0x00, 0x00, 0x00,
  0x00, 0x00, 0x00, 0x00, 0x00, 0x00, 0x00, 0x00, 0x00, 0x00, 0x00, 0x00, 0x00, 0x00, 0x00, 0x00,
  0x00, 0x00, 0x00, 0x00, 0x00, 0x00, 0x00, 0x00, 0x00, 0x00, 0x00, 0x00, 0x00, 0x00, 0x00, 0x00,
  0x00, 0x00, 0x00, 0x00, 0x00, 0x00, 0x00, 0x00, 0x00, 0x00, 0x00, 0x00, 0x00, 0x00, 0x00, 0x00,
  0xe0, 0xff, 0x00, 0x00, 0xeb, 0xfd, 0x6d, 0xfe, 0xad, 0xfe, 0x6d, 0xfe, 0x6d, 0xfe, 0x8d, 0xfe,
  0xcf, 0xfe, 0xcf, 0xfe, 0xcf, 0xfe, 0xcf, 0xfe, 0x8d, 0xfe, 0x6d, 0xfe, 0x6d, 0xfe, 0x6d, 0xfe,
  0x6d, 0xfe, 0x6d, 0xfe, 0x6d, 0xfe, 0x6d, 0xfe, 0x6d, 0xfe, 0x6d, 0xfe, 0x6d, 0xfe, 0x6d, 0xfe,
  0x6d, 0xfe, 0x6d, 0xfe, 0x6d, 0xfe, 0x6d, 0xfe, 0x6d, 0xfe, 0x6d, 0xfe, 0x6d, 0xfe, 0x6d, 0xfe,
  0x6d, 0xfe, 0x0d, 0xfe, 0xcc, 0xfd, 0xec, 0xfd, 0xec, 0xfd, 0xec, 0xfd, 0xec, 0xfd, 0xec, 0xfd,
  0xec, 0xfd, 0xec, 0xfd, 0xec, 0xfd, 0xec, 0xfd, 0xec, 0xfd, 0xec, 0xfd, 0xec, 0xfd, 0xec, 0xfd,
  0xec, 0xfd, 0xec, 0xfd, 0xec, 0xfd, 0x2d, 0xfe, 0xec, 0xfd, 0x00, 0x00, 0xe7, 0xfd, 0x00, 0x00,
  0x00, 0x00, 0x00, 0x00, 0x00, 0x00, 0x00, 0x00, 0x00, 0x00, 0x00, 0x00, 0x00, 0x00, 0x00, 0x00,
  0x00, 0x00, 0x00, 0x00, 0x00, 0x00, 0x00, 0x00, 0x00, 0x00, 0x00, 0x00, 0x00, 0x00, 0x00, 0x00,
  0x00, 0x00, 0x00, 0x00, 0x00, 0x00, 0x00, 0x00, 0x00, 0x00, 0x00, 0x00, 0x00, 0x00, 0x00, 0x00,
  0x00, 0x00, 0x00, 0x00, 0x00, 0x00, 0x00, 0x00, 0x00, 0x00, 0x00, 0x00, 0x00, 0x00, 0x00, 0x00,
  0xff, 0xff, 0x00, 0x00, 0x6c, 0xfe, 0x6c, 0xfe, 0x8d, 0xfe, 0x6d, 0xfe, 0x6d, 0xfe, 0x8d, 0xfe,
  0xcf, 0xfe, 0xcf, 0xfe, 0xcf, 0xfe, 0xcf, 0xfe, 0x8d, 0xfe, 0x6d, 0xfe, 0x6d, 0xfe, 0x6d, 0xfe,
  0x6d, 0xfe, 0x6d, 0xfe, 0x6d, 0xfe, 0x6d, 0xfe, 0x6d, 0xfe, 0x6d, 0xfe, 0x6d, 0xfe, 0x6d, 0xfe,
  0x6d, 0xfe, 0x6d, 0xfe, 0x6d, 0xfe, 0x6d, 0xfe, 0x6d, 0xfe, 0x6d, 0xfe, 0x6d, 0xfe, 0x6d, 0xfe,
  0x6d, 0xfe, 0x0d, 0xfe, 0xcc, 0xfd, 0xec, 0xfd, 0xec, 0xfd, 0xec, 0xfd, 0xec, 0xfd, 0xec, 0xfd,
  0xec, 0xfd, 0xec, 0xfd, 0xec, 0xfd, 0xec, 0xfd, 0xec, 0xfd, 0xec, 0xfd, 0xec, 0xfd, 0xec, 0xfd,
  0xec, 0xfd, 0xec, 0xfd, 0xcc, 0xfd, 0x4d, 0xfe, 0xcc, 0xfd, 0x00, 0x00, 0xef, 0xfd, 0x00, 0x00,
  0x00, 0x00, 0x00, 0x00, 0x00, 0x00, 0x00, 0x00, 0x00, 0x00, 0x00, 0x00, 0x00, 0x00, 0x00, 0x00,
  0x00, 0x00, 0x00, 0x00, 0x00, 0x00, 0x00, 0x00, 0x00, 0x00, 0x00, 0x00, 0x00, 0x00, 0x00, 0x00,
  0x00, 0x00, 0x00, 0x00, 0x00, 0x00, 0x00, 0x00, 0x00, 0x00, 0x00, 0x00, 0x00, 0x00, 0x00, 0x00,
  0x00, 0x00, 0x00, 0x00, 0x00, 0x00, 0x00, 0x00, 0x00, 0x00, 0x00, 0x00, 0x00, 0x00, 0x00, 0x00,
  0x4a, 0xfd, 0x00, 0x00, 0x4c, 0xfe, 0x6d, 0xfe, 0x6d, 0xfe, 0x6d, 0xfe, 0x6d, 0xfe, 0x8d, 0xfe,
  0xcf, 0xfe, 0xcf, 0xfe, 0xcf, 0xfe, 0xcf, 0xfe, 0x8d, 0xfe, 0x6d, 0xfe, 0x6d, 0xfe, 0x6d, 0xfe,
  0x6d, 0xfe, 0x6d, 0xfe, 0x6d, 0xfe, 0x6d, 0xfe, 0x6d, 0xfe, 0x6d, 0xfe, 0x6d, 0xfe, 0x6d, 0xfe,
  0x6d, 0xfe, 0x6d, 0xfe, 0x6d, 0xfe, 0x6d, 0xfe, 0x6d, 0xfe, 0x6d, 0xfe, 0x6d, 0xfe, 0x6d, 0xfe,
  0x6d, 0xfe, 0x0d, 0xfe, 0xcc, 0xfd, 0xec, 0xfd, 0xec, 0xfd, 0xec, 0xfd, 0xec, 0xfd, 0xec, 0xfd,
  0xec, 0xfd, 0xec, 0xfd, 0xec, 0xfd, 0xec, 0xfd, 0xec, 0xfd, 0xec, 0xfd, 0xec, 0xfd, 0xec, 0xfd,
  0xec, 0xfd, 0xec, 0xfd, 0xec, 0xfd, 0x2d, 0xfe, 0xcc, 0xfd, 0xe0, 0xff, 0xff, 0xff, 0x00, 0x00,
  0x00, 0x00, 0x00, 0x00, 0x00, 0x00, 0x00, 0x00, 0x00, 0x00, 0x00, 0x00, 0x00, 0x00, 0x00, 0x00,
  0x00, 0x00, 0x00, 0x00, 0x00, 0x00, 0x00, 0x00, 0x00, 0x00, 0x00, 0x00, 0x00, 0x00, 0x00, 0x00,
  0x00, 0x00, 0x00, 0x00, 0x00, 0x00, 0x00, 0x00, 0x00, 0x00, 0x00, 0x00, 0x00, 0x00, 0x00, 0x00,
  0x00, 0x00, 0x00, 0x00, 0x00, 0x00, 0x00, 0x00, 0x00, 0x00, 0x00, 0x00, 0x00, 0x00, 0x00, 0x00,
  0xef, 0xfd, 0x00, 0x00, 0x4c, 0xfe, 0xcd, 0xfe, 0x6d, 0xfe, 0x6d, 0xfe, 0x6d, 0xfe, 0x8d, 0xfe,
  0xcf, 0xfe, 0xcf, 0xfe, 0xcf, 0xfe, 0xcf, 0xfe, 0xae, 0xfe, 0x6d, 0xfe, 0x6d, 0xfe, 0x6d, 0xfe,
  0x6d, 0xfe, 0x6d, 0xfe, 0x6d, 0xfe, 0x6d, 0xfe, 0x6d, 0xfe, 0x6d, 0xfe, 0x6d, 0xfe, 0x6d, 0xfe,
  0x6d, 0xfe, 0x6d, 0xfe, 0x6d, 0xfe, 0x6d, 0xfe, 0x6d, 0xfe, 0x6d, 0xfe, 0x6d, 0xfe, 0x6d, 0xfe,
  0x6d, 0xfe, 0x0d, 0xfe, 0xcc, 0xfd, 0xec, 0xfd, 0xec, 0xfd, 0xec, 0xfd, 0xec, 0xfd, 0xec, 0xfd,
  0xec, 0xfd, 0xec, 0xfd, 0xec, 0xfd, 0xec, 0xfd, 0xec, 0xfd, 0xec, 0xfd, 0xec, 0xfd, 0xec, 0xfd,
  0xec, 0xfd, 0xec, 0xfd, 0xcc, 0xfd, 0xed, 0xfd, 0xcc, 0xfd, 0x0d, 0xfe, 0x00, 0x00, 0xe0, 0xff,
  0x00, 0x00, 0x00, 0x00, 0x00, 0x00, 0x00, 0x00, 0x00, 0x00, 0x00, 0x00, 0x00, 0x00, 0x00, 0x00,
  0x00, 0x00, 0x00, 0x00, 0x00, 0x00, 0x00, 0x00, 0x00, 0x00, 0x00, 0x00, 0x00, 0x00, 0x00, 0x00,
  0x00, 0x00, 0x00, 0x00, 0x00, 0x00, 0x00, 0x00, 0x00, 0x00, 0x00, 0x00, 0x00, 0x00, 0x00, 0x00,
  0x00, 0x00, 0x00, 0x00, 0x00, 0x00, 0x00, 0x00, 0x00, 0x00, 0x00, 0x00, 0x00, 0x00, 0x00, 0x00,
  0xef, 0xfd, 0x00, 0x00, 0x6d, 0xfe, 0xee, 0xfe, 0x6d, 0xfe, 0x6d, 0xfe, 0x6d, 0xfe, 0x8d, 0xfe,
  0xcf, 0xfe, 0xcf, 0xfe, 0xcf, 0xfe, 0xcf, 0xfe, 0xae, 0xfe, 0x6d, 0xfe, 0x6d, 0xfe, 0x6d, 0xfe,
  0x6d, 0xfe, 0x6d, 0xfe, 0x6d, 0xfe, 0x6d, 0xfe, 0x6d, 0xfe, 0x6d, 0xfe, 0x6d, 0xfe, 0x6d, 0xfe,
  0x6d, 0xfe, 0x6d, 0xfe, 0x6d, 0xfe, 0x6d, 0xfe, 0x6d, 0xfe, 0x6d, 0xfe, 0x6d, 0xfe, 0x6d, 0xfe,
  0x6d, 0xfe, 0x0d, 0xfe, 0xcc, 0xfd, 0xec, 0xfd, 0xec, 0xfd, 0xec, 0xfd, 0xec, 0xfd, 0xec, 0xfd,
  0xec, 0xfd, 0xec, 0xfd, 0xec, 0xfd, 0xec, 0xfd, 0xec, 0xfd, 0xec, 0xfd, 0xec, 0xfd, 0xec, 0xfd,
  0xec, 0xfd, 0xec, 0xfd, 0xec, 0xfd, 0xec, 0xfd, 0xed, 0xfd, 0xec, 0xfd, 0x00, 0x00, 0xef, 0xfb,
  0x00, 0x00, 0x00, 0x00, 0x00, 0x00, 0x00, 0x00, 0x00, 0x00, 0x00, 0x00, 0x00, 0x00, 0x00, 0x00,
  0x00, 0x00, 0x00, 0x00, 0x00, 0x00, 0x00, 0x00, 0x00, 0x00, 0x00, 0x00, 0x00, 0x00, 0x00, 0x00,
  0x00, 0x00, 0x00, 0x00, 0x00, 0x00, 0x00, 0x00, 0x00, 0x00, 0x00, 0x00, 0x00, 0x00, 0x00, 0x00,
  0x00, 0x00, 0x00, 0x00, 0x00, 0x00, 0x00, 0x00, 0x00, 0x00, 0x00, 0x00, 0x00, 0x00, 0xe0, 0xff,
  0x00, 0x00, 0x00, 0x00, 0x4d, 0xfe, 0xad, 0xfe, 0x6d, 0xfe, 0x6d, 0xfe, 0x6d, 0xfe, 0x8d, 0xfe,
  0xcf, 0xfe, 0xcf, 0xfe, 0xcf, 0xfe, 0xcf, 0xfe, 0xae, 0xfe, 0x6d, 0xfe, 0x6d, 0xfe, 0x6d, 0xfe,
  0x6d, 0xfe, 0x6d, 0xfe, 0x6d, 0xfe, 0x6d, 0xfe, 0x6d, 0xfe, 0x6d, 0xfe, 0x6d, 0xfe, 0x6d, 0xfe,
  0x6d, 0xfe, 0x6d, 0xfe, 0x6d, 0xfe, 0x6d, 0xfe, 0x6d, 0xfe, 0x6d, 0xfe, 0x6d, 0xfe, 0x6d, 0xfe,
  0x6d, 0xfe, 0x2d, 0xfe, 0xcc, 0xfd, 0xec, 0xfd, 0xec, 0xfd, 0xec, 0xfd, 0xec, 0xfd, 0xec, 0xfd,
  0xec, 0xfd, 0xec, 0xfd, 0xec, 0xfd, 0xec, 0xfd, 0xec, 0xfd, 0xec, 0xfd, 0xec, 0xfd, 0xec, 0xfd,
  0xec, 0xfd, 0xec, 0xfd, 0xec, 0xfd, 0xec, 0xfd, 0x2d, 0xfe, 0xec, 0xfd, 0x00, 0xf8, 0xef, 0xfd,
  0x00, 0x00, 0x00, 0x00, 0x00, 0x00, 0x00, 0x00, 0x00, 0x00, 0x00, 0x00, 0x00, 0x00, 0x00, 0x00,
  0x00, 0x00, 0x00, 0x00, 0x00, 0x00, 0x00, 0x00, 0x00, 0x00, 0x00, 0x00, 0x00, 0x00, 0x00, 0x00,
  0x00, 0x00, 0x00, 0x00, 0x00, 0x00, 0x00, 0x00, 0x00, 0x00, 0x00, 0x00, 0x00, 0x00, 0x00, 0x00,
  0x00, 0x00, 0x00, 0x00, 0x00, 0x00, 0x00, 0x00, 0x00, 0x00, 0x00, 0x00, 0x00, 0x00, 0xe0, 0xfb,
  0x00, 0x00, 0x4c, 0xfe, 0x6d, 0xfe, 0x8d, 0xfe, 0x6d, 0xfe, 0x6d, 0xfe, 0x6d, 0xfe, 0x8d, 0xfe,
  0xcf, 0xfe, 0xcf, 0xfe, 0xcf, 0xfe, 0xcf, 0xfe, 0xae, 0xfe, 0x6d, 0xfe, 0x6d, 0xfe, 0x6d, 0xfe,
  0x6d, 0xfe, 0x6d, 0xfe, 0x6d, 0xfe, 0x6d, 0xfe, 0x6d, 0xfe, 0x6d, 0xfe, 0x6d, 0xfe, 0x6d, 0xfe,
  0x6d, 0xfe, 0x6d, 0xfe, 0x6d, 0xfe, 0x6d, 0xfe, 0x6d, 0xfe, 0x6d, 0xfe, 0x6d, 0xfe, 0x6d, 0xfe,
  0x6d, 0xfe, 0x2d, 0xfe, 0xcc, 0xfd, 0xec, 0xfd, 0xec, 0xfd, 0xec, 0xfd, 0xec, 0xfd, 0xec, 0xfd,
  0xec, 0xfd, 0xec, 0xfd, 0xec, 0xfd, 0xec, 0xfd, 0xec, 0xfd, 0xec, 0xfd, 0xec, 0xfd, 0xec, 0xfd,
  0xec, 0xfd, 0xec, 0xfd, 0xec, 0xfd, 0xcc, 0xfd, 0x4d, 0xfe, 0xec, 0xfd, 0x00, 0x00, 0x4a, 0xfd,
  0x00, 0x00, 0x00, 0x00, 0x00, 0x00, 0x00, 0x00, 0x00, 0x00, 0x00, 0x00, 0x00, 0x00, 0x00, 0x00,
  0x00, 0x00, 0x00, 0x00, 0x00, 0x00, 0x00, 0x00, 0x00, 0x00, 0x00, 0x00, 0x00, 0x00, 0x00, 0x00,
  0x00, 0x00, 0x00, 0x00, 0x00, 0x00, 0x00, 0x00, 0x00, 0x00, 0x00, 0x00, 0x00, 0x00, 0x00, 0x00,
  0x00, 0x00, 0x00, 0x00, 0x00, 0x00, 0x00, 0x00, 0x00, 0x00, 0x00, 0x00, 0x00, 0x00, 0xef, 0xfd,
  0xe0, 0xff, 0x4d, 0xfe, 0xce, 0xfe, 0x6d, 0xfe, 0x6d, 0xfe, 0x6d, 0xfe, 0x6d, 0xfe, 0x8d, 0xfe,
  0xcf, 0xfe, 0xcf, 0xfe, 0xcf, 0xfe, 0xcf, 0xfe, 0xae, 0xfe, 0x6d, 0xfe, 0x6d, 0xfe, 0x6d, 0xfe,
  0x6d, 0xfe, 0x6d, 0xfe, 0x6d, 0xfe, 0x6d, 0xfe, 0x6d, 0xfe, 0x6d, 0xfe, 0x6d, 0xfe, 0x6d, 0xfe,
  0x6d, 0xfe, 0x6d, 0xfe, 0x6d, 0xfe, 0x6d, 0xfe, 0x6d, 0xfe, 0x6d, 0xfe, 0x6d, 0xfe, 0x6d, 0xfe,
  0x6d, 0xfe, 0x2d, 0xfe, 0xcc, 0xfd, 0xec, 0xfd, 0xec, 0xfd, 0xec, 0xfd, 0xec, 0xfd, 0xec, 0xfd,
  0xec, 0xfd, 0xec, 0xfd, 0xec, 0xfd, 0xec, 0xfd, 0xec, 0xfd, 0xec, 0xfd, 0xec, 0xfd, 0xec, 0xfd,
  0xec, 0xfd, 0xec, 0xfd, 0xec, 0xfd, 0xec, 0xfd, 0x0d, 0xfe, 0xcc, 0xfd, 0xed, 0xfd, 0x00, 0x00,
  0x00, 0xf8, 0x00, 0x00, 0x00, 0x00, 0x00, 0x00, 0x00, 0x00, 0x00, 0x00, 0x00, 0x00, 0x00, 0x00,
  0x00, 0x00, 0x00, 0x00, 0x00, 0x00, 0x00, 0x00, 0x00, 0x00, 0x00, 0x00, 0x00, 0x00, 0x00, 0x00,
  0x00, 0x00, 0x00, 0x00, 0x00, 0x00, 0x00, 0x00, 0x00, 0x00, 0x00, 0x00, 0x00, 0x00, 0x00, 0x00,
  0x00, 0x00, 0x00, 0x00, 0x00, 0x00, 0x00, 0x00, 0x00, 0x00, 0x00, 0x00, 0x00, 0x00, 0xef, 0xff,
  0x00, 0x00, 0x4d, 0xfe, 0xcd, 0xfe, 0x6d, 0xfe, 0x6d, 0xfe, 0x6d, 0xfe, 0x6d, 0xfe, 0x6d, 0xfe,
  0xae, 0xfe, 0xcf, 0xfe, 0xcf, 0xfe, 0xcf, 0xfe, 0x8d, 0xfe, 0x6d, 0xfe, 0x6d, 0xfe, 0x6d, 0xfe,
  0x6d, 0xfe, 0x6d, 0xfe, 0x6d, 0xfe, 0x6d, 0xfe, 0x6d, 0xfe, 0x6d, 0xfe, 0x6d, 0xfe, 0x6d, 0xfe,
  0x6d, 0xfe, 0x6d, 0xfe, 0x6d, 0xfe, 0x6d, 0xfe, 0x6d, 0xfe, 0x6d, 0xfe, 0x6d, 0xfe, 0x6d, 0xfe,
  0x6d, 0xfe, 0x2d, 0xfe, 0xcc, 0xfd, 0xcc, 0xfd, 0xcc, 0xfd, 0xcc, 0xfd, 0xcc, 0xfd, 0xcc, 0xfd,
  0xcc, 0xfd, 0xcc, 0xfd, 0xec, 0xfd, 0xec, 0xfd, 0xec, 0xfd, 0xec, 0xfd, 0xec, 0xfd, 0xec, 0xfd,
  0xec, 0xfd, 0xec, 0xfd, 0xec, 0xfd, 0xec, 0xfd, 0xcc, 0xfd, 0x0d, 0xfe, 0xed, 0xfd, 0xe0, 0xff,
  0xea, 0xff, 0x00, 0x00, 0x00, 0x00, 0x00, 0x00, 0x00, 0x00, 0x00, 0x00, 0x00, 0x00, 0x00, 0x00,
  0x00, 0x00, 0x00, 0x00, 0x00, 0x00, 0x00, 0x00, 0x00, 0x00, 0x00, 0x00, 0x00, 0x00, 0x00, 0x00,
  0x00, 0x00, 0x00, 0x00, 0x00, 0x00, 0x00, 0x00, 0x00, 0x00, 0x00, 0x00, 0x00, 0x00, 0x00, 0x00,
  0x00, 0x00, 0x00, 0x00, 0x00, 0x00, 0x00, 0x00, 0x00, 0x00, 0x00, 0x00, 0xef, 0xfb, 0xe0, 0xff,
  0x4d, 0xfe, 0x6d, 0xfe, 0x8d, 0xfe, 0x6d, 0xfe, 0x6d, 0xfe, 0x6d, 0xfe, 0x6d, 0xfe, 0x6d, 0xfe,
  0x6d, 0xfe, 0xae, 0xfe, 0xae, 0xfe, 0x8d, 0xfe, 0x6d, 0xfe, 0x6d, 0xfe, 0x6d, 0xfe, 0x6d, 0xfe,
  0x6d, 0xfe, 0x6d, 0xfe, 0x6d, 0xfe, 0x4d, 0xfe, 0x4d, 0xfe, 0x4d, 0xfe, 0x4d, 0xfe, 0x4d, 0xfe,
  0x4d, 0xfe, 0x4d, 0xfe, 0x4d, 0xfe, 0x4d, 0xfe, 0x4d, 0xfe, 0x4d, 0xfe, 0x4d, 0xfe, 0x4d, 0xfe,
  0x4d, 0xfe, 0x4d, 0xfe, 0x2d, 0xfe, 0x2d, 0xfe, 0x0d, 0xfe, 0x0d, 0xfe, 0x0d, 0xfe, 0x0d, 0xfe,
  0xed, 0xfd, 0xed, 0xfd, 0xed, 0xfd, 0xec, 0xfd, 0xec, 0xfd, 0xcc, 0xfd, 0xcc, 0xfd, 0xcc, 0xfd,
  0xec, 0xfd, 0xec, 0xfd, 0xec, 0xfd, 0xec, 0xfd, 0xec, 0xfd, 0x2d, 0xfe, 0xcc, 0xfd, 0x00, 0x00,
  0x4a, 0xfd, 0x00, 0x00, 0x00, 0x00, 0x00, 0x00, 0x00, 0x00, 0x00, 0x00, 0x00, 0x00, 0x00, 0x00,
  0x00, 0x00, 0x00, 0x00, 0x00, 0x00, 0x00, 0x00, 0x00, 0x00, 0x00, 0x00, 0x00, 0x00, 0x00, 0x00,
  0x00, 0x00, 0x00, 0x00, 0x00, 0x00, 0x00, 0x00, 0x00, 0x00, 0x00, 0x00, 0x00, 0x00, 0x00, 0x00,
  0x00, 0x00, 0x00, 0x00, 0x00, 0x00, 0x00, 0x00, 0x00, 0x00, 0x00, 0x00, 0xef, 0xff, 0x00, 0x00,
  0x4c, 0xfe, 0xce, 0xfe, 0x6d, 0xfe, 0x6d, 0xfe, 0x6d, 0xfe, 0x6d, 0xfe, 0x6d, 0xfe, 0x6d, 0xfe,
  0x8d, 0xfe, 0x6d, 0xfe, 0x4d, 0xfe, 0x4d, 0xfe, 0x4d, 0xfe, 0x4d, 0xfe, 0x4d, 0xfe, 0x4d, 0xfe,
  0x4d, 0xfe, 0x4d, 0xfe, 0x4d, 0xfe, 0x4d, 0xfe, 0x4d, 0xfe, 0x4d, 0xfe, 0x4d, 0xfe, 0x4d, 0xfe,
  0x4d, 0xfe, 0x4d, 0xfe, 0x4d, 0xfe, 0x4d, 0xfe, 0x4d, 0xfe, 0x4d, 0xfe, 0x4d, 0xfe, 0x4d, 0xfe,
  0x4d, 0xfe, 0x4d, 0xfe, 0x4d, 0xfe, 0x4d, 0xfe, 0x4d, 0xfe, 0x4d, 0xfe, 0x4d, 0xfe, 0x4d, 0xfe,
  0x4d, 0xfe, 0x4d, 0xfe, 0x4d, 0xfe, 0x2d, 0xfe, 0x2d, 0xfe, 0x2d, 0xfe, 0x0d, 0xfe, 0x0d, 0xfe,
  0xec, 0xfd, 0xec, 0xfd, 0xec, 0xfd, 0xcc, 0xfd, 0xec, 0xfd, 0xed, 0xfd, 0xec, 0xfd, 0xec, 0xfd,
  0x4a, 0xfd, 0xef, 0xff, 0x00, 0x00, 0x00, 0x00, 0x00, 0x00, 0x00, 0x00, 0x00, 0x00, 0x00, 0x00,
  0x00, 0x00, 0x00, 0x00, 0x00, 0x00, 0x00, 0x00, 0x00, 0x00, 0x00, 0x00, 0x00, 0x00, 0x00, 0x00,
  0x00, 0x00, 0x00, 0x00, 0x00, 0x00, 0x00, 0x00, 0x00, 0x00, 0x00, 0x00, 0x00, 0x00, 0x00, 0x00,
  0x00, 0x00, 0x00, 0x00, 0x00, 0x00, 0x00, 0x00, 0xef, 0xff, 0xef, 0xfd, 0x00, 0x00, 0x00, 0xf8,
  0x6d, 0xfe, 0xad, 0xfe, 0x6d, 0xfe, 0x8d, 0xfe, 0x8e, 0xfe, 0xae, 0xfe, 0xae, 0xfe, 0xae, 0xfe,
  0xce, 0xfe, 0x6d, 0xfe, 0x4d, 0xfe, 0x4d, 0xfe, 0x4d, 0xfe, 0x4d, 0xfe, 0x4d, 0xfe, 0x4d, 0xfe,
  0x4d, 0xfe, 0x4d, 0xfe, 0x4d, 0xfe, 0x4d, 0xfe, 0x4d, 0xfe, 0x4d, 0xfe, 0x4d, 0xfe, 0x4d, 0xfe,
  0x4d, 0xfe, 0x4d, 0xfe, 0x4d, 0xfe, 0x4d, 0xfe, 0x4d, 0xfe, 0x4d, 0xfe, 0x4d, 0xfe, 0x4d, 0xfe,
  0x4d, 0xfe, 0x4d, 0xfe, 0x4d, 0xfe, 0x4d, 0xfe, 0x4d, 0xfe, 0x4d, 0xfe, 0x4d, 0xfe, 0x4d, 0xfe,
  0x4d, 0xfe, 0x4d, 0xfe, 0x4d, 0xfe, 0x4d, 0xfe, 0x4d, 0xfe, 0x4d, 0xfe, 0x4d, 0xfe, 0x4d, 0xfe,
  0x4d, 0xfe, 0x2d, 0xfe, 0x2d, 0xfe, 0x0d, 0xfe, 0x0d, 0xfe, 0xec, 0xfd, 0x4d, 0xfe, 0xcc, 0xfd,
  0x00, 0x00, 0xe7, 0xfd, 0xea, 0xff, 0xe0, 0xff, 0x00, 0x00, 0x00, 0x00, 0x00, 0x00, 0x00, 0x00,
  0x00, 0x00, 0x00, 0x00, 0x00, 0x00, 0x00, 0x00, 0x00, 0x00, 0x00, 0x00, 0x00, 0x00, 0x00, 0x00,
  0x00, 0x00, 0x00, 0x00, 0x00, 0x00, 0x00, 0x00, 0x00, 0x00, 0x00, 0x00, 0x00, 0x00, 0x00, 0x00,
  0x00, 0x00, 0x00, 0x00, 0xef, 0xff, 0xef, 0xff, 0x00, 0x00, 0x00, 0x00, 0x8e, 0xfe, 0x8d, 0xfe,
  0xee, 0xfe, 0xae, 0xfe, 0xae, 0xfe, 0xae, 0xfe, 0xce, 0xfe, 0xae, 0xfe, 0xae, 0xfe, 0xae, 0xfe,
  0xae, 0xfe, 0x4d, 0xfe, 0x4d, 0xfe, 0x4d, 0xfe, 0x4d, 0xfe, 0x4d, 0xfe, 0x4d, 0xfe, 0x4d, 0xfe,
  0x4d, 0xfe, 0x4d, 0xfe, 0x4d, 0xfe, 0x4d, 0xfe, 0x4d, 0xfe, 0x4d, 0xfe, 0x4d, 0xfe, 0x4d, 0xfe,
  0x4d, 0xfe, 0x4d, 0xfe, 0x4d, 0xfe, 0x4d, 0xfe, 0x4d, 0xfe, 0x4d, 0xfe, 0x4d, 0xfe, 0x4d, 0xfe,
  0x4d, 0xfe, 0x4d, 0xfe, 0x4d, 0xfe, 0x4d, 0xfe, 0x4d, 0xfe, 0x4d, 0xfe, 0x4d, 0xfe, 0x4d, 0xfe,
  0x4d, 0xfe, 0x4d, 0xfe, 0x4d, 0xfe, 0x4d, 0xfe, 0x4d, 0xfe, 0x4d, 0xfe, 0x4d, 0xfe, 0x4d, 0xfe,
  0x4d, 0xfe, 0x4d, 0xfe, 0x4d, 0xfe, 0x4d, 0xfe, 0x4d, 0xfe, 0x4d, 0xfe, 0x4d, 0xfe, 0x2d, 0xfe,
  0x2d, 0xfe, 0x00, 0x00, 0x00, 0x00, 0x00, 0x00, 0xea, 0xff, 0xef, 0xfb, 0x00, 0x00, 0x00, 0x00,
  0x00, 0x00, 0x00, 0x00, 0x00, 0x00, 0x00, 0x00, 0x00, 0x00, 0x00, 0x00, 0x00, 0x00, 0x00, 0x00,
  0x00, 0x00, 0x00, 0x00, 0x00, 0x00, 0x00, 0x00, 0x00, 0x00, 0x00, 0x00, 0x00, 0x00, 0x00, 0x00,
  0x00, 0xf8, 0x4a, 0xfd, 0x00, 0x00, 0x00, 0x00, 0xae, 0xfe, 0xef, 0xfe, 0xcf, 0xfe, 0x0f, 0xff,
  0xae, 0xfe, 0xce, 0xfe, 0xae, 0xfe, 0xae, 0xfe, 0xae, 0xfe, 0xae, 0xfe, 0xae, 0xfe, 0xce, 0xfe,
  0x8e, 0xfe, 0x4d, 0xfe, 0x4d, 0xfe, 0x4d, 0xfe, 0x4d, 0xfe, 0x4d, 0xfe, 0x4d, 0xfe, 0x4d, 0xfe,
  0x4d, 0xfe, 0x4d, 0xfe, 0x4d, 0xfe, 0x4d, 0xfe, 0x4d, 0xfe, 0x4d, 0xfe, 0x4d, 0xfe, 0x4d, 0xfe,
  0x4d, 0xfe, 0x4d, 0xfe, 0x4d, 0xfe, 0x4d, 0xfe, 0x4d, 0xfe, 0x4d, 0xfe, 0x4d, 0xfe, 0x4d, 0xfe,
  0x4d, 0xfe, 0x4d, 0xfe, 0x4d, 0xfe, 0x4d, 0xfe, 0x4d, 0xfe, 0x4d, 0xfe, 0x4d, 0xfe, 0x4d, 0xfe,
  0x4d, 0xfe, 0x4d, 0xfe, 0x4d, 0xfe, 0x4d, 0xfe, 0x4d, 0xfe, 0x4d, 0xfe, 0x4d, 0xfe, 0x4d, 0xfe,
  0x2d, 0xfe, 0x2d, 0xfe, 0x2d, 0xfe, 0x4d, 0xfe, 0x4d, 0xfe, 0x4d, 0xfe, 0x4d, 0xfe, 0x6d, 0xfe,
  0x4d, 0xfe, 0x4d, 0xfe, 0x4d, 0xfe, 0x0d, 0xfe, 0x00, 0x00, 0x00, 0x00, 0x4a, 0xfd, 0x00, 0xf8,
  0x00, 0x00, 0x00, 0x00, 0x00, 0x00, 0x00, 0x00, 0x00, 0x00, 0x00, 0x00, 0x00, 0x00, 0x00, 0x00,
  0x00, 0x00, 0x00, 0x00, 0x00, 0x00, 0x00, 0x00, 0x00, 0x00, 0x00, 0x00, 0x00, 0x00, 0xe0, 0xff,
  0x00, 0x00, 0x00, 0x00, 0x8e, 0xfe, 0xcf, 0xfe, 0xcf, 0xfe, 0x2f, 0xff, 0xef, 0xfe, 0xae, 0xfe,
  0xae, 0xfe, 0xae, 0xfe, 0xae, 0xfe, 0xae, 0xfe, 0xae, 0xfe, 0xae, 0xfe, 0xce, 0xfe, 0xae, 0xfe,
  0x6d, 0xfe, 0x4d, 0xfe, 0x4d, 0xfe, 0x4d, 0xfe, 0x4d, 0xfe, 0x4d, 0xfe, 0x4d, 0xfe, 0x4d, 0xfe,
  0x4d, 0xfe, 0x4d, 0xfe, 0x4d, 0xfe, 0x4d, 0xfe, 0x4d, 0xfe, 0x4d, 0xfe, 0x4d, 0xfe, 0x4d, 0xfe,
  0x4d, 0xfe, 0x4d, 0xfe, 0x4d, 0xfe, 0x4d, 0xfe, 0x4d, 0xfe, 0x4d, 0xfe, 0x4d, 0xfe, 0x4d, 0xfe,
  0x4d, 0xfe, 0x4d, 0xfe, 0x4d, 0xfe, 0x4d, 0xfe, 0x4d, 0xfe, 0x4d, 0xfe, 0x4d, 0xfe, 0x4d, 0xfe,
  0x4d, 0xfe, 0x4d, 0xfe, 0x4d, 0xfe, 0x4d, 0xfe, 0x4d, 0xfe, 0x4d, 0xfe, 0x2d, 0xfe, 0xec, 0xfd,
  0xcc, 0xfd, 0xcc, 0xfd, 0xcc, 0xfd, 0xec, 0xfd, 0xec, 0xfd, 0xec, 0xfd, 0x0c, 0xfe, 0x0c, 0xfe,
  0x2d, 0xfe, 0x8d, 0xfe, 0xae, 0xfe, 0x4d, 0xfe, 0x4d, 0xfe, 0x6d, 0xfe, 0x00, 0x00, 0x00, 0x00,
  0xe0, 0xff, 0x00, 0x00, 0x00, 0x00, 0x00, 0x00, 0x00, 0x00, 0x00, 0x00, 0x00, 0x00, 0x00, 0x00,
  0x00, 0x00, 0x00, 0x00, 0x00, 0x00, 0x00, 0x00, 0x00, 0x00, 0x00, 0x00, 0xe0, 0xff, 0x00, 0x00,
  0xe7, 0xfd, 0xce, 0xfe, 0xcf, 0xfe, 0x2f, 0xff, 0xae, 0xfe, 0xae, 0xfe, 0xae, 0xfe, 0xae, 0xfe,
  0xae, 0xfe, 0xae, 0xfe, 0xae, 0xfe, 0xae, 0xfe, 0xce, 0xfe, 0xce, 0xfe, 0xae, 0xfe, 0x6d, 0xfe,
  0x4d, 0xfe, 0x4d, 0xfe, 0x4d, 0xfe, 0x4d, 0xfe, 0x4d, 0xfe, 0x4d, 0xfe, 0x4d, 0xfe, 0x4d, 0xfe,
  0x4d, 0xfe, 0x4d, 0xfe, 0x4d, 0xfe, 0x4d, 0xfe, 0x4d, 0xfe, 0x4d, 0xfe, 0x4d, 0xfe, 0x4d, 0xfe,
  0x4d, 0xfe, 0x4d, 0xfe, 0x4d, 0xfe, 0x4d, 0xfe, 0x4d, 0xfe, 0x4d, 0xfe, 0x4d, 0xfe, 0x4d, 0xfe,
  0x4d, 0xfe, 0x4d, 0xfe, 0x4d, 0xfe, 0x4d, 0xfe, 0x4d, 0xfe, 0x4d, 0xfe, 0x4d, 0xfe, 0x4d, 0xfe,
  0x4d, 0xfe, 0x4d, 0xfe, 0x4d, 0xfe, 0x4d, 0xfe, 0x4d, 0xfe, 0x0c, 0xfe, 0xcc, 0xfd, 0xcc, 0xfd,
  0xcc, 0xfd, 0xcc, 0xfd, 0xcc, 0xfd, 0xcc, 0xfd, 0xcc, 0xfd, 0xcc, 0xfd, 0xcc, 0xfd, 0xcc, 0xfd,
  0xcc, 0xfd, 0xcc, 0xfd, 0xcc, 0xfd, 0x0c, 0xfe, 0x6d, 0xfe, 0x2d, 0xfe, 0x0d, 0xfe, 0xef, 0xff,
  0x00, 0x00, 0x00, 0xf8, 0x00, 0x00, 0x00, 0x00, 0x00, 0x00, 0x00, 0x00, 0x00, 0x00, 0x00, 0x00,
  0x00, 0x00, 0x00, 0x00, 0x00, 0x00, 0x00, 0x00, 0x00, 0x00, 0xe0, 0xff, 0xe0, 0xff, 0xeb, 0xfe,
  0xae, 0xfe, 0x4f, 0xff, 0xae, 0xfe, 0xae, 0xfe, 0xae, 0xfe, 0xae, 0xfe, 0xae, 0xfe, 0xae, 0xfe,
  0xce, 0xfe, 0xce, 0xfe, 0xce, 0xfe, 0xae, 0xfe, 0x8e, 0xfe, 0x6d, 0xfe, 0x4d, 0xfe, 0x4d, 0xfe,
  0x4d, 0xfe, 0x4d, 0xfe, 0x4d, 0xfe, 0x4d, 0xfe, 0x4d, 0xfe, 0x4d, 0xfe, 0x4d, 0xfe, 0x4d, 0xfe,
  0x4d, 0xfe, 0x4d, 0xfe, 0x4d, 0xfe, 0x4d, 0xfe, 0x4d, 0xfe, 0x4d, 0xfe, 0x4d, 0xfe, 0x4d, 0xfe,
  0x4d, 0xfe, 0x4d, 0xfe, 0x4d, 0xfe, 0x4d, 0xfe, 0x4d, 0xfe, 0x4d, 0xfe, 0x4d, 0xfe, 0x4d, 0xfe,
  0x4d, 0xfe, 0x4d, 0xfe, 0x4d, 0xfe, 0x4d, 0xfe, 0x4d, 0xfe, 0x4d, 0xfe, 0x4d, 0xfe, 0x4d, 0xfe,
  0x4d, 0xfe, 0x4d, 0xfe, 0x4d, 0xfe, 0x4d, 0xfe, 0x0c, 0xfe, 0xcc, 0xfd, 0xcc, 0xfd, 0xcc, 0xfd,
  0xcc, 0xfd, 0xcc, 0xfd, 0xcc, 0xfd, 0xcc, 0xfd, 0xcc, 0xfd, 0xcc, 0xfd, 0xcc, 0xfd, 0xcc, 0xfd,
  0xcc, 0xfd, 0xcc, 0xfd, 0xcc, 0xfd, 0xcc, 0xfd, 0xcc, 0xfd, 0xcc, 0xfd, 0x4d, 0xfe, 0xec, 0xfd,
  0xaf, 0xfe, 0xe0, 0xff, 0xe0, 0xff, 0x00, 0x00, 0x00, 0x00, 0x00, 0x00, 0x00, 0x00, 0x00, 0x00,
  0x00, 0x00, 0x00, 0x00, 0x00, 0x00, 0x00, 0x00, 0x00, 0x00, 0xea, 0xff, 0x00, 0x00, 0xae, 0xfe,
  0x50, 0xff, 0xae, 0xfe, 0xae, 0xfe, 0xae, 0xfe, 0xae, 0xfe, 0xce, 0xfe, 0xce, 0xfe, 0xae, 0xfe,
  0xae, 0xfe, 0x8e, 0xfe, 0x6d, 0xfe, 0x4d, 0xfe, 0x4d, 0xfe, 0x4d, 0xfe, 0x4d, 0xfe, 0x4d, 0xfe,
  0x4d, 0xfe, 0x4d, 0xfe, 0x4d, 0xfe, 0x4d, 0xfe, 0x4d, 0xfe, 0x4d, 0xfe, 0x4d, 0xfe, 0x4d, 0xfe,
  0x4d, 0xfe, 0x4d, 0xfe, 0x4d, 0xfe, 0x4d, 0xfe, 0x4d, 0xfe, 0x4d, 0xfe, 0x4d, 0xfe, 0x4d, 0xfe,
  0x4d, 0xfe, 0x4d, 0xfe, 0x4d, 0xfe, 0x4d, 0xfe, 0x4d, 0xfe, 0x4d, 0xfe, 0x4d, 0xfe, 0x4d, 0xfe,
  0x4d, 0xfe, 0x4d, 0xfe, 0x4d, 0xfe, 0x4d, 0xfe, 0x4d, 0xfe, 0x4d, 0xfe, 0x4d, 0xfe, 0x4d, 0xfe,
  0x4d, 0xfe, 0x4d, 0xfe, 0x4d, 0xfe, 0x4d, 0xfe, 0xec, 0xfd, 0xcc, 0xfd, 0xcc, 0xfd, 0xcc, 0xfd,
  0xcc, 0xfd, 0xcc, 0xfd, 0xcc, 0xfd, 0xcc, 0xfd, 0xcc, 0xfd, 0xcc, 0xfd, 0xcc, 0xfd, 0xcc, 0xfd,
  0xcc, 0xfd, 0xcc, 0xfd, 0xcc, 0xfd, 0xcc, 0xfd, 0xcc, 0xfd, 0xcc, 0xfd, 0xcc, 0xfd, 0x4d, 0xfe,
  0xec, 0xfd, 0x00, 0x00, 0x4a, 0xfd, 0x00, 0x00, 0x00, 0x00, 0x00, 0x00, 0x00, 0x00, 0x00, 0x00,
  0x00, 0x00, 0x00, 0x00, 0x00, 0x00, 0x00, 0x00, 0xe0, 0xff, 0x00, 0x00, 0xaf, 0xfe, 0xae, 0xfe,
  0xef, 0xfe, 0xae, 0xfe, 0xce, 0xfe, 0xce, 0xfe, 0xae, 0xfe, 0xae, 0xfe, 0x8e, 0xfe, 0x6d, 0xfe,
  0x4d, 0xfe, 0x4d, 0xfe, 0x4d, 0xfe, 0x4d, 0xfe, 0x4d, 0xfe, 0x4d, 0xfe, 0x4d, 0xfe, 0x4d, 0xfe,
  0x4d, 0xfe, 0x4d, 0xfe, 0x4d, 0xfe, 0x4d, 0xfe, 0x4d, 0xfe, 0x4d, 0xfe, 0x4d, 0xfe, 0x4d, 0xfe,
  0x4d, 0xfe, 0x4d, 0xfe, 0x4d, 0xfe, 0x4d, 0xfe, 0x4d, 0xfe, 0x4d, 0xfe, 0x4d, 0xfe, 0x4d, 0xfe,
  0x4d, 0xfe, 0x4d, 0xfe, 0x4d, 0xfe, 0x4d, 0xfe, 0x4d, 0xfe, 0x4d, 0xfe, 0x4d, 0xfe, 0x4d, 0xfe,
  0x4d, 0xfe, 0x4d, 0xfe, 0x4d, 0xfe, 0x4d, 0xfe, 0x4d, 0xfe, 0x4d, 0xfe, 0x4d, 0xfe, 0x4d, 0xfe,
  0x4d, 0xfe, 0x4d, 0xfe, 0x4d, 0xfe, 0x2d, 0xfe, 0xcc, 0xfd, 0xcc, 0xfd, 0xcc, 0xfd, 0xcc, 0xfd,
  0xcc, 0xfd, 0xcc, 0xfd, 0xcc, 0xfd, 0xcc, 0xfd, 0xcc, 0xfd, 0xcc, 0xfd, 0xcc, 0xfd, 0xcc, 0xfd,
  0xcc, 0xfd, 0xcc, 0xfd, 0xcc, 0xfd, 0xcc, 0xfd, 0xcc, 0xfd, 0xcc, 0xfd, 0xcc, 0xfd, 0xec, 0xfd,
  0xcc, 0xfd, 0xaf, 0xfe, 0x00, 0x00, 0xe0, 0xff, 0x00, 0x00, 0x00, 0x00, 0x00, 0x00, 0x00, 0x00,
  0x00, 0x00, 0x00, 0x00, 0x00, 0x00, 0x00, 0x00, 0xe0, 0xff, 0x00, 0x00, 0x2e, 0xfe, 0xae, 0xfe,
  0xef, 0xfe, 0xae, 0xfe, 0x8e, 0xfe, 0x6d, 0xfe, 0x4d, 0xfe, 0x4d, 0xfe, 0x4d, 0xfe, 0x4d, 0xfe,
  0x4d, 0xfe, 0x4d, 0xfe, 0x4d, 0xfe, 0x4d, 0xfe, 0x4d, 0xfe, 0x4d, 0xfe, 0x4d, 0xfe, 0x4d, 0xfe,
  0x4d, 0xfe, 0x4d, 0xfe, 0x4d, 0xfe, 0x4d, 0xfe, 0x4d, 0xfe, 0x2d, 0xfe, 0x2d, 0xfe, 0x2c, 0xfe,
  0x2c, 0xfe, 0x0c, 0xfe, 0x0c, 0xfe, 0x0c, 0xfe, 0x0c, 0xfe, 0x0c, 0xfe, 0xec, 0xfd, 0xec, 0xfd,
  0xec, 0xfd, 0xec, 0xfd, 0xec, 0xfd, 0xec, 0xfd, 0xec, 0xfd, 0xec, 0xfd, 0xec, 0xfd, 0xec, 0xfd,
  0xec, 0xfd, 0xec, 0xfd, 0x0c, 0xfe, 0x0c, 0xfe, 0x0c, 0xfe, 0x0c, 0xfe, 0x0c, 0xfe, 0x2c, 0xfe,
  0x2c, 0xfe, 0x2d, 0xfe, 0x4d, 0xfe, 0x0c, 0xfe, 0xcc, 0xfd, 0xcc, 0xfd, 0xcc, 0xfd, 0xcc, 0xfd,
  0xcc, 0xfd, 0xcc, 0xfd, 0xcc, 0xfd, 0xcc, 0xfd, 0xcc, 0xfd, 0xcc, 0xfd, 0xcc, 0xfd, 0xcc, 0xfd,
  0xcc, 0xfd, 0xcc, 0xfd, 0xcc, 0xfd, 0xcc, 0xfd, 0xcc, 0xfd, 0xcc, 0xfd, 0xcc, 0xfd, 0xec, 0xfd,
  0xcc, 0xfd, 0x4a, 0xfd, 0x00, 0x00, 0xe0, 0xff, 0x00, 0x00, 0x00, 0x00, 0x00, 0x00, 0x00, 0x00,
  0x00, 0x00, 0x00, 0x00, 0x00, 0x00, 0x00, 0x00, 0xe0, 0xff, 0x00, 0x00, 0x2e, 0xfe, 0x8e, 0xfe,
  0x8e, 0xfe, 0x4d, 0xfe, 0x4d, 0xfe, 0x4d, 0xfe, 0x4d, 0xfe, 0x4d, 0xfe, 0x4d, 0xfe, 0x4d, 0xfe,
  0x4d, 0xfe, 0x4d, 0xfe, 0x4d, 0xfe, 0x4d, 0xfe, 0x4d, 0xfe, 0x4d, 0xfe, 0x4d, 0xfe, 0x2d, 0xfe,
  0x2c, 0xfe, 0x0c, 0xfe, 0x0c, 0xfe, 0xec, 0xfd, 0xec, 0xfd, 0xec, 0xfd, 0xec, 0xfd, 0xcc, 0xfd,
  0xcc, 0xfd, 0xcb, 0xfd, 0xcb, 0xfd, 0xcb, 0xfd, 0xcb, 0xfd, 0xcb, 0xfd, 0xcc, 0xfd, 0xcc, 0xfd,
  0xcc, 0xfd, 0xcc, 0xfd, 0xec, 0xfd, 0xec, 0xfd, 0xec, 0xfd, 0xcc, 0xfd, 0xcc, 0xfd, 0xcc, 0xfd,
  0xcc, 0xfd, 0xcc, 0xfd, 0xcb, 0xfd, 0xcb, 0xfd, 0xcb, 0xfd, 0xcb, 0xfd, 0xcb, 0xfd, 0xcc, 0xfd,
  0xcc, 0xfd, 0xec, 0xfd, 0xec, 0xfd, 0xec, 0xfd, 0xcc, 0xfd, 0xcc, 0xfd, 0xcc, 0xfd, 0xcc, 0xfd,
  0xcc, 0xfd, 0xcc, 0xfd, 0xcc, 0xfd, 0xcc, 0xfd, 0xcc, 0xfd, 0xcc, 0xfd, 0xcc, 0xfd, 0xcc, 0xfd,
  0xcc, 0xfd, 0xcc, 0xfd, 0xcc, 0xfd, 0xcc, 0xfd, 0xcc, 0xfd, 0xcc, 0xfd, 0xcc, 0xfd, 0xec, 0xfd,
  0xcc, 0xfd, 0x4a, 0xfd, 0x00, 0x00, 0xe0, 0xff, 0x00, 0x00, 0x00, 0x00, 0x00, 0x00, 0x00, 0x00,
  0x00, 0x00, 0x00, 0x00, 0x00, 0x00, 0x00, 0x00, 0xe0, 0xff, 0x00, 0x00, 0xeb, 0xfd, 0x4d, 0xfe,
  0x6d, 0xfe, 0x4d, 0xfe, 0x4d, 0xfe, 0x4d, 0xfe, 0x4d, 0xfe, 0x4d, 0xfe, 0x4d, 0xfe, 0x4d, 0xfe,
  0x4d, 0xfe, 0x4d, 0xfe, 0x2d, 0xfe, 0x2c, 0xfe, 0x0c, 0xfe, 0xec, 0xfd, 0xec, 0xfd, 0xec, 0xfd,
  0xcb, 0xfd, 0xcb, 0xfd, 0xcb, 0xfd, 0xcc, 0xfd, 0xec, 0xfd, 0xec, 0xfd, 0xec, 0xfd, 0xec, 0xfd,
  0xec, 0xfd, 0xec, 0xfd, 0xec, 0xfd, 0xec, 0xfd, 0xec, 0xfd, 0xec, 0xfd, 0xec, 0xfd, 0xec, 0xfd,
  0xec, 0xfd, 0xec, 0xfd, 0xec, 0xfd, 0xec, 0xfd, 0xec, 0xfd, 0xec, 0xfd, 0xec, 0xfd, 0xec, 0xfd,
  0xec, 0xfd, 0xec, 0xfd, 0xec, 0xfd, 0xec, 0xfd, 0xec, 0xfd, 0xec, 0xfd, 0xec, 0xfd, 0xec, 0xfd,
  0xec, 0xfd, 0xec, 0xfd, 0xec, 0xfd, 0xec, 0xfd, 0xec, 0xfd, 0xec, 0xfd, 0xec, 0xfd, 0xec, 0xfd,
  0xec, 0xfd, 0xec, 0xfd, 0xec, 0xfd, 0xcc, 0xfd, 0xcc, 0xfd, 0xcc, 0xfd, 0xcc, 0xfd, 0xcc, 0xfd,
  0xcc, 0xfd, 0xcc, 0xfd, 0xcc, 0xfd, 0xcc, 0xfd, 0xcc, 0xfd, 0xcc, 0xfd, 0xcc, 0xfd, 0xec, 0xfd,
  0xcc, 0xfd, 0x4a, 0xfd, 0x00, 0x00, 0xe0, 0xff, 0x00, 0x00, 0x00, 0x00, 0x00, 0x00, 0x00, 0x00,
  0x00, 0x00, 0x00, 0x00, 0x00, 0x00, 0x00, 0x00, 0xe0, 0xff, 0x00, 0x00, 0xeb, 0xfd, 0x4d, 0xfe,
  0x6d, 0xfe, 0x4d, 0xfe, 0x4d, 0xfe, 0x4d, 0xfe, 0x4d, 0xfe, 0x4d, 0xfe, 0x4d, 0xfe, 0x2c, 0xfe,
  0x0c, 0xfe, 0xec, 0xfd, 0xec, 0xfd, 0xcb, 0xfd, 0xcb, 0xfd, 0xcc, 0xfd, 0xec, 0xfd, 0xec, 0xfd,
  0xec, 0xfd, 0xcc, 0xfd, 0xcc, 0xfd, 0xec, 0xfd, 0xec, 0xfd, 0xcc, 0xfd, 0xec, 0xfd, 0xec, 0xfd,
  0xec, 0xfd, 0xec, 0xfd, 0xec, 0xfd, 0xec, 0xfd, 0xec, 0xfd, 0xec, 0xfd, 0xcb, 0xfd, 0xeb, 0xfd,
  0xeb, 0xfd, 0xeb, 0xfd, 0xeb, 0xfd, 0xeb, 0xfd, 0xeb, 0xfd, 0xeb, 0xfd, 0xeb, 0xfd, 0xeb, 0xfd,
  0xeb, 0xfd, 0xcb, 0xfd, 0xec, 0xfd, 0xec, 0xfd, 0xec, 0xfd, 0xec, 0xfd, 0xec, 0xfd, 0xec, 0xfd,
  0xec, 0xfd, 0xec, 0xfd, 0xcc, 0xfd, 0xcc, 0xfd, 0xcc, 0xfd, 0xcc, 0xfd, 0xcc, 0xfd, 0xcc, 0xfd,
  0xec, 0xfd, 0xec, 0xfd, 0xec, 0xfd, 0xec, 0xfd, 0xec, 0xfd, 0xec, 0xfd, 0xec, 0xfd, 0xcc, 0xfd,
  0xcc, 0xfd, 0xcc, 0xfd, 0xcc, 0xfd, 0xcc, 0xfd, 0xcc, 0xfd, 0xcc, 0xfd, 0xcc, 0xfd, 0xec, 0xfd,
  0xcc, 0xfd, 0x4a, 0xfd, 0x00, 0x00, 0xe0, 0xff, 0x00, 0x00, 0x00, 0x00, 0x00, 0x00, 0x00, 0x00,
  0x00, 0x00, 0x00, 0x00, 0x00, 0x00, 0x00, 0x00, 0xe0, 0xff, 0x00, 0x00, 0xeb, 0xfd, 0x4d, 0xfe,
  0x6d, 0xfe, 0x4d, 0xfe, 0x4d, 0xfe, 0x4d, 0xfe, 0x2d, 0xfe, 0x0c, 0xfe, 0xec, 0xfd, 0xec, 0xfd,
  0xcb, 0xfd, 0xcc, 0xfd, 0xec, 0xfd, 0xcc, 0xfd, 0xcc, 0xfd, 0xec, 0xfd, 0xec, 0xfd, 0xec, 0xfd,
  0xec, 0xfd, 0xec, 0xfd, 0xec, 0xfd, 0xec, 0xfd, 0xec, 0xfd, 0xec, 0xfd, 0xec, 0xfd, 0xcb, 0xfd,
  0xab, 0xfd, 0x8b, 0xfd, 0x8b, 0xfd, 0x8b, 0xfd, 0x6a, 0xfd, 0xcc, 0xfd, 0xec, 0xfd, 0xcc, 0xfd,
  0xcc, 0xfd, 0xcc, 0xfd, 0xcc, 0xfd, 0xcc, 0xfd, 0xcc, 0xfd, 0xcc, 0xfd, 0xcc, 0xfd, 0xcc, 0xfd,
  0xcc, 0xfd, 0xec, 0xfd, 0xcc, 0xfd, 0x6a, 0xfd, 0x8b, 0xfd, 0x8b, 0xfd, 0x8b, 0xfd, 0xab, 0xfd,
  0xcb, 0xfd, 0xec, 0xfd, 0xec, 0xfd, 0xec, 0xfd, 0xec, 0xfd, 0xec, 0xfd, 0xec, 0xfd, 0xec, 0xfd,
  0xec, 0xfd, 0xec, 0xfd, 0xec, 0xfd, 0xcb, 0xfd, 0xcb, 0xfd, 0xec, 0xfd, 0xec, 0xfd, 0xec, 0xfd,
  0xec, 0xfd, 0xec, 0xfd, 0xcc, 0xfd, 0xcc, 0xfd, 0xcc, 0xfd, 0xcc, 0xfd, 0xcc, 0xfd, 0xec, 0xfd,
  0xcc, 0xfd, 0x4a, 0xfd, 0x00, 0x00, 0xe0, 0xff, 0x00, 0x00, 0x00, 0x00, 0x00, 0x00, 0x00, 0x00,
  0x00, 0x00, 0x00, 0x00, 0x00, 0x00, 0x00, 0x00, 0xe0, 0xff, 0x00, 0x00, 0xeb, 0xfd, 0x4d, 0xfe,
  0x6d, 0xfe, 0x4d, 0xfe, 0x2d, 0xfe, 0x0c, 0xfe, 0xec, 0xfd, 0xcb, 0xfd, 0xec, 0xfd, 0xec, 0xfd,
  0xcc, 0xfd, 0xec, 0xfd, 0xec, 0xfd, 0xec, 0xfd, 0x0c, 0xfe, 0xec, 0xfd, 0xec, 0xfd, 0xab, 0xfd,
  0x6a, 0xfd, 0x4a, 0xfd, 0x29, 0xfd, 0xc9, 0xfc, 0xa8, 0xfc, 0xa8, 0xfc, 0x88, 0xfc, 0x67, 0xfc,
  0x47, 0xfc, 0x27, 0xfc, 0x27, 0xfc, 0x06, 0xfc, 0xc9, 0xfc, 0x2e, 0xfe, 0x4e, 0xfe, 0x4e, 0xfe,
  0x4e, 0xfe, 0x4e, 0xfe, 0x4e, 0xfe, 0x4e, 0xfe, 0x4e, 0xfe, 0x4e, 0xfe, 0x4e, 0xfe, 0x4e, 0xfe,
  0x4e, 0xfe, 0x4e, 0xfe, 0x2e, 0xfe, 0xc9, 0xfc, 0x06, 0xfc, 0x27, 0xfc, 0x27, 0xfc, 0x47, 0xfc,
  0x67, 0xfc, 0x88, 0xfc, 0xa8, 0xfc, 0xa8, 0xfc, 0xc9, 0xfc, 0x2a, 0xfd, 0x6a, 0xfd, 0x6a, 0xfd,
  0xab, 0xfd, 0xec, 0xfd, 0xec, 0xfd, 0x0c, 0xfe, 0xec, 0xfd, 0xec, 0xfd, 0xec, 0xfd, 0xcb, 0xfd,
  0xec, 0xfd, 0xec, 0xfd, 0xec, 0xfd, 0xec, 0xfd, 0xec, 0xfd, 0xcc, 0xfd, 0xcc, 0xfd, 0xec, 0xfd,
  0xcc, 0xfd, 0x4a, 0xfd, 0x00, 0x00, 0xe0, 0xff, 0x00, 0x00, 0x00, 0x00, 0x00, 0x00, 0x00, 0x00,
  0x00, 0x00, 0x00, 0x00, 0x00, 0x00, 0x00, 0x00, 0xe0, 0xff, 0x00, 0x00, 0xeb, 0xfd, 0x4d, 0xfe,
  0x6d, 0xfe, 0x0c, 0xfe, 0xec, 0xfd, 0xcb, 0xfd, 0xec, 0xfd, 0xec, 0xfd, 0xec, 0xfd, 0xec, 0xfd,
  0x0c, 0xfe, 0xec, 0xfd, 0xab, 0xfd, 0x4a, 0xfd, 0x09, 0xfd, 0xa8, 0xfc, 0x68, 0xfc, 0x47, 0xfc,
  0x27, 0xfc, 0x27, 0xfc, 0x27, 0xfc, 0x27, 0xfc, 0x27, 0xfc, 0x27, 0xfc, 0x27, 0xfc, 0x27, 0xfc,
  0x27, 0xfc, 0x47, 0xfc, 0x27, 0xfc, 0xa9, 0xfc, 0x4e, 0xfe, 0x4e, 0xfe, 0x4e, 0xfe, 0x4e, 0xfe,
  0x4e, 0xfe, 0x4e, 0xfe, 0x4e, 0xfe, 0x4e, 0xfe, 0x4e, 0xfe, 0x4e, 0xfe, 0x4e, 0xfe, 0x4e, 0xfe,
  0x4e, 0xfe, 0x4e, 0xfe, 0x4e, 0xfe, 0x4f, 0xfe, 0xa9, 0xfc, 0x27, 0xfc, 0x47, 0xfc, 0x27, 0xfc,
  0x27, 0xfc, 0x27, 0xfc, 0x27, 0xfc, 0x27, 0xfc, 0x27, 0xfc, 0x27, 0xfc, 0x27, 0xfc, 0x27, 0xfc,
  0x47, 0xfc, 0x68, 0xfc, 0xa8, 0xfc, 0x09, 0xfd, 0x4a, 0xfd, 0xcb, 0xfd, 0xec, 0xfd, 0x0c, 0xfe,
  0xec, 0xfd, 0xcc, 0xfd, 0xec, 0xfd, 0xec, 0xfd, 0xec, 0xfd, 0xec, 0xfd, 0xcc, 0xfd, 0xec, 0xfd,
  0xcc, 0xfd, 0x4a, 0xfd, 0x00, 0x00, 0xe0, 0xff, 0x00, 0x00, 0x00, 0x00, 0x00, 0x00, 0x00, 0x00,
  0x00, 0x00, 0x00, 0x00, 0x00, 0x00, 0x00, 0x00, 0xe0, 0xff, 0x00, 0x00, 0xeb, 0xfd, 0x4d, 0xfe,
  0x2c, 0xfe, 0xcb, 0xfd, 0xec, 0xfd, 0xec, 0xfd, 0xec, 0xfd, 0xec, 0xfd, 0xec, 0xfd, 0xab, 0xfd,
  0x2a, 0xfd, 0xa8, 0xfc, 0x47, 0xfc, 0x27, 0xfc, 0x07, 0xf4, 0x27, 0xfc, 0x27, 0xfc, 0x27, 0xfc,
  0x27, 0xfc, 0x47, 0xfc, 0x47, 0xfc, 0x47, 0xfc, 0x47, 0xfc, 0x47, 0xfc, 0x47, 0xfc, 0x27, 0xfc,
  0x27, 0xfc, 0x27, 0xfc, 0x47, 0xfc, 0xed, 0xfd, 0x4f, 0xfe, 0x2e, 0xfe, 0x4e, 0xfe, 0x4e, 0xfe,
  0x4e, 0xfe, 0x4e, 0xfe, 0x4e, 0xfe, 0x4e, 0xfe, 0x4e, 0xfe, 0x4e, 0xfe, 0x4e, 0xfe, 0x4e, 0xfe,
  0x4e, 0xfe, 0x4e, 0xfe, 0x2e, 0xfe, 0x4f, 0xfe, 0xed, 0xfd, 0x47, 0xfc, 0x27, 0xfc, 0x27, 0xfc,
  0x27, 0xfc, 0x47, 0xfc, 0x47, 0xfc, 0x47, 0xfc, 0x47, 0xfc, 0x47, 0xfc, 0x47, 0xfc, 0x27, 0xfc,
  0x27, 0xfc, 0x27, 0xfc, 0x27, 0xfc, 0x07, 0xf4, 0x27, 0xfc, 0x47, 0xfc, 0x88, 0xfc, 0x09, 0xfd,
  0xab, 0xfd, 0x0c, 0xfe, 0xec, 0xfd, 0xec, 0xfd, 0xec, 0xfd, 0xec, 0xfd, 0xcb, 0xfd, 0x0c, 0xfe,
  0xcc, 0xfd, 0x4a, 0xfd, 0x00, 0x00, 0xe0, 0xff, 0x00, 0x00, 0x00, 0x00, 0x00, 0x00, 0x00, 0x00,
  0x00, 0x00, 0x00, 0x00, 0x00, 0x00, 0x00, 0x00, 0xe0, 0xff, 0x00, 0x00, 0xef, 0xfe, 0x0c, 0xfe,
  0x0c, 0xfe, 0xcc, 0xfd, 0xec, 0xfd, 0xec, 0xfd, 0xec, 0xfd, 0xcb, 0xfd, 0xc9, 0xfc, 0x47, 0xfc,
  0x27, 0xfc, 0x27, 0xfc, 0x27, 0xfc, 0x27, 0xfc, 0x47, 0xfc, 0x47, 0xfc, 0x27, 0xfc, 0x27, 0xfc,
  0x27, 0xfc, 0x27, 0xfc, 0x27, 0xfc, 0x27, 0xfc, 0x27, 0xfc, 0x27, 0xfc, 0x27, 0xfc, 0x27, 0xfc,
  0x47, 0xfc, 0x06, 0xfc, 0x2a, 0xfd, 0x6f, 0xfe, 0x2e, 0xfe, 0x4e, 0xfe, 0x4e, 0xfe, 0x4e, 0xfe,
  0x4e, 0xfe, 0x4e, 0xfe, 0x4e, 0xfe, 0x4e, 0xfe, 0x4e, 0xfe, 0x4e, 0xfe, 0x4e, 0xfe, 0x4e, 0xfe,
  0x4e, 0xfe, 0x4e, 0xfe, 0x4e, 0xfe, 0x2e, 0xfe, 0x6f, 0xfe, 0x2a, 0xfd, 0x06, 0xfc, 0x47, 0xfc,
  0x27, 0xfc, 0x27, 0xfc, 0x27, 0xfc, 0x27, 0xfc, 0x27, 0xfc, 0x27, 0xfc, 0x27, 0xfc, 0x27, 0xfc,
  0x27, 0xfc, 0x27, 0xfc, 0x47, 0xfc, 0x47, 0xfc, 0x47, 0xfc, 0x27, 0xfc, 0x27, 0xfc, 0x07, 0xfc,
  0x47, 0xfc, 0xe9, 0xfc, 0xcb, 0xfd, 0xec, 0xfd, 0xec, 0xfd, 0xec, 0xfd, 0xcc, 0xfd, 0x0c, 0xfe,
  0xcc, 0xfd, 0x4a, 0xfd, 0x00, 0x00, 0xe0, 0xff, 0x00, 0x00, 0x00, 0x00, 0x00, 0x00, 0x00, 0x00,
  0x00, 0x00, 0x00, 0x00, 0x00, 0x00, 0x00, 0x00, 0xe0, 0xff, 0x00, 0x00, 0x2a, 0xfe, 0xec, 0xfd,
  0x0c, 0xfe, 0xcc, 0xfd, 0xec, 0xfd, 0xec, 0xfd, 0xec, 0xfd, 0xa8, 0xfc, 0x07, 0xfc, 0x27, 0xfc,
  0x47, 0xfc, 0x47, 0xfc, 0x27, 0xfc, 0x27, 0xfc, 0x27, 0xfc, 0x27, 0xfc, 0x27, 0xfc, 0x27, 0xfc,
  0x27, 0xfc, 0x27, 0xfc, 0x27, 0xfc, 0x27, 0xfc, 0x27, 0xfc, 0x27, 0xfc, 0x27, 0xfc, 0x27, 0xfc,
  0x27, 0xfc, 0x27, 0xfc, 0xcd, 0xfd, 0x4f, 0xfe, 0x2e, 0xfe, 0x4e, 0xfe, 0x4e, 0xfe, 0x4e, 0xfe,
  0x4e, 0xfe, 0x4e, 0xfe, 0x4e, 0xfe, 0x4e, 0xfe, 0x4e, 0xfe, 0x4e, 0xfe, 0x4e, 0xfe, 0x4e, 0xfe,
  0x4e, 0xfe, 0x4e, 0xfe, 0x4e, 0xfe, 0x2e, 0xfe, 0x4f, 0xfe, 0xed, 0xfd, 0x27, 0xfc, 0x27, 0xfc,
  0x27, 0xfc, 0x27, 0xfc, 0x27, 0xfc, 0x27, 0xfc, 0x27, 0xfc, 0x27, 0xfc, 0x27, 0xfc, 0x27, 0xfc,
  0x27, 0xfc, 0x27, 0xfc, 0x27, 0xfc, 0x27, 0xfc, 0x27, 0xfc, 0x27, 0xfc, 0x47, 0xfc, 0x47, 0xfc,
  0x27, 0xfc, 0x07, 0xfc, 0xa8, 0xfc, 0xec, 0xfd, 0xec, 0xfd, 0xec, 0xfd, 0xcc, 0xfd, 0x0c, 0xfe,
  0xcb, 0xfd, 0x4a, 0xfd, 0x00, 0x00, 0xe0, 0xff, 0x00, 0x00, 0x00, 0x00, 0x00, 0x00, 0x00, 0x00,
  0x00, 0x00, 0x00, 0x00, 0x00, 0x00, 0x00, 0x00, 0xe0, 0xff, 0x00, 0x00, 0xeb, 0xfd, 0xec, 0xfd,
  0x0c, 0xfe, 0xcc, 0xfd, 0xec, 0xfd, 0xec, 0xfd, 0xcc, 0xfd, 0x68, 0xfc, 0x07, 0xfc, 0x47, 0xfc,
  0x47, 0xfc, 0x27, 0xfc, 0x27, 0xfc, 0x27, 0xfc, 0x27, 0xfc, 0x27, 0xfc, 0x27, 0xfc, 0x27, 0xfc,
  0x27, 0xfc, 0x27, 0xfc, 0x27, 0xfc, 0x27, 0xfc, 0x27, 0xfc, 0x27, 0xfc, 0x27, 0xfc, 0x47, 0xfc,
  0x27, 0xfc, 0xa9, 0xfc, 0x4e, 0xfe, 0x4e, 0xfe, 0x4e, 0xfe, 0x4e, 0xfe, 0x4e, 0xfe, 0x4e, 0xfe,
  0x4e, 0xfe, 0x4e, 0xfe, 0x4e, 0xfe, 0x4e, 0xfe, 0x4e, 0xfe, 0x4e, 0xfe, 0x4e, 0xfe, 0x4e, 0xfe,
  0x4e, 0xfe, 0x4e, 0xfe, 0x4e, 0xfe, 0x4e, 0xfe, 0x4e, 0xfe, 0x4e, 0xfe, 0xa9, 0xfc, 0x27, 0xfc,
  0x47, 0xfc, 0x27, 0xfc, 0x27, 0xfc, 0x27, 0xfc, 0x27, 0xfc, 0x27, 0xfc, 0x27, 0xfc, 0x27, 0xfc,
  0x27, 0xfc, 0x27, 0xfc, 0x27, 0xfc, 0x27, 0xfc, 0x27, 0xfc, 0x27, 0xfc, 0x27, 0xfc, 0x47, 0xfc,
  0x47, 0xfc, 0x07, 0xfc, 0x88, 0xfc, 0xec, 0xfd, 0xec, 0xfd, 0xec, 0xfd, 0xcc, 0xfd, 0xec, 0xfd,
  0xcc, 0xfd, 0x4a, 0xfd, 0x00, 0x00, 0xe0, 0xff, 0x00, 0x00, 0x00, 0x00, 0x00, 0x00, 0x00, 0x00,
  0x00, 0x00, 0x00, 0x00, 0x00, 0x00, 0x00, 0x00, 0x00, 0x00, 0x4a, 0xfd, 0x00, 0x00, 0xec, 0xfd,
  0x4c, 0xfe, 0xcb, 0xfd, 0xec, 0xfd, 0xec, 0xfd, 0xec, 0xfd, 0x8b, 0xfd, 0x88, 0xfc, 0x27, 0xfc,
  0x27, 0xfc, 0x27, 0xfc, 0x27, 0xfc, 0x47, 0xfc, 0x47, 0xfc, 0x27, 0xfc, 0x27, 0xfc, 0x27, 0xfc,
  0x27, 0xfc, 0x27, 0xfc, 0x27, 0xfc, 0x27, 0xfc, 0x27, 0xfc, 0x27, 0xfc, 0x27, 0xfc, 0x47, 0xfc,
  0x07, 0xfc, 0xe9, 0xfc, 0x4f, 0xfe, 0x2e, 0xfe, 0x4e, 0xfe, 0x4e, 0xfe, 0x4e, 0xfe, 0x4e, 0xfe,
  0x4e, 0xfe, 0x4e, 0xfe, 0x4e, 0xfe, 0x4e, 0xfe, 0x4e, 0xfe, 0x4e, 0xfe, 0x4e, 0xfe, 0x4e, 0xfe,
  0x4e, 0xfe, 0x4e, 0xfe, 0x4e, 0xfe, 0x4e, 0xfe, 0x2e, 0xfe, 0x4f, 0xfe, 0xe9, 0xfc, 0x07, 0xfc,
  0x47, 0xfc, 0x27, 0xfc, 0x27, 0xfc, 0x27, 0xfc, 0x27, 0xfc, 0x27, 0xfc, 0x27, 0xfc, 0x27, 0xfc,
  0x27, 0xfc, 0x27, 0xfc, 0x27, 0xfc, 0x47, 0xfc, 0x47, 0xfc, 0x27, 0xfc, 0x27, 0xfc, 0x07, 0xfc,
  0x27, 0xfc, 0x88, 0xfc, 0xab, 0xfd, 0xec, 0xfd, 0xec, 0xfd, 0xec, 0xfd, 0xcb, 0xfd, 0x4c, 0xfe,
  0xec, 0xfd, 0xff, 0xff, 0x4a, 0xfd, 0x00, 0x00, 0x00, 0x00, 0x00, 0x00, 0x00, 0x00, 0x00, 0x00,
  0x00, 0x00, 0x00, 0x00, 0x00, 0x00, 0x00, 0x00, 0x00, 0x00, 0xe0, 0xff, 0xe0, 0xff, 0x2c, 0xfe,
  0x0c, 0xfe, 0x4c, 0xfe, 0xcc, 0xfd, 0xcb, 0xfd, 0xec, 0xfd, 0xec, 0xfd, 0xec, 0xfd, 0x4a, 0xfd,
  0xc8, 0xfc, 0x47, 0xfc, 0x27, 0xfc, 0x27, 0xfc, 0x27, 0xfc, 0x27, 0xfc, 0x27, 0xfc, 0x27, 0xfc,
  0x47, 0xfc, 0x47, 0xfc, 0x47, 0xfc, 0x47, 0xfc, 0x27, 0xfc, 0x27, 0xfc, 0x27, 0xfc, 0x47, 0xfc,
  0x06, 0xfc, 0x2a, 0xfd, 0x6f, 0xfe, 0x2e, 0xfe, 0x4e, 0xfe, 0x4e, 0xfe, 0x4e, 0xfe, 0x4e, 0xfe,
  0x4e, 0xfe, 0x4e, 0xfe, 0x4e, 0xfe, 0x4e, 0xfe, 0x4e, 0xfe, 0x4e, 0xfe, 0x4e, 0xfe, 0x2e, 0xfe,
  0x2e, 0xfe, 0x4e, 0xfe, 0x4e, 0xfe, 0x4e, 0xfe, 0x2e, 0xfe, 0x6f, 0xfe, 0x2a, 0xfd, 0x06, 0xfc,
  0x47, 0xfc, 0x27, 0xfc, 0x27, 0xfc, 0x27, 0xfc, 0x27, 0xfc, 0x47, 0xfc, 0x47, 0xfc, 0x47, 0xfc,
  0x27, 0xfc, 0x27, 0xfc, 0x27, 0xfc, 0x27, 0xfc, 0x27, 0xfc, 0x27, 0xfc, 0x67, 0xfc, 0xc8, 0xfc,
  0x6a, 0xfd, 0xec, 0xfd, 0xec, 0xfd, 0xec, 0xfd, 0xeb, 0xfd, 0xcb, 0xfd, 0x4c, 0xfe, 0x0c, 0xfe,
  0xec, 0xfd, 0xe0, 0xff, 0xef, 0xff, 0x00, 0x00, 0x00, 0x00, 0x00, 0x00, 0x00, 0x00, 0x00, 0x00,
  0x00, 0x00, 0x00, 0x00, 0x00, 0x00, 0x00, 0x00, 0x00, 0x00, 0x00, 0x00, 0xef, 0xfb, 0x00, 0x00,
  0xec, 0xfd, 0x0c, 0xfe, 0x4c, 0xfe, 0x0c, 0xfe, 0xec, 0xfd, 0xcc, 0xfd, 0xec, 0xfd, 0xec, 0xfd,
  0xec, 0xfd, 0xcb, 0xfd, 0x6a, 0xfd, 0x09, 0xfd, 0xc8, 0xfc, 0x68, 0xfc, 0x47, 0xfc, 0x27, 0xfc,
  0x07, 0xfc, 0x07, 0xf4, 0x27, 0xfc, 0x27, 0xfc, 0x27, 0xfc, 0x27, 0xfc, 0x27, 0xfc, 0x47, 0xfc,
  0x06, 0xfc, 0x2a, 0xfd, 0x6f, 0xfe, 0x2e, 0xfe, 0x4e, 0xfe, 0x4e, 0xfe, 0x4e, 0xfe, 0x4e, 0xfe,
  0x4e, 0xfe, 0x4e, 0xfe, 0x4e, 0xfe, 0x4e, 0xfe, 0x4e, 0xfe, 0x4e, 0xfe, 0x2e, 0xfe, 0x4f, 0xfe,
  0xb0, 0xfe, 0xd1, 0xfe, 0xb0, 0xfe, 0x4f, 0xfe, 0x2e, 0xfe, 0x6f, 0xfe, 0x2a, 0xfd, 0x06, 0xfc,
  0x47, 0xfc, 0x27, 0xfc, 0x27, 0xfc, 0x27, 0xfc, 0x27, 0xfc, 0x27, 0xfc, 0x07, 0xf4, 0x07, 0xfc,
  0x27, 0xfc, 0x47, 0xfc, 0x67, 0xfc, 0xc9, 0xfc, 0x09, 0xfd, 0x8a, 0xfd, 0xcb, 0xfd, 0x0c, 0xfe,
  0xec, 0xfd, 0xcc, 0xfd, 0xcb, 0xfd, 0xcc, 0xfd, 0x0c, 0xfe, 0x4c, 0xfe, 0x0c, 0xfe, 0xcc, 0xfd,
  0x00, 0x00, 0xef, 0xfb, 0x00, 0x00, 0x00, 0x00, 0x00, 0x00, 0x00, 0x00, 0x00, 0x00, 0x00, 0x00,
  0x00, 0x00, 0x00, 0x00, 0x00, 0x00, 0x00, 0x00, 0x00, 0x00, 0x00, 0x00, 0x00, 0x00, 0xef, 0xfb,
  0x00, 0x00, 0x00, 0x00, 0xec, 0xfd, 0x0c, 0xfe, 0x2c, 0xfe, 0x2c, 0xfe, 0xec, 0xfd, 0xcb, 0xfd,
  0xec, 0xfd, 0xec, 0xfd, 0xec, 0xfd, 0x0c, 0xfe, 0xec, 0xfd, 0xcb, 0xfd, 0xab, 0xfd, 0x6a, 0xfd,
  0x2a, 0xfd, 0x09, 0xfd, 0xc9, 0xfc, 0x88, 0xfc, 0x68, 0xfc, 0x67, 0xfc, 0x47, 0xfc, 0x47, 0xfc,
  0x06, 0xfc, 0xc9, 0xfc, 0x4f, 0xfe, 0x4e, 0xfe, 0x4e, 0xfe, 0x4e, 0xfe, 0x4e, 0xfe, 0x4e, 0xfe,
  0x4e, 0xfe, 0x4e, 0xfe, 0x4e, 0xfe, 0x4e, 0xfe, 0x4e, 0xfe, 0x2e, 0xfe, 0x6f, 0xfe, 0xd1, 0xfe,
  0xf1, 0xfe, 0xd1, 0xfe, 0xf1, 0xfe, 0xb0, 0xfe, 0x2e, 0xfe, 0x4f, 0xfe, 0xe9, 0xfc, 0x06, 0xfc,
  0x47, 0xfc, 0x47, 0xfc, 0x67, 0xfc, 0x68, 0xfc, 0x88, 0xfc, 0xc9, 0xfc, 0x09, 0xfd, 0x2a, 0xfd,
  0x6a, 0xfd, 0xcb, 0xfd, 0xcb, 0xfd, 0xec, 0xfd, 0x0c, 0xfe, 0xec, 0xfd, 0xec, 0xfd, 0xcb, 0xfd,
  0xcb, 0xfd, 0xcc, 0xfd, 0x2c, 0xfe, 0x4c, 0xfe, 0x0c, 0xfe, 0x0c, 0xfe, 0x00, 0x00, 0x00, 0x00,
  0xef, 0xfb, 0x00, 0x00, 0x00, 0x00, 0x00, 0x00, 0x00, 0x00, 0x00, 0x00, 0x00, 0x00, 0x00, 0x00,
  0x00, 0x00, 0x00, 0x00, 0x00, 0x00, 0x00, 0x00, 0x00, 0x00, 0x00, 0x00, 0x00, 0x00, 0x00, 0x00,
  0xff, 0xff, 0x00, 0x00, 0x00, 0x00, 0x4a, 0xfd, 0xec, 0xfd, 0xec, 0xfd, 0xec, 0xfd, 0x4c, 0xfe,
  0x2c, 0xfe, 0xec, 0xfd, 0xcb, 0xfd, 0xcb, 0xfd, 0xcb, 0xfd, 0xec, 0xfd, 0xec, 0xfd, 0xec, 0xfd,
  0x0c, 0xfe, 0x0c, 0xfe, 0xec, 0xfd, 0xec, 0xfd, 0xec, 0xfd, 0xcb, 0xfd, 0xab, 0xfd, 0x8b, 0xfd,
  0x6a, 0xfd, 0x8b, 0xfd, 0x4e, 0xfe, 0x4e, 0xfe, 0x4e, 0xfe, 0x4e, 0xfe, 0x4e, 0xfe, 0x4e, 0xfe,
  0x4e, 0xfe, 0x4e, 0xfe, 0x4e, 0xfe, 0x4e, 0xfe, 0x4e, 0xfe, 0x4e, 0xfe, 0xd0, 0xfe, 0xf1, 0xfe,
  0xd1, 0xfe, 0xd1, 0xfe, 0xf1, 0xfe, 0xb0, 0xfe, 0x4e, 0xfe, 0x4e, 0xfe, 0x8b, 0xfd, 0x6a, 0xfd,
  0x8b, 0xfd, 0xab, 0xfd, 0xcc, 0xfd, 0xec, 0xfd, 0xec, 0xfd, 0xec, 0xfd, 0x0c, 0xfe, 0x0c, 0xfe,
  0xec, 0xfd, 0xec, 0xfd, 0xec, 0xfd, 0xcb, 0xfd, 0xcb, 0xfd, 0xcb, 0xfd, 0xec, 0xfd, 0x2c, 0xfe,
  0x4c, 0xfe, 0xec, 0xfd, 0xec, 0xfd, 0xec, 0xfd, 0xcb, 0xfd, 0x00, 0x00, 0x00, 0xf8, 0xef, 0xfb,
  0x00, 0x00, 0x00, 0x00, 0x00, 0x00, 0x00, 0x00, 0x00, 0x00, 0x00, 0x00, 0x00, 0x00, 0x00, 0x00,
  0x00, 0x00, 0x00, 0x00, 0x00, 0x00, 0x00, 0x00, 0x00, 0x00, 0x00, 0x00, 0x00, 0x00, 0x00, 0x00,
  0x00, 0x00, 0x00, 0xf8, 0xe7, 0xfd, 0x00, 0x00, 0x00, 0x00, 0x00, 0x00, 0xec, 0xfd, 0x0c, 0xfe,
  0xec, 0xfd, 0xec, 0xfd, 0x2c, 0xfe, 0x4c, 0xfe, 0x0c, 0xfe, 0xec, 0xfd, 0xcb, 0xfd, 0xcb, 0xfd,
  0xcb, 0xfd, 0xcb, 0xfd, 0xcb, 0xfd, 0xcc, 0xfd, 0xec, 0xfd, 0xec, 0xfd, 0xec, 0xfd, 0xec, 0xfd,
  0xec, 0xfd, 0xec, 0xfd, 0x2e, 0xfe, 0x4e, 0xfe, 0x4e, 0xfe, 0x4e, 0xfe, 0x4e, 0xfe, 0x4e, 0xfe,
  0x4e, 0xfe, 0x4e, 0xfe, 0x4e, 0xfe, 0x4e, 0xfe, 0x2e, 0xfe, 0x8f, 0xfe, 0xf1, 0xfe, 0xd1, 0xfe,
  0xd1, 0xfe, 0xd1, 0xfe, 0xf1, 0xfe, 0xb0, 0xfe, 0x4e, 0xfe, 0x2e, 0xfe, 0xec, 0xfd, 0xec, 0xfd,
  0xec, 0xfd, 0xec, 0xfd, 0xec, 0xfd, 0xec, 0xfd, 0xcc, 0xfd, 0xcb, 0xfd, 0xcb, 0xfd, 0xcb, 0xfd,
  0xcb, 0xfd, 0xcb, 0xfd, 0xec, 0xfd, 0x0c, 0xfe, 0x4c, 0xfe, 0x2c, 0xfe, 0xec, 0xfd, 0x0c, 0xfe,
  0xec, 0xfd, 0xec, 0xfd, 0x00, 0x00, 0x00, 0x00, 0x00, 0x00, 0xe7, 0xfd, 0x00, 0x00, 0x00, 0x00,
  0x00, 0x00, 0x00, 0x00, 0x00, 0x00, 0x00, 0x00, 0x00, 0x00, 0x00, 0x00, 0x00, 0x00, 0x00, 0x00,
  0x00, 0x00, 0x00, 0x00, 0x00, 0x00, 0x00, 0x00, 0x00, 0x00, 0x00, 0x00, 0x00, 0x00, 0x00, 0x00,
  0x00, 0x00, 0x00, 0x00, 0x00, 0x00, 0x00, 0xf8, 0xea, 0xff, 0xef, 0xfb, 0x00, 0x00, 0x00, 0x00,
  0x00, 0x00, 0xec, 0xfd, 0xec, 0xfd, 0xec, 0xfd, 0xeb, 0xfd, 0xcb, 0xfd, 0x0c, 0xfe, 0x4c, 0xfe,
  0x4c, 0xfe, 0x2c, 0xfe, 0x0c, 0xfe, 0xec, 0xfd, 0xeb, 0xfd, 0xcc, 0xfd, 0xcb, 0xfd, 0xcb, 0xfd,
  0xcb, 0xfd, 0xcb, 0xfd, 0x0d, 0xfe, 0x4e, 0xfe, 0x4e, 0xfe, 0x4e, 0xfe, 0x4e, 0xfe, 0x4e, 0xfe,
  0x4e, 0xfe, 0x4e, 0xfe, 0x4e, 0xfe, 0x4e, 0xfe, 0x2e, 0xfe, 0xb0, 0xfe, 0xf1, 0xfe, 0xd1, 0xfe,
  0xd1, 0xfe, 0xd1, 0xfe, 0xf1, 0xfe, 0x6f, 0xfe, 0x4e, 0xfe, 0x0d, 0xfe, 0xcb, 0xfd, 0xcb, 0xfd,
  0xcb, 0xfd, 0xcb, 0xfd, 0xcc, 0xfd, 0xeb, 0xfd, 0xec, 0xfd, 0x0c, 0xfe, 0x0c, 0xfe, 0x2c, 0xfe,
  0x4d, 0xfe, 0x2c, 0xfe, 0xec, 0xfd, 0xec, 0xfd, 0x0c, 0xfe, 0xec, 0xfd, 0xec, 0xfd, 0xe0, 0xff,
  0x00, 0x00, 0x00, 0x00, 0xe0, 0xff, 0xea, 0xff, 0xe0, 0xff, 0x00, 0x00, 0x00, 0x00, 0x00, 0x00,
  0x00, 0x00, 0x00, 0x00, 0x00, 0x00, 0x00, 0x00, 0x00, 0x00, 0x00, 0x00, 0x00, 0x00, 0x00, 0x00,
  0x00, 0x00, 0x00, 0x00, 0x00, 0x00, 0x00, 0x00, 0x00, 0x00, 0x00, 0x00, 0x00, 0x00, 0x00, 0x00,
  0x00, 0x00, 0x00, 0x00, 0x00, 0x00, 0x00, 0x00, 0x00, 0x00, 0x00, 0x00, 0xef, 0xff, 0xea, 0xff,
  0x00, 0x00, 0x00, 0x00, 0x00, 0x00, 0x00, 0x00, 0xef, 0xfd, 0xec, 0xfd, 0x0c, 0xfe, 0xcb, 0xfd,
  0xec, 0xfd, 0xec, 0xfd, 0xcc, 0xfd, 0xcb, 0xfd, 0x0c, 0xfe, 0x4c, 0xfe, 0x4c, 0xfe, 0x2c, 0xfe,
  0x2c, 0xfe, 0x2c, 0xfe, 0x2c, 0xfe, 0x8f, 0xfe, 0x4e, 0xfe, 0x2e, 0xfe, 0x4e, 0xfe, 0x4e, 0xfe,
  0x4e, 0xfe, 0x4e, 0xfe, 0x4e, 0xfe, 0x4e, 0xfe, 0x2e, 0xfe, 0xb0, 0xfe, 0xf1, 0xfe, 0xd1, 0xfe,
  0xd1, 0xfe, 0xf1, 0xfe, 0xb0, 0xfe, 0x4e, 0xfe, 0x6e, 0xfe, 0x2c, 0xfe, 0x2c, 0xfe, 0x2c, 0xfe,
  0x2c, 0xfe, 0x4c, 0xfe, 0x4c, 0xfe, 0x0c, 0xfe, 0xcc, 0xfd, 0xec, 0xfd, 0xec, 0xfd, 0xec, 0xfd,
  0xeb, 0xfd, 0xec, 0xfd, 0x0c, 0xfe, 0x2a, 0xfe, 0x00, 0x00, 0x00, 0x00, 0x00, 0x00, 0x00, 0x00,
  0xea, 0xff, 0xef, 0xff, 0x00, 0x00, 0x00, 0x00, 0x00, 0x00, 0x00, 0x00, 0x00, 0x00, 0x00, 0x00,
  0x00, 0x00, 0x00, 0x00, 0x00, 0x00, 0x00, 0x00, 0x00, 0x00, 0x00, 0x00, 0x00, 0x00, 0x00, 0x00,
  0x00, 0x00, 0x00, 0x00, 0x00, 0x00, 0x00, 0x00, 0x00, 0x00, 0x00, 0x00, 0x00, 0x00, 0x00, 0x00,
  0x00, 0x00, 0x00, 0x00, 0x00, 0x00, 0x00, 0x00, 0x00, 0x00, 0x00, 0x00, 0x00, 0x00, 0x00, 0x00,
  0x00, 0xf8, 0xef, 0xfb, 0xe7, 0xfd, 0xef, 0xfd, 0x00, 0x00, 0x00, 0x00, 0x00, 0x00, 0x00, 0x00,
  0x00, 0x00, 0x00, 0x00, 0xe0, 0xff, 0xeb, 0xfd, 0x0c, 0xfe, 0xec, 0xfd, 0xeb, 0xfd, 0xec, 0xfd,
  0xec, 0xfd, 0xec, 0xfd, 0xcb, 0xfd, 0x0c, 0xfe, 0x4f, 0xfe, 0x6f, 0xfe, 0x4e, 0xfe, 0x4e, 0xfe,
  0x4e, 0xfe, 0x4e, 0xfe, 0x4e, 0xfe, 0x4e, 0xfe, 0x2e, 0xfe, 0x6f, 0xfe, 0xd1, 0xfe, 0xf1, 0xfe,
  0xf1, 0xfe, 0xb0, 0xfe, 0x6f, 0xfe, 0x4e, 0xfe, 0xec, 0xfd, 0xcb, 0xfd, 0xec, 0xfd, 0xec, 0xfd,
  0xec, 0xfd, 0xeb, 0xfd, 0xec, 0xfd, 0x0c, 0xfe, 0xec, 0xfd, 0xe0, 0xff, 0x00, 0x00, 0x00, 0x00,
  0x00, 0x00, 0x00, 0x00, 0x00, 0x00, 0x00, 0x00, 0xe7, 0xfd, 0xe7, 0xfd, 0xef, 0xfb, 0x00, 0xf8,
  0x00, 0x00, 0x00, 0x00, 0x00, 0x00, 0x00, 0x00, 0x00, 0x00, 0x00, 0x00, 0x00, 0x00, 0x00, 0x00,
  0x00, 0x00, 0x00, 0x00, 0x00, 0x00, 0x00, 0x00, 0x00, 0x00, 0x00, 0x00, 0x00, 0x00, 0x00, 0x00,
  0x00, 0x00, 0x00, 0x00, 0x00, 0x00, 0x00, 0x00, 0x00, 0x00, 0x00, 0x00, 0x00, 0x00, 0x00, 0x00,
  0x00, 0x00, 0x00, 0x00, 0x00, 0x00, 0x00, 0x00, 0x00, 0x00, 0x00, 0x00, 0x00, 0x00, 0x00, 0x00,
  0x00, 0x00, 0x00, 0x00, 0x00, 0x00, 0x00, 0x00, 0xe0, 0xff, 0xe0, 0xff, 0x4a, 0xfd, 0xef, 0xfd,
  0x4a, 0xfd, 0x00, 0xf8, 0x00, 0x00, 0x00, 0x00, 0x00, 0x00, 0x00, 0x00, 0x00, 0x00, 0x00, 0x00,
  0x00, 0x00, 0x00, 0x00, 0x00, 0x00, 0x00, 0x00, 0x4e, 0xfe, 0x8f, 0xfe, 0x6f, 0xfe, 0x2e, 0xfe,
  0x2e, 0xfe, 0x4e, 0xfe, 0x4e, 0xfe, 0x4e, 0xfe, 0x4e, 0xfe, 0x2e, 0xfe, 0x6f, 0xfe, 0x90, 0xfe,
  0x6f, 0xfe, 0x6f, 0xfe, 0x6f, 0xfe, 0x2e, 0xfe, 0x00, 0x00, 0x00, 0x00, 0x00, 0x00, 0x00, 0x00,
  0x00, 0x00, 0x00, 0x00, 0x00, 0x00, 0x00, 0x00, 0x00, 0x00, 0x00, 0x00, 0x00, 0x00, 0xef, 0xff,
  0xef, 0xfd, 0xe7, 0xfd, 0xe0, 0xff, 0xe0, 0xff, 0x00, 0x00, 0x00, 0x00, 0x00, 0x00, 0x00, 0x00,
  0x00, 0x00, 0x00, 0x00, 0x00, 0x00, 0x00, 0x00, 0x00, 0x00, 0x00, 0x00, 0x00, 0x00, 0x00, 0x00,
  0x00, 0x00, 0x00, 0x00, 0x00, 0x00, 0x00, 0x00, 0x00, 0x00, 0x00, 0x00, 0x00, 0x00, 0x00, 0x00,
  0x00, 0x00, 0x00, 0x00, 0x00, 0x00, 0x00, 0x00, 0x00, 0x00, 0x00, 0x00, 0x00, 0x00, 0x00, 0x00,
  0x00, 0x00, 0x00, 0x00, 0x00, 0x00, 0x00, 0x00, 0x00, 0x00, 0x00, 0x00, 0x00, 0x00, 0x00, 0x00,
  0x00, 0x00, 0x00, 0x00, 0x00, 0x00, 0x00, 0x00, 0x00, 0x00, 0x00, 0x00, 0x00, 0x00, 0x00, 0x00,
  0x00, 0x00, 0x00, 0x00, 0x00, 0x00, 0xef, 0xfb, 0x4a, 0xfd, 0xe7, 0xfd, 0xea, 0xff, 0x4a, 0xfd,
  0x4a, 0xfd, 0x4a, 0xfd, 0x4a, 0xfd, 0x4a, 0xfd, 0x00, 0x00, 0x2e, 0xfe, 0x4e, 0xfe, 0xaf, 0xfe,
  0x6f, 0xfe, 0x4e, 0xfe, 0x4e, 0xfe, 0x2e, 0xfe, 0x2e, 0xfe, 0x2e, 0xfe, 0x2e, 0xfe, 0x6f, 0xfe,
  0xaf, 0xfe, 0x6f, 0xfe, 0x2e, 0xfe, 0x00, 0x00, 0x55, 0xfd, 0x4a, 0xfd, 0x4a, 0xfd, 0x4a, 0xfd,
  0x4a, 0xfd, 0xea, 0xff, 0xe7, 0xfd, 0x4a, 0xfd, 0xef, 0xfb, 0x00, 0x00, 0x00, 0x00, 0x00, 0x00,
  0x00, 0x00, 0x00, 0x00, 0x00, 0x00, 0x00, 0x00, 0x00, 0x00, 0x00, 0x00, 0x00, 0x00, 0x00, 0x00,
  0x00, 0x00, 0x00, 0x00, 0x00, 0x00, 0x00, 0x00, 0x00, 0x00, 0x00, 0x00, 0x00, 0x00, 0x00, 0x00,
  0x00, 0x00, 0x00, 0x00, 0x00, 0x00, 0x00, 0x00, 0x00, 0x00, 0x00, 0x00, 0x00, 0x00, 0x00, 0x00,
  0x00, 0x00, 0x00, 0x00, 0x00, 0x00, 0x00, 0x00, 0x00, 0x00, 0x00, 0x00, 0x00, 0x00, 0x00, 0x00,
  0x00, 0x00, 0x00, 0x00, 0x00, 0x00, 0x00, 0x00, 0x00, 0x00, 0x00, 0x00, 0x00, 0x00, 0x00, 0x00,
  0x00, 0x00, 0x00, 0x00, 0x00, 0x00, 0x00, 0x00, 0x00, 0x00, 0x00, 0x00, 0x00, 0x00, 0x00, 0x00,
  0x00, 0x00, 0x00, 0x00, 0x00, 0x00, 0x00, 0x00, 0x00, 0x00, 0x00, 0x00, 0x00, 0x00, 0x00, 0x00,
  0x00, 0x00, 0x00, 0x00, 0x00, 0x00, 0x00, 0x00, 0xf5, 0xff, 0x00, 0x00, 0xed, 0xfd, 0x4e, 0xfe,
  0x4e, 0xfe, 0x4e, 0xfe, 0x8f, 0xfe, 0xaf, 0xfe, 0xaf, 0xfe, 0xaf, 0xfe, 0x4e, 0xfe, 0x4e, 0xfe,
  0x4e, 0xfe, 0x2e, 0xfe, 0x00, 0x00, 0x4a, 0xfd, 0x00, 0x00, 0x00, 0x00, 0x00, 0x00, 0x00, 0x00,
  0x00, 0x00, 0x00, 0x00, 0x00, 0x00, 0x00, 0x00, 0x00, 0x00, 0x00, 0x00, 0x00, 0x00, 0x00, 0x00,
  0x00, 0x00, 0x00, 0x00, 0x00, 0x00, 0x00, 0x00, 0x00, 0x00, 0x00, 0x00, 0x00, 0x00, 0x00, 0x00,
  0x00, 0x00, 0x00, 0x00, 0x00, 0x00, 0x00, 0x00, 0x00, 0x00, 0x00, 0x00, 0x00, 0x00, 0x00, 0x00,
  0x00, 0x00, 0x00, 0x00, 0x00, 0x00, 0x00, 0x00, 0x00, 0x00, 0x00, 0x00, 0x00, 0x00, 0x00, 0x00,
  0x00, 0x00, 0x00, 0x00, 0x00, 0x00, 0x00, 0x00, 0x00, 0x00, 0x00, 0x00, 0x00, 0x00, 0x00, 0x00,
  0x00, 0x00, 0x00, 0x00, 0x00, 0x00, 0x00, 0x00, 0x00, 0x00, 0x00, 0x00, 0x00, 0x00, 0x00, 0x00,
  0x00, 0x00, 0x00, 0x00, 0x00, 0x00, 0x00, 0x00, 0x00, 0x00, 0x00, 0x00, 0x00, 0x00, 0x00, 0x00,
  0x00, 0x00, 0x00, 0x00, 0x00, 0x00, 0x00, 0x00, 0x00, 0x00, 0x00, 0x00, 0x00, 0x00, 0x00, 0x00,
  0x00, 0x00, 0x00, 0x00, 0x00, 0x00, 0x00, 0x00, 0x00, 0x00, 0x4a, 0xfd, 0x00, 0x00, 0x00, 0x00,
  0xef, 0xfd, 0x4e, 0xfe, 0x4e, 0xfe, 0x4e, 0xfe, 0x4e, 0xfe, 0x4f, 0xfe, 0x4e, 0xfe, 0x4a, 0xfd,
  0x00, 0x00, 0x00, 0x00, 0x4a, 0xfd, 0x00, 0x00, 0x00, 0x00, 0x00, 0x00, 0x00, 0x00, 0x00, 0x00,
  0x00, 0x00, 0x00, 0x00, 0x00, 0x00, 0x00, 0x00, 0x00, 0x00, 0x00, 0x00, 0x00, 0x00, 0x00, 0x00,
  0x00, 0x00, 0x00, 0x00, 0x00, 0x00, 0x00, 0x00, 0x00, 0x00, 0x00, 0x00, 0x00, 0x00, 0x00, 0x00,
  0x00, 0x00, 0x00, 0x00, 0x00, 0x00, 0x00, 0x00, 0x00, 0x00, 0x00, 0x00, 0x00, 0x00, 0x00, 0x00,
  0x00, 0x00, 0x00, 0x00, 0x00, 0x00, 0x00, 0x00, 0x00, 0x00, 0x00, 0x00, 0x00, 0x00, 0x00, 0x00,
  0x00, 0x00, 0x00, 0x00, 0x00, 0x00, 0x00, 0x00, 0x00, 0x00, 0x00, 0x00, 0x00, 0x00, 0x00, 0x00,
  0x00, 0x00, 0x00, 0x00, 0x00, 0x00, 0x00, 0x00, 0x00, 0x00, 0x00, 0x00, 0x00, 0x00, 0x00, 0x00,
  0x00, 0x00, 0x00, 0x00, 0x00, 0x00, 0x00, 0x00, 0x00, 0x00, 0x00, 0x00, 0x00, 0x00, 0x00, 0x00,
  0x00, 0x00, 0x00, 0x00, 0x00, 0x00, 0x00, 0x00, 0x00, 0x00, 0x00, 0x00, 0x00, 0x00, 0x00, 0x00,
  0x00, 0x00, 0x00, 0x00, 0x00, 0x00, 0x00, 0x00, 0x00, 0x00, 0x00, 0x00, 0xe0, 0xff, 0xf5, 0xff,
  0x00, 0x00, 0x00, 0x00, 0x00, 0x00, 0x00, 0x00, 0x00, 0x00, 0x00, 0x00, 0x00, 0x00, 0x00, 0x00,
  0xef, 0xbd, 0xe0, 0xff, 0x00, 0x00, 0x00, 0x00, 0x00, 0x00, 0x00, 0x00, 0x00, 0x00, 0x00, 0x00,
  0x00, 0x00, 0x00, 0x00, 0x00, 0x00, 0x00, 0x00, 0x00, 0x00, 0x00, 0x00, 0x00, 0x00, 0x00, 0x00,
  0x00, 0x00, 0x00, 0x00, 0x00, 0x00, 0x00, 0x00, 0x00, 0x00, 0x00, 0x00, 0x00, 0x00, 0x00, 0x00,
  0x00, 0x00, 0x00, 0x00, 0x00, 0x00, 0x00, 0x00, 0x00, 0x00, 0x00, 0x00, 0x00, 0x00, 0x00, 0x00,
  0x00, 0x00, 0x00, 0x00, 0x00, 0x00, 0x00, 0x00, 0x00, 0x00, 0x00, 0x00, 0x00, 0x00, 0x00, 0x00,
  0x00, 0x00, 0x00, 0x00, 0x00, 0x00, 0x00, 0x00, 0x00, 0x00, 0x00, 0x00, 0x00, 0x00, 0x00, 0x00,
  0x00, 0x00, 0x00, 0x00, 0x00, 0x00, 0x00, 0x00, 0x00, 0x00, 0x00, 0x00, 0x00, 0x00, 0x00, 0x00,
  0x00, 0x00, 0x00, 0x00, 0x00, 0x00, 0x00, 0x00, 0x00, 0x00, 0x00, 0x00, 0x00, 0x00, 0x00, 0x00,
  0x00, 0x00, 0x00, 0x00, 0x00, 0x00, 0x00, 0x00, 0x00, 0x00, 0x00, 0x00, 0x00, 0x00, 0x00, 0x00,
  0x00, 0x00, 0x00, 0x00, 0x00, 0x00, 0x00, 0x00, 0x00, 0x00, 0x00, 0x00, 0x00, 0x00, 0x00, 0x00,
  0x00, 0xf8, 0xef, 0xff, 0xf5, 0xff, 0xf5, 0xff, 0xf5, 0xff, 0xf5, 0xff, 0xef, 0xff, 0xe0, 0xff,
  0x00, 0x00, 0x00, 0x00, 0x00, 0x00, 0x00, 0x00, 0x00, 0x00, 0x00, 0x00, 0x00, 0x00, 0x00, 0x00,
  0x00, 0x00, 0x00, 0x00, 0x00, 0x00, 0x00, 0x00, 0x00, 0x00, 0x00, 0x00, 0x00, 0x00, 0x00, 0x00,
  0x00, 0x00, 0x00, 0x00, 0x00, 0x00, 0x00, 0x00, 0x00, 0x00, 0x00, 0x00, 0x00, 0x00, 0x00, 0x00,
  0x00, 0x00, 0x00, 0x00, 0x00, 0x00, 0x00, 0x00, 0x00, 0x00, 0x00, 0x00, 0x00, 0x00, 0x00, 0x00,
  0x00, 0x00, 0x00, 0x00, 0x00, 0x00, 0x00, 0x00, 0x00, 0x00, 0x00, 0x00, 0x00, 0x00, 0x00, 0x00,
  0x00, 0x00, 0x00, 0x00, 0x00, 0x00, 0x00, 0x00, 0x00, 0x00, 0x00, 0x00, 0x00, 0x00, 0x00, 0x00,
  0x00, 0x00, 0x00, 0x00, 0x00, 0x00, 0x00, 0x00, 0x00, 0x00, 0x00, 0x00, 0x00, 0x00, 0x00, 0x00,
  0x00, 0x00, 0x00, 0x00, 0x00, 0x00, 0x00, 0x00, 0x00, 0x00, 0x00, 0x00, 0x00, 0x00, 0x00, 0x00,
  0x00, 0x00, 0x00, 0x00, 0x00, 0x00, 0x00, 0x00, 0x00, 0x00, 0x00, 0x00, 0x00, 0x00, 0x00, 0x00,
  0x00, 0x00, 0x00, 0x00, 0x00, 0x00, 0x00, 0x00, 0x00, 0x00, 0x00, 0x00, 0x00, 0x00, 0x00, 0x00,
  0x00, 0x00, 0x00, 0x00, 0x00, 0x00, 0x00, 0x00, 0x00, 0x00, 0x00, 0x00, 0x00, 0x00, 0x00, 0x00,
  0x00, 0x00, 0x00, 0x00, 0x00, 0x00, 0x00, 0x00, 0x00, 0x00, 0x00, 0x00, 0x00, 0x00, 0x00, 0x00,
  0x00, 0x00, 0x00, 0x00, 0x00, 0x00, 0x00, 0x00, 0x00, 0x00, 0x00, 0x00, 0x00, 0x00, 0x00, 0x00,
  0x00, 0x00, 0x00, 0x00, 0x00, 0x00, 0x00, 0x00, 0x00, 0x00, 0x00, 0x00, 0x00, 0x00, 0x00, 0x00,
  0x00, 0x00, 0x00, 0x00, 0x00, 0x00, 0x00, 0x00, 0x00, 0x00, 0x00, 0x00, 0x00, 0x00, 0x00, 0x00,
  0x00, 0x00, 0x00, 0x00, 0x00, 0x00, 0x00, 0x00, 0x00, 0x00, 0x00, 0x00, 0x00, 0x00, 0x00, 0x00,
  0x00, 0x00, 0x00, 0x00, 0x00, 0x00, 0x00, 0x00, 0x00, 0x00, 0x00, 0x00, 0x00, 0x00, 0x00, 0x00,
  0x00, 0x00, 0x00, 0x00, 0x00, 0x00, 0x00, 0x00, 0x00, 0x00, 0x00, 0x00, 0x00, 0x00, 0x00, 0x00,
  0x00, 0x00, 0x00, 0x00, 0x00, 0x00, 0x00, 0x00, 0x00, 0x00, 0x00, 0x00, 0x00, 0x00, 0x00, 0x00,
  0x00, 0x00, 0x00, 0x00, 0x00, 0x00, 0x00, 0x00, 0x00, 0x00, 0x00, 0x00, 0x00, 0x00, 0x00, 0x00,
  0x00, 0x00, 0x00, 0x00, 0x00, 0x00, 0x00, 0x00, 0x00, 0x00, 0x00, 0x00, 0x00, 0x00, 0x00, 0x00,
  0x00, 0x00, 0x00, 0x00, 0x00, 0x00, 0x00, 0x00, 0x00, 0x00, 0x00, 0x00, 0x00, 0x00, 0x00, 0x00,
  0x00, 0x00, 0x00, 0x00, 0x00, 0x00, 0x00, 0x00, 0x00, 0x00, 0x00, 0x00, 0x00, 0x00, 0x00, 0x00,
  0x00, 0x00, 0x00, 0x00, 0x00, 0x00, 0x00, 0x00, 0x00, 0x00, 0x00, 0x00, 0x00, 0x00, 0x00, 0x00,
  0x00, 0x00, 0x00, 0x00, 0x00, 0x00, 0x00, 0x00, 0x00, 0x00, 0x00, 0x00, 0x00, 0x00, 0x00, 0x00,
  0x00, 0x00, 0x00, 0x00, 0x00, 0x00, 0x00, 0x00, 0x00, 0x00, 0x00, 0x00, 0x00, 0x00, 0x00, 0x00,
  0x00, 0x00, 0x00, 0x00, 0x00, 0x00, 0x00, 0x00, 0x00, 0x00, 0x00, 0x00, 0x00, 0x00, 0x00, 0x00,
  0x00, 0x00, 0x00, 0x00, 0x00, 0x00, 0x00, 0x00, 0x00, 0x00, 0x00, 0x00, 0x00, 0x00, 0x00, 0x00,
  0x00, 0x00, 0x00, 0x00, 0x00, 0x00, 0x00, 0x00, 0x00, 0x00, 0x00, 0x00, 0x00, 0x00, 0x00, 0x00,
  0x00, 0x00, 0x00, 0x00, 0x00, 0x00, 0x00, 0x00, 0x00, 0x00, 0x00, 0x00, 0x00, 0x00, 0x00, 0x00,
  0x00, 0x00, 0x00, 0x00, 0x00, 0x00, 0x00, 0x00, 0x00, 0x00, 0x00, 0x00, 0x00, 0x00, 0x00, 0x00,
  0x00, 0x00, 0x00, 0x00, 0x00, 0x00, 0x00, 0x00, 0x00, 0x00, 0x00, 0x00, 0x00, 0x00, 0x00, 0x00,
  0x00, 0x00, 0x00, 0x00, 0x00, 0x00, 0x00, 0x00, 0x00, 0x00, 0x00, 0x00, 0x00, 0x00, 0x00, 0x00,
  0x00, 0x00, 0x00, 0x00, 0x00, 0x00, 0x00, 0x00, 0x00, 0x00, 0x00, 0x00, 0x00, 0x00, 0x00, 0x00,
  0x00, 0x00, 0x00, 0x00, 0x00, 0x00, 0x00, 0x00, 0x00, 0x00, 0x00, 0x00, 0x00, 0x00, 0x00, 0x00,
  0x00, 0x00, 0x00, 0x00, 0x00, 0x00, 0x00, 0x00, 0x00, 0x00, 0x00, 0x00, 0x00, 0x00, 0x00, 0x00,
  0x00, 0x00, 0x00, 0x00, 0x00, 0x00, 0x00, 0x00, 0x00, 0x00, 0x00, 0x00, 0x00, 0x00, 0x00, 0x00,
  0x00, 0x00, 0x00, 0x00, 0x00, 0x00, 0x00, 0x00, 0x00, 0x00, 0x00, 0x00, 0x00, 0x00, 0x00, 0x00,
  0x00, 0x00, 0x00, 0x00, 0x00, 0x00, 0x00, 0x00, 0x00, 0x00, 0x00, 0x00, 0x00, 0x00, 0x00, 0x00,
  0x00, 0x00, 0x00, 0x00, 0x00, 0x00, 0x00, 0x00, 0x00, 0x00, 0x00, 0x00, 0x00, 0x00, 0x00, 0x00,
  0x00, 0x00, 0x00, 0x00, 0x00, 0x00, 0x00, 0x00, 0x00, 0x00, 0x00, 0x00, 0x00, 0x00, 0x00, 0x00,
  0x00, 0x00, 0x00, 0x00, 0x00, 0x00, 0x00, 0x00, 0x00, 0x00, 0x00, 0x00, 0x00, 0x00, 0x00, 0x00,
  0x00, 0x00, 0x00, 0x00, 0x00, 0x00, 0x00, 0x00, 0x00, 0x00, 0x00, 0x00, 0x00, 0x00, 0x00, 0x00,
  0x00, 0x00, 0x00, 0x00, 0x00, 0x00, 0x00, 0x00, 0x00, 0x00, 0x00, 0x00, 0x00, 0x00, 0x00, 0x00,
  0x00, 0x00, 0x00, 0x00, 0x00, 0x00, 0x00, 0x00, 0x00, 0x00, 0x00, 0x00, 0x00, 0x00, 0x00, 0x00,
  0x00, 0x00, 0x00, 0x00, 0x00, 0x00, 0x00, 0x00, 0x00, 0x00, 0x00, 0x00, 0x00, 0x00, 0x00, 0x00,
  0x00, 0x00, 0x00, 0x00, 0x00, 0x00, 0x00, 0x00, 0x00, 0x00, 0x00, 0x00, 0x00, 0x00, 0x00, 0x00,
  0x00, 0x00, 0x00, 0x00, 0x00, 0x00, 0x00, 0x00, 0x00, 0x00, 0x00, 0x00, 0x00, 0x00, 0x00, 0x00,
  0x00, 0x00, 0x00, 0x00, 0x00, 0x00, 0x00, 0x00, 0x00, 0x00, 0x00, 0x00, 0x00, 0x00, 0x00, 0x00,
  0x00, 0x00, 0x00, 0x00, 0x00, 0x00, 0x00, 0x00, 0x00, 0x00, 0x00, 0x00, 0x00, 0x00, 0x00, 0x00,
  0x00, 0x00, 0x00, 0x00, 0x00, 0x00, 0x00, 0x00, 0x00, 0x00, 0x00, 0x00, 0x00, 0x00, 0x00, 0x00,
  0x00, 0x00, 0x00, 0x00, 0x00, 0x00, 0x00, 0x00, 0x00, 0x00, 0x00, 0x00, 0x00, 0x00, 0x00, 0x00,
  0x00, 0x00, 0x00, 0x00, 0x00, 0x00, 0x00, 0x00, 0x00, 0x00, 0x00, 0x00, 0x00, 0x00, 0x00, 0x00,
  0x00, 0x00, 0x00, 0x00, 0x00, 0x00, 0x00, 0x00, 0x00, 0x00, 0x00, 0x00, 0x00, 0x00, 0x00, 0x00,
  0x00, 0x00, 0x00, 0x00, 0x00, 0x00, 0x00, 0x00, 0x00, 0x00, 0x00, 0x00, 0x00, 0x00, 0x00, 0x00,
  0x00, 0x00, 0x00, 0x00, 0x00, 0x00, 0x00, 0x00, 0x00, 0x00, 0x00, 0x00, 0x00, 0x00, 0x00, 0x00,
  0x00, 0x00, 0x00, 0x00, 0x00, 0x00, 0x00, 0x00, 0x00, 0x00, 0x00, 0x00, 0x00, 0x00, 0x00, 0x00,
  0x00, 0x01, 0x03, 0x03, 0x03, 0x03, 0x01, 0x00, 0x00, 0x00, 0x00, 0x00, 0x00, 0x00, 0x00, 0x00,
  0x00, 0x00, 0x00, 0x00, 0x00, 0x00, 0x00, 0x00, 0x00, 0x00, 0x00, 0x00, 0x00, 0x00, 0x00, 0x00,
  0x00, 0x00, 0x00, 0x00, 0x00, 0x00, 0x00, 0x00, 0x00, 0x00, 0x00, 0x00, 0x00, 0x00, 0x00, 0x00,
  0x00, 0x00, 0x00, 0x00, 0x00, 0x00, 0x00, 0x00, 0x00, 0x00, 0x00, 0x00, 0x00, 0x00, 0x00, 0x00,
  0x00, 0x00, 0x00, 0x00, 0x00, 0x00, 0x00, 0x00, 0x00, 0x00, 0x00, 0x00, 0x00, 0x00, 0x00, 0x00,
  0x00, 0x00, 0x00, 0x00, 0x00, 0x00, 0x00, 0x00, 0x03, 0x00, 0x00, 0x00, 0x00, 0x00, 0x00, 0x03,
  0x00, 0x00, 0x00, 0x00, 0x00, 0x00, 0x00, 0x00, 0x00, 0x00, 0x00, 0x00, 0x00, 0x00, 0x00, 0x00,
  0x00, 0x00, 0x00, 0x00, 0x00, 0x00, 0x00, 0x00, 0x00, 0x00, 0x00, 0x00, 0x00, 0x00, 0x00, 0x00,
  0x00, 0x00, 0x00, 0x00, 0x00, 0x00, 0x00, 0x00, 0x00, 0x00, 0x00, 0x00, 0x00, 0x00, 0x00, 0x00,
  0x00, 0x00, 0x00, 0x00, 0x00, 0x00, 0x00, 0x00, 0x00, 0x00, 0x00, 0x00, 0x00, 0x00, 0x00, 0x00,
  0x00, 0x00, 0x00, 0x00, 0x00, 0x00, 0x00, 0x00, 0x00, 0x00, 0x00, 0x00, 0x00, 0x00, 0x00, 0x02,
  0x00, 0x12, 0x54, 0x7b, 0x7b, 0x54, 0x12, 0x00, 0x02, 0x00, 0x00, 0x00, 0x00, 0x00, 0x00, 0x00,
  0x00, 0x00, 0x00, 0x00, 0x00, 0x00, 0x00, 0x00, 0x00, 0x00, 0x00, 0x00, 0x00, 0x00, 0x00, 0x00,
  0x00, 0x00, 0x00, 0x00, 0x00, 0x00, 0x00, 0x00, 0x00, 0x00, 0x00, 0x00, 0x00, 0x00, 0x00, 0x00,
  0x00, 0x00, 0x00, 0x00, 0x00, 0x00, 0x00, 0x00, 0x00, 0x00, 0x00, 0x00, 0x00, 0x00, 0x00, 0x00,
  0x00, 0x00, 0x00, 0x00, 0x00, 0x00, 0x00, 0x00, 0x00, 0x00, 0x00, 0x00, 0x00, 0x00, 0x00, 0x00,
  0x00, 0x00, 0x00, 0x00, 0x00, 0x00, 0x02, 0x00, 0x64, 0xe2, 0xff, 0xff, 0xff, 0xff, 0xe2, 0x64,
  0x00, 0x02, 0x00, 0x00, 0x00, 0x00, 0x00, 0x00, 0x00, 0x00, 0x00, 0x00, 0x00, 0x00, 0x00, 0x00,
  0x00, 0x00, 0x00, 0x00, 0x00, 0x00, 0x00, 0x00, 0x00, 0x00, 0x00, 0x00, 0x00, 0x00, 0x00, 0x00,
  0x00, 0x00, 0x00, 0x00, 0x00, 0x00, 0x00, 0x00, 0x00, 0x00, 0x00, 0x00, 0x00, 0x00, 0x00, 0x00,
  0x00, 0x00, 0x00, 0x00, 0x00, 0x00, 0x00, 0x00, 0x00, 0x00, 0x00, 0x00, 0x00, 0x00, 0x00, 0x00,
  0x00, 0x00, 0x00, 0x00, 0x00, 0x00, 0x00, 0x00, 0x00, 0x00, 0x00, 0x00, 0x00, 0x02, 0x00, 0x75,
  0xff, 0xff, 0xfb, 0xfc, 0xfc, 0xfb, 0xff, 0xff, 0x75, 0x00, 0x02, 0x00, 0x00, 0x00, 0x00, 0x00,
  0x00, 0x00, 0x00, 0x00, 0x00, 0x00, 0x00, 0x00, 0x00, 0x00, 0x00, 0x00, 0x00, 0x00, 0x00, 0x00,
  0x00, 0x00, 0x00, 0x00, 0x00, 0x00, 0x00, 0x00, 0x00, 0x00, 0x00, 0x00, 0x00, 0x00, 0x00, 0x00,
  0x00, 0x00, 0x00, 0x00, 0x00, 0x00, 0x00, 0x00, 0x00, 0x00, 0x00, 0x00, 0x00, 0x00, 0x00, 0x00,
  0x00, 0x00, 0x00, 0x00, 0x00, 0x00, 0x00, 0x00, 0x00, 0x00, 0x00, 0x00, 0x00, 0x00, 0x00, 0x00,
  0x00, 0x00, 0x00, 0x00, 0x02, 0x00, 0x3c, 0xff, 0xfc, 0xfd, 0xff, 0xff, 0xff, 0xff, 0xfd, 0xfc,
  0xff, 0x3c, 0x00, 0x02, 0x00, 0x00, 0x00, 0x00, 0x00, 0x00, 0x00, 0x00, 0x00, 0x00, 0x00, 0x00,
  0x00, 0x00, 0x00, 0x00, 0x00, 0x00, 0x00, 0x00, 0x00, 0x00, 0x00, 0x00, 0x00, 0x00, 0x00, 0x00,
  0x00, 0x00, 0x00, 0x00, 0x00, 0x00, 0x00, 0x00, 0x00, 0x00, 0x00, 0x00, 0x00, 0x00, 0x00, 0x00,
  0x00, 0x00, 0x00, 0x00, 0x00, 0x00, 0x00, 0x00, 0x00, 0x00, 0x00, 0x00, 0x00, 0x00, 0x00, 0x00,
  0x00, 0x00, 0x00, 0x00, 0x00, 0x00, 0x00, 0x00, 0x00, 0x00, 0x00, 0x00, 0x02, 0x00, 0xad, 0xff,
  0xfb, 0xff, 0xff, 0xff, 0xff, 0xff, 0xff, 0xfb, 0xff, 0xad, 0x00, 0x02, 0x00, 0x00, 0x00, 0x00,
  0x00, 0x00, 0x00, 0x00, 0x00, 0x00, 0x00, 0x00, 0x00, 0x00, 0x00, 0x00, 0x00, 0x00, 0x00, 0x00,
  0x00, 0x00, 0x00, 0x00, 0x00, 0x00, 0x00, 0x00, 0x00, 0x00, 0x00, 0x00, 0x00, 0x00, 0x00, 0x00,
  0x00, 0x00, 0x00, 0x00, 0x00, 0x00, 0x00, 0x00, 0x00, 0x00, 0x00, 0x00, 0x00, 0x00, 0x00, 0x00,
  0x00, 0x00, 0x00, 0x00, 0x00, 0x00, 0x00, 0x00, 0x00, 0x00, 0x00, 0x00, 0x00, 0x00, 0x00, 0x00,
  0x00, 0x00, 0x00, 0x01, 0x00, 0x0e, 0xe0, 0xff, 0xfd, 0xff, 0xff, 0xff, 0xff, 0xff, 0xff, 0xfd,
  0xff, 0xe0, 0x0d, 0x00, 0x01, 0x00, 0x00, 0x00, 0x00, 0x00, 0x00, 0x00, 0x00, 0x00, 0x00, 0x00,
  0x00, 0x00, 0x00, 0x00, 0x00, 0x00, 0x00, 0x00, 0x00, 0x00, 0x00, 0x00, 0x00, 0x00, 0x00, 0x00,
  0x00, 0x00, 0x00, 0x00, 0x00, 0x00, 0x00, 0x00, 0x00, 0x00, 0x00, 0x00, 0x00, 0x00, 0x00, 0x00,
  0x00, 0x00, 0x00, 0x00, 0x00, 0x00, 0x00, 0x00, 0x00, 0x00, 0x00, 0x00, 0x00, 0x00, 0x00, 0x00,
  0x00, 0x00, 0x00, 0x00, 0x00, 0x00, 0x00, 0x00, 0x00, 0x00, 0x00, 0x05, 0x03, 0x18, 0xea, 0xff,
  0xfe, 0xff, 0xff, 0xff, 0xff, 0xff, 0xff, 0xfe, 0xff, 0xeb, 0x1b, 0x04, 0x04, 0x00, 0x00, 0x00,
  0x00, 0x00, 0x00, 0x00, 0x00, 0x00, 0x00, 0x00, 0x00, 0x00, 0x00, 0x00, 0x00, 0x00, 0x00, 0x00,
  0x00, 0x00, 0x00, 0x00, 0x00, 0x00, 0x00, 0x00, 0x00, 0x00, 0x00, 0x00, 0x00, 0x00, 0x00, 0x00,
  0x00, 0x00, 0x00, 0x00, 0x00, 0x00, 0x00, 0x00, 0x00, 0x00, 0x00, 0x00, 0x00, 0x00, 0x00, 0x00,
  0x00, 0x00, 0x00, 0x00, 0x00, 0x00, 0x00, 0x00, 0x00, 0x00, 0x00, 0x00, 0x00, 0x00, 0x00, 0x00,
  0x01, 0x04, 0x01, 0x00, 0x00, 0x14, 0xe7, 0xff, 0xfe, 0xff, 0xff, 0xff, 0xff, 0xff, 0xff, 0xfe,
  0xff, 0xe2, 0x09, 0x00, 0x00, 0x02, 0x03, 0x00, 0x00, 0x00, 0x00, 0x00, 0x00, 0x00, 0x00, 0x00,
  0x00, 0x00, 0x00, 0x00, 0x00, 0x00, 0x00, 0x00, 0x00, 0x00, 0x00, 0x00, 0x00, 0x00, 0x00, 0x00,
  0x00, 0x00, 0x00, 0x00, 0x00, 0x00, 0x00, 0x00, 0x00, 0x00, 0x00, 0x00, 0x00, 0x00, 0x00, 0x00,
  0x00, 0x00, 0x00, 0x00, 0x00, 0x00, 0x00, 0x00, 0x00, 0x00, 0x00, 0x00, 0x00, 0x00, 0x00, 0x00,
  0x00, 0x00, 0x00, 0x00, 0x00, 0x00, 0x01, 0x04, 0x00, 0x00, 0x00, 0x45, 0x90, 0xd7, 0xfe, 0xff,
  0xff, 0xff, 0xff, 0xff, 0xff, 0xff, 0xff, 0xff, 0xff, 0xfa, 0xc9, 0x75, 0x24, 0x00, 0x00, 0x02,
  0x02, 0x00, 0x00, 0x00, 0x00, 0x00, 0x00, 0x00, 0x00, 0x00, 0x00, 0x00, 0x00, 0x00, 0x00, 0x00,
  0x00, 0x00, 0x00, 0x00, 0x00, 0x00, 0x00, 0x00, 0x00, 0x00, 0x00, 0x00, 0x00, 0x00, 0x00, 0x00,
  0x00, 0x00, 0x00, 0x00, 0x00, 0x00, 0x00, 0x00, 0x00, 0x00, 0x00, 0x00, 0x00, 0x00, 0x00, 0x00,
  0x00, 0x00, 0x00, 0x00, 0x00, 0x00, 0x00, 0x00, 0x00, 0x00, 0x00, 0x00, 0x00, 0x03, 0x00, 0x00,
  0x0e, 0x6a, 0xbe, 0xff, 0xff, 0xff, 0xff, 0xff, 0xff, 0xff, 0xff, 0xff, 0xff, 0xff, 0xff, 0xff,
  0xff, 0xff, 0xff, 0xff, 0xf3, 0xa8, 0x40, 0x00, 0x00, 0x03, 0x01, 0x00, 0x00, 0x00, 0x00, 0x00,
  0x00, 0x00, 0x00, 0x00, 0x00, 0x00, 0x00, 0x00, 0x00, 0x00, 0x00, 0x00, 0x00, 0x00, 0x00, 0x00,
  0x00, 0x00, 0x00, 0x00, 0x00, 0x00, 0x00, 0x00, 0x00, 0x00, 0x00, 0x00, 0x00, 0x00, 0x00, 0x00,
  0x00, 0x00, 0x00, 0x00, 0x00, 0x00, 0x00, 0x00, 0x00, 0x00, 0x00, 0x00, 0x00, 0x00, 0x00, 0x00,
  0x00, 0x00, 0x00, 0x01, 0x03, 0x00, 0x09, 0x73, 0xdf, 0xff, 0xff, 0xfe, 0xfc, 0xfd, 0xff, 0xff,
  0xff, 0xff, 0xff, 0xff, 0xff, 0xff, 0xff, 0xff, 0xff, 0xff, 0xfd, 0xfb, 0xff, 0xff, 0xff, 0xa5,
  0x33, 0x00, 0x00, 0x03, 0x00, 0x00, 0x00, 0x00, 0x00, 0x00, 0x00, 0x00, 0x00, 0x00, 0x00, 0x00,
  0x00, 0x00, 0x00, 0x00, 0x00, 0x00, 0x00, 0x00, 0x00, 0x00, 0x00, 0x00, 0x00, 0x00, 0x00, 0x00,
  0x00, 0x00, 0x00, 0x00, 0x00, 0x00, 0x00, 0x00, 0x00, 0x00, 0x00, 0x00, 0x00, 0x00, 0x00, 0x00,
  0x00, 0x00, 0x00, 0x00, 0x00, 0x00, 0x00, 0x00, 0x00, 0x00, 0x02, 0x00, 0x00, 0x50, 0xd5, 0xff,
  0xff, 0xfb, 0xfd, 0xff, 0xff, 0xff, 0xff, 0xff, 0xff, 0xff, 0xff, 0xff, 0xff, 0xff, 0xff, 0xff,
  0xff, 0xff, 0xff, 0xff, 0xfe, 0xfc, 0xfe, 0xff, 0xfa, 0x98, 0x0f, 0x00, 0x03, 0x00, 0x00, 0x00,
  0x00, 0x00, 0x00, 0x00, 0x00, 0x00, 0x00, 0x00, 0x00, 0x00, 0x00, 0x00, 0x00, 0x00, 0x00, 0x00,
  0x00, 0x00, 0x00, 0x00, 0x00, 0x00, 0x00, 0x00, 0x00, 0x00, 0x00, 0x00, 0x00, 0x00, 0x00, 0x00,
  0x00, 0x00, 0x00, 0x00, 0x00, 0x00, 0x00, 0x00, 0x00, 0x00, 0x00, 0x00, 0x00, 0x00, 0x00, 0x00,
  0x00, 0x03, 0x00, 0x12, 0x99, 0xff, 0xff, 0xfb, 0xfe, 0xff, 0xff, 0xff, 0xff, 0xff, 0xff, 0xff,
  0xff, 0xff, 0xff, 0xff, 0xff, 0xff, 0xff, 0xff, 0xff, 0xff, 0xff, 0xff, 0xff, 0xff, 0xff, 0xfc,
  0xff, 0xff, 0xda, 0x49, 0x00, 0x03, 0x01, 0x00, 0x00, 0x00, 0x00, 0x00, 0x00, 0x00, 0x00, 0x00,
  0x00, 0x00, 0x00, 0x00, 0x00, 0x00, 0x00, 0x00, 0x00, 0x00, 0x00, 0x00, 0x00, 0x00, 0x00, 0x00,
  0x00, 0x00, 0x00, 0x00, 0x00, 0x00, 0x00, 0x00, 0x00, 0x00, 0x00, 0x00, 0x00, 0x00, 0x00, 0x00,
  0x00, 0x00, 0x00, 0x00, 0x00, 0x00, 0x00, 0x00, 0x02, 0x00, 0x1d, 0xd0, 0xff, 0xfd, 0xfd, 0xff,
  0xff, 0xff, 0xff, 0xff, 0xff, 0xff, 0xff, 0xff, 0xff, 0xff, 0xff, 0xff, 0xff, 0xff, 0xff, 0xff,
  0xff, 0xff, 0xff, 0xff, 0xff, 0xff, 0xff, 0xff, 0xfe, 0xfc, 0xff, 0xff, 0x83, 0x00, 0x01, 0x01,
  0x00, 0x00, 0x00, 0x00, 0x00, 0x00, 0x00, 0x00, 0x00, 0x00, 0x00, 0x00, 0x00, 0x00, 0x00, 0x00,
  0x00, 0x00, 0x00, 0x00, 0x00, 0x00, 0x00, 0x00, 0x00, 0x00, 0x00, 0x00, 0x00, 0x00, 0x00, 0x00,
  0x00, 0x00, 0x00, 0x00, 0x00, 0x00, 0x00, 0x00, 0x00, 0x00, 0x00, 0x00, 0x00, 0x00, 0x00, 0x03,
  0x00, 0x2c, 0xe1, 0xff, 0xfa, 0xff, 0xff, 0xff, 0xff, 0xff, 0xff, 0xff, 0xff, 0xff, 0xff, 0xff,
  0xff, 0xff, 0xff, 0xff, 0xff, 0xff, 0xff, 0xff, 0xff, 0xff, 0xff, 0xff, 0xff, 0xff, 0xff, 0xff,
  0xff, 0xff, 0xfd, 0xfe, 0xff, 0x96, 0x06, 0x02, 0x01, 0x00, 0x00, 0x00, 0x00, 0x00, 0x00, 0x00,
  0x00, 0x00, 0x00, 0x00, 0x00, 0x00, 0x00, 0x00, 0x00, 0x00, 0x00, 0x00, 0x00, 0x00, 0x00, 0x00,
  0x00, 0x00, 0x00, 0x00, 0x00, 0x00, 0x00, 0x00, 0x00, 0x00, 0x00, 0x00, 0x00, 0x00, 0x00, 0x00,
  0x00, 0x00, 0x00, 0x00, 0x00, 0x00, 0x02, 0x00, 0x20, 0xe4, 0xff, 0xfb, 0xff, 0xff, 0xff, 0xff,
  0xff, 0xff, 0xff, 0xff, 0xff, 0xff, 0xff, 0xff, 0xff, 0xff, 0xff, 0xff, 0xff, 0xff, 0xff, 0xff,
  0xff, 0xff, 0xff, 0xff, 0xff, 0xff, 0xff, 0xff, 0xff, 0xff, 0xff, 0xfe, 0xfb, 0xff, 0x94, 0x00,
  0x03, 0x00, 0x00, 0x00, 0x00, 0x00, 0x00, 0x00, 0x00, 0x00, 0x00, 0x00, 0x00, 0x00, 0x00, 0x00,
  0x00, 0x00, 0x00, 0x00, 0x00, 0x00, 0x00, 0x00, 0x00, 0x00, 0x00, 0x00, 0x00, 0x00, 0x00, 0x00,
  0x00, 0x00, 0x00, 0x00, 0x00, 0x00, 0x00, 0x00, 0x00, 0x00, 0x00, 0x00, 0x00, 0x01, 0x02, 0x11,
  0xd2, 0xff, 0xfb, 0xff, 0xff, 0xff, 0xff, 0xff, 0xff, 0xff, 0xff, 0xff, 0xff, 0xff, 0xff, 0xff,
  0xff, 0xff, 0xff, 0xff, 0xff, 0xff, 0xff, 0xff, 0xff, 0xff, 0xff, 0xff, 0xff, 0xff, 0xff, 0xff,
  0xff, 0xff, 0xff, 0xff, 0xfe, 0xfa, 0xff, 0x6d, 0x00, 0x03, 0x00, 0x00, 0x00, 0x00, 0x00, 0x00,
  0x00, 0x00, 0x00, 0x00, 0x00, 0x00, 0x00, 0x00, 0x00, 0x00, 0x00, 0x00, 0x00, 0x00, 0x00, 0x00,
  0x00, 0x00, 0x00, 0x00, 0x00, 0x00, 0x00, 0x00, 0x00, 0x00, 0x00, 0x00, 0x00, 0x00, 0x00, 0x00,
  0x00, 0x00, 0x00, 0x00, 0x00, 0x03, 0x00, 0x96, 0xff, 0xfa, 0xff, 0xff, 0xff, 0xff, 0xff, 0xff,
  0xff, 0xff, 0xff, 0xff, 0xff, 0xff, 0xff, 0xff, 0xff, 0xff, 0xff, 0xff, 0xff, 0xff, 0xff, 0xff,
  0xff, 0xff, 0xff, 0xff, 0xff, 0xff, 0xff, 0xff, 0xff, 0xff, 0xff, 0xff, 0xff, 0xfe, 0xfd, 0xfa,
  0x38, 0x00, 0x03, 0x00, 0x00, 0x00, 0x00, 0x00, 0x00, 0x00, 0x00, 0x00, 0x00, 0x00, 0x00, 0x00,
  0x00, 0x00, 0x00, 0x00, 0x00, 0x00, 0x00, 0x00, 0x00, 0x00, 0x00, 0x00, 0x00, 0x00, 0x00, 0x00,
  0x00, 0x00, 0x00, 0x00, 0x00, 0x00, 0x00, 0x00, 0x00, 0x00, 0x00, 0x00, 0x02, 0x01, 0x2b, 0xfb,
  0xfc, 0xfe, 0xff, 0xff, 0xff, 0xff, 0xff, 0xff, 0xff, 0xff, 0xff, 0xff, 0xff, 0xff, 0xff, 0xff,
  0xff, 0xff, 0xff, 0xff, 0xff, 0xff, 0xff, 0xff, 0xff, 0xff, 0xff, 0xff, 0xff, 0xff, 0xff, 0xff,
  0xff, 0xff, 0xff, 0xff, 0xff, 0xff, 0xfc, 0xff, 0xbd, 0x00, 0x02, 0x00, 0x00, 0x00, 0x00, 0x00,
  0x00, 0x00, 0x00, 0x00, 0x00, 0x00, 0x00, 0x00, 0x00, 0x00, 0x00, 0x00, 0x00, 0x00, 0x00, 0x00,
  0x00, 0x00, 0x00, 0x00, 0x00, 0x00, 0x00, 0x00, 0x00, 0x00, 0x00, 0x00, 0x00, 0x00, 0x00, 0x00,
  0x00, 0x00, 0x00, 0x00, 0x02, 0x00, 0xb6, 0xff, 0xfc, 0xff, 0xff, 0xff, 0xff, 0xff, 0xff, 0xff,
  0xff, 0xff, 0xff, 0xff, 0xff, 0xff, 0xff, 0xff, 0xff, 0xff, 0xff, 0xff, 0xff, 0xff, 0xff, 0xff,
  0xff, 0xff, 0xff, 0xff, 0xff, 0xff, 0xff, 0xff, 0xff, 0xff, 0xff, 0xff, 0xff, 0xff, 0xff, 0xfc,
  0xff, 0x4e, 0x00, 0x03, 0x00, 0x00, 0x00, 0x00, 0x00, 0x00, 0x00, 0x00, 0x00, 0x00, 0x00, 0x00,
  0x00, 0x00, 0x00, 0x00, 0x00, 0x00, 0x00, 0x00, 0x00, 0x00, 0x00, 0x00, 0x00, 0x00, 0x00, 0x00,
  0x00, 0x00, 0x00, 0x00, 0x00, 0x00, 0x00, 0x00, 0x00, 0x00, 0x00, 0x02, 0x00, 0x2a, 0xfb, 0xfe,
  0xfe, 0xff, 0xff, 0xff, 0xff, 0xff, 0xff, 0xff, 0xff, 0xff, 0xff, 0xff, 0xff, 0xff, 0xff, 0xff,
  0xff, 0xff, 0xff, 0xff, 0xff, 0xff, 0xff, 0xff, 0xff, 0xff, 0xff, 0xff, 0xff, 0xff, 0xff, 0xff,
  0xff, 0xff, 0xff, 0xff, 0xff, 0xff, 0xff, 0xfb, 0xfe, 0xb7, 0x00, 0x02, 0x00, 0x00, 0x00, 0x00,
  0x00, 0x00, 0x00, 0x00, 0x00, 0x00, 0x00, 0x00, 0x00, 0x00, 0x00, 0x00, 0x00, 0x00, 0x00, 0x00,
  0x00, 0x00, 0x00, 0x00, 0x00, 0x00, 0x00, 0x00, 0x00, 0x00, 0x00, 0x00, 0x00, 0x00, 0x00, 0x00,
  0x00, 0x00, 0x00, 0x04, 0x01, 0x77, 0xff, 0xfb, 0xff, 0xff, 0xff, 0xff, 0xff, 0xff, 0xff, 0xff,
  0xff, 0xff, 0xff, 0xff, 0xff, 0xff, 0xff, 0xff, 0xff, 0xff, 0xff, 0xff, 0xff, 0xff, 0xff, 0xff,
  0xff, 0xff, 0xff, 0xff, 0xff, 0xff, 0xff, 0xff, 0xff, 0xff, 0xff, 0xff, 0xff, 0xff, 0xff, 0xfe,
  0xff, 0xf2, 0x1e, 0x00, 0x02, 0x00, 0x00, 0x00, 0x00, 0x00, 0x00, 0x00, 0x00, 0x00, 0x00, 0x00,
  0x00, 0x00, 0x00, 0x00, 0x00, 0x00, 0x00, 0x00, 0x00, 0x00, 0x00, 0x00, 0x00, 0x00, 0x00, 0x00,
  0x00, 0x00, 0x00, 0x00, 0x00, 0x00, 0x00, 0x00, 0x00, 0x00, 0x00, 0x01, 0x00, 0xbc, 0xff, 0xfc,
  0xff, 0xff, 0xff, 0xff, 0xff, 0xff, 0xff, 0xff, 0xff, 0xff, 0xff, 0xff, 0xff, 0xff, 0xff, 0xff,
  0xff, 0xff, 0xff, 0xff, 0xff, 0xff, 0xff, 0xff, 0xff, 0xff, 0xff, 0xff, 0xff, 0xff, 0xff, 0xff,
  0xff, 0xff, 0xff, 0xff, 0xff, 0xff, 0xff, 0xff, 0xfc, 0xff, 0x54, 0x00, 0x04, 0x00, 0x00, 0x00,
  0x00, 0x00, 0x00, 0x00, 0x00, 0x00, 0x00, 0x00, 0x00, 0x00, 0x00, 0x00, 0x00, 0x00, 0x00, 0x00,
  0x00, 0x00, 0x00, 0x00, 0x00, 0x00, 0x00, 0x00, 0x00, 0x00, 0x00, 0x00, 0x00, 0x00, 0x00, 0x00,
  0x00, 0x00, 0x01, 0x00, 0x0d, 0xe6, 0xff, 0xfd, 0xff, 0xff, 0xff, 0xff, 0xff, 0xff, 0xff, 0xff,
  0xff, 0xff, 0xff, 0xff, 0xff, 0xff, 0xff, 0xff, 0xff, 0xff, 0xff, 0xff, 0xff, 0xff, 0xff, 0xff,
  0xff, 0xff, 0xff, 0xff, 0xff, 0xff, 0xff, 0xff, 0xff, 0xff, 0xff, 0xff, 0xff, 0xff, 0xff, 0xff,
  0xfb, 0xff, 0x8e, 0x00, 0x03, 0x00, 0x00, 0x00, 0x00, 0x00, 0x00, 0x00, 0x00, 0x00, 0x00, 0x00,
  0x00, 0x00, 0x00, 0x00, 0x00, 0x00, 0x00, 0x00, 0x00, 0x00, 0x00, 0x00, 0x00, 0x00, 0x00, 0x00,
  0x00, 0x00, 0x00, 0x00, 0x00, 0x00, 0x00, 0x00, 0x00, 0x00, 0x03, 0x00, 0x3d, 0xfe, 0xfe, 0xff,
  0xff, 0xff, 0xff, 0xff, 0xff, 0xff, 0xff, 0xff, 0xff, 0xff, 0xff, 0xff, 0xff, 0xff, 0xff, 0xff,
  0xff, 0xff, 0xff, 0xff, 0xff, 0xff, 0xff, 0xff, 0xff, 0xff, 0xff, 0xff, 0xff, 0xff, 0xff, 0xff,
  0xff, 0xff, 0xff, 0xff, 0xff, 0xff, 0xff, 0xff, 0xfc, 0xff, 0xb6, 0x00, 0x01, 0x00, 0x00, 0x00,
  0x00, 0x00, 0x00, 0x00, 0x00, 0x00, 0x00, 0x00, 0x00, 0x00, 0x00, 0x00, 0x00, 0x00, 0x00, 0x00,
  0x00, 0x00, 0x00, 0x00, 0x00, 0x00, 0x00, 0x00, 0x00, 0x00, 0x00, 0x00, 0x00, 0x00, 0x00, 0x00,
  0x00, 0x00, 0x04, 0x00, 0x4a, 0xff, 0xfc, 0xff, 0xff, 0xff, 0xff, 0xff, 0xff, 0xff, 0xff, 0xff,
  0xff, 0xff, 0xff, 0xff, 0xff, 0xff, 0xff, 0xff, 0xff, 0xff, 0xff, 0xff, 0xff, 0xff, 0xff, 0xff,
  0xff, 0xff, 0xff, 0xff, 0xff, 0xff, 0xff, 0xff, 0xff, 0xff, 0xff, 0xff, 0xff, 0xff, 0xff, 0xff,
  0xfd, 0xff, 0xdd, 0x07, 0x00, 0x01, 0x00, 0x00, 0x00, 0x00, 0x00, 0x00, 0x00, 0x00, 0x00, 0x00,
  0x00, 0x00, 0x00, 0x00, 0x00, 0x00, 0x00, 0x00, 0x00, 0x00, 0x00, 0x00, 0x00, 0x00, 0x00, 0x00,
  0x00, 0x00, 0x00, 0x00, 0x00, 0x00, 0x00, 0x00, 0x00, 0x00, 0x03, 0x00, 0x7c, 0xff, 0xfc, 0xff,
  0xff, 0xff, 0xff, 0xff, 0xff, 0xff, 0xff, 0xff, 0xff, 0xff, 0xff, 0xff, 0xff, 0xff, 0xff, 0xff,
  0xff, 0xff, 0xff, 0xff, 0xff, 0xff, 0xff, 0xff, 0xff, 0xff, 0xff, 0xff, 0xff, 0xff, 0xff, 0xff,
  0xff, 0xff, 0xff, 0xff, 0xff, 0xff, 0xff, 0xff, 0xfe, 0xff, 0xf4, 0x23, 0x00, 0x02, 0x00, 0x00,
  0x00, 0x00, 0x00, 0x00, 0x00, 0x00, 0x00, 0x00, 0x00, 0x00, 0x00, 0x00, 0x00, 0x00, 0x00, 0x00,
  0x00, 0x00, 0x00, 0x00, 0x00, 0x00, 0x00, 0x00, 0x00, 0x00, 0x00, 0x00, 0x00, 0x00, 0x00, 0x00,
  0x00, 0x00, 0x03, 0x00, 0xad, 0xff, 0xfc, 0xff, 0xff, 0xff, 0xff, 0xff, 0xff, 0xff, 0xff, 0xff,
  0xff, 0xff, 0xff, 0xff, 0xff, 0xff, 0xff, 0xff, 0xff, 0xff, 0xff, 0xff, 0xff, 0xff, 0xff, 0xff,
  0xff, 0xff, 0xff, 0xff, 0xff, 0xff, 0xff, 0xff, 0xff, 0xff, 0xff, 0xff, 0xff, 0xff, 0xff, 0xff,
  0xff, 0xfe, 0xfe, 0x3e, 0x00, 0x03, 0x00, 0x00, 0x00, 0x00, 0x00, 0x00, 0x00, 0x00, 0x00, 0x00,
  0x00, 0x00, 0x00, 0x00, 0x00, 0x00, 0x00, 0x00, 0x00, 0x00, 0x00, 0x00, 0x00, 0x00, 0x00, 0x00,
  0x00, 0x00, 0x00, 0x00, 0x00, 0x00, 0x00, 0x00, 0x00, 0x00, 0x03, 0x00, 0xbd, 0xff, 0xfc, 0xff,
  0xff, 0xff, 0xff, 0xff, 0xff, 0xff, 0xff, 0xff, 0xff, 0xff, 0xff, 0xff, 0xff, 0xff, 0xff, 0xff,
  0xff, 0xff, 0xff, 0xff, 0xff, 0xff, 0xff, 0xff, 0xff, 0xff, 0xff, 0xff, 0xff, 0xff, 0xff, 0xff,
  0xff, 0xff, 0xff, 0xff, 0xff, 0xff, 0xff, 0xff, 0xff, 0xfb, 0xff, 0x5e, 0x00, 0x03, 0x00, 0x00,
  0x00, 0x00, 0x00, 0x00, 0x00, 0x00, 0x00, 0x00, 0x00, 0x00, 0x00, 0x00, 0x00, 0x00, 0x00, 0x00,
  0x00, 0x00, 0x00, 0x00, 0x00, 0x00, 0x00, 0x00, 0x00, 0x00, 0x00, 0x00, 0x00, 0x00, 0x00, 0x00,
  0x00, 0x01, 0x01, 0x12, 0xde, 0xff, 0xfd, 0xff, 0xff, 0xff, 0xff, 0xff, 0xff, 0xff, 0xff, 0xff,
  0xff, 0xff, 0xff, 0xff, 0xff, 0xff, 0xff, 0xff, 0xff, 0xff, 0xff, 0xff, 0xff, 0xff, 0xff, 0xff,
  0xff, 0xff, 0xff, 0xff, 0xff, 0xff, 0xff, 0xff, 0xff, 0xff, 0xff, 0xff, 0xff, 0xff, 0xff, 0xff,
  0xff, 0xfc, 0xff, 0x88, 0x00, 0x03, 0x00, 0x00, 0x00, 0x00, 0x00, 0x00, 0x00, 0x00, 0x00, 0x00,
  0x00, 0x00, 0x00, 0x00, 0x00, 0x00, 0x00, 0x00, 0x00, 0x00, 0x00, 0x00, 0x00, 0x00, 0x00, 0x00,
  0x00, 0x00, 0x00, 0x00, 0x00, 0x00, 0x00, 0x00, 0x00, 0x02, 0x00, 0x2a, 0xfd, 0xff, 0xff, 0xff,
  0xff, 0xff, 0xff, 0xff, 0xff, 0xff, 0xff, 0xff, 0xff, 0xff, 0xff, 0xff, 0xff, 0xff, 0xff, 0xff,
  0xff, 0xff, 0xff, 0xff, 0xff, 0xff, 0xff, 0xff, 0xff, 0xff, 0xff, 0xff, 0xff, 0xff, 0xff, 0xff,
  0xff, 0xff, 0xff, 0xff, 0xff, 0xff, 0xff, 0xff, 0xff, 0xfc, 0xff, 0xac, 0x00, 0x03, 0x00, 0x00,
  0x00, 0x00, 0x00, 0x00, 0x00, 0x00, 0x00, 0x00, 0x00, 0x00, 0x00, 0x00, 0x00, 0x00, 0x00, 0x00,
  0x00, 0x00, 0x00, 0x00, 0x00, 0x00, 0x00, 0x00, 0x00, 0x00, 0x00, 0x00, 0x00, 0x00, 0x00, 0x00,
  0x00, 0x03, 0x00, 0x33, 0xff, 0xfd, 0xff, 0xff, 0xff, 0xff, 0xff, 0xff, 0xff, 0xff, 0xff, 0xff,
  0xff, 0xff, 0xff, 0xff, 0xff, 0xff, 0xff, 0xff, 0xff, 0xff, 0xff, 0xff, 0xff, 0xff, 0xff, 0xff,
  0xff, 0xff, 0xff, 0xff, 0xff, 0xff, 0xff, 0xff, 0xff, 0xff, 0xff, 0xff, 0xff, 0xff, 0xff, 0xff,
  0xff, 0xfc, 0xff, 0xcc, 0x01, 0x01, 0x00, 0x00, 0x00, 0x00, 0x00, 0x00, 0x00, 0x00, 0x00, 0x00,
  0x00, 0x00, 0x00, 0x00, 0x00, 0x00, 0x00, 0x00, 0x00, 0x00, 0x00, 0x00, 0x00, 0x00, 0x00, 0x00,
  0x00, 0x00, 0x00, 0x00, 0x00, 0x00, 0x00, 0x00, 0x00, 0x04, 0x00, 0x66, 0xff, 0xfc, 0xff, 0xff,
  0xff, 0xff, 0xff, 0xff, 0xff, 0xff, 0xff, 0xff, 0xff, 0xff, 0xff, 0xff, 0xff, 0xff, 0xff, 0xff,
  0xff, 0xff, 0xff, 0xff, 0xff, 0xff, 0xff, 0xff, 0xff, 0xff, 0xff, 0xff, 0xff, 0xff, 0xff, 0xff,
  0xff, 0xff, 0xff, 0xff, 0xff, 0xff, 0xff, 0xff, 0xff, 0xfd, 0xff, 0xe5, 0x14, 0x00, 0x01, 0x00,
  0x00, 0x00, 0x00, 0x00, 0x00, 0x00, 0x00, 0x00, 0x00, 0x00, 0x00, 0x00, 0x00, 0x00, 0x00, 0x00,
  0x00, 0x00, 0x00, 0x00, 0x00, 0x00, 0x00, 0x00, 0x00, 0x00, 0x00, 0x00, 0x00, 0x00, 0x00, 0x00,
  0x00, 0x04, 0x00, 0x92, 0xff, 0xfb, 0xff, 0xff, 0xff, 0xff, 0xff, 0xff, 0xff, 0xff, 0xff, 0xff,
  0xff, 0xff, 0xff, 0xff, 0xff, 0xff, 0xff, 0xff, 0xff, 0xff, 0xff, 0xff, 0xff, 0xff, 0xff, 0xff,
  0xff, 0xff, 0xff, 0xff, 0xff, 0xff, 0xff, 0xff, 0xff, 0xff, 0xff, 0xff, 0xff, 0xff, 0xff, 0xff,
  0xff, 0xff, 0xff, 0xfe, 0x2a, 0x00, 0x02, 0x00, 0x00, 0x00, 0x00, 0x00, 0x00, 0x00, 0x00, 0x00,
  0x00, 0x00, 0x00, 0x00, 0x00, 0x00, 0x00, 0x00, 0x00, 0x00, 0x00, 0x00, 0x00, 0x00, 0x00, 0x00,
  0x00, 0x00, 0x00, 0x00, 0x00, 0x00, 0x00, 0x00, 0x00, 0x04, 0x00, 0xa3, 0xff, 0xfb, 0xff, 0xff,
  0xff, 0xff, 0xff, 0xff, 0xff, 0xff, 0xff, 0xff, 0xff, 0xff, 0xff, 0xff, 0xff, 0xff, 0xff, 0xff,
  0xff, 0xff, 0xff, 0xff, 0xff, 0xff, 0xff, 0xff, 0xff, 0xff, 0xff, 0xff, 0xff, 0xff, 0xff, 0xff,
  0xff, 0xff, 0xff, 0xff, 0xff, 0xff, 0xff, 0xff, 0xff, 0xff, 0xfd, 0xff, 0x45, 0x00, 0x03, 0x00,
  0x00, 0x00, 0x00, 0x00, 0x00, 0x00, 0x00, 0x00, 0x00, 0x00, 0x00, 0x00, 0x00, 0x00, 0x00, 0x00,
  0x00, 0x00, 0x00, 0x00, 0x00, 0x00, 0x00, 0x00, 0x00, 0x00, 0x00, 0x00, 0x00, 0x00, 0x00, 0x00,
  0x01, 0x00, 0x08, 0xd1, 0xff, 0xfd, 0xff, 0xff, 0xff, 0xff, 0xff, 0xff, 0xff, 0xff, 0xff, 0xff,
  0xff, 0xff, 0xff, 0xff, 0xff, 0xff, 0xff, 0xff, 0xff, 0xff, 0xff, 0xff, 0xff, 0xff, 0xff, 0xff,
  0xff, 0xff, 0xff, 0xff, 0xff, 0xff, 0xff, 0xff, 0xff, 0xff, 0xff, 0xff, 0xff, 0xff, 0xff, 0xff,
  0xff, 0xff, 0xfc, 0xff, 0x73, 0x00, 0x04, 0x00, 0x00, 0x00, 0x00, 0x00, 0x00, 0x00, 0x00, 0x00,
  0x00, 0x00, 0x00, 0x00, 0x00, 0x00, 0x00, 0x00, 0x00, 0x00, 0x00, 0x00, 0x00, 0x00, 0x00, 0x00,
  0x00, 0x00, 0x00, 0x00, 0x00, 0x00, 0x00, 0x00, 0x01, 0x00, 0x14, 0xf3, 0xff, 0xfe, 0xff, 0xff,
  0xff, 0xff, 0xff, 0xff, 0xff, 0xff, 0xff, 0xff, 0xff, 0xff, 0xff, 0xff, 0xff, 0xff, 0xff, 0xff,
  0xff, 0xff, 0xff, 0xff, 0xff, 0xff, 0xff, 0xff, 0xff, 0xff, 0xff, 0xff, 0xff, 0xff, 0xff, 0xff,
  0xff, 0xff, 0xff, 0xff, 0xff, 0xff, 0xff, 0xff, 0xff, 0xff, 0xfb, 0xff, 0x96, 0x00, 0x04, 0x00,
  0x00, 0x00, 0x00, 0x00, 0x00, 0x00, 0x00, 0x00, 0x00, 0x00, 0x00, 0x00, 0x00, 0x00, 0x00, 0x00,
  0x00, 0x00, 0x00, 0x00, 0x00, 0x00, 0x00, 0x00, 0x00, 0x00, 0x00, 0x00, 0x00, 0x00, 0x00, 0x00,
  0x03, 0x00, 0x2f, 0xfd, 0xff, 0xfe, 0xff, 0xff, 0xff, 0xff, 0xff, 0xff, 0xff, 0xff, 0xff, 0xff,
  0xff, 0xff, 0xff, 0xff, 0xff, 0xff, 0xff, 0xff, 0xff, 0xff, 0xff, 0xff, 0xff, 0xff, 0xff, 0xff,
  0xff, 0xff, 0xff, 0xff, 0xff, 0xff, 0xff, 0xff, 0xff, 0xff, 0xff, 0xff, 0xff, 0xff, 0xff, 0xff,
  0xff, 0xff, 0xfc, 0xff, 0xbf, 0x01, 0x01, 0x00, 0x00, 0x00, 0x00, 0x00, 0x00, 0x00, 0x00, 0x00,
  0x00, 0x00, 0x00, 0x00, 0x00, 0x00, 0x00, 0x00, 0x00, 0x00, 0x00, 0x00, 0x00, 0x00, 0x00, 0x00,
  0x00, 0x00, 0x00, 0x00, 0x00, 0x00, 0x00, 0x00, 0x04, 0x00, 0x6b, 0xff, 0xfc, 0xff, 0xff, 0xff,
  0xff, 0xff, 0xff, 0xff, 0xff, 0xff, 0xff, 0xff, 0xff, 0xff, 0xff, 0xff, 0xff, 0xff, 0xff, 0xff,
  0xff, 0xff, 0xff, 0xff, 0xff, 0xff, 0xff, 0xff, 0xff, 0xff, 0xff, 0xff, 0xff, 0xff, 0xff, 0xff,
  0xff, 0xff, 0xff, 0xff, 0xff, 0xff, 0xff, 0xff, 0xff, 0xff, 0xfe, 0xff, 0xea, 0x11, 0x00, 0x01,
  0x00, 0x00, 0x00, 0x00, 0x00, 0x00, 0x00, 0x00, 0x00, 0x00, 0x00, 0x00, 0x00, 0x00, 0x00, 0x00,
  0x00, 0x00, 0x00, 0x00, 0x00, 0x00, 0x00, 0x00, 0x00, 0x00, 0x00, 0x00, 0x00, 0x00, 0x00, 0x00,
  0x04, 0x00, 0x8b, 0xff, 0xfa, 0xff, 0xff, 0xff, 0xff, 0xff, 0xff, 0xff, 0xff, 0xff, 0xff, 0xff,
  0xff, 0xff, 0xff, 0xff, 0xff, 0xff, 0xff, 0xff, 0xff, 0xff, 0xff, 0xff, 0xff, 0xff, 0xff, 0xff,
  0xff, 0xff, 0xff, 0xff, 0xff, 0xff, 0xff, 0xff, 0xff, 0xff, 0xff, 0xff, 0xff, 0xff, 0xff, 0xff,
  0xff, 0xff, 0xff, 0xff, 0xff, 0x32, 0x00, 0x02, 0x00, 0x00, 0x00, 0x00, 0x00, 0x00, 0x00, 0x00,
  0x00, 0x00, 0x00, 0x00, 0x00, 0x00, 0x00, 0x00, 0x00, 0x00, 0x00, 0x00, 0x00, 0x00, 0x00, 0x00,
  0x00, 0x00, 0x00, 0x00, 0x00, 0x00, 0x00, 0x01, 0x00, 0x00, 0xd6, 0xff, 0xfd, 0xff, 0xff, 0xff,
  0xff, 0xff, 0xff, 0xff, 0xff, 0xff, 0xff, 0xff, 0xff, 0xff, 0xff, 0xff, 0xff, 0xff, 0xff, 0xff,
  0xff, 0xff, 0xff, 0xff, 0xff, 0xff, 0xff, 0xff, 0xff, 0xff, 0xff, 0xff, 0xff, 0xff, 0xff, 0xff,
  0xff, 0xff, 0xff, 0xff, 0xff, 0xff, 0xff, 0xff, 0xff, 0xff, 0xff, 0xfc, 0xff, 0x64, 0x01, 0x04,
  0x00, 0x00, 0x00, 0x00, 0x00, 0x00, 0x00, 0x00, 0x00, 0x00, 0x00, 0x00, 0x00, 0x00, 0x00, 0x00,
  0x00, 0x00, 0x00, 0x00, 0x00, 0x00, 0x00, 0x00, 0x00, 0x00, 0x00, 0x00, 0x00, 0x00, 0x00, 0x02,
  0x00, 0x1c, 0xf3, 0xff, 0xfe, 0xff, 0xff, 0xff, 0xff, 0xff, 0xff, 0xff, 0xff, 0xff, 0xff, 0xff,
  0xff, 0xff, 0xff, 0xff, 0xff, 0xff, 0xff, 0xff, 0xff, 0xff, 0xff, 0xff, 0xff, 0xff, 0xff, 0xff,
  0xff, 0xff, 0xff, 0xff, 0xff, 0xff, 0xff, 0xff, 0xff, 0xff, 0xff, 0xff, 0xff, 0xff, 0xff, 0xff,
  0xff, 0xff, 0xff, 0xfb, 0xff, 0xa0, 0x00, 0x03, 0x00, 0x00, 0x00, 0x00, 0x00, 0x00, 0x00, 0x00,
  0x00, 0x00, 0x00, 0x00, 0x00, 0x00, 0x00, 0x00, 0x00, 0x00, 0x00, 0x00, 0x00, 0x00, 0x00, 0x00,
  0x00, 0x00, 0x00, 0x00, 0x00, 0x00, 0x00, 0x04, 0x01, 0x61, 0xff, 0xfc, 0xff, 0xff, 0xff, 0xff,
  0xff, 0xff, 0xff, 0xff, 0xff, 0xff, 0xff, 0xff, 0xff, 0xff, 0xff, 0xff, 0xff, 0xff, 0xff, 0xff,
  0xff, 0xff, 0xff, 0xff, 0xff, 0xff, 0xff, 0xff, 0xff, 0xff, 0xff, 0xff, 0xff, 0xff, 0xff, 0xff,
  0xff, 0xff, 0xff, 0xff, 0xff, 0xff, 0xff, 0xff, 0xff, 0xff, 0xff, 0xfd, 0xff, 0xe7, 0x10, 0x00,
  0x01, 0x00, 0x00, 0x00, 0x00, 0x00, 0x00, 0x00, 0x00, 0x00, 0x00, 0x00, 0x00, 0x00, 0x00, 0x00,
  0x00, 0x00, 0x00, 0x00, 0x00, 0x00, 0x00, 0x00, 0x00, 0x00, 0x00, 0x00, 0x00, 0x00, 0x00, 0x02,
  0x00, 0xa4, 0xff, 0xfc, 0xff, 0xff, 0xff, 0xff, 0xff, 0xff, 0xff, 0xff, 0xff, 0xff, 0xff, 0xff,
  0xff, 0xff, 0xff, 0xff, 0xff, 0xff, 0xff, 0xff, 0xff, 0xff, 0xff, 0xff, 0xff, 0xff, 0xff, 0xff,
  0xff, 0xff, 0xff, 0xff, 0xff, 0xff, 0xff, 0xff, 0xff, 0xff, 0xff, 0xff, 0xff, 0xff, 0xff, 0xff,
  0xff, 0xff, 0xff, 0xff, 0xfe, 0xff, 0x41, 0x01, 0x03, 0x00, 0x00, 0x00, 0x00, 0x00, 0x00, 0x00,
  0x00, 0x00, 0x00, 0x00, 0x00, 0x00, 0x00, 0x00, 0x00, 0x00, 0x00, 0x00, 0x00, 0x00, 0x00, 0x00,
  0x00, 0x00, 0x00, 0x00, 0x00, 0x00, 0x02, 0x01, 0x1d, 0xf1, 0xff, 0xfe, 0xff, 0xff, 0xff, 0xff,
  0xff, 0xff, 0xff, 0xff, 0xff, 0xff, 0xff, 0xff, 0xff, 0xff, 0xff, 0xff, 0xff, 0xff, 0xff, 0xff,
  0xff, 0xff, 0xff, 0xff, 0xff, 0xff, 0xff, 0xff, 0xff, 0xff, 0xff, 0xff, 0xff, 0xff, 0xff, 0xff,
  0xff, 0xff, 0xff, 0xff, 0xff, 0xff, 0xff, 0xff, 0xff, 0xff, 0xff, 0xff, 0xfc, 0xff, 0x99, 0x00,
  0x03, 0x00, 0x00, 0x00, 0x00, 0x00, 0x00, 0x00, 0x00, 0x00, 0x00, 0x00, 0x00, 0x00, 0x00, 0x00,
  0x00, 0x00, 0x00, 0x00, 0x00, 0x00, 0x00, 0x00, 0x00, 0x00, 0x00, 0x00, 0x00, 0x00, 0x04, 0x00,
  0x67, 0xff, 0xfc, 0xff, 0xff, 0xff, 0xff, 0xff, 0xff, 0xff, 0xff, 0xff, 0xff, 0xff, 0xff, 0xff,
  0xff, 0xff, 0xff, 0xff, 0xff, 0xff, 0xff, 0xff, 0xff, 0xff, 0xff, 0xff, 0xff, 0xff, 0xff, 0xff,
  0xff, 0xff, 0xff, 0xff, 0xff, 0xff, 0xff, 0xff, 0xff, 0xff, 0xff, 0xff, 0xff, 0xff, 0xff, 0xff,
  0xff, 0xff, 0xff, 0xff, 0xfd, 0xff, 0xed, 0x17, 0x03, 0x02, 0x00, 0x00, 0x00, 0x00, 0x00, 0x00,
  0x00, 0x00, 0x00, 0x00, 0x00, 0x00, 0x00, 0x00, 0x00, 0x00, 0x00, 0x00, 0x00, 0x00, 0x00, 0x00,
  0x00, 0x00, 0x00, 0x00, 0x02, 0x04, 0x00, 0x01, 0xd7, 0xfe, 0xfd, 0xff, 0xff, 0xff, 0xff, 0xff,
  0xff, 0xff, 0xff, 0xff, 0xff, 0xff, 0xff, 0xff, 0xff, 0xff, 0xff, 0xff, 0xff, 0xff, 0xff, 0xff,
  0xff, 0xff, 0xff, 0xff, 0xff, 0xff, 0xff, 0xff, 0xff, 0xff, 0xff, 0xff, 0xff, 0xff, 0xff, 0xff,
  0xff, 0xff, 0xff, 0xff, 0xff, 0xff, 0xff, 0xff, 0xff, 0xff, 0xff, 0xff, 0xff, 0xfc, 0xff, 0x82,
  0x00, 0x04, 0x03, 0x01, 0x00, 0x00, 0x00, 0x00, 0x00, 0x00, 0x00, 0x00, 0x00, 0x00, 0x00, 0x00,
  0x00, 0x00, 0x00, 0x00, 0x00, 0x00, 0x00, 0x00, 0x00, 0x00, 0x02, 0x02, 0x00, 0x00, 0x0b, 0x86,
  0xff, 0xfd, 0xff, 0xff, 0xff, 0xff, 0xff, 0xff, 0xff, 0xff, 0xff, 0xff, 0xff, 0xff, 0xff, 0xff,
  0xff, 0xff, 0xff, 0xff, 0xff, 0xff, 0xff, 0xff, 0xff, 0xff, 0xff, 0xff, 0xff, 0xff, 0xff, 0xff,
  0xff, 0xff, 0xff, 0xff, 0xff, 0xff, 0xff, 0xff, 0xff, 0xff, 0xff, 0xff, 0xff, 0xff, 0xff, 0xff,
  0xff, 0xff, 0xff, 0xff, 0xff, 0xfe, 0xfe, 0xf0, 0x3c, 0x00, 0x00, 0x00, 0x03, 0x02, 0x00, 0x00,
  0x00, 0x00, 0x00, 0x00, 0x00, 0x00, 0x00, 0x00, 0x00, 0x00, 0x00, 0x00, 0x00, 0x00, 0x00, 0x00,
  0x01, 0x03, 0x00, 0x00, 0x2d, 0x88, 0xda, 0xff, 0xfe, 0xff, 0xff, 0xff, 0xff, 0xff, 0xff, 0xff,
  0xff, 0xff, 0xff, 0xff, 0xff, 0xff, 0xff, 0xff, 0xff, 0xff, 0xff, 0xff, 0xff, 0xff, 0xff, 0xff,
  0xff, 0xff, 0xff, 0xff, 0xff, 0xff, 0xff, 0xff, 0xff, 0xff, 0xff, 0xff, 0xff, 0xff, 0xff, 0xff,
  0xff, 0xff, 0xff, 0xff, 0xff, 0xff, 0xff, 0xff, 0xff, 0xff, 0xff, 0xff, 0xff, 0xff, 0xfe, 0xff,
  0xff, 0xc0, 0x67, 0x15, 0x00, 0x00, 0x03, 0x01, 0x00, 0x00, 0x00, 0x00, 0x00, 0x00, 0x00, 0x00,
  0x00, 0x00, 0x00, 0x00, 0x00, 0x00, 0x00, 0x01, 0x00, 0x00, 0x32, 0xa6, 0xf7, 0xff, 0xff, 0xfd,
  0xff, 0xff, 0xff, 0xff, 0xff, 0xff, 0xff, 0xff, 0xff, 0xff, 0xff, 0xff, 0xff, 0xff, 0xff, 0xff,
  0xff, 0xff, 0xff, 0xff, 0xff, 0xff, 0xff, 0xff, 0xff, 0xff, 0xff, 0xff, 0xff, 0xff, 0xff, 0xff,
  0xff, 0xff, 0xff, 0xff, 0xff, 0xff, 0xff, 0xff, 0xff, 0xff, 0xff, 0xff, 0xff, 0xff, 0xff, 0xff,
  0xff, 0xff, 0xff, 0xff, 0xff, 0xff, 0xff, 0xfe, 0xff, 0xff, 0xff, 0xe5, 0x89, 0x1f, 0x00, 0x00,
  0x01, 0x00, 0x00, 0x00, 0x00, 0x00, 0x00, 0x00, 0x00, 0x00, 0x00, 0x00, 0x00, 0x00, 0x01, 0x00,
  0x04, 0x87, 0xfc, 0xff, 0xff, 0xfc, 0xfd, 0xff, 0xff, 0xff, 0xff, 0xff, 0xff, 0xff, 0xff, 0xff,
  0xff, 0xff, 0xff, 0xff, 0xff, 0xff, 0xff, 0xff, 0xff, 0xff, 0xff, 0xff, 0xff, 0xff, 0xff, 0xff,
  0xff, 0xff, 0xff, 0xff, 0xff, 0xff, 0xff, 0xff, 0xff, 0xff, 0xff, 0xff, 0xff, 0xff, 0xff, 0xff,
  0xff, 0xff, 0xff, 0xff, 0xff, 0xff, 0xff, 0xff, 0xff, 0xff, 0xff, 0xff, 0xff, 0xff, 0xff, 0xff,
  0xff, 0xfc, 0xfc, 0xff, 0xff, 0xec, 0x78, 0x02, 0x00, 0x01, 0x00, 0x00, 0x00, 0x00, 0x00, 0x00,
  0x00, 0x00, 0x00, 0x00, 0x00, 0x01, 0x01, 0x08, 0xb6, 0xff, 0xfe, 0xfb, 0xfe, 0xff, 0xff, 0xff,
  0xff, 0xff, 0xff, 0xff, 0xff, 0xff, 0xff, 0xff, 0xff, 0xff, 0xff, 0xff, 0xff, 0xff, 0xff, 0xff,
  0xff, 0xff, 0xff, 0xff, 0xff, 0xff, 0xff, 0xff, 0xff, 0xff, 0xff, 0xff, 0xff, 0xff, 0xff, 0xff,
  0xff, 0xff, 0xff, 0xff, 0xff, 0xff, 0xff, 0xff, 0xff, 0xff, 0xff, 0xff, 0xff, 0xff, 0xff, 0xff,
  0xff, 0xff, 0xff, 0xff, 0xff, 0xff, 0xff, 0xff, 0xff, 0xff, 0xff, 0xfe, 0xfb, 0xff, 0xff, 0xae,
  0x06, 0x01, 0x01, 0x00, 0x00, 0x00, 0x00, 0x00, 0x00, 0x00, 0x00, 0x00, 0x00, 0x03, 0x00, 0x89,
  0xff, 0xf9, 0xfe, 0xff, 0xff, 0xff, 0xff, 0xff, 0xff, 0xff, 0xff, 0xff, 0xff, 0xff, 0xff, 0xff,
  0xff, 0xff, 0xff, 0xff, 0xff, 0xff, 0xff, 0xff, 0xff, 0xff, 0xff, 0xff, 0xff, 0xff, 0xff, 0xff,
  0xff, 0xff, 0xff, 0xff, 0xff, 0xff, 0xff, 0xff, 0xff, 0xff, 0xff, 0xff, 0xff, 0xff, 0xff, 0xff,
  0xff, 0xff, 0xff, 0xff, 0xff, 0xff, 0xff, 0xff, 0xff, 0xff, 0xff, 0xff, 0xff, 0xff, 0xff, 0xff,
  0xff, 0xff, 0xff, 0xff, 0xff, 0xfe, 0xf9, 0xff, 0x86, 0x00, 0x03, 0x00, 0x00, 0x00, 0x00, 0x00,
  0x00, 0x00, 0x00, 0x00, 0x01, 0x00, 0x06, 0xe9, 0xfd, 0xfd, 0xff, 0xff, 0xff, 0xff, 0xff, 0xff,
  0xff, 0xff, 0xff, 0xff, 0xff, 0xff, 0xff, 0xff, 0xff, 0xff, 0xff, 0xff, 0xff, 0xff, 0xff, 0xff,
  0xff, 0xff, 0xff, 0xff, 0xff, 0xff, 0xff, 0xff, 0xff, 0xff, 0xff, 0xff, 0xff, 0xff, 0xff, 0xff,
  0xff, 0xff, 0xff, 0xff, 0xff, 0xff, 0xff, 0xff, 0xff, 0xff, 0xff, 0xff, 0xff, 0xff, 0xff, 0xff,
  0xff, 0xff, 0xff, 0xff, 0xff, 0xff, 0xff, 0xff, 0xff, 0xff, 0xff, 0xff, 0xff, 0xff, 0xfd, 0xfd,
  0xe8, 0x06, 0x00, 0x01, 0x00, 0x00, 0x00, 0x00, 0x00, 0x00, 0x00, 0x00, 0x01, 0x00, 0x09, 0xea,
  0xff, 0xfe, 0xff, 0xff, 0xff, 0xff, 0xff, 0xff, 0xff, 0xff, 0xff, 0xff, 0xff, 0xff, 0xff, 0xff,
  0xff, 0xff, 0xff, 0xff, 0xff, 0xff, 0xff, 0xff, 0xff, 0xff, 0xff, 0xff, 0xff, 0xff, 0xff, 0xff,
  0xff, 0xff, 0xff, 0xff, 0xff, 0xff, 0xff, 0xff, 0xff, 0xff, 0xff, 0xff, 0xff, 0xff, 0xff, 0xff,
  0xff, 0xff, 0xff, 0xff, 0xff, 0xff, 0xff, 0xff, 0xff, 0xff, 0xff, 0xff, 0xff, 0xff, 0xff, 0xff,
  0xff, 0xff, 0xff, 0xff, 0xff, 0xff, 0xfe, 0xff, 0xea, 0x09, 0x00, 0x01, 0x00, 0x00, 0x00, 0x00,
  0x00, 0x00, 0x00, 0x00, 0x01, 0x00, 0x09, 0xe9, 0xff, 0xfe, 0xff, 0xff, 0xff, 0xff, 0xff, 0xff,
  0xff, 0xff, 0xff, 0xff, 0xff, 0xff, 0xff, 0xff, 0xff, 0xff, 0xff, 0xff, 0xff, 0xff, 0xff, 0xff,
  0xff, 0xff, 0xff, 0xff, 0xff, 0xff, 0xff, 0xff, 0xff, 0xff, 0xff, 0xff, 0xff, 0xff, 0xff, 0xff,
  0xff, 0xff, 0xff, 0xff, 0xff, 0xff, 0xff, 0xff, 0xff, 0xff, 0xff, 0xff, 0xff, 0xff, 0xff, 0xff,
  0xff, 0xff, 0xff, 0xff, 0xff, 0xff, 0xff, 0xff, 0xff, 0xff, 0xff, 0xff, 0xff, 0xff, 0xfe, 0xff,
  0xea, 0x09, 0x00, 0x01, 0x00, 0x00, 0x00, 0x00, 0x00, 0x00, 0x00, 0x00, 0x01, 0x00, 0x08, 0xe8,
  0xff, 0xfe, 0xff, 0xff, 0xff, 0xff, 0xff, 0xff, 0xff, 0xff, 0xff, 0xff, 0xff, 0xff, 0xff, 0xff,
  0xff, 0xff, 0xff, 0xff, 0xff, 0xff, 0xff, 0xff, 0xff, 0xff, 0xff, 0xff, 0xff, 0xff, 0xff, 0xff,
  0xff, 0xff, 0xff, 0xff, 0xff, 0xff, 0xff, 0xff, 0xff, 0xff, 0xff, 0xff, 0xff, 0xff, 0xff, 0xff,
  0xff, 0xff, 0xff, 0xff, 0xff, 0xff, 0xff, 0xff, 0xff, 0xff, 0xff, 0xff, 0xff, 0xff, 0xff, 0xff,
  0xff, 0xff, 0xff, 0xff, 0xff, 0xff, 0xfe, 0xff, 0xea, 0x09, 0x00, 0x01, 0x00, 0x00, 0x00, 0x00,
  0x00, 0x00, 0x00, 0x00, 0x01, 0x00, 0x08, 0xe8, 0xff, 0xfe, 0xff, 0xff, 0xff, 0xff, 0xff, 0xff,
  0xff, 0xff, 0xff, 0xff, 0xff, 0xff, 0xff, 0xff, 0xff, 0xff, 0xff, 0xff, 0xff, 0xff, 0xff, 0xff,
  0xff, 0xff, 0xff, 0xff, 0xff, 0xff, 0xff, 0xff, 0xff, 0xff, 0xff, 0xff, 0xff, 0xff, 0xff, 0xff,
  0xff, 0xff, 0xff, 0xff, 0xff, 0xff, 0xff, 0xff, 0xff, 0xff, 0xff, 0xff, 0xff, 0xff, 0xff, 0xff,
  0xff, 0xff, 0xff, 0xff, 0xff, 0xff, 0xff, 0xff, 0xff, 0xff, 0xff, 0xff, 0xff, 0xff, 0xfe, 0xff,
  0xea, 0x09, 0x00, 0x01, 0x00, 0x00, 0x00, 0x00, 0x00, 0x00, 0x00, 0x00, 0x01, 0x00, 0x08, 0xe8,
  0xff, 0xfe, 0xff, 0xff, 0xff, 0xff, 0xff, 0xff, 0xff, 0xff, 0xff, 0xff, 0xff, 0xff, 0xff, 0xff,
  0xff, 0xff, 0xff, 0xff, 0xff, 0xff, 0xff, 0xff, 0xff, 0xff, 0xff, 0xff, 0xff, 0xff, 0xff, 0xff,
  0xff, 0xff, 0xff, 0xff, 0xff, 0xff, 0xff, 0xff, 0xff, 0xff, 0xff, 0xff, 0xff, 0xff, 0xff, 0xff,
  0xff, 0xff, 0xff, 0xff, 0xff, 0xff, 0xff, 0xff, 0xff, 0xff, 0xff, 0xff, 0xff, 0xff, 0xff, 0xff,
  0xff, 0xff, 0xff, 0xff, 0xff, 0xff, 0xfe, 0xff, 0xea, 0x09, 0x00, 0x01, 0x00, 0x00, 0x00, 0x00,
  0x00, 0x00, 0x00, 0x00, 0x01, 0x00, 0x08, 0xe8, 0xff, 0xfe, 0xff, 0xff, 0xff, 0xff, 0xff, 0xff,
  0xff, 0xff, 0xff, 0xff, 0xff, 0xff, 0xff, 0xff, 0xff, 0xff, 0xff, 0xff, 0xff, 0xff, 0xff, 0xff,
  0xff, 0xff, 0xff, 0xff, 0xff, 0xff, 0xff, 0xff, 0xff, 0xff, 0xff, 0xff, 0xff, 0xff, 0xff, 0xff,
  0xff, 0xff, 0xff, 0xff, 0xff, 0xff, 0xff, 0xff, 0xff, 0xff, 0xff, 0xff, 0xff, 0xff, 0xff, 0xff,
  0xff, 0xff, 0xff, 0xff, 0xff, 0xff, 0xff, 0xff, 0xff, 0xff, 0xff, 0xff, 0xff, 0xff, 0xfe, 0xff,
  0xea, 0x09, 0x00, 0x01, 0x00, 0x00, 0x00, 0x00, 0x00, 0x00, 0x00, 0x00, 0x01, 0x00, 0x08, 0xe8,
  0xff, 0xfe, 0xff, 0xff, 0xff, 0xff, 0xff, 0xff, 0xff, 0xff, 0xff, 0xff, 0xff, 0xff, 0xff, 0xff,
  0xff, 0xff, 0xff, 0xff, 0xff, 0xff, 0xff, 0xff, 0xff, 0xff, 0xff, 0xff, 0xff, 0xff, 0xff, 0xff,
  0xff, 0xff, 0xff, 0xff, 0xff, 0xff, 0xff, 0xff, 0xff, 0xff, 0xff, 0xff, 0xff, 0xff, 0xff, 0xff,
  0xff, 0xff, 0xff, 0xff, 0xff, 0xff, 0xff, 0xff, 0xff, 0xff, 0xff, 0xff, 0xff, 0xff, 0xff, 0xff,
  0xff, 0xff, 0xff, 0xff, 0xff, 0xff, 0xfe, 0xff, 0xea, 0x09, 0x00, 0x01, 0x00, 0x00, 0x00, 0x00,
  0x00, 0x00, 0x00, 0x00, 0x01, 0x00, 0x08, 0xe8, 0xff, 0xfe, 0xff, 0xff, 0xff, 0xff, 0xff, 0xff,
  0xff, 0xff, 0xff, 0xff, 0xff, 0xff, 0xff, 0xff, 0xff, 0xff, 0xff, 0xff, 0xff, 0xff, 0xff, 0xff,
  0xff, 0xff, 0xff, 0xff, 0xff, 0xff, 0xff, 0xff, 0xff, 0xff, 0xff, 0xff, 0xff, 0xff, 0xff, 0xff,
  0xff, 0xff, 0xff, 0xff, 0xff, 0xff, 0xff, 0xff, 0xff, 0xff, 0xff, 0xff, 0xff, 0xff, 0xff, 0xff,
  0xff, 0xff, 0xff, 0xff, 0xff, 0xff, 0xff, 0xff, 0xff, 0xff, 0xff, 0xff, 0xff, 0xff, 0xfe, 0xff,
  0xea, 0x09, 0x00, 0x01, 0x00, 0x00, 0x00, 0x00, 0x00, 0x00, 0x00, 0x00, 0x01, 0x00, 0x08, 0xe8,
  0xff, 0xfe, 0xff, 0xff, 0xff, 0xff, 0xff, 0xff, 0xff, 0xff, 0xff, 0xff, 0xff, 0xff, 0xff, 0xff,
  0xff, 0xff, 0xff, 0xff, 0xff, 0xff, 0xff, 0xff, 0xff, 0xff, 0xff, 0xff, 0xff, 0xff, 0xff, 0xff,
  0xff, 0xff, 0xff, 0xff, 0xff, 0xff, 0xff, 0xff, 0xff, 0xff, 0xff, 0xff, 0xff, 0xff, 0xff, 0xff,
  0xff, 0xff, 0xff, 0xff, 0xff, 0xff, 0xff, 0xff, 0xff, 0xff, 0xff, 0xff, 0xff, 0xff, 0xff, 0xff,
  0xff, 0xff, 0xff, 0xff, 0xff, 0xff, 0xfe, 0xff, 0xea, 0x09, 0x00, 0x01, 0x00, 0x00, 0x00, 0x00,
  0x00, 0x00, 0x00, 0x00, 0x01, 0x00, 0x09, 0xe9, 0xff, 0xfe, 0xff, 0xff, 0xff, 0xff, 0xff, 0xff,
  0xff, 0xff, 0xff, 0xff, 0xff, 0xff, 0xff, 0xff, 0xff, 0xff, 0xff, 0xff, 0xff, 0xff, 0xff, 0xff,
  0xff, 0xff, 0xff, 0xff, 0xff, 0xff, 0xff, 0xff, 0xff, 0xff, 0xff, 0xff, 0xff, 0xff, 0xff, 0xff,
  0xff, 0xff, 0xff, 0xff, 0xff, 0xff, 0xff, 0xff, 0xff, 0xff, 0xff, 0xff, 0xff, 0xff, 0xff, 0xff,
  0xff, 0xff, 0xff, 0xff, 0xff, 0xff, 0xff, 0xff, 0xff, 0xff, 0xff, 0xff, 0xff, 0xff, 0xfe, 0xff,
  0xe9, 0x09, 0x00, 0x01, 0x00, 0x00, 0x00, 0x00, 0x00, 0x00, 0x00, 0x00, 0x01, 0x00, 0x08, 0xec,
  0xfd, 0xfe, 0xff, 0xff, 0xff, 0xff, 0xff, 0xff, 0xff, 0xff, 0xff, 0xff, 0xff, 0xff, 0xff, 0xff,
  0xff, 0xff, 0xff, 0xff, 0xff, 0xff, 0xff, 0xff, 0xff, 0xff, 0xff, 0xff, 0xff, 0xff, 0xff, 0xff,
  0xff, 0xff, 0xff, 0xff, 0xff, 0xff, 0xff, 0xff, 0xff, 0xff, 0xff, 0xff, 0xff, 0xff, 0xff, 0xff,
  0xff, 0xff, 0xff, 0xff, 0xff, 0xff, 0xff, 0xff, 0xff, 0xff, 0xff, 0xff, 0xff, 0xff, 0xff, 0xff,
  0xff, 0xff, 0xff, 0xff, 0xff, 0xff, 0xfe, 0xfe, 0xee, 0x09, 0x00, 0x01, 0x00, 0x00, 0x00, 0x00,
  0x00, 0x00, 0x00, 0x00, 0x00, 0x03, 0x00, 0xa8, 0xff, 0xfa, 0xff, 0xff, 0xff, 0xff, 0xff, 0xff,
  0xff, 0xff, 0xff, 0xff, 0xff, 0xff, 0xff, 0xff, 0xff, 0xff, 0xff, 0xff, 0xff, 0xff, 0xff, 0xff,
  0xff, 0xff, 0xff, 0xff, 0xff, 0xff, 0xff, 0xff, 0xff, 0xff, 0xff, 0xff, 0xff, 0xff, 0xff, 0xff,
  0xff, 0xff, 0xff, 0xff, 0xff, 0xff, 0xff, 0xff, 0xff, 0xff, 0xff, 0xff, 0xff, 0xff, 0xff, 0xff,
  0xff, 0xff, 0xff, 0xff, 0xff, 0xff, 0xff, 0xff, 0xff, 0xff, 0xff, 0xff, 0xff, 0xff, 0xf9, 0xff,
  0xae, 0x01, 0x03, 0x00, 0x00, 0x00, 0x00, 0x00, 0x00, 0x00, 0x00, 0x00, 0x00, 0x02, 0x01, 0x1b,
  0xd8, 0xff, 0xfb, 0xfd, 0xff, 0xff, 0xff, 0xff, 0xff, 0xff, 0xff, 0xff, 0xff, 0xff, 0xff, 0xff,
  0xff, 0xff, 0xff, 0xff, 0xff, 0xff, 0xff, 0xff, 0xff, 0xff, 0xff, 0xff, 0xff, 0xff, 0xff, 0xff,
  0xff, 0xff, 0xff, 0xff, 0xff, 0xff, 0xff, 0xff, 0xff, 0xff, 0xff, 0xff, 0xff, 0xff, 0xff, 0xff,
  0xff, 0xff, 0xff, 0xff, 0xff, 0xff, 0xff, 0xff, 0xff, 0xff, 0xff, 0xff, 0xff, 0xff, 0xff, 0xff,
  0xff, 0xff, 0xff, 0xff, 0xfd, 0xfb, 0xff, 0xde, 0x1f, 0x01, 0x02, 0x00, 0x00, 0x00, 0x00, 0x00,
  0x00, 0x00, 0x00, 0x00, 0x00, 0x00, 0x02, 0x00, 0x1c, 0xba, 0xff, 0xff, 0xfc, 0xfc, 0xfe, 0xff,
  0xff, 0xff, 0xff, 0xff, 0xff, 0xff, 0xff, 0xff, 0xff, 0xff, 0xff, 0xff, 0xff, 0xff, 0xff, 0xff,
  0xff, 0xff, 0xff, 0xff, 0xff, 0xff, 0xff, 0xff, 0xff, 0xff, 0xff, 0xff, 0xff, 0xff, 0xff, 0xff,
  0xff, 0xff, 0xff, 0xff, 0xff, 0xff, 0xff, 0xff, 0xff, 0xff, 0xff, 0xff, 0xff, 0xff, 0xff, 0xff,
  0xff, 0xff, 0xff, 0xff, 0xff, 0xff, 0xff, 0xff, 0xff, 0xff, 0xfd, 0xfb, 0xff, 0xff, 0xbf, 0x22,
  0x00, 0x02, 0x00, 0x00, 0x00, 0x00, 0x00, 0x00, 0x00, 0x00, 0x00, 0x00, 0x00, 0x00, 0x00, 0x02,
  0x00, 0x00, 0x5d, 0xd2, 0xff, 0xff, 0xff, 0xfc, 0xfc, 0xff, 0xff, 0xff, 0xff, 0xff, 0xff, 0xff,
  0xff, 0xff, 0xff, 0xff, 0xff, 0xff, 0xff, 0xff, 0xff, 0xff, 0xff, 0xff, 0xff, 0xff, 0xff, 0xff,
  0xff, 0xff, 0xff, 0xff, 0xff, 0xff, 0xff, 0xff, 0xff, 0xff, 0xff, 0xff, 0xff, 0xff, 0xff, 0xff,
  0xff, 0xff, 0xff, 0xff, 0xff, 0xff, 0xff, 0xff, 0xff, 0xff, 0xff, 0xff, 0xff, 0xff, 0xff, 0xfd,
  0xfc, 0xfe, 0xff, 0xff, 0xdc, 0x66, 0x00, 0x00, 0x02, 0x00, 0x00, 0x00, 0x00, 0x00, 0x00, 0x00,
  0x00, 0x00, 0x00, 0x00, 0x00, 0x00, 0x00, 0x00, 0x01, 0x00, 0x00, 0x06, 0x59, 0xbc, 0xfb, 0xff,
  0xff, 0xff, 0xfc, 0xfb, 0xfd, 0xfe, 0xff, 0xff, 0xff, 0xff, 0xff, 0xff, 0xff, 0xff, 0xff, 0xff,
  0xff, 0xff, 0xff, 0xff, 0xff, 0xff, 0xff, 0xff, 0xff, 0xff, 0xff, 0xff, 0xff, 0xff, 0xff, 0xff,
  0xff, 0xff, 0xff, 0xff, 0xff, 0xff, 0xff, 0xff, 0xff, 0xff, 0xff, 0xff, 0xff, 0xff, 0xff, 0xff,
  0xff, 0xff, 0xfe, 0xfd, 0xfb, 0xfc, 0xff, 0xff, 0xff, 0xff, 0xc7, 0x67, 0x0b, 0x00, 0x01, 0x02,
  0x00, 0x00, 0x00, 0x00, 0x00, 0x00, 0x00, 0x00, 0x00, 0x00, 0x00, 0x00, 0x00, 0x00, 0x00, 0x00,
  0x00, 0x01, 0x04, 0x00, 0x00, 0x00, 0x2e, 0x7e, 0xc5, 0xfc, 0xff, 0xff, 0xff, 0xff, 0xfe, 0xfb,
  0xfb, 0xfd, 0xfd, 0xfe, 0xff, 0xff, 0xff, 0xff, 0xff, 0xff, 0xff, 0xff, 0xff, 0xff, 0xff, 0xff,
  0xff, 0xff, 0xff, 0xff, 0xff, 0xff, 0xff, 0xff, 0xff, 0xff, 0xff, 0xff, 0xff, 0xff, 0xff, 0xff,
  0xff, 0xff, 0xff, 0xff, 0xfe, 0xfd, 0xfd, 0xfc, 0xfa, 0xfd, 0xff, 0xff, 0xff, 0xff, 0xff, 0xc9,
  0x89, 0x34, 0x00, 0x00, 0x00, 0x04, 0x00, 0x00, 0x00, 0x00, 0x00, 0x00, 0x00, 0x00, 0x00, 0x00,
  0x00, 0x00, 0x00, 0x00, 0x00, 0x00, 0x00, 0x00, 0x00, 0x00, 0x00, 0x01, 0x03, 0x02, 0x00, 0x00,
  0x00, 0x23, 0x66, 0x96, 0xd2, 0xf3, 0xff, 0xff, 0xff, 0xff, 0xff, 0xff, 0xfd, 0xfb, 0xfb, 0xfc,
  0xfc, 0xfc, 0xfc, 0xfc, 0xff, 0xff, 0xff, 0xff, 0xff, 0xff, 0xff, 0xff, 0xff, 0xff, 0xff, 0xff,
  0xff, 0xff, 0xff, 0xfe, 0xfc, 0xfc, 0xfc, 0xfc, 0xfc, 0xfb, 0xfb, 0xfd, 0xff, 0xff, 0xff, 0xff,
  0xff, 0xff, 0xf3, 0xdf, 0x9a, 0x71, 0x27, 0x01, 0x00, 0x00, 0x01, 0x03, 0x01, 0x00, 0x00, 0x00,
  0x00, 0x00, 0x00, 0x00, 0x00, 0x00, 0x00, 0x00, 0x00, 0x00, 0x00, 0x00, 0x00, 0x00, 0x00, 0x00,
  0x00, 0x00, 0x00, 0x00, 0x00, 0x00, 0x02, 0x03, 0x00, 0x00, 0x00, 0x00, 0x04, 0x14, 0x49, 0x6d,
  0x96, 0xc9, 0xdc, 0xf3, 0xff, 0xff, 0xff, 0xff, 0xff, 0xff, 0xff, 0xff, 0xfe, 0xfe, 0xff, 0xff,
  0xff, 0xff, 0xff, 0xff, 0xff, 0xff, 0xff, 0xff, 0xff, 0xff, 0xfe, 0xff, 0xff, 0xff, 0xff, 0xff,
  0xff, 0xff, 0xff, 0xff, 0xf3, 0xdb, 0xd1, 0xa6, 0x70, 0x56, 0x15, 0x09, 0x00, 0x00, 0x00, 0x00,
  0x03, 0x02, 0x00, 0x00, 0x00, 0x00, 0x00, 0x00, 0x00, 0x00, 0x00, 0x00, 0x00, 0x00, 0x00, 0x00,
  0x00, 0x00, 0x00, 0x00, 0x00, 0x00, 0x00, 0x00, 0x00, 0x00, 0x00, 0x00, 0x00, 0x00, 0x00, 0x00,
  0x01, 0x02, 0x04, 0x04, 0x00, 0x00, 0x00, 0x00, 0x00, 0x00, 0x01, 0x23, 0x43, 0x4f, 0x66, 0x8e,
  0xa7, 0xb7, 0xc0, 0xc7, 0xff, 0xff, 0xfc, 0xff, 0xff, 0xff, 0xff, 0xff, 0xff, 0xff, 0xff, 0xff,
  0xff, 0xfc, 0xff, 0xff, 0xc6, 0xc0, 0xb7, 0xa7, 0x8e, 0x66, 0x4f, 0x43, 0x23, 0x01, 0x00, 0x00,
  0x00, 0x00, 0x00, 0x00, 0x04, 0x04, 0x02, 0x01, 0x00, 0x00, 0x00, 0x00, 0x00, 0x00, 0x00, 0x00,
  0x00, 0x00, 0x00, 0x00, 0x00, 0x00, 0x00, 0x00, 0x00, 0x00, 0x00, 0x00, 0x00, 0x00, 0x00, 0x00,
  0x00, 0x00, 0x00, 0x00, 0x00, 0x00, 0x00, 0x00, 0x00, 0x00, 0x00, 0x00, 0x01, 0x01, 0x03, 0x04,
  0x03, 0x01, 0x00, 0x00, 0x00, 0x00, 0x00, 0x00, 0x00, 0x00, 0x00, 0x00, 0x5e, 0xf5, 0xff, 0xfb,
  0xfd, 0xfe, 0xff, 0xff, 0xff, 0xff, 0xfe, 0xfd, 0xfa, 0xff, 0xfa, 0x58, 0x00, 0x00, 0x00, 0x00,
  0x00, 0x00, 0x00, 0x00, 0x00, 0x00, 0x00, 0x02, 0x04, 0x04, 0x01, 0x01, 0x00, 0x00, 0x00, 0x00,
  0x00, 0x00, 0x00, 0x00, 0x00, 0x00, 0x00, 0x00, 0x00, 0x00, 0x00, 0x00, 0x00, 0x00, 0x00, 0x00,
  0x00, 0x00, 0x00, 0x00, 0x00, 0x00, 0x00, 0x00, 0x00, 0x00, 0x00, 0x00, 0x00, 0x00, 0x00, 0x00,
  0x00, 0x00, 0x00, 0x00, 0x00, 0x00, 0x00, 0x00, 0x00, 0x00, 0x00, 0x02, 0x03, 0x04, 0x03, 0x03,
  0x03, 0x03, 0x03, 0x03, 0x00, 0x3a, 0xd6, 0xff, 0xff, 0xff, 0xfc, 0xfc, 0xfc, 0xfc, 0xff, 0xff,
  0xff, 0xd5, 0x3f, 0x00, 0x03, 0x03, 0x03, 0x03, 0x03, 0x03, 0x04, 0x03, 0x02, 0x00, 0x00, 0x00,
  0x00, 0x00, 0x00, 0x00, 0x00, 0x00, 0x00, 0x00, 0x00, 0x00, 0x00, 0x00, 0x00, 0x00, 0x00, 0x00,
  0x00, 0x00, 0x00, 0x00, 0x00, 0x00, 0x00, 0x00, 0x00, 0x00, 0x00, 0x00, 0x00, 0x00, 0x00, 0x00,
  0x00, 0x00, 0x00, 0x00, 0x00, 0x00, 0x00, 0x00, 0x00, 0x00, 0x00, 0x00, 0x00, 0x00, 0x00, 0x00,
  0x00, 0x00, 0x00, 0x00, 0x00, 0x00, 0x00, 0x00, 0x00, 0x00, 0x00, 0x00, 0x03, 0x00, 0x10, 0x6f,
  0xd3, 0xfc, 0xff, 0xff, 0xff, 0xff, 0xfd, 0xd9, 0x73, 0x0d, 0x00, 0x03, 0x00, 0x00, 0x00, 0x00,
  0x00, 0x00, 0x00, 0x00, 0x00, 0x00, 0x00, 0x00, 0x00, 0x00, 0x00, 0x00, 0x00, 0x00, 0x00, 0x00,
  0x00, 0x00, 0x00, 0x00, 0x00, 0x00, 0x00, 0x00, 0x00, 0x00, 0x00, 0x00, 0x00, 0x00, 0x00, 0x00,
  0x00, 0x00, 0x00, 0x00, 0x00, 0x00, 0x00, 0x00, 0x00, 0x00, 0x00, 0x00, 0x00, 0x00, 0x00, 0x00,
  0x00, 0x00, 0x00, 0x00, 0x00, 0x00, 0x00, 0x00, 0x00, 0x00, 0x00, 0x00, 0x00, 0x00, 0x00, 0x00,
  0x00, 0x00, 0x00, 0x00, 0x00, 0x03, 0x00, 0x00, 0x04, 0x30, 0x5a, 0x79, 0x77, 0x59, 0x34, 0x06,
  0x00, 0x00, 0x03, 0x00, 0x00, 0x00, 0x00, 0x00, 0x00, 0x00, 0x00, 0x00, 0x00, 0x00, 0x00, 0x00,
  0x00, 0x00, 0x00, 0x00, 0x00, 0x00, 0x00, 0x00, 0x00, 0x00, 0x00, 0x00, 0x00, 0x00, 0x00, 0x00,
  0x00, 0x00, 0x00, 0x00, 0x00, 0x00, 0x00, 0x00, 0x00, 0x00, 0x00, 0x00, 0x00, 0x00, 0x00, 0x00,
  0x00, 0x00, 0x00, 0x00, 0x00, 0x00, 0x00, 0x00, 0x00, 0x00, 0x00, 0x00, 0x00, 0x00, 0x00, 0x00,
  0x00, 0x00, 0x00, 0x00, 0x00, 0x00, 0x00, 0x00, 0x00, 0x00, 0x00, 0x00, 0x00, 0x00, 0x01, 0x03,
  0x00, 0x00, 0x00, 0x00, 0x00, 0x00, 0x00, 0x00, 0x04, 0x01, 0x00, 0x00, 0x00, 0x00, 0x00, 0x00,
  0x00, 0x00, 0x00, 0x00, 0x00, 0x00, 0x00, 0x00, 0x00, 0x00, 0x00, 0x00, 0x00, 0x00, 0x00, 0x00,
  0x00, 0x00, 0x00, 0x00, 0x00, 0x00, 0x00, 0x00, 0x00, 0x00, 0x00, 0x00, 0x00, 0x00, 0x00, 0x00,
  0x00, 0x00, 0x00, 0x00, 0x00, 0x00, 0x00, 0x00, 0x00, 0x00, 0x00, 0x00, 0x00, 0x00, 0x00, 0x00,
  0x00, 0x00, 0x00, 0x00, 0x00, 0x00, 0x00, 0x00, 0x00, 0x00, 0x00, 0x00, 0x00, 0x00, 0x00, 0x00,
  0x00, 0x00, 0x00, 0x00, 0x00, 0x00, 0x00, 0x00, 0x01, 0x02, 0x03, 0x03, 0x03, 0x03, 0x02, 0x01,
  0x00, 0x00, 0x00, 0x00, 0x00, 0x00, 0x00, 0x00, 0x00, 0x00, 0x00, 0x00, 0x00, 0x00, 0x00, 0x00,
  0x00, 0x00, 0x00, 0x00, 0x00, 0x00, 0x00, 0x00, 0x00, 0x00, 0x00, 0x00, 0x00, 0x00, 0x00, 0x00,
  0x00, 0x00, 0x00, 0x00, 0x00, 0x00, 0x00, 0x00, 0x00, 0x00, 0x00, 0x00, 0x00, 0x00, 0x00, 0x00,
  0x00, 0x00, 0x00, 0x00, 0x00, 0x00, 0x00, 0x00, 0x00, 0x00, 0x00, 0x00, 0x00, 0x00, 0x00, 0x00,
  0x00, 0x00, 0x00, 0x00, 0x00, 0x00, 0x00, 0x00, 0x00, 0x00, 0x00, 0x00, 0x00, 0x00, 0x00, 0x00,
  0x00, 0x00, 0x00, 0x00, 0x00, 0x00, 0x00, 0x00, 0x00, 0x00, 0x00, 0x00, 0x00, 0x00, 0x00, 0x00,
  0x00, 0x00, 0x00, 0x00, 0x00, 0x00, 0x00, 0x00, 0x00, 0x00, 0x00, 0x00, 0x00, 0x00, 0x00, 0x00,
  0x00, 0x00, 0x00, 0x00, 0x00, 0x00, 0x00, 0x00, 0x00, 0x00, 0x00, 0x00, 0x00, 0x00, 0x00, 0x00,
  0x00, 0x00, 0x00, 0x00, 0x00, 0x00, 0x00, 0x00, 0x00, 0x00, 0x00, 0x00, 0x00, 0x00, 0x00, 0x00,
  0x00, 0x00, 0x00, 0x00, 0x00, 0x00, 0x00, 0x00, 0x00, 0x00, 0x00, 0x00, 0x00, 0x00, 0x00, 0x00,
  0x00, 0x00, 0x00, 0x00, 0x00, 0x00, 0x00, 0x00, 0x00, 0x00, 0x00, 0x00, 0x00, 0x00, 0x00, 0x00,
  0x00, 0x00, 0x00, 0x00, 0x00, 0x00, 0x00, 0x00, 0x00, 0x00, 0x00, 0x00, 0x00, 0x00, 0x00, 0x00,
  0x00, 0x00, 0x00, 0x00, 0x00, 0x00, 0x00, 0x00, 0x00, 0x00, 0x00, 0x00, 0x00, 0x00, 0x00, 0x00,
  0x00, 0x00, 0x00, 0x00, 0x00, 0x00, 0x00, 0x00, 0x00, 0x00, 0x00, 0x00, 0x00, 0x00, 0x00, 0x00,
  0x00, 0x00, 0x00, 0x00, 0x00, 0x00, 0x00, 0x00, 0x00, 0x00, 0x00, 0x00, 0x00, 0x00, 0x00, 0x00,
  0x00, 0x00, 0x00, 0x00, 0x00, 0x00, 0x00, 0x00, 0x00, 0x00, 0x00, 0x00, 0x00, 0x00, 0x00, 0x00,
  0x00, 0x00, 0x00, 0x00, 0x00, 0x00, 0x00, 0x00, 0x00, 0x00, 0x00, 0x00, 0x00, 0x00, 0x00, 0x00,
  0x00, 0x00, 0x00, 0x00, 0x00, 0x00, 0x00, 0x00, 0x00, 0x00, 0x00, 0x00, 0x00, 0x00, 0x00, 0x00,
  0x00, 0x00, 0x00, 0x00, 0x00, 0x00, 0x00, 0x00, 0x00, 0x00, 0x00, 0x00, 0x00, 0x00, 0x00, 0x00
};

const lv_image_dsc_t velaguard_img_alarm_clock_0 =
{
  .header.magic = LV_IMAGE_HEADER_MAGIC,
  .header.cf = LV_COLOR_FORMAT_RGB565A8,
  .header.flags = 0,
  .header.w = 88,
  .header.h = 88,
  .header.stride = 176,
  .data_size = sizeof(velaguard_img_alarm_clock_0_data),
  .data = velaguard_img_alarm_clock_0_data,
};
