#include <lvgl.h>

static const uint8_t velaguard_img_icon_rainbow_rain_blue_1_data[] =
{
  0x00, 0x00, 0x00, 0x00, 0x00, 0x00, 0x00, 0x00, 0x00, 0x00, 0x00, 0x00, 0x00, 0x00, 0x00, 0x00,
  0x00, 0x00, 0x00, 0x00, 0x00, 0x00, 0x00, 0x00, 0x00, 0x00, 0x00, 0x00, 0x00, 0x00, 0x00, 0x00,
  0x00, 0x00, 0x00, 0x00, 0x00, 0x00, 0x00, 0x00, 0x00, 0x00, 0x00, 0x00, 0x00, 0x00, 0x00, 0x00,
  0x00, 0x00, 0x00, 0x00, 0x00, 0x00, 0x00, 0x00, 0x00, 0x00, 0x00, 0x00, 0x00, 0x00, 0x00, 0x00,
  0x00, 0x00, 0x00, 0x00, 0x00, 0x00, 0x00, 0x00, 0x00, 0x00, 0x00, 0x00, 0x00, 0x00, 0x00, 0x00,
  0x00, 0x00, 0x00, 0x00, 0x00, 0x00, 0x00, 0x00, 0x00, 0x00, 0x00, 0x00, 0x00, 0x00, 0x00, 0x00,
  0xff, 0x7d, 0xff, 0x7f, 0x00, 0x00, 0x00, 0x00, 0x00, 0x00, 0x00, 0x00, 0x00, 0x00, 0x00, 0x00,
  0x00, 0x00, 0x00, 0x00, 0x00, 0x00, 0x00, 0x00, 0x00, 0x00, 0xff, 0x57, 0xff, 0x7f, 0xff, 0x7f,
  0x00, 0x00, 0x00, 0x00, 0x00, 0x00, 0x00, 0x00, 0x00, 0x00, 0x00, 0x00, 0x00, 0x00, 0x00, 0x00,
  0x00, 0x00, 0x00, 0x00, 0x00, 0x00, 0x00, 0x00, 0x00, 0x00, 0x00, 0x00, 0x00, 0x00, 0x00, 0x00,
  0x00, 0x00, 0x00, 0x00, 0x00, 0x00, 0x00, 0x00, 0x00, 0x00, 0x00, 0x00, 0x00, 0x00, 0x00, 0x00,
  0x00, 0x00, 0x00, 0x00, 0x00, 0x00, 0x00, 0x00, 0x00, 0x00, 0x00, 0x00, 0x00, 0x00, 0x00, 0x00,
  0x00, 0x00, 0x00, 0x00, 0x00, 0x00, 0x00, 0x00, 0x00, 0x00, 0x00, 0x00, 0x00, 0x00, 0x00, 0x00,
  0x00, 0x00, 0x00, 0x00, 0x00, 0x00, 0x00, 0x00, 0x00, 0x00, 0x00, 0x00, 0x00, 0x00, 0x00, 0x00,
  0x00, 0x00, 0x00, 0x00, 0x00, 0x00, 0x00, 0x00, 0x00, 0x00, 0x00, 0x00, 0x00, 0x00, 0x00, 0x00,
  0x00, 0x00, 0x00, 0x00, 0x00, 0x00, 0x00, 0x00, 0x00, 0x00, 0x00, 0x00, 0x00, 0x00, 0x00, 0x00,
  0x00, 0x00, 0x00, 0x00, 0x00, 0x00, 0x00, 0x00, 0x00, 0x00, 0x00, 0x00, 0x00, 0x00, 0xff, 0x7f,
  0xff, 0x57, 0x00, 0x00, 0x00, 0x00, 0xbf, 0x7e, 0x5f, 0x7f, 0x3f, 0x7f, 0x5f, 0x7f, 0x5f, 0x7f,
  0x5f, 0x7f, 0x5f, 0x7f, 0x3f, 0x7f, 0x3f, 0x7f, 0x7f, 0x77, 0x7f, 0x7f, 0x00, 0x00, 0x00, 0x00,
  0x00, 0x00, 0xff, 0x7f, 0xff, 0x07, 0x00, 0x00, 0x00, 0x00, 0x00, 0x00, 0x00, 0x00, 0x00, 0x00,
  0x00, 0x00, 0x00, 0x00, 0x00, 0x00, 0x00, 0x00, 0x00, 0x00, 0x00, 0x00, 0x00, 0x00, 0x00, 0x00,
  0x00, 0x00, 0x00, 0x00, 0x00, 0x00, 0x00, 0x00, 0x00, 0x00, 0x00, 0x00, 0x00, 0x00, 0x00, 0x00,
  0x00, 0x00, 0x00, 0x00, 0x00, 0x00, 0x00, 0x00, 0x00, 0x00, 0x00, 0x00, 0x00, 0x00, 0x00, 0x00,
  0x00, 0x00, 0x00, 0x00, 0x00, 0x00, 0x00, 0x00, 0x00, 0x00, 0x00, 0x00, 0x00, 0x00, 0x00, 0x00,
  0x00, 0x00, 0x00, 0x00, 0x00, 0x00, 0x00, 0x00, 0x00, 0x00, 0x00, 0x00, 0x00, 0x00, 0x00, 0x00,
  0x00, 0x00, 0x00, 0x00, 0x00, 0x00, 0x00, 0x00, 0x00, 0x00, 0x00, 0x00, 0x00, 0x00, 0x00, 0x00,
  0x00, 0x00, 0x00, 0x00, 0x00, 0x00, 0x00, 0x00, 0x00, 0x00, 0x00, 0x00, 0x00, 0x00, 0x00, 0x00,
  0x00, 0x00, 0x00, 0x00, 0x00, 0x00, 0x00, 0x00, 0x00, 0x00, 0x00, 0x00, 0x00, 0x00, 0x00, 0x00,
  0x00, 0x00, 0xff, 0x07, 0xff, 0x7f, 0xff, 0x77, 0x3f, 0x7f, 0x5f, 0x7f, 0x5f, 0x7f, 0x5f, 0x7f,
  0x5f, 0x7f, 0x9f, 0x87, 0x9f, 0x7f, 0x5f, 0x7f, 0x5f, 0x7f, 0x5f, 0x7f, 0x7f, 0x7f, 0x7f, 0x7f,
  0xdf, 0x6e, 0xff, 0x07, 0xff, 0x07, 0x00, 0x00, 0x00, 0x00, 0x00, 0x00, 0x00, 0x00, 0x00, 0x00,
  0x00, 0x00, 0x00, 0x00, 0x00, 0x00, 0x00, 0x00, 0x00, 0x00, 0x00, 0x00, 0x00, 0x00, 0x00, 0x00,
  0x00, 0x00, 0x00, 0x00, 0x00, 0x00, 0x00, 0x00, 0x00, 0x00, 0x00, 0x00, 0x00, 0x00, 0x00, 0x00,
  0x00, 0x00, 0x00, 0x00, 0x00, 0x00, 0x00, 0x00, 0x00, 0x00, 0x00, 0x00, 0x00, 0x00, 0x00, 0x00,
  0x00, 0x00, 0x00, 0x00, 0x00, 0x00, 0x00, 0x00, 0x00, 0x00, 0x00, 0x00, 0x00, 0x00, 0x00, 0x00,
  0x00, 0x00, 0x00, 0x00, 0x00, 0x00, 0x00, 0x00, 0x00, 0x00, 0x00, 0x00, 0x00, 0x00, 0x00, 0x00,
  0x00, 0x00, 0x00, 0x00, 0x00, 0x00, 0x00, 0x00, 0x00, 0x00, 0x00, 0x00, 0x00, 0x00, 0x00, 0x00,
  0x00, 0x00, 0x00, 0x00, 0x00, 0x00, 0x00, 0x00, 0x00, 0x00, 0x00, 0x00, 0x00, 0x00, 0x00, 0x00,
  0x00, 0x00, 0x00, 0x00, 0x00, 0x00, 0x00, 0x00, 0x00, 0x00, 0x00, 0x00, 0x1f, 0x00, 0xff, 0x07,
  0xbf, 0x6d, 0x00, 0x00, 0x00, 0x00, 0x1f, 0x77, 0x3f, 0x7f, 0x5f, 0x7f, 0x5f, 0x7f, 0x5f, 0x7f,
  0xbf, 0x87, 0xdf, 0x87, 0xff, 0x87, 0xff, 0x87, 0xdf, 0x87, 0x9f, 0x7f, 0x5f, 0x7f, 0x5f, 0x7f,
  0x7f, 0x7f, 0x5f, 0x7f, 0x3f, 0x7f, 0x00, 0x00, 0xff, 0x7f, 0xff, 0x7f, 0x00, 0x00, 0x00, 0x00,
  0x00, 0x00, 0x00, 0x00, 0x00, 0x00, 0x00, 0x00, 0x00, 0x00, 0x00, 0x00, 0x00, 0x00, 0x00, 0x00,
  0x00, 0x00, 0x00, 0x00, 0x00, 0x00, 0x00, 0x00, 0x00, 0x00, 0x00, 0x00, 0x00, 0x00, 0x00, 0x00,
  0x00, 0x00, 0x00, 0x00, 0x00, 0x00, 0x00, 0x00, 0x00, 0x00, 0x00, 0x00, 0x00, 0x00, 0x00, 0x00,
  0x00, 0x00, 0x00, 0x00, 0x00, 0x00, 0x00, 0x00, 0x00, 0x00, 0x00, 0x00, 0x00, 0x00, 0x00, 0x00,
  0x00, 0x00, 0x00, 0x00, 0x00, 0x00, 0x00, 0x00, 0x00, 0x00, 0x00, 0x00, 0x00, 0x00, 0x00, 0x00,
  0x00, 0x00, 0x00, 0x00, 0x00, 0x00, 0x00, 0x00, 0x00, 0x00, 0x00, 0x00, 0x00, 0x00, 0x00, 0x00,
  0x00, 0x00, 0x00, 0x00, 0x00, 0x00, 0x00, 0x00, 0x00, 0x00, 0x00, 0x00, 0x00, 0x00, 0x00, 0x00,
  0x00, 0x00, 0x00, 0x00, 0x00, 0x00, 0x00, 0x00, 0x00, 0x00, 0x00, 0x00, 0x00, 0x00, 0xff, 0x03,
  0x00, 0x00, 0x00, 0x00, 0xff, 0x9f, 0x3f, 0x77, 0x5f, 0x7f, 0x3f, 0x7f, 0xff, 0x87, 0x9f, 0x7f,
  0x5f, 0x7f, 0x5f, 0x7f, 0x5f, 0x7f, 0x5f, 0x7f, 0x5f, 0x7f, 0x5f, 0x7f, 0x5f, 0x7f, 0x7f, 0x7f,
  0xbf, 0x87, 0xff, 0x87, 0x5f, 0x7f, 0x5f, 0x7f, 0x3f, 0x7f, 0x00, 0x00, 0x00, 0x00, 0xff, 0x7f,
  0x00, 0x00, 0x00, 0x00, 0x00, 0x00, 0x00, 0x00, 0x00, 0x00, 0x00, 0x00, 0x00, 0x00, 0x00, 0x00,
  0x00, 0x00, 0x00, 0x00, 0x00, 0x00, 0x00, 0x00, 0x00, 0x00, 0x00, 0x00, 0x00, 0x00, 0x00, 0x00,
  0x00, 0x00, 0x00, 0x00, 0x00, 0x00, 0x00, 0x00, 0x00, 0x00, 0x00, 0x00, 0x00, 0x00, 0x00, 0x00,
  0x00, 0x00, 0x00, 0x00, 0x00, 0x00, 0x00, 0x00, 0x00, 0x00, 0x00, 0x00, 0x00, 0x00, 0x00, 0x00,
  0x00, 0x00, 0x00, 0x00, 0x00, 0x00, 0x00, 0x00, 0x00, 0x00, 0x00, 0x00, 0x00, 0x00, 0x00, 0x00,
  0x00, 0x00, 0x00, 0x00, 0x00, 0x00, 0x00, 0x00, 0x00, 0x00, 0x00, 0x00, 0x00, 0x00, 0x00, 0x00,
  0x00, 0x00, 0x00, 0x00, 0x00, 0x00, 0x00, 0x00, 0x00, 0x00, 0x00, 0x00, 0x00, 0x00, 0x00, 0x00,
  0x00, 0x00, 0x00, 0x00, 0x00, 0x00, 0x00, 0x00, 0x00, 0x00, 0x00, 0x00, 0x00, 0x00, 0xff, 0x07,
  0xff, 0x7b, 0xff, 0xff, 0x00, 0x00, 0x5f, 0x7f, 0x3f, 0x7f, 0x5f, 0x7f, 0x5f, 0x7f, 0x7f, 0x7f,
  0x5f, 0x7f, 0x5f, 0x7f, 0x5f, 0x7f, 0x5f, 0x7f, 0x5f, 0x7f, 0x5f, 0x7f, 0x5f, 0x7f, 0x5f, 0x7f,
  0x5f, 0x7f, 0x5f, 0x7f, 0x7f, 0x7f, 0x7f, 0x7f, 0x5f, 0x7f, 0x5f, 0x7f, 0x5f, 0x77, 0x00, 0x00,
  0xff, 0x3d, 0x00, 0x00, 0xff, 0x07, 0x00, 0x00, 0x00, 0x00, 0x00, 0x00, 0x00, 0x00, 0x00, 0x00,
  0x00, 0x00, 0x00, 0x00, 0x00, 0x00, 0x00, 0x00, 0x00, 0x00, 0x00, 0x00, 0x00, 0x00, 0x00, 0x00,
  0x00, 0x00, 0x00, 0x00, 0x00, 0x00, 0x00, 0x00, 0x00, 0x00, 0x00, 0x00, 0x00, 0x00, 0x00, 0x00,
  0x00, 0x00, 0x00, 0x00, 0x00, 0x00, 0x00, 0x00, 0x00, 0x00, 0x00, 0x00, 0x00, 0x00, 0x00, 0x00,
  0x00, 0x00, 0x00, 0x00, 0x00, 0x00, 0x00, 0x00, 0x00, 0x00, 0x00, 0x00, 0x00, 0x00, 0x00, 0x00,
  0x00, 0x00, 0x00, 0x00, 0x00, 0x00, 0x00, 0x00, 0x00, 0x00, 0x00, 0x00, 0x00, 0x00, 0x00, 0x00,
  0x00, 0x00, 0x00, 0x00, 0x00, 0x00, 0x00, 0x00, 0x00, 0x00, 0x00, 0x00, 0x00, 0x00, 0x00, 0x00,
  0x00, 0x00, 0x00, 0x00, 0x00, 0x00, 0x00, 0x00, 0x00, 0x00, 0x00, 0x00, 0xff, 0x07, 0xff, 0xff,
  0xbf, 0x7e, 0x00, 0x00, 0x00, 0x00, 0xff, 0x7e, 0x3f, 0x7f, 0x3f, 0x7f, 0x9f, 0x87, 0x3f, 0x7f,
  0x3f, 0x7f, 0x3f, 0x7f, 0x5f, 0x7f, 0x5f, 0x7f, 0x5f, 0x7f, 0x5f, 0x7f, 0x5f, 0x7f, 0x5f, 0x7f,
  0x5f, 0x7f, 0x5f, 0x7f, 0x5f, 0x7f, 0x5f, 0x7f, 0x7f, 0x7f, 0xbf, 0x87, 0x5f, 0x7f, 0x5f, 0x7f,
  0x7f, 0x77, 0x00, 0x00, 0x00, 0x00, 0x7f, 0x66, 0x00, 0x00, 0x00, 0x00, 0x00, 0x00, 0x00, 0x00,
  0x00, 0x00, 0x00, 0x00, 0x00, 0x00, 0x00, 0x00, 0x00, 0x00, 0x00, 0x00, 0x00, 0x00, 0x00, 0x00,
  0x00, 0x00, 0x00, 0x00, 0x00, 0x00, 0x00, 0x00, 0x00, 0x00, 0x00, 0x00, 0x00, 0x00, 0x00, 0x00,
  0x00, 0x00, 0x00, 0x00, 0x00, 0x00, 0x00, 0x00, 0x00, 0x00, 0x00, 0x00, 0x00, 0x00, 0x00, 0x00,
  0x00, 0x00, 0x00, 0x00, 0x00, 0x00, 0x00, 0x00, 0x00, 0x00, 0x00, 0x00, 0x00, 0x00, 0x00, 0x00,
  0x00, 0x00, 0x00, 0x00, 0x00, 0x00, 0x00, 0x00, 0x00, 0x00, 0x00, 0x00, 0x00, 0x00, 0x00, 0x00,
  0x00, 0x00, 0x00, 0x00, 0x00, 0x00, 0x00, 0x00, 0x00, 0x00, 0x00, 0x00, 0x00, 0x00, 0x00, 0x00,
  0x00, 0x00, 0x00, 0x00, 0x00, 0x00, 0x00, 0x00, 0x00, 0x00, 0x00, 0x00, 0x00, 0x00, 0xff, 0x07,
  0x00, 0x00, 0x00, 0x00, 0xdf, 0x6e, 0xff, 0x7e, 0x1f, 0x7f, 0x3f, 0x7f, 0x3f, 0x7f, 0x1f, 0x7f,
  0x3f, 0x7f, 0x3f, 0x7f, 0x3f, 0x7f, 0x3f, 0x7f, 0x3f, 0x7f, 0x3f, 0x7f, 0x3f, 0x7f, 0x3f, 0x7f,
  0x3f, 0x7f, 0x3f, 0x7f, 0x5f, 0x7f, 0x3f, 0x7f, 0x3f, 0x7f, 0x3f, 0x7f, 0x5f, 0x7f, 0x9f, 0x7f,
  0x5f, 0x7f, 0x5f, 0x7f, 0xff, 0x7f, 0x00, 0x00, 0xbf, 0x7e, 0x00, 0x00, 0x00, 0x00, 0x00, 0x00,
  0x00, 0x00, 0x00, 0x00, 0x00, 0x00, 0x00, 0x00, 0x00, 0x00, 0x00, 0x00, 0x00, 0x00, 0x00, 0x00,
  0x00, 0x00, 0x00, 0x00, 0x00, 0x00, 0x00, 0x00, 0x00, 0x00, 0x00, 0x00, 0x00, 0x00, 0x00, 0x00,
  0x00, 0x00, 0x00, 0x00, 0x00, 0x00, 0x00, 0x00, 0x00, 0x00, 0x00, 0x00, 0x00, 0x00, 0x00, 0x00,
  0x00, 0x00, 0x00, 0x00, 0x00, 0x00, 0x00, 0x00, 0x00, 0x00, 0x00, 0x00, 0x00, 0x00, 0x00, 0x00,
  0x00, 0x00, 0x00, 0x00, 0x00, 0x00, 0x00, 0x00, 0x00, 0x00, 0x00, 0x00, 0x00, 0x00, 0x00, 0x00,
  0x00, 0x00, 0x00, 0x00, 0x00, 0x00, 0x00, 0x00, 0x00, 0x00, 0x00, 0x00, 0x00, 0x00, 0x00, 0x00,
  0x00, 0x00, 0x00, 0x00, 0x00, 0x00, 0x00, 0x00, 0x00, 0x00, 0x00, 0x00, 0x00, 0x00, 0x1f, 0x00,
  0x7f, 0x9e, 0x00, 0x00, 0x00, 0x00, 0xff, 0x7e, 0xff, 0x7e, 0x1f, 0x7f, 0x3f, 0x7f, 0x3f, 0x7f,
  0x1f, 0x7f, 0x1f, 0x7f, 0x1f, 0x7f, 0x1f, 0x7f, 0x1f, 0x7f, 0x3f, 0x7f, 0x3f, 0x7f, 0x3f, 0x7f,
  0x3f, 0x7f, 0x3f, 0x7f, 0x3f, 0x7f, 0x3f, 0x7f, 0x3f, 0x7f, 0x3f, 0x7f, 0x3f, 0x7f, 0x3f, 0x7f,
  0xbf, 0x87, 0x5f, 0x7f, 0x3f, 0x7f, 0x1f, 0x7f, 0xff, 0x7d, 0xff, 0xff, 0xff, 0xff, 0xff, 0xff,
  0x00, 0x00, 0x00, 0x00, 0x00, 0x00, 0x00, 0x00, 0x00, 0x00, 0x00, 0x00, 0x00, 0x00, 0x00, 0x00,
  0x00, 0x00, 0x00, 0x00, 0x00, 0x00, 0x00, 0x00, 0x00, 0x00, 0x00, 0x00, 0x00, 0x00, 0x00, 0x00,
  0x00, 0x00, 0x00, 0x00, 0x00, 0x00, 0x00, 0x00, 0x00, 0x00, 0x00, 0x00, 0x00, 0x00, 0x00, 0x00,
  0x00, 0x00, 0x00, 0x00, 0x00, 0x00, 0x00, 0x00, 0x00, 0x00, 0x00, 0x00, 0x00, 0x00, 0x00, 0x00,
  0x00, 0x00, 0x00, 0x00, 0x00, 0x00, 0x00, 0x00, 0x00, 0x00, 0x00, 0x00, 0x00, 0x00, 0x00, 0x00,
  0x00, 0x00, 0x00, 0x00, 0x00, 0x00, 0x00, 0x00, 0x00, 0x00, 0x00, 0x00, 0x00, 0x00, 0x00, 0x00,
  0x00, 0x00, 0x00, 0x00, 0x00, 0x00, 0x00, 0x00, 0x00, 0x00, 0x00, 0x00, 0x00, 0x00, 0xff, 0xff,
  0xff, 0x7f, 0x00, 0x00, 0xff, 0x57, 0xff, 0x7e, 0xdf, 0x7e, 0x1f, 0x7f, 0x5f, 0x87, 0xff, 0x7e,
  0xff, 0x7e, 0x1f, 0x7f, 0x1f, 0x7f, 0x1f, 0x7f, 0x1f, 0x7f, 0x1f, 0x7f, 0x1f, 0x7f, 0x1f, 0x7f,
  0x1f, 0x7f, 0x1f, 0x7f, 0x1f, 0x7f, 0x1f, 0x7f, 0x1f, 0x7f, 0x3f, 0x7f, 0x3f, 0x7f, 0x3f, 0x7f,
  0x3f, 0x7f, 0x7f, 0x87, 0x3f, 0x7f, 0x1f, 0x7f, 0x3f, 0x7f, 0x5f, 0x7f, 0x00, 0x00, 0xff, 0xff,
  0xff, 0xff, 0x00, 0x00, 0x00, 0x00, 0x00, 0x00, 0x00, 0x00, 0x00, 0x00, 0x00, 0x00, 0x00, 0x00,
  0x00, 0x00, 0x00, 0x00, 0x00, 0x00, 0x00, 0x00, 0x00, 0x00, 0x00, 0x00, 0x00, 0x00, 0x00, 0x00,
  0x00, 0x00, 0x00, 0x00, 0x00, 0x00, 0x00, 0x00, 0x00, 0x00, 0x00, 0x00, 0x00, 0x00, 0x00, 0x00,
  0x00, 0x00, 0x00, 0x00, 0x00, 0x00, 0x00, 0x00, 0x00, 0x00, 0x00, 0x00, 0x00, 0x00, 0x00, 0x00,
  0x00, 0x00, 0x00, 0x00, 0x00, 0x00, 0x00, 0x00, 0x00, 0x00, 0x00, 0x00, 0x00, 0x00, 0x00, 0x00,
  0x00, 0x00, 0x00, 0x00, 0x00, 0x00, 0x00, 0x00, 0x00, 0x00, 0x00, 0x00, 0x00, 0x00, 0x00, 0x00,
  0x00, 0x00, 0x00, 0x00, 0x00, 0x00, 0x00, 0x00, 0x00, 0x00, 0x00, 0x00, 0x00, 0x00, 0xff, 0x07,
  0x00, 0x00, 0xff, 0xff, 0xff, 0x07, 0xbf, 0x7e, 0xdf, 0x7e, 0xff, 0x7e, 0xff, 0x7e, 0xff, 0x7e,
  0xff, 0x7e, 0xff, 0x7e, 0xff, 0x7e, 0xff, 0x7e, 0xff, 0x7e, 0xff, 0x7e, 0xff, 0x7e, 0xff, 0x7e,
  0xff, 0x7e, 0x1f, 0x7f, 0x1f, 0x7f, 0x1f, 0x7f, 0x1f, 0x7f, 0x1f, 0x7f, 0x1f, 0x7f, 0x1f, 0x7f,
  0x1f, 0x7f, 0x1f, 0x7f, 0x3f, 0x7f, 0x1f, 0x7f, 0x3f, 0x7f, 0x3f, 0x7f, 0x3f, 0x7f, 0x00, 0x00,
  0xff, 0x7f, 0xff, 0x7f, 0x00, 0x00, 0x00, 0x00, 0x00, 0x00, 0x00, 0x00, 0x00, 0x00, 0x00, 0x00,
  0x00, 0x00, 0x00, 0x00, 0x00, 0x00, 0x00, 0x00, 0x00, 0x00, 0x00, 0x00, 0x00, 0x00, 0x00, 0x00,
  0x00, 0x00, 0x00, 0x00, 0x00, 0x00, 0x00, 0x00, 0x00, 0x00, 0x00, 0x00, 0x00, 0x00, 0x00, 0x00,
  0x00, 0x00, 0x00, 0x00, 0x00, 0x00, 0x00, 0x00, 0x00, 0x00, 0x00, 0x00, 0x00, 0x00, 0x00, 0x00,
  0x00, 0x00, 0x00, 0x00, 0x00, 0x00, 0x00, 0x00, 0x00, 0x00, 0x00, 0x00, 0x00, 0x00, 0x00, 0x00,
  0x00, 0x00, 0x00, 0x00, 0x00, 0x00, 0x00, 0x00, 0x00, 0x00, 0x00, 0x00, 0x00, 0x00, 0x00, 0x00,
  0x00, 0x00, 0x00, 0x00, 0x00, 0x00, 0x00, 0x00, 0x00, 0x00, 0x00, 0x00, 0xff, 0x07, 0xff, 0xff,
  0xdf, 0x6e, 0x00, 0x00, 0x00, 0x00, 0x9f, 0x7e, 0xbf, 0x7e, 0xff, 0x7e, 0x1f, 0x87, 0xdf, 0x7e,
  0xdf, 0x7e, 0xdf, 0x7e, 0xdf, 0x7e, 0xdf, 0x7e, 0xff, 0x7e, 0xff, 0x7e, 0xff, 0x7e, 0xff, 0x7e,
  0xff, 0x7e, 0xff, 0x7e, 0xff, 0x7e, 0xff, 0x7e, 0xff, 0x7e, 0xff, 0x7e, 0xff, 0x7e, 0xff, 0x7e,
  0xff, 0x7e, 0x1f, 0x7f, 0xff, 0x7e, 0xff, 0x7e, 0xff, 0x7e, 0x5f, 0x87, 0x1f, 0x7f, 0x3e, 0x7f,
  0x00, 0x00, 0xff, 0x57, 0x5f, 0x55, 0x00, 0x00, 0x00, 0x00, 0x00, 0x00, 0x00, 0x00, 0x00, 0x00,
  0x00, 0x00, 0x00, 0x00, 0x00, 0x00, 0x00, 0x00, 0x00, 0x00, 0x00, 0x00, 0x00, 0x00, 0x00, 0x00,
  0x00, 0x00, 0x00, 0x00, 0x00, 0x00, 0x00, 0x00, 0x00, 0x00, 0x00, 0x00, 0x00, 0x00, 0x00, 0x00,
  0x00, 0x00, 0x00, 0x00, 0x00, 0x00, 0x00, 0x00, 0x00, 0x00, 0x00, 0x00, 0x00, 0x00, 0x00, 0x00,
  0x00, 0x00, 0x00, 0x00, 0x00, 0x00, 0x00, 0x00, 0x00, 0x00, 0x00, 0x00, 0x00, 0x00, 0x00, 0x00,
  0x00, 0x00, 0x00, 0x00, 0x00, 0x00, 0x00, 0x00, 0x00, 0x00, 0x00, 0x00, 0x00, 0x00, 0x00, 0x00,
  0x00, 0x00, 0x00, 0x00, 0x00, 0x00, 0x00, 0x00, 0x00, 0x00, 0x00, 0x00, 0x00, 0x00, 0xff, 0x07,
  0x00, 0x00, 0x00, 0x00, 0xdf, 0x96, 0xbf, 0x7e, 0xbf, 0x7e, 0xdf, 0x86, 0xdf, 0x86, 0xbf, 0x7e,
  0xbf, 0x7e, 0xbf, 0x7e, 0xdf, 0x7e, 0xdf, 0x7e, 0xdf, 0x7e, 0xdf, 0x7e, 0xdf, 0x7e, 0xdf, 0x7e,
  0xdf, 0x7e, 0xdf, 0x7e, 0xdf, 0x7e, 0xdf, 0x7e, 0xdf, 0x7e, 0xdf, 0x7e, 0xdf, 0x7e, 0xdf, 0x7e,
  0xff, 0x7e, 0xff, 0x7e, 0xff, 0x7e, 0xff, 0x7e, 0xff, 0x7e, 0xff, 0x7e, 0x9f, 0x87, 0xff, 0x7e,
  0xfe, 0x76, 0x00, 0x00, 0xff, 0x57, 0x5f, 0x55, 0x00, 0x00, 0x00, 0x00, 0x00, 0x00, 0x00, 0x00,
  0x00, 0x00, 0x00, 0x00, 0x00, 0x00, 0x00, 0x00, 0x00, 0x00, 0x00, 0x00, 0x00, 0x00, 0x00, 0x00,
  0x00, 0x00, 0x00, 0x00, 0x00, 0x00, 0x00, 0x00, 0x00, 0x00, 0x00, 0x00, 0x00, 0x00, 0x00, 0x00,
  0x00, 0x00, 0x00, 0x00, 0x00, 0x00, 0x00, 0x00, 0x00, 0x00, 0x00, 0x00, 0x00, 0x00, 0x00, 0x00,
  0x00, 0x00, 0x00, 0x00, 0x00, 0x00, 0x00, 0x00, 0x00, 0x00, 0x00, 0x00, 0x00, 0x00, 0x00, 0x00,
  0x00, 0x00, 0x00, 0x00, 0x00, 0x00, 0x00, 0x00, 0x00, 0x00, 0x00, 0x00, 0x00, 0x00, 0x00, 0x00,
  0x00, 0x00, 0x00, 0x00, 0x00, 0x00, 0x00, 0x00, 0x00, 0x00, 0x00, 0x00, 0x00, 0x00, 0xff, 0x07,
  0xff, 0x57, 0xff, 0xff, 0x00, 0x00, 0x9f, 0x7e, 0xbf, 0x7e, 0xbf, 0x86, 0xbf, 0x7e, 0xbf, 0x7e,
  0xbf, 0x7e, 0xbf, 0x7e, 0xbf, 0x7e, 0xbf, 0x7e, 0xbf, 0x7e, 0xbf, 0x7e, 0xbf, 0x7e, 0xbf, 0x7e,
  0xbf, 0x7e, 0xbf, 0x7e, 0xbf, 0x7e, 0xdf, 0x7e, 0xbf, 0x7e, 0xdf, 0x7e, 0xdf, 0x7e, 0xdf, 0x7e,
  0xdf, 0x7e, 0xdf, 0x7e, 0xdf, 0x7e, 0xdf, 0x7e, 0xdf, 0x7e, 0xdf, 0x7e, 0xdf, 0x7e, 0xbf, 0x8f,
  0xdf, 0x7e, 0x1f, 0x7f, 0x00, 0x00, 0xff, 0xaf, 0xff, 0x57, 0x00, 0x00, 0x00, 0x00, 0x00, 0x00,
  0x00, 0x00, 0x00, 0x00, 0x00, 0x00, 0x00, 0x00, 0x00, 0x00, 0x00, 0x00, 0x00, 0x00, 0x00, 0x00,
  0x00, 0x00, 0x00, 0x00, 0x00, 0x00, 0x00, 0x00, 0x00, 0x00, 0x00, 0x00, 0x00, 0x00, 0x00, 0x00,
  0x00, 0x00, 0x00, 0x00, 0x00, 0x00, 0x00, 0x00, 0x00, 0x00, 0x00, 0x00, 0x00, 0x00, 0x00, 0x00,
  0x00, 0x00, 0x00, 0x00, 0x00, 0x00, 0x00, 0x00, 0x00, 0x00, 0x00, 0x00, 0x00, 0x00, 0x00, 0x00,
  0x00, 0x00, 0x00, 0x00, 0x00, 0x00, 0x00, 0x00, 0x00, 0x00, 0x00, 0x00, 0x00, 0x00, 0x00, 0x00,
  0x00, 0x00, 0x00, 0x00, 0x00, 0x00, 0x00, 0x00, 0x00, 0x00, 0x00, 0x00, 0x00, 0x00, 0xff, 0x7b,
  0x7f, 0x66, 0x00, 0x00, 0x00, 0x00, 0x9f, 0x86, 0x9f, 0x86, 0x9f, 0x86, 0xff, 0x86, 0x9f, 0x7e,
  0x9f, 0x7e, 0x9f, 0x7e, 0xbf, 0x7e, 0xbf, 0x7e, 0xbf, 0x7e, 0xbf, 0x7e, 0xbf, 0x7e, 0xbf, 0x7e,
  0xbf, 0x7e, 0xbf, 0x7e, 0xbf, 0x7e, 0xbf, 0x7e, 0xbf, 0x7e, 0xbf, 0x7e, 0xbf, 0x7e, 0xdf, 0x7e,
  0xbf, 0x7e, 0xbf, 0x7e, 0xdf, 0x7e, 0xdf, 0x7e, 0xdf, 0x7e, 0xdf, 0x7e, 0xdf, 0x7e, 0xdf, 0x7e,
  0x9f, 0x8f, 0x9f, 0x7e, 0xdf, 0x7e, 0x00, 0x00, 0xff, 0xaf, 0xff, 0x57, 0x00, 0x00, 0x00, 0x00,
  0x00, 0x00, 0x00, 0x00, 0x00, 0x00, 0x00, 0x00, 0x00, 0x00, 0x00, 0x00, 0x00, 0x00, 0x00, 0x00,
  0x00, 0x00, 0x00, 0x00, 0x00, 0x00, 0x00, 0x00, 0x00, 0x00, 0x00, 0x00, 0x00, 0x00, 0x00, 0x00,
  0x00, 0x00, 0x00, 0x00, 0x00, 0x00, 0x00, 0x00, 0x00, 0x00, 0x00, 0x00, 0x00, 0x00, 0x00, 0x00,
  0x00, 0x00, 0x00, 0x00, 0x00, 0x00, 0x00, 0x00, 0x00, 0x00, 0x00, 0x00, 0x00, 0x00, 0x00, 0x00,
  0x00, 0x00, 0x00, 0x00, 0x00, 0x00, 0x00, 0x00, 0x00, 0x00, 0x00, 0x00, 0x00, 0x00, 0x00, 0x00,
  0x00, 0x00, 0x00, 0x00, 0x00, 0x00, 0x00, 0x00, 0x00, 0x00, 0x00, 0x00, 0x00, 0x00, 0xff, 0x07,
  0x00, 0x00, 0x00, 0x00, 0xbf, 0x7e, 0x5f, 0x7e, 0x9f, 0x86, 0xbf, 0x86, 0x7f, 0x86, 0x7f, 0x86,
  0x7f, 0x86, 0x9f, 0x86, 0x9f, 0x86, 0x9f, 0x7e, 0x9f, 0x7e, 0x9f, 0x7e, 0x9f, 0x7e, 0x9f, 0x7e,
  0x9f, 0x7e, 0x9f, 0x7e, 0x9f, 0x7e, 0x9f, 0x7e, 0x9f, 0x7e, 0xbf, 0x7e, 0xbf, 0x7e, 0xbf, 0x7e,
  0xbf, 0x7e, 0xbf, 0x7e, 0xbf, 0x7e, 0xbf, 0x7e, 0xbf, 0x7e, 0xbf, 0x7e, 0xbf, 0x7e, 0xdf, 0x7e,
  0xbf, 0x7e, 0x3f, 0x87, 0x3d, 0x76, 0x5d, 0x76, 0x00, 0x00, 0xff, 0x57, 0x5f, 0x55, 0x00, 0x00,
  0x00, 0x00, 0x00, 0x00, 0x00, 0x00, 0x00, 0x00, 0x00, 0x00, 0x00, 0x00, 0x00, 0x00, 0x00, 0x00,
  0x00, 0x00, 0x00, 0x00, 0x00, 0x00, 0x00, 0x00, 0x00, 0x00, 0x00, 0x00, 0x00, 0x00, 0x00, 0x00,
  0x00, 0x00, 0x00, 0x00, 0x00, 0x00, 0x00, 0x00, 0x00, 0x00, 0x00, 0x00, 0x00, 0x00, 0x00, 0x00,
  0x00, 0x00, 0x00, 0x00, 0x00, 0x00, 0x00, 0x00, 0x00, 0x00, 0x00, 0x00, 0x00, 0x00, 0x00, 0x00,
  0x00, 0x00, 0x00, 0x00, 0x00, 0x00, 0x00, 0x00, 0x00, 0x00, 0x00, 0x00, 0x00, 0x00, 0x00, 0x00,
  0x00, 0x00, 0x00, 0x00, 0x00, 0x00, 0x00, 0x00, 0x00, 0x00, 0x00, 0x00, 0x00, 0x00, 0xff, 0x07,
  0xbf, 0x7e, 0x00, 0x00, 0x00, 0x00, 0x5f, 0x7e, 0x5f, 0x86, 0x9f, 0x86, 0x9f, 0x86, 0x7f, 0x86,
  0x7f, 0x86, 0x7f, 0x86, 0x7f, 0x86, 0x7f, 0x86, 0x7f, 0x86, 0x7f, 0x86, 0x7f, 0x86, 0x9f, 0x86,
  0x9f, 0x86, 0x9f, 0x86, 0x9f, 0x86, 0x9f, 0x86, 0x9f, 0x7e, 0x9f, 0x7e, 0x9f, 0x7e, 0x9f, 0x86,
  0x9f, 0x86, 0x9f, 0x7e, 0x9f, 0x7e, 0x9f, 0x7e, 0xbf, 0x86, 0xbf, 0x86, 0xbf, 0x7e, 0x9f, 0x7e,
  0xbf, 0x7e, 0x9f, 0x7e, 0xbf, 0x86, 0xba, 0x6d, 0x9a, 0x6d, 0x00, 0x00, 0x5f, 0x55, 0x55, 0x55,
  0x00, 0x00, 0x00, 0x00, 0x00, 0x00, 0x00, 0x00, 0x00, 0x00, 0x00, 0x00, 0x00, 0x00, 0x00, 0x00,
  0x00, 0x00, 0x00, 0x00, 0x00, 0x00, 0x00, 0x00, 0x00, 0x00, 0x00, 0x00, 0x00, 0x00, 0x00, 0x00,
  0x00, 0x00, 0x00, 0x00, 0x00, 0x00, 0x00, 0x00, 0x00, 0x00, 0x00, 0x00, 0x00, 0x00, 0x00, 0x00,
  0x00, 0x00, 0x00, 0x00, 0x00, 0x00, 0x00, 0x00, 0x00, 0x00, 0x00, 0x00, 0x00, 0x00, 0x00, 0x00,
  0x00, 0x00, 0x00, 0x00, 0x00, 0x00, 0x00, 0x00, 0x00, 0x00, 0x00, 0x00, 0x00, 0x00, 0x00, 0x00,
  0x00, 0x00, 0x00, 0x00, 0x00, 0x00, 0x00, 0x00, 0x00, 0x00, 0x00, 0x00, 0x00, 0x00, 0xff, 0xff,
  0xff, 0x07, 0x00, 0x00, 0x5f, 0x7d, 0x3f, 0x7e, 0x5f, 0x86, 0x7f, 0x86, 0x9f, 0x86, 0x5f, 0x86,
  0x5f, 0x86, 0x7f, 0x86, 0x7f, 0x86, 0x7f, 0x86, 0x7f, 0x86, 0x7f, 0x86, 0x7f, 0x86, 0x7f, 0x86,
  0x7f, 0x86, 0x7f, 0x86, 0x7f, 0x86, 0x7f, 0x86, 0x7f, 0x86, 0x7f, 0x86, 0x7f, 0x86, 0x7f, 0x86,
  0x9f, 0x86, 0x9f, 0x86, 0x9f, 0x7e, 0x9f, 0x7e, 0x9f, 0x7e, 0x9f, 0x86, 0x9f, 0x86, 0x9f, 0x7e,
  0x9f, 0x7e, 0xbf, 0x86, 0x9f, 0x7e, 0x1d, 0x76, 0x95, 0x5c, 0x54, 0x5c, 0x00, 0x00, 0x5f, 0x55,
  0x55, 0x55, 0x00, 0x00, 0x00, 0x00, 0x00, 0x00, 0x00, 0x00, 0x00, 0x00, 0x00, 0x00, 0x00, 0x00,
  0x00, 0x00, 0x00, 0x00, 0x00, 0x00, 0x00, 0x00, 0x00, 0x00, 0x00, 0x00, 0x00, 0x00, 0x00, 0x00,
  0x00, 0x00, 0x00, 0x00, 0x00, 0x00, 0x00, 0x00, 0x00, 0x00, 0x00, 0x00, 0x00, 0x00, 0x00, 0x00,
  0x00, 0x00, 0x00, 0x00, 0x00, 0x00, 0x00, 0x00, 0x00, 0x00, 0x00, 0x00, 0x00, 0x00, 0x00, 0x00,
  0x00, 0x00, 0x00, 0x00, 0x00, 0x00, 0x00, 0x00, 0x00, 0x00, 0x00, 0x00, 0x00, 0x00, 0x00, 0x00,
  0x00, 0x00, 0x00, 0x00, 0x00, 0x00, 0x00, 0x00, 0x00, 0x00, 0x00, 0x00, 0x00, 0x00, 0xff, 0x07,
  0x00, 0x00, 0xff, 0x07, 0x00, 0x00, 0x1f, 0x86, 0x3f, 0x86, 0x5f, 0x86, 0x3f, 0x86, 0x3f, 0x86,
  0x3f, 0x86, 0x3f, 0x86, 0x5f, 0x86, 0x5f, 0x86, 0x5f, 0x86, 0x5f, 0x86, 0x5f, 0x86, 0x5f, 0x86,
  0x5f, 0x86, 0x5f, 0x86, 0x5f, 0x86, 0x5f, 0x86, 0x5f, 0x86, 0x7f, 0x86, 0x7f, 0x86, 0x7f, 0x86,
  0x7f, 0x86, 0x7f, 0x86, 0x7f, 0x86, 0x7f, 0x86, 0x7f, 0x86, 0x7f, 0x86, 0x7f, 0x86, 0x7f, 0x7e,
  0x7f, 0x7e, 0x7f, 0x7e, 0xdf, 0x86, 0x9f, 0x7e, 0x18, 0x6d, 0x2f, 0x43, 0xac, 0x3a, 0x00, 0x00,
  0xb5, 0x52, 0xb5, 0x52, 0x00, 0x00, 0x00, 0x00, 0x00, 0x00, 0x00, 0x00, 0x00, 0x00, 0x00, 0x00,
  0x00, 0x00, 0x00, 0x00, 0x00, 0x00, 0x00, 0x00, 0x00, 0x00, 0x00, 0x00, 0x00, 0x00, 0x00, 0x00,
  0x00, 0x00, 0x00, 0x00, 0x00, 0x00, 0x00, 0x00, 0x00, 0x00, 0x00, 0x00, 0x00, 0x00, 0x00, 0x00,
  0x00, 0x00, 0x00, 0x00, 0x00, 0x00, 0x00, 0x00, 0x00, 0x00, 0x00, 0x00, 0x00, 0x00, 0x00, 0x00,
  0x00, 0x00, 0x00, 0x00, 0x00, 0x00, 0x00, 0x00, 0x00, 0x00, 0x00, 0x00, 0x00, 0x00, 0x00, 0x00,
  0x00, 0x00, 0x00, 0x00, 0x00, 0x00, 0x00, 0x00, 0x00, 0x00, 0x00, 0x00, 0xff, 0x07, 0xff, 0xff,
  0xbf, 0x7e, 0x00, 0x00, 0x00, 0x00, 0x1f, 0x86, 0x3f, 0x86, 0x3f, 0x86, 0x7f, 0x8e, 0x3f, 0x86,
  0x3f, 0x86, 0x3f, 0x86, 0x3f, 0x86, 0x3f, 0x86, 0x3f, 0x86, 0x3f, 0x86, 0x3f, 0x86, 0x3f, 0x86,
  0x3f, 0x86, 0x3f, 0x86, 0x5f, 0x86, 0x5f, 0x86, 0x5f, 0x86, 0x5f, 0x86, 0x5f, 0x86, 0x5f, 0x86,
  0x5f, 0x86, 0x5f, 0x86, 0x5f, 0x86, 0x5f, 0x86, 0x5f, 0x86, 0x7f, 0x86, 0x7f, 0x86, 0x7f, 0x86,
  0x7f, 0x7e, 0x7f, 0x7e, 0x5e, 0x7e, 0xdf, 0x86, 0x9f, 0x86, 0x34, 0x5c, 0xe8, 0x31, 0xe4, 0x20,
  0x00, 0x00, 0xaa, 0x52, 0xaa, 0x52, 0x00, 0x00, 0x00, 0x00, 0x00, 0x00, 0x00, 0x00, 0x00, 0x00,
  0x00, 0x00, 0x00, 0x00, 0x00, 0x00, 0x00, 0x00, 0x00, 0x00, 0x00, 0x00, 0x00, 0x00, 0x00, 0x00,
  0x00, 0x00, 0x00, 0x00, 0x00, 0x00, 0x00, 0x00, 0x00, 0x00, 0x00, 0x00, 0x00, 0x00, 0x00, 0x00,
  0x00, 0x00, 0x00, 0x00, 0x00, 0x00, 0x00, 0x00, 0x00, 0x00, 0x00, 0x00, 0x00, 0x00, 0x00, 0x00,
  0x00, 0x00, 0x00, 0x00, 0x00, 0x00, 0x00, 0x00, 0x00, 0x00, 0x00, 0x00, 0x00, 0x00, 0x00, 0x00,
  0x00, 0x00, 0x00, 0x00, 0x00, 0x00, 0x00, 0x00, 0x00, 0x00, 0x00, 0x00, 0x00, 0x00, 0xff, 0x7f,
  0x00, 0x00, 0x00, 0x00, 0x5f, 0x75, 0xff, 0x7d, 0x1f, 0x86, 0x3f, 0x86, 0x3f, 0x86, 0x1f, 0x86,
  0x1f, 0x86, 0x1f, 0x86, 0x3f, 0x86, 0x3f, 0x86, 0x3f, 0x86, 0x3f, 0x86, 0x3f, 0x86, 0x3f, 0x86,
  0x3f, 0x86, 0x3f, 0x86, 0x3f, 0x86, 0x3f, 0x86, 0x3f, 0x86, 0x3f, 0x86, 0x3f, 0x86, 0x3f, 0x86,
  0x5f, 0x86, 0x5f, 0x86, 0x5f, 0x86, 0x5f, 0x86, 0x5f, 0x86, 0x5f, 0x86, 0x5f, 0x86, 0x5f, 0x86,
  0x5f, 0x86, 0x5f, 0x86, 0x5f, 0x86, 0x7f, 0x86, 0x7f, 0x86, 0x5a, 0x6d, 0x4f, 0x4b, 0x86, 0x29,
  0xe3, 0x18, 0x00, 0x00, 0xaa, 0x52, 0xaa, 0x52, 0x00, 0x00, 0x00, 0x00, 0x00, 0x00, 0x00, 0x00,
  0x00, 0x00, 0x00, 0x00, 0x00, 0x00, 0x00, 0x00, 0x00, 0x00, 0x00, 0x00, 0x00, 0x00, 0x00, 0x00,
  0x00, 0x00, 0x00, 0x00, 0x00, 0x00, 0x00, 0x00, 0x00, 0x00, 0x00, 0x00, 0x00, 0x00, 0x00, 0x00,
  0x00, 0x00, 0x00, 0x00, 0x00, 0x00, 0x00, 0x00, 0x00, 0x00, 0x00, 0x00, 0x00, 0x00, 0x00, 0x00,
  0x00, 0x00, 0x00, 0x00, 0x00, 0x00, 0x00, 0x00, 0x00, 0x00, 0x00, 0x00, 0x00, 0x00, 0x00, 0x00,
  0x00, 0x00, 0x00, 0x00, 0x00, 0x00, 0x00, 0x00, 0x00, 0x00, 0x00, 0x00, 0x00, 0x00, 0x1f, 0x00,
  0xff, 0xbd, 0xff, 0x07, 0x00, 0x00, 0xdf, 0x85, 0xff, 0x85, 0x1f, 0x86, 0x1f, 0x86, 0x1f, 0x86,
  0x1f, 0x86, 0x1f, 0x86, 0x1f, 0x86, 0x1f, 0x86, 0x1f, 0x86, 0x1f, 0x86, 0x1f, 0x86, 0x3f, 0x86,
  0x3f, 0x86, 0x1f, 0x86, 0x1f, 0x86, 0x1f, 0x86, 0x3f, 0x86, 0x3f, 0x86, 0x3f, 0x86, 0x3f, 0x86,
  0x3f, 0x86, 0x3f, 0x86, 0x3f, 0x86, 0x3f, 0x86, 0x3f, 0x86, 0x3f, 0x86, 0x3f, 0x86, 0x5f, 0x86,
  0x5f, 0x86, 0x5f, 0x86, 0x3f, 0x86, 0x5f, 0x86, 0x5f, 0x86, 0x39, 0x6d, 0x0f, 0x43, 0x6b, 0x3a,
  0x09, 0x32, 0xe8, 0x29, 0x00, 0x00, 0xaa, 0x52, 0xaa, 0x52, 0x00, 0x00, 0x00, 0x00, 0x00, 0x00,
  0x00, 0x00, 0x00, 0x00, 0x00, 0x00, 0x00, 0x00, 0x00, 0x00, 0x00, 0x00, 0x00, 0x00, 0x00, 0x00,
  0x00, 0x00, 0x00, 0x00, 0x00, 0x00, 0x00, 0x00, 0x00, 0x00, 0x00, 0x00, 0x00, 0x00, 0x00, 0x00,
  0x00, 0x00, 0x00, 0x00, 0x00, 0x00, 0x00, 0x00, 0x00, 0x00, 0x00, 0x00, 0x00, 0x00, 0x00, 0x00,
  0x00, 0x00, 0x00, 0x00, 0x00, 0x00, 0x00, 0x00, 0x00, 0x00, 0x00, 0x00, 0x00, 0x00, 0x00, 0x00,
  0x00, 0x00, 0x00, 0x00, 0x00, 0x00, 0x00, 0x00, 0x00, 0x00, 0x00, 0x00, 0x00, 0x00, 0xff, 0x7b,
  0xff, 0x7b, 0x00, 0x00, 0xff, 0x7f, 0xbf, 0x7d, 0xdf, 0x85, 0xff, 0x85, 0x3f, 0x8e, 0xff, 0x85,
  0xff, 0x85, 0xff, 0x85, 0xff, 0x85, 0xff, 0x85, 0xff, 0x85, 0x1f, 0x86, 0x1f, 0x86, 0x1f, 0x86,
  0x1f, 0x86, 0x1f, 0x86, 0x1f, 0x86, 0x1f, 0x86, 0x1f, 0x86, 0x1f, 0x86, 0x1f, 0x86, 0x1f, 0x86,
  0x1f, 0x86, 0x1f, 0x86, 0x1f, 0x86, 0x3f, 0x86, 0x3f, 0x86, 0x3f, 0x86, 0x3f, 0x86, 0x3f, 0x86,
  0x3f, 0x86, 0x3f, 0x86, 0x3f, 0x86, 0x5f, 0x86, 0x3f, 0x86, 0x19, 0x6d, 0x71, 0x4b, 0x2a, 0x32,
  0x4a, 0x3a, 0x6b, 0x3a, 0x6b, 0x3a, 0x00, 0x00, 0xaa, 0x52, 0xaa, 0x52, 0x00, 0x00, 0x00, 0x00,
  0x00, 0x00, 0x00, 0x00, 0x00, 0x00, 0x00, 0x00, 0x00, 0x00, 0x00, 0x00, 0x00, 0x00, 0x00, 0x00,
  0x00, 0x00, 0x00, 0x00, 0x00, 0x00, 0x00, 0x00, 0x00, 0x00, 0x00, 0x00, 0x00, 0x00, 0x00, 0x00,
  0x00, 0x00, 0x00, 0x00, 0x00, 0x00, 0x00, 0x00, 0x00, 0x00, 0x00, 0x00, 0x00, 0x00, 0x00, 0x00,
  0x00, 0x00, 0x00, 0x00, 0x00, 0x00, 0x00, 0x00, 0x00, 0x00, 0x00, 0x00, 0x00, 0x00, 0x00, 0x00,
  0x00, 0x00, 0x00, 0x00, 0x00, 0x00, 0x00, 0x00, 0x00, 0x00, 0x00, 0x00, 0x00, 0x00, 0xff, 0x07,
  0x00, 0x00, 0x00, 0x00, 0x7f, 0x66, 0xff, 0x85, 0xdf, 0x85, 0xff, 0x85, 0xdf, 0x85, 0xdf, 0x85,
  0xdf, 0x85, 0xdf, 0x85, 0xdf, 0x85, 0xff, 0x85, 0xff, 0x85, 0xff, 0x85, 0xff, 0x85, 0xff, 0x85,
  0xff, 0x85, 0xff, 0x85, 0xff, 0x85, 0xff, 0x85, 0xff, 0x85, 0xff, 0x85, 0xff, 0x85, 0x1f, 0x86,
  0x1f, 0x86, 0x1f, 0x86, 0x1f, 0x86, 0x1f, 0x86, 0x1f, 0x86, 0x1f, 0x86, 0x1f, 0x86, 0x1f, 0x86,
  0x1f, 0x86, 0x1f, 0x86, 0x1f, 0x86, 0x1f, 0x86, 0x1f, 0x86, 0x3a, 0x75, 0x50, 0x4b, 0x4a, 0x32,
  0x4b, 0x3a, 0xac, 0x42, 0x6b, 0x3a, 0x6b, 0x3a, 0x00, 0x00, 0xaa, 0x52, 0xaa, 0x52, 0x00, 0x00,
  0x00, 0x00, 0x00, 0x00, 0x00, 0x00, 0x00, 0x00, 0x00, 0x00, 0x00, 0x00, 0x00, 0x00, 0x00, 0x00,
  0x00, 0x00, 0x00, 0x00, 0x00, 0x00, 0x00, 0x00, 0x00, 0x00, 0x00, 0x00, 0x00, 0x00, 0x00, 0x00,
  0x00, 0x00, 0x00, 0x00, 0x00, 0x00, 0x00, 0x00, 0x00, 0x00, 0x00, 0x00, 0x00, 0x00, 0x00, 0x00,
  0x00, 0x00, 0x00, 0x00, 0x00, 0x00, 0x00, 0x00, 0x00, 0x00, 0x00, 0x00, 0x00, 0x00, 0x00, 0x00,
  0x00, 0x00, 0x00, 0x00, 0x00, 0x00, 0x00, 0x00, 0x00, 0x00, 0x00, 0x00, 0x1f, 0x00, 0xff, 0xff,
  0xbf, 0x95, 0x00, 0x00, 0x00, 0x00, 0xbf, 0x7d, 0xdf, 0x85, 0xdf, 0x85, 0xff, 0x8d, 0xdf, 0x85,
  0xdf, 0x85, 0xdf, 0x85, 0xdf, 0x85, 0xdf, 0x85, 0xdf, 0x85, 0xdf, 0x85, 0xdf, 0x85, 0xdf, 0x85,
  0xdf, 0x85, 0xdf, 0x85, 0xff, 0x85, 0xff, 0x85, 0xff, 0x85, 0xff, 0x85, 0xff, 0x85, 0xff, 0x85,
  0xff, 0x85, 0xff, 0x85, 0xff, 0x85, 0xff, 0x85, 0xff, 0x85, 0xff, 0x85, 0xff, 0x85, 0xff, 0x85,
  0xff, 0x85, 0x1f, 0x86, 0xff, 0x85, 0x1f, 0x86, 0x1f, 0x86, 0xf9, 0x6c, 0x71, 0x4b, 0x8c, 0x3a,
  0x6b, 0x3a, 0x6b, 0x3a, 0xcd, 0x4a, 0x6b, 0x42, 0xab, 0x42, 0x00, 0x00, 0xaa, 0x52, 0xaa, 0x52,
  0x00, 0x00, 0x00, 0x00, 0x00, 0x00, 0x00, 0x00, 0x00, 0x00, 0x00, 0x00, 0x00, 0x00, 0x00, 0x00,
  0x00, 0x00, 0x00, 0x00, 0x00, 0x00, 0x00, 0x00, 0x00, 0x00, 0x00, 0x00, 0x00, 0x00, 0x00, 0x00,
  0x00, 0x00, 0x00, 0x00, 0x00, 0x00, 0x00, 0x00, 0x00, 0x00, 0x00, 0x00, 0x00, 0x00, 0x00, 0x00,
  0x00, 0x00, 0x00, 0x00, 0x00, 0x00, 0x00, 0x00, 0x00, 0x00, 0x00, 0x00, 0x00, 0x00, 0x00, 0x00,
  0x00, 0x00, 0x00, 0x00, 0x00, 0x00, 0x00, 0x00, 0x00, 0x00, 0x00, 0x00, 0x00, 0x00, 0xff, 0x7b,
  0x00, 0x00, 0x00, 0x00, 0x5f, 0x75, 0x7f, 0x85, 0xbf, 0x85, 0xdf, 0x85, 0xff, 0x8d, 0xbf, 0x85,
  0xbf, 0x85, 0xbf, 0x85, 0xbf, 0x85, 0xbf, 0x85, 0xbf, 0x85, 0xbf, 0x85, 0xdf, 0x85, 0xdf, 0x85,
  0xdf, 0x85, 0xdf, 0x85, 0xdf, 0x85, 0xdf, 0x85, 0xdf, 0x85, 0xdf, 0x85, 0xdf, 0x85, 0xdf, 0x85,
  0xff, 0x85, 0xff, 0x85, 0xdf, 0x85, 0xff, 0x85, 0xff, 0x85, 0xff, 0x85, 0xff, 0x85, 0xff, 0x85,
  0xff, 0x85, 0xff, 0x85, 0xff, 0x85, 0x1f, 0x86, 0xdf, 0x85, 0x1a, 0x75, 0xb2, 0x53, 0x8c, 0x3a,
  0x8c, 0x3a, 0xcd, 0x42, 0xac, 0x42, 0xed, 0x4a, 0x8c, 0x42, 0xab, 0x42, 0x00, 0x00, 0xaa, 0x52,
  0xaa, 0x52, 0x00, 0x00, 0x00, 0x00, 0x00, 0x00, 0x00, 0x00, 0x00, 0x00, 0x00, 0x00, 0x00, 0x00,
  0x00, 0x00, 0x00, 0x00, 0x00, 0x00, 0x00, 0x00, 0x00, 0x00, 0x00, 0x00, 0x00, 0x00, 0x00, 0x00,
  0x00, 0x00, 0x00, 0x00, 0x00, 0x00, 0x00, 0x00, 0x00, 0x00, 0x00, 0x00, 0x00, 0x00, 0x00, 0x00,
  0x00, 0x00, 0x00, 0x00, 0x00, 0x00, 0x00, 0x00, 0x00, 0x00, 0x00, 0x00, 0x00, 0x00, 0x00, 0x00,
  0x00, 0x00, 0x00, 0x00, 0x00, 0x00, 0x00, 0x00, 0x00, 0x00, 0x00, 0x00, 0x00, 0x00, 0xff, 0x07,
  0xff, 0xff, 0xff, 0x07, 0x00, 0x00, 0x9f, 0x85, 0x9f, 0x85, 0xbf, 0x8d, 0x9f, 0x85, 0xbf, 0x85,
  0xbf, 0x85, 0xbf, 0x85, 0x9f, 0x85, 0x9f, 0x85, 0xbf, 0x85, 0xbf, 0x85, 0xbf, 0x85, 0xbf, 0x85,
  0xbf, 0x85, 0xbf, 0x85, 0xbf, 0x85, 0xbf, 0x85, 0xbf, 0x85, 0xbf, 0x85, 0xbf, 0x85, 0xbf, 0x85,
  0xbf, 0x85, 0xdf, 0x85, 0xdf, 0x85, 0xdf, 0x85, 0xdf, 0x85, 0xdf, 0x85, 0xdf, 0x85, 0xdf, 0x85,
  0xdf, 0x85, 0xdf, 0x85, 0xdf, 0x85, 0xff, 0x85, 0xff, 0x85, 0x1a, 0x75, 0x91, 0x53, 0xcd, 0x42,
  0xcd, 0x42, 0xcd, 0x42, 0xcd, 0x42, 0xad, 0x42, 0x0e, 0x4b, 0xac, 0x42, 0xad, 0x42, 0x00, 0x00,
  0xaa, 0x52, 0xaa, 0x52, 0x00, 0x00, 0x00, 0x00, 0x00, 0x00, 0x00, 0x00, 0x00, 0x00, 0x00, 0x00,
  0x00, 0x00, 0x00, 0x00, 0x00, 0x00, 0x00, 0x00, 0x00, 0x00, 0x00, 0x00, 0x00, 0x00, 0x00, 0x00,
  0x00, 0x00, 0x00, 0x00, 0x00, 0x00, 0x00, 0x00, 0x00, 0x00, 0x00, 0x00, 0x00, 0x00, 0x00, 0x00,
  0x00, 0x00, 0x00, 0x00, 0x00, 0x00, 0x00, 0x00, 0x00, 0x00, 0x00, 0x00, 0x00, 0x00, 0x00, 0x00,
  0x00, 0x00, 0x00, 0x00, 0x00, 0x00, 0x00, 0x00, 0x00, 0x00, 0x00, 0x00, 0x00, 0x00, 0xff, 0x7b,
  0xbf, 0x7e, 0x00, 0x00, 0x00, 0x00, 0x7f, 0x85, 0x7f, 0x85, 0x9f, 0x8d, 0xdf, 0x8d, 0x9f, 0x85,
  0x9f, 0x85, 0x9f, 0x85, 0x9f, 0x85, 0x9f, 0x85, 0x9f, 0x85, 0x9f, 0x85, 0x9f, 0x85, 0x9f, 0x85,
  0xbf, 0x85, 0xbf, 0x85, 0xbf, 0x85, 0xbf, 0x85, 0xbf, 0x85, 0xbf, 0x85, 0xbf, 0x85, 0xbf, 0x85,
  0xbf, 0x85, 0xbf, 0x85, 0xbf, 0x85, 0xbf, 0x85, 0xbf, 0x85, 0xbf, 0x85, 0xbf, 0x85, 0xdf, 0x85,
  0xdf, 0x85, 0xdf, 0x85, 0xbf, 0x85, 0xff, 0x8d, 0xdf, 0x85, 0xfa, 0x74, 0xd3, 0x53, 0xee, 0x42,
  0xcd, 0x42, 0xee, 0x42, 0xee, 0x42, 0xcd, 0x42, 0xcd, 0x42, 0x2f, 0x53, 0xcd, 0x4a, 0xae, 0x4a,
  0x00, 0x00, 0xaa, 0x52, 0xaa, 0x52, 0x00, 0x00, 0x00, 0x00, 0x00, 0x00, 0x00, 0x00, 0x00, 0x00,
  0x00, 0x00, 0x00, 0x00, 0x00, 0x00, 0x00, 0x00, 0x00, 0x00, 0x00, 0x00, 0x00, 0x00, 0x00, 0x00,
  0x00, 0x00, 0x00, 0x00, 0x00, 0x00, 0x00, 0x00, 0x00, 0x00, 0x00, 0x00, 0x00, 0x00, 0x00, 0x00,
  0x00, 0x00, 0x00, 0x00, 0x00, 0x00, 0x00, 0x00, 0x00, 0x00, 0x00, 0x00, 0x00, 0x00, 0x00, 0x00,
  0x00, 0x00, 0x00, 0x00, 0x00, 0x00, 0x00, 0x00, 0x00, 0x00, 0x00, 0x00, 0x00, 0x00, 0xff, 0x7f,
  0x00, 0x00, 0x00, 0x00, 0x5f, 0x8d, 0x5f, 0x85, 0x7f, 0x8d, 0x9f, 0x8d, 0x9f, 0x8d, 0x7f, 0x85,
  0x7f, 0x8d, 0x7f, 0x85, 0x7f, 0x85, 0x7f, 0x85, 0x7f, 0x85, 0x9f, 0x85, 0x9f, 0x85, 0x9f, 0x85,
  0x9f, 0x85, 0x9f, 0x85, 0x9f, 0x85, 0x9f, 0x85, 0x9f, 0x85, 0x9f, 0x85, 0x9f, 0x85, 0x9f, 0x85,
  0xbf, 0x85, 0xbf, 0x85, 0xbf, 0x85, 0xbf, 0x85, 0xbf, 0x85, 0xbf, 0x85, 0xbf, 0x85, 0xbf, 0x85,
  0xbf, 0x85, 0xbf, 0x85, 0xbf, 0x85, 0xbf, 0x85, 0xbf, 0x85, 0x1b, 0x75, 0xd3, 0x5b, 0x0e, 0x43,
  0x0e, 0x4b, 0x2f, 0x4b, 0x0e, 0x43, 0xee, 0x42, 0xee, 0x42, 0xee, 0x4a, 0x50, 0x53, 0xee, 0x4a,
  0xee, 0x4a, 0x00, 0x00, 0xaa, 0x52, 0xaa, 0x52, 0x00, 0x00, 0x00, 0x00, 0x00, 0x00, 0x00, 0x00,
  0x00, 0x00, 0x00, 0x00, 0x00, 0x00, 0x00, 0x00, 0x00, 0x00, 0x00, 0x00, 0x00, 0x00, 0x00, 0x00,
  0x00, 0x00, 0x00, 0x00, 0x00, 0x00, 0x00, 0x00, 0x00, 0x00, 0x00, 0x00, 0x00, 0x00, 0x00, 0x00,
  0x00, 0x00, 0x00, 0x00, 0x00, 0x00, 0x00, 0x00, 0x00, 0x00, 0x00, 0x00, 0x00, 0x00, 0x00, 0x00,
  0x00, 0x00, 0x00, 0x00, 0x00, 0x00, 0x00, 0x00, 0x00, 0x00, 0x00, 0x00, 0x00, 0x00, 0x1f, 0x00,
  0xff, 0x7b, 0x00, 0x00, 0x00, 0x00, 0x5f, 0x85, 0x5f, 0x85, 0x7f, 0x8d, 0x7f, 0x8d, 0x7f, 0x8d,
  0x5f, 0x8d, 0x7f, 0x8d, 0x7f, 0x8d, 0x7f, 0x8d, 0x7f, 0x8d, 0x7f, 0x8d, 0x7f, 0x8d, 0x7f, 0x8d,
  0x7f, 0x8d, 0x7f, 0x85, 0x7f, 0x85, 0x7f, 0x85, 0x7f, 0x85, 0x7f, 0x85, 0x7f, 0x85, 0x9f, 0x85,
  0x9f, 0x85, 0x9f, 0x85, 0x9f, 0x85, 0x9f, 0x85, 0x9f, 0x85, 0x9f, 0x85, 0x9f, 0x8d, 0x9f, 0x85,
  0x9f, 0x85, 0x9f, 0x85, 0x9f, 0x85, 0xbf, 0x85, 0xbf, 0x85, 0xfb, 0x74, 0xf3, 0x5b, 0x4f, 0x4b,
  0x2f, 0x4b, 0x2f, 0x4b, 0x2f, 0x4b, 0x2f, 0x4b, 0x0f, 0x4b, 0x0f, 0x4b, 0x0f, 0x4b, 0x70, 0x53,
  0x0e, 0x4b, 0x2e, 0x4b, 0x00, 0x00, 0xaa, 0x52, 0xaa, 0x52, 0x00, 0x00, 0x00, 0x00, 0x00, 0x00,
  0x00, 0x00, 0x00, 0x00, 0x00, 0x00, 0x00, 0x00, 0x00, 0x00, 0x00, 0x00, 0x00, 0x00, 0x00, 0x00,
  0x00, 0x00, 0x00, 0x00, 0x00, 0x00, 0x00, 0x00, 0x00, 0x00, 0x00, 0x00, 0x00, 0x00, 0x00, 0x00,
  0x00, 0x00, 0x00, 0x00, 0x00, 0x00, 0x00, 0x00, 0x00, 0x00, 0x00, 0x00, 0x00, 0x00, 0x00, 0x00,
  0x00, 0x00, 0x00, 0x00, 0x00, 0x00, 0x00, 0x00, 0x00, 0x00, 0x00, 0x00, 0x00, 0x00, 0xff, 0x7b,
  0xff, 0x7b, 0x00, 0x00, 0x5f, 0x7d, 0x1f, 0x85, 0x5f, 0x8d, 0x7f, 0x8d, 0x9f, 0x8d, 0x5f, 0x8d,
  0x5f, 0x85, 0x5f, 0x8d, 0x5f, 0x8d, 0x5f, 0x8d, 0x5f, 0x8d, 0x5f, 0x8d, 0x5f, 0x8d, 0x5f, 0x8d,
  0x5f, 0x8d, 0x7f, 0x8d, 0x7f, 0x85, 0x7f, 0x8d, 0x7f, 0x8d, 0x7f, 0x85, 0x7f, 0x85, 0x7f, 0x85,
  0x7f, 0x85, 0x7f, 0x85, 0x7f, 0x85, 0x9f, 0x85, 0x9f, 0x85, 0x7f, 0x85, 0x9f, 0x85, 0x9f, 0x8d,
  0x9f, 0x85, 0x9f, 0x85, 0x9f, 0x85, 0x9f, 0x8d, 0x7f, 0x85, 0xfb, 0x74, 0x14, 0x5c, 0x70, 0x4b,
  0x4f, 0x4b, 0x70, 0x53, 0x50, 0x4b, 0x50, 0x4b, 0x2f, 0x4b, 0x2f, 0x4b, 0x2f, 0x4b, 0x2f, 0x4b,
  0x91, 0x5b, 0x2f, 0x53, 0x6f, 0x4b, 0x00, 0x00, 0xaa, 0x52, 0xaa, 0x52, 0x00, 0x00, 0x00, 0x00,
  0x00, 0x00, 0x00, 0x00, 0x00, 0x00, 0x00, 0x00, 0x00, 0x00, 0x00, 0x00, 0x00, 0x00, 0x00, 0x00,
  0x00, 0x00, 0x00, 0x00, 0x00, 0x00, 0x00, 0x00, 0x00, 0x00, 0x00, 0x00, 0x00, 0x00, 0x00, 0x00,
  0x00, 0x00, 0x00, 0x00, 0x00, 0x00, 0x00, 0x00, 0x00, 0x00, 0x00, 0x00, 0x00, 0x00, 0x00, 0x00,
  0x00, 0x00, 0x00, 0x00, 0x00, 0x00, 0x00, 0x00, 0x00, 0x00, 0x00, 0x00, 0x00, 0x00, 0xff, 0xff,
  0x00, 0x00, 0x00, 0x00, 0x5f, 0xad, 0x1f, 0x85, 0x3f, 0x85, 0x5f, 0x8d, 0x3f, 0x8d, 0x3f, 0x8d,
  0x3f, 0x8d, 0x3f, 0x8d, 0x5f, 0x8d, 0x5f, 0x8d, 0x3f, 0x8d, 0x3f, 0x8d, 0x5f, 0x8d, 0x5f, 0x8d,
  0x5f, 0x8d, 0x5f, 0x8d, 0x5f, 0x8d, 0x5f, 0x8d, 0x5f, 0x8d, 0x5f, 0x8d, 0x5f, 0x8d, 0x5f, 0x8d,
  0x5f, 0x8d, 0x5f, 0x85, 0x5f, 0x85, 0x7f, 0x8d, 0x7f, 0x8d, 0x7f, 0x8d, 0x7f, 0x85, 0x7f, 0x85,
  0x7f, 0x85, 0x7f, 0x8d, 0x7f, 0x85, 0x7f, 0x85, 0x7f, 0x85, 0xfc, 0x7c, 0xf4, 0x5b, 0x90, 0x53,
  0x91, 0x53, 0x70, 0x53, 0x70, 0x53, 0x70, 0x4b, 0x50, 0x4b, 0x50, 0x4b, 0x50, 0x4b, 0x30, 0x4b,
  0x4f, 0x53, 0xb1, 0x5b, 0x2f, 0x53, 0x70, 0x53, 0x00, 0x00, 0xb5, 0x52, 0xaa, 0x52, 0x00, 0x00,
  0x00, 0x00, 0x00, 0x00, 0x00, 0x00, 0x00, 0x00, 0x00, 0x00, 0x00, 0x00, 0x00, 0x00, 0x00, 0x00,
  0x00, 0x00, 0x00, 0x00, 0x00, 0x00, 0x00, 0x00, 0x00, 0x00, 0x00, 0x00, 0x00, 0x00, 0x00, 0x00,
  0x00, 0x00, 0x00, 0x00, 0x00, 0x00, 0x00, 0x00, 0x00, 0x00, 0x00, 0x00, 0x00, 0x00, 0x00, 0x00,
  0x00, 0x00, 0x00, 0x00, 0x00, 0x00, 0x00, 0x00, 0x00, 0x00, 0x00, 0x00, 0x1f, 0x00, 0xff, 0xff,
  0xbf, 0x95, 0x00, 0x00, 0x00, 0x00, 0xff, 0x8c, 0x1f, 0x8d, 0x3f, 0x8d, 0x5f, 0x8d, 0x3f, 0x8d,
  0x1f, 0x8d, 0x3f, 0x8d, 0x3f, 0x8d, 0x3f, 0x8d, 0x3f, 0x8d, 0x3f, 0x8d, 0x3f, 0x8d, 0x3f, 0x8d,
  0x3f, 0x8d, 0x3f, 0x8d, 0x3f, 0x8d, 0x3f, 0x8d, 0x3f, 0x8d, 0x3f, 0x8d, 0x3f, 0x8d, 0x5f, 0x8d,
  0x5f, 0x8d, 0x5f, 0x8d, 0x5f, 0x8d, 0x5f, 0x8d, 0x5f, 0x8d, 0x5f, 0x8d, 0x5f, 0x8d, 0x5f, 0x8d,
  0x5f, 0x8d, 0x5f, 0x85, 0x5f, 0x85, 0x7f, 0x8d, 0x7f, 0x8d, 0xfb, 0x74, 0x35, 0x64, 0xb1, 0x53,
  0x91, 0x53, 0x91, 0x53, 0x91, 0x53, 0x91, 0x53, 0x91, 0x53, 0x71, 0x53, 0x71, 0x53, 0x50, 0x53,
  0x50, 0x53, 0x50, 0x53, 0xb2, 0x63, 0x50, 0x5b, 0x70, 0x5b, 0x00, 0x00, 0xb5, 0x52, 0xb5, 0x52,
  0x00, 0x00, 0x00, 0x00, 0x00, 0x00, 0x00, 0x00, 0x00, 0x00, 0x00, 0x00, 0x00, 0x00, 0x00, 0x00,
  0x00, 0x00, 0x00, 0x00, 0x00, 0x00, 0x00, 0x00, 0x00, 0x00, 0x00, 0x00, 0x00, 0x00, 0x00, 0x00,
  0x00, 0x00, 0x00, 0x00, 0x00, 0x00, 0x00, 0x00, 0x00, 0x00, 0x00, 0x00, 0x00, 0x00, 0x00, 0x00,
  0x00, 0x00, 0x00, 0x00, 0x00, 0x00, 0x00, 0x00, 0x00, 0x00, 0x00, 0x00, 0x00, 0x00, 0xff, 0x7b,
  0x00, 0x00, 0x00, 0x00, 0x9f, 0x7d, 0xdf, 0x84, 0x1f, 0x8d, 0x3f, 0x95, 0x3f, 0x8d, 0x1f, 0x8d,
  0x1f, 0x8d, 0x1f, 0x8d, 0x1f, 0x8d, 0x1f, 0x8d, 0x1f, 0x8d, 0x3f, 0x8d, 0x3f, 0x8d, 0x3f, 0x8d,
  0x3f, 0x8d, 0x3f, 0x8d, 0x3f, 0x8d, 0x3f, 0x8d, 0x3f, 0x8d, 0x3f, 0x8d, 0x3f, 0x8d, 0x3f, 0x8d,
  0x3f, 0x8d, 0x3f, 0x8d, 0x3f, 0x8d, 0x3f, 0x8d, 0x3f, 0x8d, 0x5f, 0x8d, 0x5f, 0x8d, 0x5f, 0x8d,
  0x5f, 0x8d, 0x5f, 0x8d, 0x5f, 0x8d, 0x5f, 0x8d, 0x5f, 0x85, 0xfc, 0x7c, 0x35, 0x64, 0xd1, 0x53,
  0xd2, 0x53, 0xd2, 0x53, 0xb2, 0x53, 0xb1, 0x53, 0xb1, 0x53, 0x91, 0x53, 0x91, 0x53, 0x71, 0x53,
  0x71, 0x53, 0x71, 0x53, 0x71, 0x53, 0xd2, 0x63, 0x70, 0x5b, 0x70, 0x5b, 0x00, 0x00, 0xb5, 0x52,
  0xb5, 0x52, 0x00, 0x00, 0x00, 0x00, 0x00, 0x00, 0x00, 0x00, 0x00, 0x00, 0x00, 0x00, 0x00, 0x00,
  0x00, 0x00, 0x00, 0x00, 0x00, 0x00, 0x00, 0x00, 0x00, 0x00, 0x00, 0x00, 0x00, 0x00, 0x00, 0x00,
  0x00, 0x00, 0x00, 0x00, 0x00, 0x00, 0x00, 0x00, 0x00, 0x00, 0x00, 0x00, 0x00, 0x00, 0x00, 0x00,
  0x00, 0x00, 0x00, 0x00, 0x00, 0x00, 0x00, 0x00, 0x00, 0x00, 0x00, 0x00, 0x00, 0x00, 0x1f, 0x00,
  0xbf, 0x52, 0x1f, 0xf8, 0x00, 0x00, 0xff, 0x8c, 0xff, 0x8c, 0x1f, 0x8d, 0x1f, 0x8d, 0x1f, 0x8d,
  0xff, 0x8c, 0xff, 0x8c, 0xff, 0x8c, 0xff, 0x8c, 0xff, 0x8c, 0xff, 0x8c, 0x1f, 0x8d, 0x1f, 0x8d,
  0x1f, 0x8d, 0x1f, 0x8d, 0x1f, 0x8d, 0x1f, 0x8d, 0x1f, 0x8d, 0x1f, 0x8d, 0x1f, 0x8d, 0x1f, 0x8d,
  0x1f, 0x8d, 0x1f, 0x8d, 0x1f, 0x8d, 0x3f, 0x8d, 0x3f, 0x8d, 0x3f, 0x8d, 0x3f, 0x8d, 0x3f, 0x8d,
  0x3f, 0x8d, 0x3f, 0x8d, 0x3f, 0x8d, 0x3f, 0x8d, 0x5f, 0x8d, 0xfc, 0x7c, 0x55, 0x64, 0xf2, 0x5b,
  0xf2, 0x5b, 0xd2, 0x5b, 0xd2, 0x5b, 0xd2, 0x5b, 0xd2, 0x5b, 0xb2, 0x5b, 0xb2, 0x53, 0x92, 0x5b,
  0x92, 0x5b, 0x91, 0x53, 0x92, 0x53, 0x91, 0x5b, 0xf3, 0x6b, 0x91, 0x5b, 0x91, 0x5b, 0x00, 0x00,
  0xb5, 0x52, 0xb5, 0x52, 0x00, 0x00, 0x00, 0x00, 0x00, 0x00, 0x00, 0x00, 0x00, 0x00, 0x00, 0x00,
  0x00, 0x00, 0x00, 0x00, 0x00, 0x00, 0x00, 0x00, 0x00, 0x00, 0x00, 0x00, 0x00, 0x00, 0x00, 0x00,
  0x00, 0x00, 0x00, 0x00, 0x00, 0x00, 0x00, 0x00, 0x00, 0x00, 0x00, 0x00, 0x00, 0x00, 0x00, 0x00,
  0x00, 0x00, 0x00, 0x00, 0x00, 0x00, 0x00, 0x00, 0x00, 0x00, 0x00, 0x00, 0x00, 0x00, 0xff, 0x7b,
  0x3f, 0x9b, 0x00, 0x00, 0xff, 0x7f, 0xbf, 0x8c, 0xdf, 0x8c, 0xff, 0x8c, 0x1f, 0x95, 0xff, 0x8c,
  0xff, 0x8c, 0xff, 0x8c, 0xff, 0x8c, 0xff, 0x8c, 0xff, 0x8c, 0xff, 0x8c, 0xff, 0x8c, 0xff, 0x8c,
  0xff, 0x8c, 0xff, 0x8c, 0xff, 0x8c, 0x1f, 0x8d, 0x1f, 0x8d, 0x1f, 0x8d, 0x1f, 0x8d, 0x1f, 0x8d,
  0x1f, 0x8d, 0x1f, 0x8d, 0x1f, 0x8d, 0x1f, 0x8d, 0x1f, 0x8d, 0x1f, 0x8d, 0x1f, 0x8d, 0x1f, 0x8d,
  0x3f, 0x8d, 0x3f, 0x8d, 0x3f, 0x8d, 0x3f, 0x8d, 0x3f, 0x8d, 0xfc, 0x7c, 0x77, 0x64, 0x13, 0x5c,
  0xf2, 0x5b, 0x13, 0x5c, 0xf3, 0x5b, 0xf3, 0x5b, 0xd3, 0x5b, 0xd2, 0x5b, 0xd2, 0x5b, 0xb2, 0x5b,
  0xb2, 0x5b, 0xb2, 0x5b, 0xb2, 0x5b, 0x92, 0x5b, 0x92, 0x5b, 0x14, 0x6c, 0xb1, 0x63, 0xd2, 0x5b,
  0x00, 0x00, 0xb5, 0x52, 0xb5, 0x52, 0x00, 0x00, 0x00, 0x00, 0x00, 0x00, 0x00, 0x00, 0x00, 0x00,
  0x00, 0x00, 0x00, 0x00, 0x00, 0x00, 0x00, 0x00, 0x00, 0x00, 0x00, 0x00, 0x00, 0x00, 0x00, 0x00,
  0x00, 0x00, 0x00, 0x00, 0x00, 0x00, 0x00, 0x00, 0x00, 0x00, 0x00, 0x00, 0x00, 0x00, 0x00, 0x00,
  0x00, 0x00, 0x00, 0x00, 0x00, 0x00, 0x00, 0x00, 0x00, 0x00, 0x00, 0x00, 0x00, 0x00, 0xff, 0x7b,
  0x00, 0x00, 0x00, 0x00, 0x7f, 0x8c, 0xff, 0x8c, 0xdf, 0x8c, 0xff, 0x94, 0xdf, 0x8c, 0xdf, 0x8c,
  0xdf, 0x8c, 0xdf, 0x8c, 0xdf, 0x8c, 0xdf, 0x8c, 0xdf, 0x8c, 0xdf, 0x8c, 0xdf, 0x8c, 0xff, 0x8c,
  0xff, 0x8c, 0xff, 0x8c, 0xff, 0x8c, 0xff, 0x8c, 0xff, 0x8c, 0xff, 0x8c, 0xff, 0x8c, 0xff, 0x8c,
  0xff, 0x8c, 0xff, 0x8c, 0xff, 0x8c, 0xff, 0x8c, 0x1f, 0x8d, 0x1f, 0x8d, 0xff, 0x8c, 0x1f, 0x8d,
  0x1f, 0x8d, 0x1f, 0x8d, 0x1f, 0x8d, 0x1f, 0x8d, 0x1f, 0x8d, 0xfc, 0x7c, 0x77, 0x6c, 0x33, 0x5c,
  0x34, 0x5c, 0x14, 0x5c, 0x13, 0x5c, 0x13, 0x5c, 0x13, 0x5c, 0xf3, 0x5b, 0xf3, 0x5b, 0xf3, 0x5b,
  0xd3, 0x5b, 0xd3, 0x5b, 0xd3, 0x5b, 0xb3, 0x5b, 0xb2, 0x5b, 0xb2, 0x5b, 0x34, 0x6c, 0xd2, 0x63,
  0xd2, 0x63, 0x00, 0x00, 0xb5, 0x52, 0xb5, 0x52, 0x00, 0x00, 0x00, 0x00, 0x00, 0x00, 0x00, 0x00,
  0x00, 0x00, 0x00, 0x00, 0x00, 0x00, 0x00, 0x00, 0x00, 0x00, 0x00, 0x00, 0x00, 0x00, 0x00, 0x00,
  0x00, 0x00, 0x00, 0x00, 0x00, 0x00, 0x00, 0x00, 0x00, 0x00, 0x00, 0x00, 0x00, 0x00, 0x00, 0x00,
  0x00, 0x00, 0x00, 0x00, 0x00, 0x00, 0x00, 0x00, 0x00, 0x00, 0x00, 0x00, 0x00, 0x00, 0x00, 0x00,
  0xff, 0x7b, 0x00, 0x00, 0x00, 0x00, 0xbf, 0x8c, 0xbf, 0x8c, 0xdf, 0x8c, 0xdf, 0x94, 0xdf, 0x8c,
  0xbf, 0x8c, 0xbf, 0x8c, 0xdf, 0x8c, 0xdf, 0x8c, 0xdf, 0x8c, 0xdf, 0x8c, 0xdf, 0x8c, 0xdf, 0x8c,
  0xdf, 0x8c, 0xdf, 0x8c, 0xdf, 0x8c, 0xdf, 0x8c, 0xdf, 0x8c, 0xdf, 0x8c, 0xdf, 0x8c, 0xdf, 0x8c,
  0xdf, 0x8c, 0xff, 0x8c, 0xff, 0x8c, 0xff, 0x8c, 0xff, 0x8c, 0xff, 0x8c, 0xff, 0x8c, 0xff, 0x8c,
  0xff, 0x8c, 0xff, 0x8c, 0xff, 0x8c, 0x1f, 0x8d, 0x1f, 0x8d, 0xdc, 0x7c, 0x97, 0x6c, 0x54, 0x64,
  0x34, 0x5c, 0x54, 0x64, 0x34, 0x64, 0x34, 0x64, 0x14, 0x5c, 0x14, 0x5c, 0x14, 0x5c, 0x14, 0x5c,
  0xf4, 0x5b, 0xf3, 0x5b, 0xd3, 0x5b, 0xd3, 0x5b, 0xd3, 0x5b, 0xd3, 0x5b, 0xb3, 0x63, 0x55, 0x74,
  0xd3, 0x63, 0xd3, 0x6b, 0x00, 0x00, 0x55, 0x55, 0xb5, 0x52, 0x00, 0x00, 0x00, 0x00, 0x00, 0x00,
  0x00, 0x00, 0x00, 0x00, 0x00, 0x00, 0x00, 0x00, 0x00, 0x00, 0x00, 0x00, 0x00, 0x00, 0x00, 0x00,
  0x00, 0x00, 0x00, 0x00, 0x00, 0x00, 0x00, 0x00, 0x00, 0x00, 0x00, 0x00, 0x00, 0x00, 0x00, 0x00,
  0x00, 0x00, 0x00, 0x00, 0x00, 0x00, 0x00, 0x00, 0x00, 0x00, 0x00, 0x00, 0x00, 0x00, 0x00, 0x00,
  0x00, 0x00, 0x00, 0x00, 0x7f, 0x74, 0x7f, 0x8c, 0xbf, 0x8c, 0xbf, 0x94, 0xdf, 0x94, 0xbf, 0x8c,
  0xbf, 0x8c, 0xbf, 0x8c, 0xbf, 0x8c, 0xbf, 0x8c, 0xbf, 0x8c, 0xbf, 0x8c, 0xbf, 0x8c, 0xbf, 0x8c,
  0xbf, 0x8c, 0xdf, 0x8c, 0xdf, 0x8c, 0xdf, 0x8c, 0xdf, 0x8c, 0xdf, 0x8c, 0xdf, 0x8c, 0xdf, 0x8c,
  0xdf, 0x8c, 0xdf, 0x8c, 0xdf, 0x8c, 0xdf, 0x8c, 0xdf, 0x8c, 0xff, 0x8c, 0xff, 0x8c, 0xff, 0x8c,
  0xff, 0x8c, 0xff, 0x8c, 0xff, 0x8c, 0xff, 0x8c, 0xff, 0x8c, 0xdc, 0x7c, 0x98, 0x6c, 0x74, 0x64,
  0x54, 0x64, 0x55, 0x64, 0x55, 0x64, 0x55, 0x64, 0x34, 0x64, 0x34, 0x64, 0x34, 0x64, 0x14, 0x64,
  0x14, 0x64, 0x14, 0x64, 0xf4, 0x63, 0xf4, 0x63, 0xf4, 0x63, 0xd4, 0x5b, 0xd4, 0x63, 0xd3, 0x63,
  0x56, 0x74, 0xf3, 0x6b, 0xd3, 0x6b, 0x00, 0x00, 0x55, 0x55, 0xb5, 0x52, 0x00, 0x00, 0x00, 0x00,
  0x00, 0x00, 0x00, 0x00, 0x00, 0x00, 0x00, 0x00, 0x00, 0x00, 0x00, 0x00, 0x00, 0x00, 0x00, 0x00,
  0x00, 0x00, 0x00, 0x00, 0x00, 0x00, 0x00, 0x00, 0x00, 0x00, 0x00, 0x00, 0x00, 0x00, 0x00, 0x00,
  0x00, 0x00, 0x00, 0x00, 0x00, 0x00, 0x00, 0x00, 0x00, 0x00, 0x00, 0x00, 0x00, 0x00, 0xff, 0xff,
  0x00, 0x00, 0x00, 0x00, 0xff, 0xff, 0x5f, 0x84, 0x7f, 0x8c, 0xbf, 0x94, 0x9f, 0x8c, 0x9f, 0x8c,
  0x9f, 0x8c, 0x9f, 0x8c, 0x9f, 0x8c, 0x9f, 0x8c, 0x9f, 0x8c, 0x9f, 0x8c, 0x9f, 0x8c, 0xbf, 0x8c,
  0xbf, 0x8c, 0xbf, 0x8c, 0xbf, 0x8c, 0xbf, 0x8c, 0xbf, 0x8c, 0xbf, 0x8c, 0xbf, 0x8c, 0xbf, 0x8c,
  0xbf, 0x8c, 0xbf, 0x8c, 0xdf, 0x8c, 0xdf, 0x8c, 0xbf, 0x8c, 0xbf, 0x8c, 0xdf, 0x8c, 0xdf, 0x8c,
  0xdf, 0x8c, 0xdf, 0x8c, 0xdf, 0x8c, 0xdf, 0x8c, 0xdf, 0x8c, 0xdd, 0x84, 0xb8, 0x6c, 0x95, 0x64,
  0x96, 0x64, 0x75, 0x64, 0x75, 0x64, 0x75, 0x64, 0x55, 0x64, 0x55, 0x64, 0x35, 0x64, 0x35, 0x64,
  0x35, 0x64, 0x35, 0x64, 0x14, 0x64, 0x14, 0x64, 0x14, 0x64, 0xf4, 0x63, 0xf4, 0x63, 0xf4, 0x63,
  0xf4, 0x63, 0x76, 0x74, 0xf4, 0x6b, 0x14, 0x6c, 0x00, 0x00, 0x55, 0x55, 0xb5, 0x52, 0x00, 0x00,
  0x00, 0x00, 0x00, 0x00, 0x00, 0x00, 0x00, 0x00, 0x00, 0x00, 0x00, 0x00, 0x00, 0x00, 0x00, 0x00,
  0x00, 0x00, 0x00, 0x00, 0x00, 0x00, 0x00, 0x00, 0x00, 0x00, 0x00, 0x00, 0x00, 0x00, 0x00, 0x00,
  0x00, 0x00, 0x00, 0x00, 0x00, 0x00, 0x00, 0x00, 0x00, 0x00, 0x00, 0x00, 0x00, 0x00, 0x00, 0x00,
  0xff, 0xbd, 0x00, 0x00, 0x1f, 0x00, 0x5f, 0x8c, 0x5f, 0x8c, 0x7f, 0x8c, 0xbf, 0x94, 0x7f, 0x8c,
  0x7f, 0x8c, 0x7f, 0x8c, 0x9f, 0x8c, 0x9f, 0x8c, 0x9f, 0x8c, 0x9f, 0x8c, 0x9f, 0x8c, 0x9f, 0x8c,
  0x9f, 0x8c, 0x9f, 0x8c, 0x9f, 0x8c, 0x9f, 0x8c, 0x9f, 0x8c, 0xbf, 0x8c, 0xbf, 0x8c, 0xbf, 0x8c,
  0xbf, 0x8c, 0xbf, 0x8c, 0xbf, 0x8c, 0xbf, 0x8c, 0xbf, 0x8c, 0xbf, 0x8c, 0xbf, 0x8c, 0xbf, 0x8c,
  0xbf, 0x8c, 0xbf, 0x8c, 0xdf, 0x8c, 0xdf, 0x8c, 0xbf, 0x8c, 0xdc, 0x84, 0xd9, 0x74, 0xb6, 0x64,
  0x96, 0x64, 0xb6, 0x6c, 0x96, 0x64, 0x96, 0x64, 0x76, 0x64, 0x76, 0x64, 0x55, 0x64, 0x55, 0x64,
  0x55, 0x64, 0x55, 0x64, 0x35, 0x64, 0x35, 0x64, 0x15, 0x64, 0x15, 0x64, 0x15, 0x64, 0xf4, 0x63,
  0xf4, 0x63, 0xf4, 0x6b, 0x77, 0x7c, 0x14, 0x6c, 0x15, 0x74, 0x00, 0x00, 0x55, 0x55, 0xb5, 0x52,
  0x00, 0x00, 0x00, 0x00, 0x00, 0x00, 0x00, 0x00, 0x00, 0x00, 0x00, 0x00, 0x00, 0x00, 0x00, 0x00,
  0x00, 0x00, 0x00, 0x00, 0x00, 0x00, 0x00, 0x00, 0x00, 0x00, 0x00, 0x00, 0x00, 0x00, 0x00, 0x00,
  0x00, 0x00, 0x00, 0x00, 0x00, 0x00, 0x00, 0x00, 0x00, 0x00, 0x00, 0x00, 0x00, 0x00, 0x00, 0x00,
  0x00, 0x00, 0xff, 0xbd, 0x5f, 0xad, 0x5f, 0x8c, 0x5f, 0x8c, 0xbf, 0x94, 0x7f, 0x94, 0x7f, 0x8c,
  0x7f, 0x8c, 0x7f, 0x8c, 0x7f, 0x8c, 0x7f, 0x8c, 0x7f, 0x8c, 0x7f, 0x8c, 0x7f, 0x8c, 0x7f, 0x8c,
  0x7f, 0x8c, 0x7f, 0x8c, 0x9f, 0x8c, 0x9f, 0x8c, 0x9f, 0x8c, 0x9f, 0x8c, 0x9f, 0x8c, 0x9f, 0x8c,
  0x9f, 0x8c, 0x9f, 0x8c, 0x9f, 0x8c, 0x9f, 0x8c, 0x9f, 0x8c, 0x9f, 0x8c, 0x9f, 0x8c, 0xbf, 0x8c,
  0xbf, 0x8c, 0xbf, 0x8c, 0xbf, 0x8c, 0xdf, 0x94, 0xdf, 0x8c, 0xdd, 0x84, 0xd9, 0x74, 0xd6, 0x6c,
  0xd6, 0x6c, 0xb7, 0x6c, 0xb6, 0x6c, 0x96, 0x6c, 0x96, 0x6c, 0x96, 0x6c, 0x76, 0x64, 0x76, 0x64,
  0x76, 0x6c, 0x76, 0x6c, 0x56, 0x64, 0x55, 0x64, 0x35, 0x64, 0x35, 0x64, 0x15, 0x64, 0x15, 0x64,
  0x15, 0x64, 0x15, 0x64, 0x15, 0x6c, 0x97, 0x7c, 0x35, 0x74, 0x15, 0x74, 0x00, 0x00, 0x55, 0x55,
  0xb5, 0x52, 0x00, 0x00, 0x00, 0x00, 0x00, 0x00, 0x00, 0x00, 0x00, 0x00, 0x00, 0x00, 0x00, 0x00,
  0x00, 0x00, 0x00, 0x00, 0x00, 0x00, 0x00, 0x00, 0x00, 0x00, 0x00, 0x00, 0x00, 0x00, 0x00, 0x00,
  0x00, 0x00, 0x00, 0x00, 0x00, 0x00, 0x00, 0x00, 0x00, 0x00, 0x00, 0x00, 0x00, 0x00, 0x00, 0x00,
  0x5f, 0xad, 0x00, 0x00, 0x1f, 0x00, 0xdf, 0x9c, 0x5f, 0x94, 0x5f, 0x8c, 0x9f, 0x94, 0x7f, 0x94,
  0x5f, 0x94, 0x5f, 0x8c, 0x5f, 0x8c, 0x5f, 0x8c, 0x5f, 0x8c, 0x5f, 0x8c, 0x5f, 0x8c, 0x5f, 0x8c,
  0x5f, 0x8c, 0x5f, 0x8c, 0x7f, 0x8c, 0x7f, 0x8c, 0x7f, 0x8c, 0x7f, 0x8c, 0x7f, 0x8c, 0x7f, 0x8c,
  0x7f, 0x8c, 0x7f, 0x8c, 0x7f, 0x8c, 0x7f, 0x8c, 0x9f, 0x8c, 0x9f, 0x8c, 0x7f, 0x8c, 0x9f, 0x8c,
  0x9f, 0x8c, 0x9f, 0x8c, 0xbf, 0x8c, 0x9f, 0x8c, 0x9f, 0x8c, 0xbd, 0x8c, 0x19, 0x7d, 0x17, 0x75,
  0xf7, 0x6c, 0xd7, 0x6c, 0xd7, 0x6c, 0xb7, 0x6c, 0xb7, 0x6c, 0xb7, 0x6c, 0x97, 0x6c, 0x97, 0x6c,
  0x96, 0x6c, 0x76, 0x6c, 0x76, 0x6c, 0x76, 0x6c, 0x56, 0x6c, 0x56, 0x6c, 0x56, 0x6c, 0x36, 0x6c,
  0x36, 0x6c, 0x36, 0x6c, 0x35, 0x6c, 0x35, 0x6c, 0xb8, 0x7c, 0x35, 0x74, 0x56, 0x7c, 0x00, 0x00,
  0x55, 0x55, 0x55, 0x55, 0x00, 0x00, 0x00, 0x00, 0x00, 0x00, 0x00, 0x00, 0x00, 0x00, 0x00, 0x00,
  0x00, 0x00, 0x00, 0x00, 0x00, 0x00, 0x00, 0x00, 0x00, 0x00, 0x00, 0x00, 0x00, 0x00, 0x00, 0x00,
  0x00, 0x00, 0x00, 0x00, 0x00, 0x00, 0x00, 0x00, 0x00, 0x00, 0x00, 0x00, 0x00, 0x00, 0x00, 0x00,
  0x00, 0x00, 0xdf, 0x9c, 0x00, 0x00, 0x00, 0x00, 0x5f, 0x94, 0x3f, 0x94, 0x5f, 0x94, 0x5f, 0x94,
  0x5f, 0x94, 0x5f, 0x8c, 0x5f, 0x8c, 0x5f, 0x94, 0x5f, 0x94, 0x5f, 0x94, 0x5f, 0x94, 0x5f, 0x94,
  0x5f, 0x8c, 0x5f, 0x8c, 0x5f, 0x8c, 0x7f, 0x94, 0x7f, 0x94, 0x5f, 0x8c, 0x5f, 0x8c, 0x7f, 0x8c,
  0x7f, 0x8c, 0x7f, 0x8c, 0x7f, 0x8c, 0x7f, 0x8c, 0x7f, 0x8c, 0x7f, 0x8c, 0x7f, 0x8c, 0x7f, 0x8c,
  0x7f, 0x8c, 0x7f, 0x8c, 0x9f, 0x8c, 0xff, 0x9c, 0x7f, 0x8c, 0x5f, 0x94, 0xfb, 0x84, 0x38, 0x7d,
  0x59, 0x7d, 0xf8, 0x74, 0xf8, 0x6c, 0xd7, 0x6c, 0xd7, 0x6c, 0xb7, 0x6c, 0xb7, 0x6c, 0x97, 0x6c,
  0x97, 0x6c, 0x97, 0x6c, 0x97, 0x6c, 0x77, 0x6c, 0x77, 0x6c, 0x76, 0x6c, 0x56, 0x6c, 0x56, 0x6c,
  0x56, 0x6c, 0x36, 0x6c, 0x36, 0x6c, 0x36, 0x6c, 0x36, 0x6c, 0xd8, 0x84, 0x56, 0x74, 0x56, 0x7c,
  0x00, 0x00, 0x55, 0x55, 0x55, 0x55, 0x00, 0x00, 0x00, 0x00, 0x00, 0x00, 0x00, 0x00, 0x00, 0x00,
  0x00, 0x00, 0x00, 0x00, 0x00, 0x00, 0x00, 0x00, 0x00, 0x00, 0x00, 0x00, 0x00, 0x00, 0x00, 0x00,
  0x00, 0x00, 0x00, 0x00, 0x00, 0x00, 0x00, 0x00, 0x00, 0x00, 0x00, 0x00, 0x00, 0x00, 0x00, 0x00,
  0x00, 0x00, 0x00, 0x00, 0xff, 0x7b, 0x00, 0x00, 0x00, 0x00, 0x1f, 0x8c, 0x1f, 0x94, 0x5f, 0x9c,
  0x3f, 0x94, 0x3f, 0x94, 0x3f, 0x8c, 0x3f, 0x94, 0x3f, 0x94, 0x3f, 0x94, 0x3f, 0x94, 0x5f, 0x94,
  0x5f, 0x94, 0x5f, 0x94, 0x5f, 0x94, 0x5f, 0x8c, 0x5f, 0x94, 0x5f, 0x94, 0x5f, 0x8c, 0x5f, 0x8c,
  0x5f, 0x8c, 0x5f, 0x8c, 0x5f, 0x8c, 0x5f, 0x8c, 0x7f, 0x8c, 0x7f, 0x8c, 0x7f, 0x8c, 0x7f, 0x8c,
  0x7f, 0x8c, 0x7f, 0x8c, 0x7f, 0x94, 0x7f, 0x8c, 0xbf, 0x94, 0x7f, 0x8c, 0xff, 0xa3, 0x97, 0x85,
  0x58, 0x7d, 0xbb, 0x85, 0xf8, 0x74, 0xf8, 0x6c, 0xf8, 0x6c, 0xd8, 0x6c, 0xd8, 0x6c, 0xb8, 0x6c,
  0xb8, 0x6c, 0xb7, 0x6c, 0xb7, 0x6c, 0x97, 0x6c, 0x97, 0x6c, 0x97, 0x6c, 0x77, 0x6c, 0x57, 0x6c,
  0x57, 0x6c, 0x57, 0x6c, 0x57, 0x6c, 0x37, 0x6c, 0x36, 0x6c, 0x56, 0x6c, 0xd9, 0x84, 0x56, 0x7c,
  0x56, 0x7c, 0x00, 0x00, 0x55, 0x55, 0x55, 0x55, 0x00, 0x00, 0x00, 0x00, 0x00, 0x00, 0x00, 0x00,
  0x00, 0x00, 0x00, 0x00, 0x00, 0x00, 0x00, 0x00, 0x00, 0x00, 0x00, 0x00, 0x00, 0x00, 0x00, 0x00,
  0x00, 0x00, 0x00, 0x00, 0x00, 0x00, 0x00, 0x00, 0x00, 0x00, 0x00, 0x00, 0x00, 0x00, 0x00, 0x00,
  0x00, 0x00, 0x00, 0x00, 0x00, 0x00, 0xdf, 0x9c, 0x00, 0x00, 0x00, 0x00, 0x1f, 0x94, 0x1f, 0x94,
  0x7f, 0x9c, 0x1f, 0x94, 0x3f, 0x94, 0x3f, 0x94, 0x3f, 0x94, 0x1f, 0x94, 0x1f, 0x94, 0x3f, 0x94,
  0x3f, 0x94, 0x3f, 0x94, 0x3f, 0x94, 0x3f, 0x94, 0x3f, 0x94, 0x3f, 0x94, 0x3f, 0x94, 0x3f, 0x94,
  0x5f, 0x94, 0x5f, 0x94, 0x5f, 0x94, 0x5f, 0x94, 0x5f, 0x8c, 0x5f, 0x8c, 0x5f, 0x8c, 0x5f, 0x94,
  0x5f, 0x8c, 0x5f, 0x8c, 0x5f, 0x94, 0x7f, 0x94, 0x5f, 0x94, 0x7f, 0x94, 0xff, 0x93, 0x00, 0x00,
  0x98, 0x85, 0x79, 0x85, 0xdb, 0x85, 0x19, 0x75, 0x19, 0x75, 0xf8, 0x74, 0xf8, 0x74, 0xd8, 0x6c,
  0xd8, 0x6c, 0xd8, 0x74, 0xb8, 0x74, 0xb8, 0x6c, 0xb8, 0x74, 0x98, 0x6c, 0x98, 0x6c, 0x77, 0x6c,
  0x77, 0x6c, 0x77, 0x6c, 0x57, 0x6c, 0x57, 0x6c, 0x57, 0x6c, 0x57, 0x6c, 0x57, 0x74, 0xf9, 0x84,
  0x77, 0x7c, 0x97, 0x7c, 0x00, 0x00, 0x55, 0xad, 0x55, 0x55, 0x00, 0x00, 0x00, 0x00, 0x00, 0x00,
  0x00, 0x00, 0x00, 0x00, 0x00, 0x00, 0x00, 0x00, 0x00, 0x00, 0x00, 0x00, 0x00, 0x00, 0x00, 0x00,
  0x00, 0x00, 0x00, 0x00, 0x00, 0x00, 0x00, 0x00, 0x00, 0x00, 0x00, 0x00, 0x00, 0x00, 0x00, 0x00,
  0x00, 0x00, 0x00, 0x00, 0x00, 0x00, 0x00, 0x00, 0xff, 0x7b, 0x00, 0x00, 0xbf, 0x94, 0x1f, 0x94,
  0x1f, 0x94, 0x5f, 0x9c, 0x1f, 0x94, 0x1f, 0x94, 0x1f, 0x94, 0x1f, 0x94, 0x1f, 0x94, 0x1f, 0x94,
  0x1f, 0x94, 0x1f, 0x94, 0x1f, 0x94, 0x1f, 0x94, 0x3f, 0x94, 0x3f, 0x94, 0x3f, 0x94, 0x3f, 0x94,
  0x3f, 0x94, 0x3f, 0x94, 0x3f, 0x94, 0x3f, 0x94, 0x3f, 0x94, 0x3f, 0x94, 0x3f, 0x94, 0x3f, 0x94,
  0x3f, 0x94, 0x3f, 0x8c, 0x5f, 0x94, 0x7f, 0x94, 0x5f, 0x94, 0x5f, 0x8c, 0x5f, 0x8c, 0x00, 0x00,
  0x00, 0x00, 0x5a, 0x85, 0x79, 0x85, 0xdb, 0x85, 0x39, 0x75, 0x19, 0x75, 0x19, 0x75, 0xf9, 0x74,
  0xf8, 0x74, 0xf8, 0x74, 0xd8, 0x74, 0xd8, 0x74, 0xb8, 0x74, 0xb8, 0x74, 0xb8, 0x74, 0x98, 0x74,
  0x98, 0x74, 0x98, 0x74, 0x78, 0x74, 0x78, 0x74, 0x77, 0x74, 0x57, 0x6c, 0x57, 0x74, 0x57, 0x74,
  0xfa, 0x8c, 0x97, 0x7c, 0x97, 0x7c, 0x00, 0x00, 0x55, 0xad, 0x55, 0x55, 0x00, 0x00, 0x00, 0x00,
  0x00, 0x00, 0x00, 0x00, 0x00, 0x00, 0x00, 0x00, 0x00, 0x00, 0x00, 0x00, 0x00, 0x00, 0x00, 0x00,
  0x00, 0x00, 0x00, 0x00, 0x00, 0x00, 0x00, 0x00, 0x00, 0x00, 0x00, 0x00, 0x00, 0x00, 0x00, 0x00,
  0x00, 0x00, 0x00, 0x00, 0x00, 0x00, 0x1f, 0x00, 0xff, 0xff, 0x00, 0x00, 0x00, 0x00, 0x5f, 0x94,
  0xff, 0x93, 0xff, 0x93, 0x3f, 0x9c, 0xff, 0x93, 0xff, 0x93, 0xff, 0x93, 0xff, 0x93, 0xff, 0x93,
  0xff, 0x93, 0xff, 0x93, 0xff, 0x93, 0x1f, 0x94, 0x1f, 0x94, 0x1f, 0x94, 0x1f, 0x94, 0x1f, 0x94,
  0x1f, 0x94, 0x1f, 0x94, 0x1f, 0x94, 0x1f, 0x94, 0x1f, 0x94, 0x1f, 0x94, 0x3f, 0x94, 0x3f, 0x94,
  0x3f, 0x94, 0x3f, 0x94, 0x3f, 0x94, 0x3f, 0x94, 0x3f, 0x8c, 0x1f, 0x8c, 0x3f, 0x94, 0xef, 0x7f,
  0x00, 0x00, 0x00, 0x00, 0x7a, 0x85, 0x7a, 0x85, 0xdc, 0x8d, 0x39, 0x75, 0x39, 0x75, 0x19, 0x75,
  0x19, 0x75, 0xf9, 0x74, 0xf9, 0x74, 0xf9, 0x74, 0xd9, 0x74, 0xd9, 0x74, 0xb9, 0x74, 0xb9, 0x74,
  0xb9, 0x74, 0xb8, 0x74, 0x98, 0x74, 0x98, 0x74, 0x78, 0x74, 0x78, 0x74, 0x78, 0x74, 0x58, 0x74,
  0x78, 0x74, 0x1a, 0x8d, 0x98, 0x84, 0x98, 0x84, 0x00, 0x00, 0x55, 0xad, 0x55, 0x55, 0x00, 0x00,
  0x00, 0x00, 0x00, 0x00, 0x00, 0x00, 0x00, 0x00, 0x00, 0x00, 0x00, 0x00, 0x00, 0x00, 0x00, 0x00,
  0x00, 0x00, 0x00, 0x00, 0x00, 0x00, 0x00, 0x00, 0x00, 0x00, 0x00, 0x00, 0x00, 0x00, 0x00, 0x00,
  0x00, 0x00, 0x00, 0x00, 0x00, 0x00, 0x00, 0x00, 0x00, 0x00, 0x1f, 0x00, 0x1f, 0x00, 0x00, 0x00,
  0xff, 0x8b, 0xff, 0x93, 0xdf, 0x93, 0x3f, 0x9c, 0xff, 0x93, 0xff, 0x93, 0xff, 0x93, 0xff, 0x93,
  0xff, 0x93, 0xff, 0x93, 0xff, 0x93, 0xff, 0x93, 0xff, 0x93, 0xff, 0x93, 0xff, 0x93, 0xff, 0x93,
  0x1f, 0x94, 0x1f, 0x94, 0x1f, 0x94, 0x1f, 0x94, 0x1f, 0x94, 0x1f, 0x94, 0x1f, 0x94, 0x1f, 0x94,
  0x1f, 0x94, 0x1f, 0x94, 0x1f, 0x94, 0x5f, 0x9c, 0x1f, 0x94, 0x3f, 0x8c, 0x1f, 0x8c, 0x00, 0x00,
  0x00, 0x00, 0x5f, 0x55, 0x1f, 0x00, 0x9a, 0x85, 0x7a, 0x85, 0xfc, 0x8d, 0x5a, 0x7d, 0x3a, 0x75,
  0x19, 0x75, 0x19, 0x75, 0x19, 0x75, 0xf9, 0x74, 0xf9, 0x74, 0xf9, 0x74, 0xd9, 0x74, 0xd9, 0x74,
  0xb9, 0x74, 0xb9, 0x74, 0xb9, 0x74, 0x99, 0x74, 0x99, 0x74, 0x99, 0x74, 0x78, 0x74, 0x78, 0x74,
  0x78, 0x74, 0x78, 0x7c, 0x1b, 0x8d, 0x98, 0x84, 0x99, 0x84, 0x00, 0x00, 0x55, 0xad, 0x55, 0x55,
  0x00, 0x00, 0x00, 0x00, 0x00, 0x00, 0x00, 0x00, 0x00, 0x00, 0x00, 0x00, 0x00, 0x00, 0x00, 0x00,
  0x00, 0x00, 0x00, 0x00, 0x00, 0x00, 0x00, 0x00, 0x00, 0x00, 0x00, 0x00, 0x00, 0x00, 0x00, 0x00,
  0x00, 0x00, 0x00, 0x00, 0x00, 0x00, 0x00, 0x00, 0x00, 0x00, 0x00, 0x00, 0x1f, 0x00, 0xbf, 0x52,
  0x00, 0x00, 0x00, 0x00, 0xdf, 0x93, 0xdf, 0x93, 0x1f, 0x9c, 0xdf, 0x93, 0xdf, 0x93, 0xdf, 0x93,
  0xdf, 0x93, 0xdf, 0x93, 0xdf, 0x93, 0xdf, 0x93, 0xdf, 0x93, 0xdf, 0x93, 0xdf, 0x93, 0xff, 0x93,
  0xff, 0x93, 0xff, 0x93, 0xff, 0x93, 0xff, 0x93, 0xff, 0x93, 0xff, 0x93, 0x1f, 0x94, 0xff, 0x93,
  0xff, 0x93, 0xff, 0x93, 0x1f, 0x94, 0x1f, 0x94, 0x1f, 0x94, 0xff, 0x93, 0xff, 0x93, 0x00, 0x00,
  0xff, 0xff, 0xbd, 0x7c, 0x00, 0x00, 0x00, 0x00, 0x9a, 0x85, 0x9a, 0x85, 0xfd, 0x8d, 0x5a, 0x7d,
  0x3a, 0x75, 0x3a, 0x75, 0x3a, 0x75, 0x1a, 0x75, 0x1a, 0x75, 0xfa, 0x74, 0xfa, 0x74, 0xd9, 0x74,
  0xd9, 0x74, 0xd9, 0x74, 0xb9, 0x74, 0xb9, 0x74, 0xb9, 0x74, 0x99, 0x74, 0x99, 0x74, 0x99, 0x74,
  0x79, 0x74, 0x79, 0x74, 0x99, 0x7c, 0x3b, 0x95, 0xb8, 0x84, 0x99, 0x84, 0x00, 0x00, 0x55, 0xad,
  0x55, 0x55, 0x00, 0x00, 0x00, 0x00, 0x00, 0x00, 0x00, 0x00, 0x00, 0x00, 0x00, 0x00, 0x00, 0x00,
  0x00, 0x00, 0x00, 0x00, 0x00, 0x00, 0x00, 0x00, 0x00, 0x00, 0x00, 0x00, 0x00, 0x00, 0x00, 0x00,
  0x00, 0x00, 0x00, 0x00, 0x00, 0x00, 0x00, 0x00, 0x00, 0x00, 0x00, 0x00, 0x00, 0x00, 0x00, 0x00,
  0xff, 0x7b, 0x00, 0x00, 0x00, 0x00, 0xbf, 0x93, 0xbf, 0x93, 0xff, 0x9b, 0xbf, 0x93, 0xbf, 0x93,
  0xbf, 0x93, 0xdf, 0x93, 0xbf, 0x93, 0xdf, 0x93, 0xdf, 0x93, 0xdf, 0x93, 0xdf, 0x93, 0xdf, 0x93,
  0xdf, 0x93, 0xdf, 0x93, 0xdf, 0x93, 0xdf, 0x93, 0xff, 0x93, 0xff, 0x93, 0xff, 0x93, 0xff, 0x93,
  0xff, 0x93, 0xff, 0x93, 0xff, 0x93, 0x1f, 0x94, 0x1f, 0x94, 0x1f, 0x94, 0xff, 0x93, 0xff, 0xbb,
  0x00, 0x00, 0x00, 0x00, 0xfb, 0x7c, 0x00, 0x00, 0x00, 0x00, 0xbb, 0x8d, 0xbb, 0x8d, 0x1d, 0x8e,
  0x5a, 0x7d, 0x5a, 0x7d, 0x3a, 0x7d, 0x3a, 0x7d, 0x3a, 0x7d, 0x1a, 0x7d, 0xfa, 0x74, 0xfa, 0x74,
  0xfa, 0x74, 0xda, 0x7c, 0xda, 0x74, 0xda, 0x74, 0xba, 0x7c, 0xba, 0x7c, 0xba, 0x7c, 0xb9, 0x7c,
  0x99, 0x7c, 0x79, 0x7c, 0x99, 0x7c, 0x99, 0x7c, 0x3c, 0x95, 0xb9, 0x8c, 0xda, 0x8c, 0x00, 0x00,
  0x5f, 0xad, 0x55, 0xad, 0x00, 0x00, 0x00, 0x00, 0x00, 0x00, 0x00, 0x00, 0x00, 0x00, 0x00, 0x00,
  0x00, 0x00, 0x00, 0x00, 0x00, 0x00, 0x00, 0x00, 0x00, 0x00, 0x00, 0x00, 0x00, 0x00, 0x00, 0x00,
  0x00, 0x00, 0x00, 0x00, 0x00, 0x00, 0x00, 0x00, 0x00, 0x00, 0x00, 0x00, 0x00, 0x00, 0x00, 0x00,
  0x00, 0x00, 0x3f, 0x9b, 0x00, 0x00, 0x00, 0x00, 0x9f, 0x93, 0x9f, 0x93, 0xdf, 0x9b, 0xbf, 0x93,
  0xbf, 0x93, 0xbf, 0x93, 0xbf, 0x93, 0xbf, 0x93, 0xbf, 0x93, 0xbf, 0x93, 0xbf, 0x93, 0xbf, 0x93,
  0xdf, 0x93, 0xdf, 0x93, 0xdf, 0x93, 0xdf, 0x93, 0xdf, 0x93, 0xdf, 0x93, 0xdf, 0x93, 0xdf, 0x93,
  0xdf, 0x93, 0xdf, 0x93, 0xff, 0x93, 0x1f, 0x9c, 0xdf, 0x93, 0xff, 0x93, 0xff, 0x8b, 0x00, 0x00,
  0x00, 0x00, 0x7f, 0x93, 0xff, 0xff, 0xbb, 0x95, 0x00, 0x00, 0x00, 0x00, 0xbb, 0x8d, 0xbb, 0x8d,
  0x1e, 0x96, 0x7b, 0x7d, 0x5b, 0x7d, 0x3b, 0x7d, 0x3b, 0x7d, 0x3b, 0x7d, 0x1b, 0x7d, 0x1a, 0x7d,
  0x1a, 0x7d, 0xfa, 0x7c, 0xfa, 0x7c, 0xda, 0x7c, 0xda, 0x7c, 0xda, 0x7c, 0xba, 0x7c, 0xba, 0x7c,
  0xba, 0x7c, 0x9a, 0x7c, 0x9a, 0x7c, 0x9a, 0x7c, 0x99, 0x7c, 0x5c, 0x95, 0xd9, 0x8c, 0xda, 0x8c,
  0x00, 0x00, 0x5f, 0xad, 0x55, 0xad, 0x00, 0x00, 0x00, 0x00, 0x00, 0x00, 0x00, 0x00, 0x00, 0x00,
  0x00, 0x00, 0x00, 0x00, 0x00, 0x00, 0x00, 0x00, 0x00, 0x00, 0x00, 0x00, 0x00, 0x00, 0x00, 0x00,
  0x00, 0x00, 0x00, 0x00, 0x00, 0x00, 0x00, 0x00, 0x00, 0x00, 0x00, 0x00, 0x00, 0x00, 0x00, 0x00,
  0x00, 0x00, 0x00, 0x00, 0x3f, 0x9b, 0x00, 0x00, 0x00, 0x00, 0x9f, 0x93, 0x9f, 0x93, 0x9f, 0x93,
  0xbf, 0x93, 0xbf, 0x93, 0x9f, 0x93, 0x9f, 0x93, 0xbf, 0x93, 0xbf, 0x93, 0xbf, 0x93, 0xbf, 0x93,
  0xbf, 0x93, 0xbf, 0x93, 0xbf, 0x93, 0xbf, 0x93, 0xbf, 0x93, 0xbf, 0x93, 0xbf, 0x93, 0xdf, 0x93,
  0xdf, 0x93, 0xbf, 0x93, 0xdf, 0x93, 0xdf, 0x93, 0xdf, 0x93, 0xbf, 0x93, 0xbf, 0x93, 0x00, 0x00,
  0xbf, 0xaa, 0xff, 0xff, 0x1f, 0xf8, 0x00, 0x00, 0xbb, 0x95, 0x00, 0x00, 0x00, 0x00, 0xdc, 0x8d,
  0xbc, 0x8d, 0x1e, 0x96, 0x7b, 0x7d, 0x5b, 0x7d, 0x5b, 0x7d, 0x3b, 0x7d, 0x3b, 0x7d, 0x1b, 0x7d,
  0x1b, 0x7d, 0x1b, 0x7d, 0x1b, 0x7d, 0xfb, 0x7c, 0xfa, 0x7c, 0xda, 0x7c, 0xdb, 0x7c, 0xda, 0x7c,
  0xba, 0x7c, 0xba, 0x7c, 0xba, 0x7c, 0x9a, 0x7c, 0x9a, 0x7c, 0x9a, 0x7c, 0x5d, 0x95, 0xda, 0x8c,
  0xda, 0x8c, 0x00, 0x00, 0x5f, 0xad, 0x55, 0xad, 0x00, 0x00, 0x00, 0x00, 0x00, 0x00, 0x00, 0x00,
  0x00, 0x00, 0x00, 0x00, 0x00, 0x00, 0x00, 0x00, 0x00, 0x00, 0x00, 0x00, 0x00, 0x00, 0x00, 0x00,
  0x00, 0x00, 0x00, 0x00, 0x00, 0x00, 0x00, 0x00, 0x00, 0x00, 0x00, 0x00, 0x00, 0x00, 0x00, 0x00,
  0x00, 0x00, 0x00, 0x00, 0x00, 0x00, 0xbf, 0xaa, 0x00, 0x00, 0x00, 0x00, 0x9f, 0x8b, 0x9f, 0x9b,
  0x7f, 0x93, 0xdf, 0xa3, 0x9f, 0x9b, 0x9f, 0x93, 0x9f, 0x93, 0x9f, 0x93, 0x9f, 0x93, 0x9f, 0x93,
  0x9f, 0x93, 0x9f, 0x93, 0x9f, 0x93, 0x9f, 0x93, 0x9f, 0x93, 0xbf, 0x93, 0xbf, 0x93, 0xbf, 0x93,
  0xbf, 0x93, 0xbf, 0x93, 0xbf, 0x93, 0xff, 0x9b, 0xbf, 0x93, 0xbf, 0x93, 0xdf, 0x93, 0xff, 0x7b,
  0x00, 0x00, 0x1f, 0x00, 0x1f, 0xf8, 0x00, 0x00, 0x00, 0x00, 0xbb, 0x95, 0x00, 0x00, 0x00, 0x00,
  0xdc, 0x95, 0xdc, 0x8d, 0x3e, 0x96, 0x9c, 0x7d, 0x7c, 0x7d, 0x5c, 0x7d, 0x5c, 0x7d, 0x3b, 0x7d,
  0x3b, 0x7d, 0x1b, 0x7d, 0x1b, 0x7d, 0x1b, 0x7d, 0xfb, 0x7c, 0xfb, 0x7c, 0xfb, 0x7c, 0xdb, 0x7c,
  0xdb, 0x7c, 0xbb, 0x7c, 0xba, 0x7c, 0xbb, 0x7c, 0xbb, 0x7c, 0x9a, 0x7c, 0x9a, 0x84, 0x5d, 0x9d,
  0xda, 0x8c, 0xdb, 0x94, 0x00, 0x00, 0x5f, 0xad, 0x55, 0xad, 0x00, 0x00, 0x00, 0x00, 0x00, 0x00,
  0x00, 0x00, 0x00, 0x00, 0x00, 0x00, 0x00, 0x00, 0x00, 0x00, 0x00, 0x00, 0x00, 0x00, 0x00, 0x00,
  0x00, 0x00, 0x00, 0x00, 0x00, 0x00, 0x00, 0x00, 0x00, 0x00, 0x00, 0x00, 0x00, 0x00, 0x00, 0x00,
  0x00, 0x00, 0x00, 0x00, 0x00, 0x00, 0x00, 0x00, 0xff, 0x07, 0x00, 0x00, 0xff, 0xff, 0x00, 0x00,
  0x7f, 0xa3, 0x7f, 0x93, 0xbf, 0x9b, 0xbf, 0x9b, 0x9f, 0x9b, 0x7f, 0x93, 0x7f, 0x93, 0x9f, 0x93,
  0x9f, 0x93, 0x9f, 0x93, 0x9f, 0x93, 0x9f, 0x93, 0x9f, 0x93, 0x9f, 0x93, 0x9f, 0x93, 0x9f, 0x93,
  0x9f, 0x93, 0x9f, 0x93, 0x9f, 0x93, 0xbf, 0x9b, 0xbf, 0x93, 0x9f, 0x93, 0xbf, 0x93, 0x00, 0x00,
  0x00, 0x00, 0xff, 0xab, 0x1f, 0x00, 0x00, 0x00, 0x00, 0x00, 0x00, 0x00, 0xbb, 0x95, 0x00, 0x00,
  0x00, 0x00, 0xdc, 0x95, 0xdc, 0x8d, 0x3f, 0x96, 0x9c, 0x85, 0x7c, 0x7d, 0x5c, 0x7d, 0x5c, 0x7d,
  0x3c, 0x7d, 0x3c, 0x7d, 0x1c, 0x7d, 0x1c, 0x7d, 0x1c, 0x7d, 0x1b, 0x7d, 0xfb, 0x7c, 0xfb, 0x7c,
  0xdb, 0x7c, 0xdb, 0x7c, 0xbb, 0x7c, 0xbb, 0x7c, 0xbb, 0x7c, 0xbb, 0x7c, 0xbb, 0x7c, 0xbb, 0x84,
  0x5e, 0x9d, 0xdb, 0x8c, 0xdb, 0x94, 0x00, 0x00, 0x5f, 0xad, 0x55, 0xad, 0x00, 0x00, 0x00, 0x00,
  0x00, 0x00, 0x00, 0x00, 0x00, 0x00, 0x00, 0x00, 0x00, 0x00, 0x00, 0x00, 0x00, 0x00, 0x00, 0x00,
  0x00, 0x00, 0x00, 0x00, 0x00, 0x00, 0x00, 0x00, 0x00, 0x00, 0x00, 0x00, 0x00, 0x00, 0x00, 0x00,
  0x00, 0x00, 0x00, 0x00, 0x00, 0x00, 0x00, 0x00, 0x00, 0x00, 0x00, 0x00, 0x00, 0x00, 0xff, 0x7b,
  0x00, 0x00, 0x1f, 0x00, 0x5f, 0x93, 0x9f, 0x93, 0x9f, 0x93, 0xbf, 0x9b, 0x7f, 0x93, 0x7f, 0x93,
  0x7f, 0x93, 0x9f, 0x93, 0x9f, 0x93, 0x9f, 0x93, 0x7f, 0x93, 0x7f, 0x93, 0x7f, 0x93, 0x9f, 0x93,
  0x9f, 0x93, 0x9f, 0x93, 0x7f, 0x93, 0x9f, 0x93, 0x9f, 0x93, 0x7f, 0x93, 0x5f, 0x9b, 0xff, 0x7b,
  0x00, 0x00, 0x00, 0x00, 0x1f, 0xf8, 0x00, 0x00, 0x00, 0x00, 0x00, 0x00, 0x00, 0x00, 0xbb, 0x95,
  0x00, 0x00, 0x00, 0x00, 0xfd, 0x95, 0xdd, 0x95, 0x3f, 0x96, 0x9d, 0x85, 0x7d, 0x85, 0x5c, 0x7d,
  0x5c, 0x7d, 0x5c, 0x85, 0x3c, 0x85, 0x3c, 0x7d, 0x3c, 0x7d, 0x1c, 0x7d, 0x1c, 0x7d, 0xfc, 0x7c,
  0xfc, 0x7c, 0xfc, 0x7c, 0xdc, 0x7c, 0xdc, 0x7c, 0xbb, 0x7c, 0xbb, 0x7c, 0xbb, 0x7c, 0xbb, 0x84,
  0xbb, 0x84, 0x7e, 0x9d, 0xfb, 0x8c, 0x1c, 0x95, 0x00, 0x00, 0x5f, 0xad, 0x5f, 0xad, 0x00, 0x00,
  0x00, 0x00, 0x00, 0x00, 0x00, 0x00, 0x00, 0x00, 0x00, 0x00, 0x00, 0x00, 0x00, 0x00, 0x00, 0x00,
  0x00, 0x00, 0x00, 0x00, 0x00, 0x00, 0x00, 0x00, 0x00, 0x00, 0x00, 0x00, 0x00, 0x00, 0x00, 0x00,
  0x00, 0x00, 0x00, 0x00, 0x00, 0x00, 0x00, 0x00, 0x00, 0x00, 0x00, 0x00, 0x00, 0x00, 0x00, 0x00,
  0xff, 0x7b, 0xff, 0x7b, 0x00, 0x00, 0xbf, 0x9b, 0x7f, 0x93, 0x7f, 0x93, 0x9f, 0x9b, 0xdf, 0xa3,
  0xbf, 0xa3, 0x7f, 0x93, 0x9f, 0x93, 0x7f, 0x93, 0x7f, 0x93, 0x7f, 0x93, 0x7f, 0x93, 0x7f, 0x93,
  0x7f, 0x93, 0x9f, 0x93, 0x9f, 0x9b, 0xdf, 0xa3, 0x7f, 0x93, 0x7f, 0x93, 0x5f, 0x93, 0x00, 0x00,
  0x00, 0x00, 0xff, 0xbb, 0xff, 0xff, 0x00, 0x00, 0x00, 0x00, 0x00, 0x00, 0x00, 0x00, 0x00, 0x00,
  0xbb, 0x95, 0x00, 0x00, 0x00, 0x00, 0xfd, 0x95, 0xfd, 0x95, 0x5f, 0x9e, 0x9d, 0x85, 0x7d, 0x85,
  0x5d, 0x85, 0x5d, 0x7d, 0x5d, 0x85, 0x5d, 0x85, 0x3c, 0x7d, 0x3c, 0x7d, 0x1c, 0x85, 0x1c, 0x7d,
  0x1c, 0x7d, 0xfc, 0x7c, 0xfc, 0x7c, 0xdc, 0x7c, 0xdc, 0x7c, 0xbc, 0x7c, 0xbc, 0x7c, 0xbc, 0x7c,
  0xbc, 0x84, 0xbc, 0x84, 0x7f, 0x9d, 0xfb, 0x94, 0x1c, 0x95, 0x00, 0x00, 0x5f, 0xad, 0x5f, 0xad,
  0x00, 0x00, 0x00, 0x00, 0x00, 0x00, 0x00, 0x00, 0x00, 0x00, 0x00, 0x00, 0x00, 0x00, 0x00, 0x00,
  0x00, 0x00, 0x00, 0x00, 0x00, 0x00, 0x00, 0x00, 0x00, 0x00, 0x00, 0x00, 0x00, 0x00, 0x00, 0x00,
  0x00, 0x00, 0x00, 0x00, 0x00, 0x00, 0x00, 0x00, 0x00, 0x00, 0x00, 0x00, 0x00, 0x00, 0x00, 0x00,
  0x00, 0x00, 0x00, 0x00, 0xff, 0x7b, 0xff, 0x7b, 0x00, 0x00, 0xff, 0xbb, 0x7f, 0x93, 0x7f, 0x93,
  0x9f, 0x93, 0x9f, 0x9b, 0x9f, 0x93, 0xbf, 0x9b, 0xbf, 0x9b, 0x9f, 0x9b, 0xbf, 0x9b, 0xbf, 0x9b,
  0x9f, 0x9b, 0xbf, 0x9b, 0x9f, 0x9b, 0x7f, 0x93, 0x9f, 0x9b, 0x7f, 0x93, 0x5f, 0x9b, 0x00, 0x00,
  0xff, 0x7b, 0xff, 0x79, 0x1f, 0xf8, 0x00, 0x00, 0x00, 0x00, 0x00, 0x00, 0x00, 0x00, 0x00, 0x00,
  0x00, 0x00, 0xbb, 0x95, 0x00, 0x00, 0x00, 0x00, 0xfd, 0x95, 0xfd, 0x95, 0x5f, 0x9e, 0x9d, 0x85,
  0x7d, 0x85, 0x7d, 0x85, 0x5d, 0x85, 0x5d, 0x85, 0x5d, 0x85, 0x3d, 0x85, 0x3d, 0x85, 0x1d, 0x85,
  0x1d, 0x85, 0x1c, 0x85, 0xfc, 0x7c, 0xfc, 0x84, 0xdc, 0x84, 0xdc, 0x84, 0xdc, 0x84, 0xbc, 0x84,
  0xbc, 0x84, 0xbc, 0x84, 0xdc, 0x84, 0x7f, 0xa5, 0xfc, 0x94, 0x1c, 0x95, 0x00, 0x00, 0x5f, 0xad,
  0x5f, 0xad, 0x00, 0x00, 0x00, 0x00, 0x00, 0x00, 0x00, 0x00, 0x00, 0x00, 0x00, 0x00, 0x00, 0x00,
  0x00, 0x00, 0x00, 0x00, 0x00, 0x00, 0x00, 0x00, 0x00, 0x00, 0x00, 0x00, 0x00, 0x00, 0x00, 0x00,
  0x00, 0x00, 0x00, 0x00, 0x00, 0x00, 0x00, 0x00, 0x00, 0x00, 0x00, 0x00, 0x00, 0x00, 0x00, 0x00,
  0x00, 0x00, 0x00, 0x00, 0x00, 0x00, 0x00, 0x00, 0x00, 0x00, 0x00, 0x00, 0x00, 0x00, 0x3f, 0x7b,
  0x7f, 0x93, 0x9f, 0x93, 0x7f, 0x93, 0x9f, 0x93, 0xdf, 0xa3, 0xdf, 0xa3, 0xbf, 0x9b, 0xbf, 0x9b,
  0xbf, 0x9b, 0xbf, 0xa3, 0xbf, 0xa3, 0x7f, 0x93, 0x9f, 0x93, 0x7f, 0x93, 0x5f, 0x9b, 0xff, 0x79,
  0x00, 0x00, 0x00, 0x00, 0x1f, 0x00, 0x00, 0x00, 0x00, 0x00, 0x00, 0x00, 0x00, 0x00, 0x00, 0x00,
  0x00, 0x00, 0x00, 0x00, 0xbb, 0x95, 0x00, 0x00, 0x00, 0x00, 0x1e, 0x96, 0xfe, 0x95, 0x5f, 0x9e,
  0x9e, 0x85, 0x9d, 0x85, 0x7e, 0x85, 0x7d, 0x85, 0x5d, 0x85, 0x5d, 0x85, 0x5d, 0x85, 0x3d, 0x85,
  0x1d, 0x85, 0x1d, 0x85, 0x1d, 0x85, 0xfd, 0x84, 0xfd, 0x84, 0xfd, 0x84, 0xdd, 0x84, 0xdd, 0x84,
  0xbd, 0x84, 0xbc, 0x84, 0xbc, 0x84, 0xdc, 0x8c, 0x9f, 0xa5, 0x1c, 0x95, 0x1c, 0x9d, 0x00, 0x00,
  0x5f, 0xad, 0x5f, 0xad, 0x00, 0x00, 0x00, 0x00, 0x00, 0x00, 0x00, 0x00, 0x00, 0x00, 0x00, 0x00,
  0x00, 0x00, 0x00, 0x00, 0x00, 0x00, 0x00, 0x00, 0x00, 0x00, 0x00, 0x00, 0x00, 0x00, 0x00, 0x00,
  0x00, 0x00, 0x00, 0x00, 0x00, 0x00, 0x00, 0x00, 0x00, 0x00, 0x00, 0x00, 0x00, 0x00, 0x00, 0x00,
  0x00, 0x00, 0x00, 0x00, 0x00, 0x00, 0x00, 0x00, 0x00, 0x00, 0x00, 0x00, 0xbf, 0xaa, 0xff, 0x7b,
  0x00, 0x00, 0x00, 0x00, 0x00, 0x00, 0x7f, 0x93, 0x9f, 0x93, 0x9f, 0x93, 0x9f, 0x9b, 0x9f, 0x93,
  0x9f, 0x93, 0x7f, 0x93, 0x7f, 0x93, 0x7f, 0x93, 0x7f, 0x93, 0x7f, 0x93, 0x7f, 0x7b, 0x00, 0x00,
  0x00, 0x00, 0xff, 0x7b, 0x1f, 0xf8, 0x00, 0x00, 0x00, 0x00, 0x00, 0x00, 0x00, 0x00, 0x00, 0x00,
  0x00, 0x00, 0x00, 0x00, 0x00, 0x00, 0xbb, 0x95, 0x00, 0x00, 0x00, 0x00, 0x3e, 0x96, 0xfe, 0x95,
  0x5f, 0x9e, 0xbe, 0x85, 0x9e, 0x85, 0x7e, 0x85, 0x7e, 0x85, 0x5e, 0x85, 0x5e, 0x85, 0x5e, 0x85,
  0x3d, 0x85, 0x1d, 0x85, 0x1d, 0x85, 0x1d, 0x85, 0xfd, 0x84, 0xfd, 0x84, 0xfd, 0x84, 0xdd, 0x84,
  0xdd, 0x84, 0xdd, 0x84, 0xbd, 0x84, 0xbd, 0x84, 0xdd, 0x8c, 0x9f, 0xa5, 0x1c, 0x95, 0x1c, 0x9d,
  0x00, 0x00, 0x5f, 0xad, 0x5f, 0xad, 0x00, 0x00, 0x00, 0x00, 0x00, 0x00, 0x00, 0x00, 0x00, 0x00,
  0x00, 0x00, 0x00, 0x00, 0x00, 0x00, 0x00, 0x00, 0x00, 0x00, 0x00, 0x00, 0x00, 0x00, 0x00, 0x00,
  0x00, 0x00, 0x00, 0x00, 0x00, 0x00, 0x00, 0x00, 0x00, 0x00, 0x00, 0x00, 0x00, 0x00, 0x00, 0x00,
  0x00, 0x00, 0x00, 0x00, 0x00, 0x00, 0x00, 0x00, 0x00, 0x00, 0x00, 0x00, 0x00, 0x00, 0x00, 0x00,
  0x00, 0x00, 0x1f, 0xf8, 0xff, 0x7b, 0x1f, 0xf8, 0x00, 0x00, 0x00, 0x00, 0x00, 0x00, 0x7f, 0x8b,
  0x9f, 0x93, 0x9f, 0x93, 0x9f, 0x93, 0xdf, 0x93, 0x00, 0x00, 0x00, 0x00, 0x00, 0x00, 0x1f, 0x00,
  0xff, 0x7b, 0x1f, 0x00, 0x00, 0x00, 0x00, 0x00, 0x00, 0x00, 0x00, 0x00, 0x00, 0x00, 0x00, 0x00,
  0x00, 0x00, 0x00, 0x00, 0x00, 0x00, 0x00, 0x00, 0xbb, 0x95, 0x00, 0x00, 0x00, 0x00, 0x3e, 0x9e,
  0x1e, 0x96, 0x7f, 0x9e, 0xbe, 0x8d, 0x9e, 0x85, 0x7e, 0x85, 0x7e, 0x85, 0x5e, 0x85, 0x5e, 0x85,
  0x5e, 0x85, 0x3e, 0x85, 0x3e, 0x85, 0x1e, 0x85, 0x1e, 0x85, 0x1e, 0x85, 0xfd, 0x84, 0xfd, 0x84,
  0xdd, 0x84, 0xdd, 0x84, 0xdd, 0x84, 0xbd, 0x84, 0xbd, 0x84, 0xdd, 0x8c, 0x9f, 0xa5, 0x1d, 0x9d,
  0x1c, 0x9d, 0x00, 0x00, 0x5f, 0xad, 0x5f, 0xad, 0x00, 0x00, 0x00, 0x00, 0x00, 0x00, 0x00, 0x00,
  0x00, 0x00, 0x00, 0x00, 0x00, 0x00, 0x00, 0x00, 0x00, 0x00, 0x00, 0x00, 0x00, 0x00, 0x00, 0x00,
  0x00, 0x00, 0x00, 0x00, 0x00, 0x00, 0x00, 0x00, 0x00, 0x00, 0x00, 0x00, 0x00, 0x00, 0x00, 0x00,
  0x00, 0x00, 0x00, 0x00, 0x00, 0x00, 0x00, 0x00, 0x00, 0x00, 0x00, 0x00, 0x00, 0x00, 0x00, 0x00,
  0x00, 0x00, 0x00, 0x00, 0xff, 0xff, 0xff, 0x7b, 0x00, 0x00, 0x00, 0x00, 0x00, 0x00, 0x00, 0x00,
  0x00, 0x00, 0x1f, 0x00, 0x3f, 0x9b, 0x00, 0x00, 0x00, 0x00, 0x00, 0x00, 0x00, 0x00, 0x00, 0x00,
  0x00, 0x00, 0xff, 0x7b, 0x1f, 0xf8, 0x00, 0x00, 0x00, 0x00, 0x00, 0x00, 0x00, 0x00, 0x00, 0x00,
  0x00, 0x00, 0x00, 0x00, 0x00, 0x00, 0x00, 0x00, 0x00, 0x00, 0xbf, 0x95, 0x00, 0x00, 0x00, 0x00,
  0x3f, 0x9e, 0x1f, 0x96, 0x7f, 0x9e, 0xbf, 0x8d, 0x9e, 0x85, 0x7e, 0x85, 0x7e, 0x85, 0x5e, 0x85,
  0x5e, 0x85, 0x5e, 0x85, 0x3e, 0x85, 0x3e, 0x85, 0x1e, 0x85, 0x1e, 0x85, 0x1e, 0x85, 0xfe, 0x84,
  0xfe, 0x84, 0xfe, 0x84, 0xde, 0x84, 0xde, 0x84, 0xbd, 0x84, 0xbe, 0x8c, 0xdd, 0x8c, 0x9f, 0xa5,
  0x1d, 0x9d, 0x1d, 0x9d, 0x00, 0x00, 0x5f, 0xad, 0x5f, 0xad, 0x00, 0x00, 0x00, 0x00, 0x00, 0x00,
  0x00, 0x00, 0x00, 0x00, 0x00, 0x00, 0x00, 0x00, 0x00, 0x00, 0x00, 0x00, 0x00, 0x00, 0x00, 0x00,
  0x00, 0x00, 0x00, 0x00, 0x00, 0x00, 0x00, 0x00, 0x00, 0x00, 0x00, 0x00, 0x00, 0x00, 0x00, 0x00,
  0x00, 0x00, 0x00, 0x00, 0x00, 0x00, 0x00, 0x00, 0x00, 0x00, 0x00, 0x00, 0x00, 0x00, 0x00, 0x00,
  0x00, 0x00, 0x00, 0x00, 0x00, 0x00, 0x00, 0x00, 0x00, 0x00, 0xff, 0xff, 0xbf, 0xaa, 0xff, 0xab,
  0xff, 0x9a, 0x3f, 0x9b, 0x00, 0x00, 0x00, 0x00, 0x00, 0x00, 0xff, 0x79, 0x7f, 0x93, 0x7f, 0x93,
  0xff, 0xbb, 0xff, 0x7b, 0x00, 0x00, 0x00, 0x00, 0x00, 0x00, 0x00, 0x00, 0x00, 0x00, 0x00, 0x00,
  0x00, 0x00, 0x00, 0x00, 0x00, 0x00, 0x00, 0x00, 0x00, 0x00, 0x00, 0x00, 0xbf, 0x95, 0x00, 0x00,
  0x00, 0x00, 0x3f, 0x9e, 0x1f, 0x9e, 0x7f, 0xa6, 0xbf, 0x8d, 0x9f, 0x85, 0x7f, 0x85, 0x7f, 0x85,
  0x5f, 0x85, 0x5f, 0x85, 0x5f, 0x85, 0x3e, 0x85, 0x3e, 0x85, 0x1e, 0x85, 0x1e, 0x85, 0x1e, 0x85,
  0xfe, 0x84, 0xfe, 0x84, 0xfe, 0x84, 0xde, 0x8c, 0xde, 0x8c, 0xbe, 0x8c, 0xbe, 0x8c, 0xde, 0x8c,
  0x9f, 0xad, 0x1e, 0x9d, 0x1d, 0x9d, 0x00, 0x00, 0x5f, 0xad, 0x5f, 0xad, 0x00, 0x00, 0x00, 0x00,
  0x00, 0x00, 0x00, 0x00, 0x00, 0x00, 0x00, 0x00, 0x00, 0x00, 0x00, 0x00, 0x00, 0x00, 0x00, 0x00,
  0x00, 0x00, 0x00, 0x00, 0x00, 0x00, 0x00, 0x00, 0x00, 0x00, 0x00, 0x00, 0x00, 0x00, 0x00, 0x00,
  0x00, 0x00, 0x00, 0x00, 0x00, 0x00, 0x00, 0x00, 0x00, 0x00, 0x00, 0x00, 0x00, 0x00, 0x00, 0x00,
  0x00, 0x00, 0x00, 0x00, 0x00, 0x00, 0x00, 0x00, 0x00, 0x00, 0x00, 0x00, 0x00, 0x00, 0x00, 0x00,
  0x00, 0x00, 0x00, 0x00, 0x00, 0x00, 0x00, 0x00, 0x00, 0x00, 0x00, 0x00, 0x00, 0x00, 0x00, 0x00,
  0x00, 0x00, 0x00, 0x00, 0x00, 0x00, 0x00, 0x00, 0x00, 0x00, 0x00, 0x00, 0x00, 0x00, 0x00, 0x00,
  0x00, 0x00, 0x00, 0x00, 0x00, 0x00, 0x00, 0x00, 0x00, 0x00, 0x00, 0x00, 0x00, 0x00, 0xbf, 0x95,
  0x00, 0x00, 0x00, 0x00, 0x3f, 0x9e, 0x1f, 0x9e, 0x7f, 0xa6, 0xbf, 0x8d, 0x9f, 0x85, 0x7f, 0x85,
  0x7f, 0x85, 0x5f, 0x85, 0x5f, 0x85, 0x5f, 0x8d, 0x3f, 0x85, 0x3f, 0x85, 0x1f, 0x8d, 0x1f, 0x8d,
  0x1f, 0x85, 0xff, 0x8c, 0xff, 0x8c, 0xde, 0x8c, 0xde, 0x8c, 0xde, 0x8c, 0xbe, 0x8c, 0xde, 0x8c,
  0xde, 0x94, 0xbf, 0xad, 0x1e, 0x9d, 0x5e, 0xa5, 0x00, 0x00, 0x5f, 0xad, 0x5f, 0xad, 0x00, 0x00,
  0x00, 0x00, 0x00, 0x00, 0x00, 0x00, 0x00, 0x00, 0x00, 0x00, 0x00, 0x00, 0x00, 0x00, 0x00, 0x00,
  0x00, 0x00, 0x00, 0x00, 0x00, 0x00, 0x00, 0x00, 0x00, 0x00, 0x00, 0x00, 0x00, 0x00, 0x00, 0x00,
  0x00, 0x00, 0x00, 0x00, 0x00, 0x00, 0x00, 0x00, 0x00, 0x00, 0x00, 0x00, 0x00, 0x00, 0x00, 0x00,
  0x00, 0x00, 0x00, 0x00, 0x00, 0x00, 0x00, 0x00, 0x00, 0x00, 0x00, 0x00, 0x00, 0x00, 0x00, 0x00,
  0x00, 0x00, 0x00, 0x00, 0x00, 0x00, 0x1f, 0x00, 0xff, 0xff, 0xff, 0xff, 0xff, 0xff, 0x1f, 0x00,
  0x00, 0x00, 0x00, 0x00, 0x00, 0x00, 0x00, 0x00, 0x00, 0x00, 0x00, 0x00, 0x00, 0x00, 0x00, 0x00,
  0x00, 0x00, 0x00, 0x00, 0x00, 0x00, 0x00, 0x00, 0x00, 0x00, 0x00, 0x00, 0x00, 0x00, 0x00, 0x00,
  0xbf, 0x95, 0x00, 0x00, 0x00, 0x00, 0x3f, 0x9e, 0x1f, 0x9e, 0x7f, 0xa6, 0x9f, 0x8d, 0x9f, 0x8d,
  0x7f, 0x85, 0x7f, 0x85, 0x5f, 0x85, 0x5f, 0x8d, 0x5f, 0x8d, 0x3f, 0x8d, 0x3f, 0x85, 0x1f, 0x8d,
  0x1f, 0x8d, 0x1f, 0x8d, 0xff, 0x8c, 0xff, 0x8c, 0xdf, 0x8c, 0xdf, 0x8c, 0xdf, 0x8c, 0xde, 0x8c,
  0xde, 0x8c, 0xde, 0x94, 0xbf, 0xad, 0x3f, 0xa5, 0x5f, 0xa5, 0x00, 0x00, 0x5f, 0xad, 0x5f, 0xad,
  0x00, 0x00, 0x00, 0x00, 0x00, 0x00, 0x00, 0x00, 0x00, 0x00, 0x00, 0x00, 0x00, 0x00, 0x00, 0x00,
  0x00, 0x00, 0x00, 0x00, 0x00, 0x00, 0x00, 0x00, 0x00, 0x00, 0x00, 0x00, 0x00, 0x00, 0x00, 0x00,
  0x00, 0x00, 0x00, 0x00, 0x00, 0x00, 0x00, 0x00, 0x00, 0x00, 0x00, 0x00, 0x00, 0x00, 0x00, 0x00,
  0x00, 0x00, 0x00, 0x00, 0x00, 0x00, 0x00, 0x00, 0x00, 0x00, 0x00, 0x00, 0x00, 0x00, 0x00, 0x00,
  0x00, 0x00, 0x00, 0x00, 0x00, 0x00, 0x00, 0x00, 0x00, 0x00, 0x00, 0x00, 0x00, 0x00, 0x00, 0x00,
  0x00, 0x00, 0x00, 0x00, 0x00, 0x00, 0x00, 0x00, 0x00, 0x00, 0x00, 0x00, 0x00, 0x00, 0x00, 0x00,
  0x00, 0x00, 0x00, 0x00, 0x00, 0x00, 0x00, 0x00, 0x00, 0x00, 0x00, 0x00, 0x00, 0x00, 0x00, 0x00,
  0x00, 0x00, 0xbf, 0x95, 0x00, 0x00, 0x00, 0x00, 0x3f, 0x9e, 0x1f, 0x9e, 0x5f, 0xa6, 0x9f, 0x8d,
  0x9f, 0x8d, 0x7f, 0x8d, 0x5f, 0x85, 0x5f, 0x8d, 0x5f, 0x8d, 0x5f, 0x8d, 0x3f, 0x8d, 0x3f, 0x8d,
  0x1f, 0x8d, 0x1f, 0x8d, 0x1f, 0x8d, 0xff, 0x8c, 0xff, 0x8c, 0xdf, 0x8c, 0xdf, 0x8c, 0xdf, 0x8c,
  0xdf, 0x8c, 0xbf, 0x8c, 0xdf, 0x94, 0xbf, 0xad, 0x3f, 0xa5, 0x5f, 0xa5, 0x00, 0x00, 0x5f, 0xad,
  0x5f, 0xad, 0x00, 0x00, 0x00, 0x00, 0x00, 0x00, 0x00, 0x00, 0x00, 0x00, 0x00, 0x00, 0x00, 0x00,
  0x00, 0x00, 0x00, 0x00, 0x00, 0x00, 0x00, 0x00, 0x00, 0x00, 0x00, 0x00, 0x00, 0x00, 0x00, 0x00,
  0x00, 0x00, 0x00, 0x00, 0x00, 0x00, 0x00, 0x00, 0x00, 0x00, 0x00, 0x00, 0x00, 0x00, 0x00, 0x00,
  0x00, 0x00, 0x00, 0x00, 0x00, 0x00, 0x00, 0x00, 0x00, 0x00, 0x00, 0x00, 0x00, 0x00, 0x00, 0x00,
  0x00, 0x00, 0x00, 0x00, 0x00, 0x00, 0x00, 0x00, 0x00, 0x00, 0x00, 0x00, 0x00, 0x00, 0x00, 0x00,
  0x00, 0x00, 0x00, 0x00, 0x00, 0x00, 0x00, 0x00, 0x00, 0x00, 0x00, 0x00, 0x00, 0x00, 0x00, 0x00,
  0x00, 0x00, 0x00, 0x00, 0x00, 0x00, 0x00, 0x00, 0x00, 0x00, 0x00, 0x00, 0x00, 0x00, 0x00, 0x00,
  0x00, 0x00, 0x00, 0x00, 0xbf, 0x95, 0x00, 0x00, 0x00, 0x00, 0x3f, 0x9e, 0x1f, 0x9e, 0x7f, 0xa6,
  0x9f, 0x8d, 0x7f, 0x8d, 0x7f, 0x8d, 0x5f, 0x8d, 0x5f, 0x8d, 0x5f, 0x8d, 0x3f, 0x8d, 0x3f, 0x8d,
  0x3f, 0x8d, 0x1f, 0x8d, 0x1f, 0x8d, 0xff, 0x8c, 0xff, 0x8c, 0xff, 0x8c, 0xdf, 0x8c, 0xdf, 0x8c,
  0xdf, 0x8c, 0xbf, 0x8c, 0xbf, 0x8c, 0xdf, 0x94, 0xbf, 0xad, 0x3f, 0xa5, 0x5f, 0xad, 0x00, 0x00,
  0x5f, 0xad, 0x5f, 0xad, 0x00, 0x00, 0x00, 0x00, 0x00, 0x00, 0x00, 0x00, 0x00, 0x00, 0x00, 0x00,
  0x00, 0x00, 0x00, 0x00, 0x00, 0x00, 0x00, 0x00, 0x00, 0x00, 0x00, 0x00, 0x00, 0x00, 0x00, 0x00,
  0x00, 0x00, 0x00, 0x00, 0x00, 0x00, 0x00, 0x00, 0x00, 0x00, 0x00, 0x00, 0x00, 0x00, 0x00, 0x00,
  0x00, 0x00, 0x00, 0x00, 0x00, 0x00, 0x00, 0x00, 0x00, 0x00, 0x00, 0x00, 0x00, 0x00, 0x00, 0x00,
  0x00, 0x00, 0x00, 0x00, 0x00, 0x00, 0x00, 0x00, 0x00, 0x00, 0x00, 0x00, 0x00, 0x00, 0x00, 0x00,
  0x00, 0x00, 0x00, 0x00, 0x00, 0x00, 0x00, 0x00, 0x00, 0x00, 0x00, 0x00, 0x00, 0x00, 0x00, 0x00,
  0x00, 0x00, 0x00, 0x00, 0x00, 0x00, 0x00, 0x00, 0x00, 0x00, 0x00, 0x00, 0x00, 0x00, 0x00, 0x00,
  0x00, 0x00, 0x00, 0x00, 0x00, 0x00, 0xbf, 0x95, 0x00, 0x00, 0x00, 0x00, 0x3f, 0x9e, 0x1f, 0x9e,
  0x5f, 0xa6, 0x9f, 0x8d, 0x7f, 0x8d, 0x5f, 0x8d, 0x5f, 0x8d, 0x5f, 0x8d, 0x3f, 0x8d, 0x3f, 0x8d,
  0x1f, 0x8d, 0x1f, 0x8d, 0x1f, 0x8d, 0x1f, 0x8d, 0xff, 0x8c, 0xff, 0x8c, 0xff, 0x8c, 0xdf, 0x8c,
  0xdf, 0x8c, 0xdf, 0x8c, 0xbf, 0x8c, 0xbf, 0x8c, 0xdf, 0x94, 0xbf, 0xad, 0x3f, 0xa5, 0x5f, 0xad,
  0x00, 0x00, 0x5f, 0xad, 0x5f, 0xad, 0x00, 0x00, 0x00, 0x00, 0x00, 0x00, 0x00, 0x00, 0x00, 0x00,
  0x00, 0x00, 0x00, 0x00, 0x00, 0x00, 0x00, 0x00, 0x00, 0x00, 0x00, 0x00, 0x00, 0x00, 0x00, 0x00,
  0x00, 0x00, 0x00, 0x00, 0x00, 0x00, 0x00, 0x00, 0x00, 0x00, 0x00, 0x00, 0x00, 0x00, 0x00, 0x00,
  0x00, 0x00, 0x00, 0x00, 0x00, 0x00, 0x00, 0x00, 0x00, 0x00, 0x00, 0x00, 0x00, 0x00, 0x00, 0x00,
  0x00, 0x00, 0x00, 0x00, 0x00, 0x00, 0x00, 0x00, 0x00, 0x00, 0x00, 0x00, 0x00, 0x00, 0x00, 0x00,
  0x00, 0x00, 0x00, 0x00, 0x00, 0x00, 0x00, 0x00, 0x00, 0x00, 0x00, 0x00, 0x00, 0x00, 0x00, 0x00,
  0x00, 0x00, 0x00, 0x00, 0x00, 0x00, 0x00, 0x00, 0x00, 0x00, 0x00, 0x00, 0x00, 0x00, 0x00, 0x00,
  0x00, 0x00, 0x00, 0x00, 0x00, 0x00, 0x00, 0x00, 0xbf, 0x95, 0x00, 0x00, 0x00, 0x00, 0x1f, 0x9e,
  0xff, 0x9d, 0x5f, 0xa6, 0x9f, 0x8d, 0x7f, 0x8d, 0x5f, 0x8d, 0x5f, 0x8d, 0x5f, 0x8d, 0x3f, 0x8d,
  0x3f, 0x8d, 0x1f, 0x8d, 0x1f, 0x8d, 0xff, 0x8c, 0xff, 0x8c, 0xff, 0x8c, 0xff, 0x8c, 0xdf, 0x8c,
  0xdf, 0x8c, 0xdf, 0x8c, 0xbf, 0x8c, 0xbf, 0x8c, 0xbf, 0x8c, 0xdf, 0x94, 0xbf, 0xb5, 0x3f, 0xa5,
  0x5f, 0xa5, 0x00, 0x00, 0x5f, 0xad, 0x5f, 0xad, 0x00, 0x00, 0x00, 0x00, 0x00, 0x00, 0x00, 0x00,
  0x00, 0x00, 0x00, 0x00, 0x00, 0x00, 0x00, 0x00, 0x00, 0x00, 0x00, 0x00, 0x00, 0x00, 0x00, 0x00,
  0x00, 0x00, 0x00, 0x00, 0x00, 0x00, 0x00, 0x00, 0x00, 0x00, 0x00, 0x00, 0x00, 0x00, 0x00, 0x00,
  0x00, 0x00, 0x00, 0x00, 0x00, 0x00, 0x00, 0x00, 0x00, 0x00, 0x00, 0x00, 0x00, 0x00, 0x00, 0x00,
  0x00, 0x00, 0x00, 0x00, 0x00, 0x00, 0x00, 0x00, 0x00, 0x00, 0x00, 0x00, 0x00, 0x00, 0x00, 0x00,
  0x00, 0x00, 0x00, 0x00, 0x00, 0x00, 0x00, 0x00, 0x00, 0x00, 0x00, 0x00, 0x00, 0x00, 0x00, 0x00,
  0x00, 0x00, 0x00, 0x00, 0x00, 0x00, 0x00, 0x00, 0x00, 0x00, 0x00, 0x00, 0x00, 0x00, 0x00, 0x00,
  0x00, 0x00, 0x00, 0x00, 0x00, 0x00, 0x00, 0x00, 0x00, 0x00, 0xbf, 0x95, 0x00, 0x00, 0x00, 0x00,
  0xff, 0x9d, 0xff, 0x9d, 0x3f, 0xa6, 0x9f, 0x8d, 0x5f, 0x8d, 0x5f, 0x8d, 0x5f, 0x8d, 0x3f, 0x8d,
  0x3f, 0x8d, 0x1f, 0x8d, 0x1f, 0x8d, 0xff, 0x8c, 0xff, 0x8c, 0xff, 0x8c, 0xff, 0x8c, 0xdf, 0x8c,
  0xdf, 0x8c, 0xdf, 0x8c, 0xbf, 0x8c, 0xbf, 0x8c, 0xbf, 0x8c, 0xbf, 0x8c, 0xdf, 0x94, 0x9f, 0xb5,
  0x3f, 0xa5, 0x5f, 0xad, 0x00, 0x00, 0x5f, 0xad, 0x5f, 0xad, 0x00, 0x00, 0x00, 0x00, 0x00, 0x00,
  0x00, 0x00, 0x00, 0x00, 0x00, 0x00, 0x00, 0x00, 0x00, 0x00, 0x00, 0x00, 0x00, 0x00, 0x00, 0x00,
  0x00, 0x00, 0x00, 0x00, 0x00, 0x00, 0x00, 0x00, 0x00, 0x00, 0x00, 0x00, 0x00, 0x00, 0x00, 0x00,
  0x00, 0x00, 0x00, 0x00, 0x00, 0x00, 0x00, 0x00, 0x00, 0x00, 0x00, 0x00, 0x00, 0x00, 0x00, 0x00,
  0x00, 0x00, 0x00, 0x00, 0x00, 0x00, 0x00, 0x00, 0x00, 0x00, 0x00, 0x00, 0x00, 0x00, 0x00, 0x00,
  0x00, 0x00, 0x00, 0x00, 0x00, 0x00, 0x00, 0x00, 0x00, 0x00, 0x00, 0x00, 0x00, 0x00, 0x00, 0x00,
  0x00, 0x00, 0x00, 0x00, 0x00, 0x00, 0x00, 0x00, 0x00, 0x00, 0x00, 0x00, 0x00, 0x00, 0x00, 0x00,
  0x00, 0x00, 0x00, 0x00, 0x00, 0x00, 0x00, 0x00, 0x00, 0x00, 0x00, 0x00, 0xbf, 0x95, 0x00, 0x00,
  0x00, 0x00, 0xff, 0x9d, 0xdf, 0x9d, 0x3f, 0xa6, 0x7f, 0x8d, 0x5f, 0x8d, 0x3f, 0x8d, 0x3f, 0x8d,
  0x3f, 0x8d, 0x1f, 0x8d, 0x1f, 0x8d, 0x1f, 0x8d, 0xff, 0x8c, 0xff, 0x8c, 0xff, 0x8c, 0xdf, 0x8c,
  0xdf, 0x8c, 0xdf, 0x8c, 0xbf, 0x8c, 0xbf, 0x8c, 0xbf, 0x8c, 0x9f, 0x8c, 0x9f, 0x8c, 0xbf, 0x94,
  0x9f, 0xb5, 0x1f, 0xa5, 0x5f, 0xad, 0x00, 0x00, 0x5f, 0xad, 0x5f, 0xad, 0x00, 0x00, 0x00, 0x00,
  0x00, 0x00, 0x00, 0x00, 0x00, 0x00, 0x00, 0x00, 0x00, 0x00, 0x00, 0x00, 0x00, 0x00, 0x00, 0x00,
  0x00, 0x00, 0x00, 0x00, 0x00, 0x00, 0x00, 0x00, 0x00, 0x00, 0x00, 0x00, 0x00, 0x00, 0x00, 0x00,
  0x00, 0x00, 0x00, 0x00, 0x00, 0x00, 0x00, 0x00, 0x00, 0x00, 0x00, 0x00, 0x00, 0x00, 0x00, 0x00,
  0x00, 0x00, 0x00, 0x00, 0x00, 0x00, 0x00, 0x00, 0x00, 0x00, 0x00, 0x00, 0x00, 0x00, 0x00, 0x00,
  0x00, 0x00, 0x00, 0x00, 0x00, 0x00, 0x00, 0x00, 0x00, 0x00, 0x00, 0x00, 0x00, 0x00, 0x00, 0x00,
  0x00, 0x00, 0x00, 0x00, 0x00, 0x00, 0x00, 0x00, 0x00, 0x00, 0x00, 0x00, 0x00, 0x00, 0x00, 0x00,
  0x00, 0x00, 0x00, 0x00, 0x00, 0x00, 0x00, 0x00, 0x00, 0x00, 0x00, 0x00, 0x00, 0x00, 0xbf, 0x95,
  0x00, 0x00, 0x00, 0x00, 0xdf, 0x9d, 0xdf, 0x9d, 0x3f, 0xa6, 0x7f, 0x8d, 0x3f, 0x8d, 0x3f, 0x8d,
  0x3f, 0x8d, 0x3f, 0x8d, 0x1f, 0x8d, 0x1f, 0x8d, 0x1f, 0x8d, 0xff, 0x8c, 0xff, 0x8c, 0xdf, 0x8c,
  0xdf, 0x8c, 0xdf, 0x8c, 0xbf, 0x8c, 0xbf, 0x8c, 0x9f, 0x8c, 0x9f, 0x8c, 0x9f, 0x8c, 0x9f, 0x8c,
  0xbf, 0x94, 0x7f, 0xb5, 0x1f, 0xa5, 0x1f, 0xad, 0x00, 0x00, 0x5f, 0xad, 0x5f, 0xad, 0x00, 0x00,
  0x00, 0x00, 0x00, 0x00, 0x00, 0x00, 0x00, 0x00, 0x00, 0x00, 0x00, 0x00, 0x00, 0x00, 0x00, 0x00,
  0x00, 0x00, 0x00, 0x00, 0x00, 0x00, 0x00, 0x00, 0x00, 0x00, 0x00, 0x00, 0x00, 0x00, 0x00, 0x00,
  0x00, 0x00, 0x00, 0x00, 0x00, 0x00, 0x00, 0x00, 0x00, 0x00, 0x00, 0x00, 0x00, 0x00, 0x00, 0x00,
  0x00, 0x00, 0x00, 0x00, 0x00, 0x00, 0x00, 0x00, 0x00, 0x00, 0x00, 0x00, 0x00, 0x00, 0x00, 0x00,
  0x00, 0x00, 0x00, 0x00, 0x00, 0x00, 0x00, 0x00, 0x00, 0x00, 0x00, 0x00, 0x00, 0x00, 0x00, 0x00,
  0x00, 0x00, 0x00, 0x00, 0x00, 0x00, 0x00, 0x00, 0x00, 0x00, 0x00, 0x00, 0x00, 0x00, 0x00, 0x00,
  0x00, 0x00, 0x00, 0x00, 0x00, 0x00, 0x00, 0x00, 0x00, 0x00, 0x00, 0x00, 0x00, 0x00, 0x00, 0x00,
  0xbf, 0x95, 0x00, 0x00, 0x00, 0x00, 0xdf, 0x9d, 0xdf, 0x9d, 0x3f, 0xa6, 0x7f, 0x8d, 0x3f, 0x8d,
  0x3f, 0x8d, 0x3f, 0x8d, 0x1f, 0x8d, 0x1f, 0x8d, 0x1f, 0x8d, 0xff, 0x8c, 0xff, 0x8c, 0xdf, 0x8c,
  0xdf, 0x8c, 0xdf, 0x8c, 0xdf, 0x8c, 0xbf, 0x8c, 0xbf, 0x8c, 0x9f, 0x8c, 0x9f, 0x8c, 0x9f, 0x8c,
  0x9f, 0x8c, 0xbf, 0x94, 0x7f, 0xb5, 0xff, 0xa4, 0x1f, 0xad, 0x00, 0x00, 0x5f, 0xad, 0x5f, 0xad,
  0x00, 0x00, 0x00, 0x00, 0x00, 0x00, 0x00, 0x00, 0x00, 0x00, 0x00, 0x00, 0x00, 0x00, 0x00, 0x00,
  0x00, 0x00, 0x00, 0x00, 0x00, 0x00, 0x00, 0x00, 0x00, 0x00, 0x00, 0x00, 0x00, 0x00, 0x00, 0x00,
  0x00, 0x00, 0x00, 0x00, 0x00, 0x00, 0x00, 0x00, 0x00, 0x00, 0x00, 0x00, 0x00, 0x00, 0x00, 0x00,
  0x00, 0x00, 0x00, 0x00, 0x00, 0x00, 0x00, 0x00, 0x00, 0x00, 0x00, 0x00, 0x00, 0x00, 0x00, 0x00,
  0x00, 0x00, 0x00, 0x00, 0x00, 0x00, 0x00, 0x00, 0x00, 0x00, 0x00, 0x00, 0x00, 0x00, 0x00, 0x00,
  0x00, 0x00, 0x00, 0x00, 0x00, 0x00, 0x00, 0x00, 0x00, 0x00, 0x00, 0x00, 0x00, 0x00, 0x00, 0x00,
  0x00, 0x00, 0x00, 0x00, 0x00, 0x00, 0x00, 0x00, 0x00, 0x00, 0x00, 0x00, 0x00, 0x00, 0x00, 0x00,
  0x00, 0x00, 0xbf, 0x95, 0x00, 0x00, 0x00, 0x00, 0xdf, 0x9d, 0xdf, 0x9d, 0x1f, 0xa6, 0x5f, 0x8d,
  0x3f, 0x8d, 0x3f, 0x8d, 0x1f, 0x8d, 0x1f, 0x8d, 0x1f, 0x8d, 0xff, 0x8c, 0xff, 0x8c, 0xdf, 0x8c,
  0xdf, 0x8c, 0xdf, 0x8c, 0xdf, 0x8c, 0xdf, 0x8c, 0xbf, 0x8c, 0x9f, 0x8c, 0x9f, 0x8c, 0x9f, 0x8c,
  0x9f, 0x8c, 0x9f, 0x8c, 0xbf, 0x94, 0x7f, 0xb5, 0xff, 0xa4, 0x1f, 0xad, 0x00, 0x00, 0x5f, 0xad,
  0x5f, 0xad, 0x00, 0x00, 0x00, 0x00, 0x00, 0x00, 0x00, 0x00, 0x00, 0x00, 0x00, 0x00, 0x00, 0x00,
  0x00, 0x00, 0x00, 0x00, 0x00, 0x00, 0x00, 0x00, 0x00, 0x00, 0x00, 0x00, 0x00, 0x00, 0x00, 0x00,
  0x00, 0x00, 0x00, 0x00, 0x00, 0x00, 0x00, 0x00, 0x00, 0x00, 0x00, 0x00, 0x00, 0x00, 0x00, 0x00,
  0x00, 0x00, 0x00, 0x00, 0x00, 0x00, 0x00, 0x00, 0x00, 0x00, 0x00, 0x00, 0x00, 0x00, 0x00, 0x00,
  0x00, 0x00, 0x00, 0x00, 0x00, 0x00, 0x00, 0x00, 0x00, 0x00, 0x00, 0x00, 0x00, 0x00, 0x00, 0x00,
  0x00, 0x00, 0x00, 0x00, 0x00, 0x00, 0x00, 0x00, 0x00, 0x00, 0x00, 0x00, 0x00, 0x00, 0x00, 0x00,
  0x00, 0x00, 0x00, 0x00, 0x00, 0x00, 0x00, 0x00, 0x00, 0x00, 0x00, 0x00, 0x00, 0x00, 0x00, 0x00,
  0x00, 0x00, 0x00, 0x00, 0xbf, 0x95, 0x00, 0x00, 0x00, 0x00, 0xdf, 0xa5, 0xdf, 0x9d, 0x1f, 0xa6,
  0x5f, 0x8d, 0x3f, 0x8d, 0x3f, 0x8d, 0x1f, 0x8d, 0xff, 0x8c, 0xff, 0x8c, 0xff, 0x8c, 0xff, 0x8c,
  0xdf, 0x8c, 0xdf, 0x8c, 0xbf, 0x8c, 0xbf, 0x8c, 0xbf, 0x8c, 0xbf, 0x8c, 0x9f, 0x8c, 0x9f, 0x8c,
  0x9f, 0x8c, 0x7f, 0x8c, 0x7f, 0x94, 0x9f, 0x94, 0x7f, 0xb5, 0xff, 0xa4, 0x1f, 0xad, 0x00, 0x00,
  0x5f, 0xad, 0x5f, 0xad, 0x00, 0x00, 0x00, 0x00, 0x00, 0x00, 0x00, 0x00, 0x00, 0x00, 0x00, 0x00,
  0x00, 0x00, 0x00, 0x00, 0x00, 0x00, 0x00, 0x00, 0x00, 0x00, 0x00, 0x00, 0x00, 0x00, 0x00, 0x00,
  0x00, 0x00, 0x00, 0x00, 0x00, 0x00, 0x00, 0x00, 0x00, 0x00, 0x00, 0x00, 0x00, 0x00, 0x00, 0x00,
  0x00, 0x00, 0x00, 0x00, 0x00, 0x00, 0x00, 0x00, 0x00, 0x00, 0x00, 0x00, 0x00, 0x00, 0x00, 0x00,
  0x00, 0x00, 0x00, 0x00, 0x00, 0x00, 0x00, 0x00, 0x00, 0x00, 0x00, 0x00, 0x00, 0x00, 0x00, 0x00,
  0x00, 0x00, 0x00, 0x00, 0x00, 0x00, 0x00, 0x00, 0x00, 0x00, 0x00, 0x00, 0x00, 0x00, 0x00, 0x00,
  0x00, 0x00, 0x00, 0x00, 0x00, 0x00, 0x00, 0x00, 0x00, 0x00, 0x00, 0x00, 0x00, 0x00, 0x00, 0x00,
  0x00, 0x00, 0x00, 0x00, 0x00, 0x00, 0xbf, 0x95, 0x00, 0x00, 0x00, 0x00, 0xdf, 0xa5, 0xbf, 0x9d,
  0x1f, 0xa6, 0x3f, 0x8d, 0x3f, 0x8d, 0x1f, 0x8d, 0x1f, 0x8d, 0xff, 0x8c, 0xff, 0x8c, 0xff, 0x8c,
  0xdf, 0x8c, 0xdf, 0x8c, 0xdf, 0x8c, 0xbf, 0x8c, 0xbf, 0x8c, 0x9f, 0x8c, 0x9f, 0x8c, 0x9f, 0x8c,
  0x9f, 0x8c, 0x7f, 0x8c, 0x7f, 0x8c, 0x7f, 0x94, 0x9f, 0x94, 0x7f, 0xb5, 0xff, 0xa4, 0x1f, 0xad,
  0x00, 0x00, 0x5f, 0xad, 0x5f, 0xad, 0x00, 0x00, 0x00, 0x00, 0x00, 0x00, 0x00, 0x00, 0x00, 0x00,
  0x00, 0x00, 0x00, 0x00, 0x00, 0x00, 0x00, 0x00, 0x00, 0x00, 0x00, 0x00, 0x00, 0x00, 0x00, 0x00,
  0x00, 0x00, 0x00, 0x00, 0x00, 0x00, 0x00, 0x00, 0x00, 0x00, 0x00, 0x00, 0x00, 0x00, 0x00, 0x00,
  0x00, 0x00, 0x00, 0x00, 0x00, 0x00, 0x00, 0x00, 0x00, 0x00, 0x00, 0x00, 0x00, 0x00, 0x00, 0x00,
  0x00, 0x00, 0x00, 0x00, 0x00, 0x00, 0x00, 0x00, 0x00, 0x00, 0x00, 0x00, 0x00, 0x00, 0x00, 0x00,
  0x00, 0x00, 0x00, 0x00, 0x00, 0x00, 0x00, 0x00, 0x00, 0x00, 0x00, 0x00, 0x00, 0x00, 0x00, 0x00,
  0x00, 0x00, 0x00, 0x00, 0x00, 0x00, 0x00, 0x00, 0x00, 0x00, 0x00, 0x00, 0x00, 0x00, 0x00, 0x00,
  0x00, 0x00, 0x00, 0x00, 0x00, 0x00, 0x00, 0x00, 0xbf, 0x95, 0x00, 0x00, 0x00, 0x00, 0xdf, 0x9d,
  0xbf, 0x9d, 0xff, 0xa5, 0x3f, 0x8d, 0x1f, 0x8d, 0x1f, 0x8d, 0xff, 0x8c, 0xff, 0x8c, 0xff, 0x8c,
  0xdf, 0x8c, 0xdf, 0x8c, 0xdf, 0x8c, 0xbf, 0x8c, 0xbf, 0x8c, 0xbf, 0x8c, 0x9f, 0x8c, 0x9f, 0x8c,
  0x9f, 0x8c, 0x7f, 0x8c, 0x7f, 0x8c, 0x5f, 0x8c, 0x7f, 0x8c, 0x9f, 0x94, 0x5f, 0xb5, 0xff, 0xa4,
  0x1f, 0xad, 0x00, 0x00, 0x5f, 0xad, 0x5f, 0xad, 0x00, 0x00, 0x00, 0x00, 0x00, 0x00, 0x00, 0x00,
  0x00, 0x00, 0x00, 0x00, 0x00, 0x00, 0x00, 0x00, 0x00, 0x00, 0x00, 0x00, 0x00, 0x00, 0x00, 0x00,
  0x00, 0x00, 0x00, 0x00, 0x00, 0x00, 0x00, 0x00, 0x00, 0x00, 0x00, 0x00, 0x00, 0x00, 0x00, 0x00,
  0x00, 0x00, 0x00, 0x00, 0x00, 0x00, 0x00, 0x00, 0x00, 0x00, 0x00, 0x00, 0x00, 0x00, 0x00, 0x00,
  0x00, 0x00, 0x00, 0x00, 0x00, 0x00, 0x00, 0x00, 0x00, 0x00, 0x00, 0x00, 0x00, 0x00, 0x00, 0x00,
  0x00, 0x00, 0x00, 0x00, 0x00, 0x00, 0x00, 0x00, 0x00, 0x00, 0x00, 0x00, 0x00, 0x00, 0x00, 0x00,
  0x00, 0x00, 0x00, 0x00, 0x00, 0x00, 0x00, 0x00, 0x00, 0x00, 0x00, 0x00, 0x00, 0x00, 0x00, 0x00,
  0x00, 0x00, 0x00, 0x00, 0x00, 0x00, 0x00, 0x00, 0x00, 0x00, 0xbf, 0x95, 0x00, 0x00, 0x00, 0x00,
  0xbf, 0x9d, 0xbf, 0x9d, 0xff, 0xa5, 0x3f, 0x8d, 0x1f, 0x8d, 0xff, 0x8c, 0xff, 0x8c, 0xff, 0x8c,
  0xdf, 0x8c, 0xdf, 0x8c, 0xdf, 0x8c, 0xdf, 0x8c, 0xbf, 0x8c, 0xbf, 0x8c, 0x9f, 0x8c, 0x9f, 0x8c,
  0x9f, 0x8c, 0x7f, 0x8c, 0x7f, 0x8c, 0x7f, 0x8c, 0x5f, 0x8c, 0x5f, 0x8c, 0x7f, 0x94, 0x5f, 0xb5,
  0xff, 0xa4, 0x1f, 0xad, 0x00, 0x00, 0x5f, 0xad, 0x5f, 0xad, 0x00, 0x00, 0x00, 0x00, 0x00, 0x00,
  0x00, 0x00, 0x00, 0x00, 0x00, 0x00, 0x00, 0x00, 0x00, 0x00, 0x00, 0x00, 0x00, 0x00, 0x00, 0x00,
  0x00, 0x00, 0x00, 0x00, 0x00, 0x00, 0x00, 0x00, 0x00, 0x00, 0x00, 0x00, 0x00, 0x00, 0x00, 0x00,
  0x00, 0x00, 0x00, 0x00, 0x00, 0x00, 0x00, 0x00, 0x00, 0x00, 0x00, 0x00, 0x00, 0x00, 0x00, 0x00,
  0x00, 0x00, 0x00, 0x00, 0x00, 0x00, 0x00, 0x00, 0x00, 0x00, 0x00, 0x00, 0x00, 0x00, 0x00, 0x00,
  0x00, 0x00, 0x00, 0x00, 0x00, 0x00, 0x00, 0x00, 0x00, 0x00, 0x00, 0x00, 0x00, 0x00, 0x00, 0x00,
  0x00, 0x00, 0x00, 0x00, 0x00, 0x00, 0x00, 0x00, 0x00, 0x00, 0x00, 0x00, 0x00, 0x00, 0x00, 0x00,
  0x00, 0x00, 0x00, 0x00, 0x00, 0x00, 0x00, 0x00, 0x00, 0x00, 0x00, 0x00, 0xbf, 0x95, 0x00, 0x00,
  0x00, 0x00, 0xbf, 0xa5, 0xbf, 0x9d, 0xff, 0xa5, 0x3f, 0x8d, 0x1f, 0x8d, 0xff, 0x8c, 0xff, 0x8c,
  0xdf, 0x8c, 0xdf, 0x8c, 0xdf, 0x8c, 0xdf, 0x8c, 0xbf, 0x8c, 0xbf, 0x8c, 0x9f, 0x8c, 0x9f, 0x8c,
  0x9f, 0x8c, 0x9f, 0x8c, 0x7f, 0x8c, 0x7f, 0x8c, 0x7f, 0x8c, 0x5f, 0x94, 0x5f, 0x94, 0x7f, 0x94,
  0x5f, 0xb5, 0xdf, 0xa4, 0x1f, 0xad, 0x00, 0x00, 0x5f, 0xad, 0x5f, 0xad, 0x00, 0x00, 0x00, 0x00,
  0x00, 0x00, 0x00, 0x00, 0x00, 0x00, 0x00, 0x00, 0x00, 0x00, 0x00, 0x00, 0x00, 0x00, 0x00, 0x00,
  0x00, 0x00, 0x00, 0x00, 0x00, 0x00, 0x00, 0x00, 0x00, 0x00, 0x00, 0x00, 0x00, 0x00, 0x00, 0x00,
  0x00, 0x00, 0x00, 0x00, 0x00, 0x00, 0x00, 0x00, 0x00, 0x00, 0x00, 0x00, 0x00, 0x00, 0x00, 0x00,
  0x00, 0x00, 0x00, 0x00, 0x00, 0x00, 0x00, 0x00, 0x00, 0x00, 0x00, 0x00, 0x00, 0x00, 0x00, 0x00,
  0x00, 0x00, 0x00, 0x00, 0x00, 0x00, 0x00, 0x00, 0x00, 0x00, 0x00, 0x00, 0x00, 0x00, 0x00, 0x00,
  0x00, 0x00, 0x00, 0x00, 0x00, 0x00, 0x00, 0x00, 0x00, 0x00, 0x00, 0x00, 0x00, 0x00, 0x00, 0x00,
  0x00, 0x00, 0x00, 0x00, 0x00, 0x00, 0x00, 0x00, 0x00, 0x00, 0x00, 0x00, 0x00, 0x00, 0xbf, 0x95,
  0x00, 0x00, 0x00, 0x00, 0xbf, 0xa5, 0x9f, 0x9d, 0xdf, 0xa5, 0x3f, 0x8d, 0x1f, 0x8d, 0xff, 0x8c,
  0xff, 0x8c, 0xdf, 0x8c, 0xdf, 0x8c, 0xbf, 0x8c, 0xbf, 0x8c, 0xbf, 0x8c, 0xbf, 0x8c, 0x9f, 0x8c,
  0x7f, 0x8c, 0x7f, 0x8c, 0x7f, 0x8c, 0x7f, 0x8c, 0x7f, 0x94, 0x5f, 0x94, 0x3f, 0x94, 0x5f, 0x94,
  0x7f, 0x94, 0x3f, 0xb5, 0xdf, 0xa4, 0xdf, 0xac, 0x00, 0x00, 0x5f, 0xad, 0x5f, 0xad, 0x00, 0x00,
  0x00, 0x00, 0x00, 0x00, 0x00, 0x00, 0x00, 0x00, 0x00, 0x00, 0x00, 0x00, 0x00, 0x00, 0x00, 0x00,
  0x00, 0x00, 0x00, 0x00, 0x00, 0x00, 0x00, 0x00, 0x00, 0x00, 0x00, 0x00, 0x00, 0x00, 0x00, 0x00,
  0x00, 0x00, 0x00, 0x00, 0x00, 0x00, 0x00, 0x00, 0x00, 0x00, 0x00, 0x00, 0x00, 0x00, 0x00, 0x00,
  0x00, 0x00, 0x00, 0x00, 0x00, 0x00, 0x00, 0x00, 0x00, 0x00, 0x00, 0x00, 0x00, 0x00, 0x00, 0x00,
  0x00, 0x00, 0x00, 0x00, 0x00, 0x00, 0x00, 0x00, 0x00, 0x00, 0x00, 0x00, 0x00, 0x00, 0x00, 0x00,
  0x00, 0x00, 0x00, 0x00, 0x00, 0x00, 0x00, 0x00, 0x00, 0x00, 0x00, 0x00, 0x00, 0x00, 0x00, 0x00,
  0x00, 0x00, 0x00, 0x00, 0x00, 0x00, 0x00, 0x00, 0x00, 0x00, 0x00, 0x00, 0x00, 0x00, 0x00, 0x00,
  0xbf, 0x95, 0x00, 0x00, 0x00, 0x00, 0xbf, 0x9d, 0x9f, 0x9d, 0xdf, 0xa5, 0x1f, 0x8d, 0xff, 0x8c,
  0xff, 0x8c, 0xdf, 0x8c, 0xdf, 0x8c, 0xdf, 0x8c, 0xbf, 0x8c, 0xbf, 0x8c, 0xbf, 0x8c, 0x9f, 0x8c,
  0x9f, 0x8c, 0x7f, 0x8c, 0x7f, 0x8c, 0x7f, 0x8c, 0x5f, 0x8c, 0x5f, 0x94, 0x5f, 0x94, 0x3f, 0x94,
  0x3f, 0x94, 0x7f, 0x94, 0x3f, 0xb5, 0xdf, 0xa4, 0xdf, 0xac, 0x00, 0x00, 0x5f, 0xad, 0x5f, 0xad,
  0x00, 0x00, 0x00, 0x00, 0x00, 0x00, 0x00, 0x00, 0x00, 0x00, 0x00, 0x00, 0x00, 0x00, 0x00, 0x00,
  0x00, 0x00, 0x00, 0x00, 0x00, 0x00, 0x00, 0x00, 0x00, 0x00, 0x00, 0x00, 0x00, 0x00, 0x00, 0x00,
  0x00, 0x00, 0x00, 0x00, 0x00, 0x00, 0x00, 0x00, 0x00, 0x00, 0x00, 0x00, 0x00, 0x00, 0x00, 0x00,
  0x00, 0x00, 0x00, 0x00, 0x00, 0x00, 0x00, 0x00, 0x00, 0x00, 0x00, 0x00, 0x00, 0x00, 0x00, 0x00,
  0x00, 0x00, 0x00, 0x00, 0x00, 0x00, 0x00, 0x00, 0x00, 0x00, 0x00, 0x00, 0x00, 0x00, 0x00, 0x00,
  0x00, 0x00, 0x00, 0x00, 0x00, 0x00, 0x00, 0x00, 0x00, 0x00, 0x00, 0x00, 0x00, 0x00, 0x00, 0x00,
  0x00, 0x00, 0x00, 0x00, 0x00, 0x00, 0x00, 0x00, 0x00, 0x00, 0x00, 0x00, 0x00, 0x00, 0x00, 0x00,
  0x00, 0x00, 0xbf, 0x95, 0x00, 0x00, 0x00, 0x00, 0x9f, 0x9d, 0x9f, 0x9d, 0xdf, 0xa5, 0x1f, 0x95,
  0xff, 0x8c, 0xdf, 0x8c, 0xdf, 0x8c, 0xdf, 0x8c, 0xbf, 0x8c, 0xbf, 0x8c, 0xbf, 0x8c, 0x9f, 0x8c,
  0x9f, 0x8c, 0x9f, 0x8c, 0x7f, 0x8c, 0x7f, 0x8c, 0x5f, 0x8c, 0x5f, 0x8c, 0x5f, 0x8c, 0x5f, 0x94,
  0x3f, 0x94, 0x3f, 0x94, 0x5f, 0x94, 0x3f, 0xb5, 0xdf, 0xa4, 0xdf, 0xac, 0x00, 0x00, 0x5f, 0xad,
  0x5f, 0xad, 0x00, 0x00, 0x00, 0x00, 0x00, 0x00, 0x00, 0x00, 0x00, 0x00, 0x00, 0x00, 0x00, 0x00,
  0x00, 0x00, 0x00, 0x00, 0x00, 0x00, 0x00, 0x00, 0x00, 0x00, 0x00, 0x00, 0x00, 0x00, 0x00, 0x00,
  0x00, 0x00, 0x00, 0x00, 0x00, 0x00, 0x00, 0x00, 0x00, 0x00, 0x00, 0x00, 0x00, 0x00, 0x00, 0x00,
  0x00, 0x00, 0x00, 0x00, 0x00, 0x00, 0x00, 0x00, 0x00, 0x00, 0x00, 0x00, 0x00, 0x00, 0x00, 0x00,
  0x00, 0x00, 0x00, 0x00, 0x00, 0x00, 0x00, 0x00, 0x00, 0x00, 0x00, 0x00, 0x00, 0x00, 0x00, 0x00,
  0x00, 0x00, 0x00, 0x00, 0x00, 0x00, 0x00, 0x00, 0x00, 0x00, 0x00, 0x00, 0x00, 0x00, 0x00, 0x00,
  0x00, 0x00, 0x00, 0x00, 0x00, 0x00, 0x00, 0x00, 0x00, 0x00, 0x00, 0x00, 0x00, 0x00, 0x00, 0x00,
  0x00, 0x00, 0x00, 0x00, 0xbf, 0x95, 0x00, 0x00, 0x00, 0x00, 0x9f, 0xa5, 0x7f, 0x9d, 0xdf, 0xa5,
  0xff, 0x8c, 0xdf, 0x8c, 0xdf, 0x8c, 0xdf, 0x8c, 0xbf, 0x8c, 0xbf, 0x8c, 0xbf, 0x8c, 0x9f, 0x8c,
  0x9f, 0x8c, 0x7f, 0x8c, 0x7f, 0x8c, 0x7f, 0x8c, 0x7f, 0x8c, 0x5f, 0x8c, 0x3f, 0x8c, 0x3f, 0x8c,
  0x3f, 0x94, 0x3f, 0x94, 0x3f, 0x94, 0x5f, 0x94, 0x3f, 0xb5, 0xbf, 0xa4, 0xdf, 0xac, 0x00, 0x00,
  0x5f, 0xad, 0x5f, 0xad, 0x00, 0x00, 0x00, 0x00, 0x00, 0x00, 0x00, 0x00, 0x00, 0x00, 0x00, 0x00,
  0x00, 0x00, 0x00, 0x00, 0x00, 0x00, 0x00, 0x00, 0x00, 0x00, 0x00, 0x00, 0x00, 0x00, 0x00, 0x00,
  0x00, 0x00, 0x00, 0x00, 0x00, 0x00, 0x00, 0x00, 0x00, 0x00, 0x00, 0x00, 0x00, 0x00, 0x00, 0x00,
  0x00, 0x00, 0x00, 0x00, 0x00, 0x00, 0x00, 0x00, 0x00, 0x00, 0x00, 0x00, 0x00, 0x00, 0x00, 0x00,
  0x00, 0x00, 0x00, 0x00, 0x00, 0x00, 0x00, 0x00, 0x00, 0x00, 0x00, 0x00, 0x00, 0x00, 0x00, 0x00,
  0x00, 0x00, 0x00, 0x00, 0x00, 0x00, 0x00, 0x00, 0x00, 0x00, 0x00, 0x00, 0x00, 0x00, 0x00, 0x00,
  0x00, 0x00, 0x00, 0x00, 0x00, 0x00, 0x00, 0x00, 0x00, 0x00, 0x00, 0x00, 0x00, 0x00, 0x00, 0x00,
  0x00, 0x00, 0x00, 0x00, 0x00, 0x00, 0xbf, 0x95, 0x00, 0x00, 0x00, 0x00, 0x9f, 0xa5, 0x7f, 0x9d,
  0xbf, 0xa5, 0xff, 0x8c, 0xdf, 0x8c, 0xdf, 0x8c, 0xbf, 0x8c, 0xbf, 0x8c, 0xbf, 0x8c, 0x9f, 0x8c,
  0x9f, 0x8c, 0x9f, 0x8c, 0x7f, 0x8c, 0x7f, 0x8c, 0x7f, 0x8c, 0x5f, 0x8c, 0x5f, 0x94, 0x3f, 0x8c,
  0x3f, 0x8c, 0x3f, 0x94, 0x3f, 0x94, 0x3f, 0x94, 0x5f, 0x94, 0x1f, 0xb5, 0xbf, 0xa4, 0xdf, 0xac,
  0x00, 0x00, 0x5f, 0xad, 0x5f, 0xad, 0x00, 0x00, 0x00, 0x00, 0x00, 0x00, 0x00, 0x00, 0x00, 0x00,
  0x00, 0x00, 0x00, 0x00, 0x00, 0x00, 0x00, 0x00, 0x00, 0x00, 0x00, 0x00, 0x00, 0x00, 0x00, 0x00,
  0x00, 0x00, 0x00, 0x00, 0x00, 0x00, 0x00, 0x00, 0x00, 0x00, 0x00, 0x00, 0x00, 0x00, 0x00, 0x00,
  0x00, 0x00, 0x00, 0x00, 0x00, 0x00, 0x00, 0x00, 0x00, 0x00, 0x00, 0x00, 0x00, 0x00, 0x00, 0x00,
  0x00, 0x00, 0x00, 0x00, 0x00, 0x00, 0x00, 0x00, 0x00, 0x00, 0x00, 0x00, 0x00, 0x00, 0x00, 0x00,
  0x00, 0x00, 0x00, 0x00, 0x00, 0x00, 0x00, 0x00, 0x00, 0x00, 0x00, 0x00, 0x00, 0x00, 0x00, 0x00,
  0x00, 0x00, 0x00, 0x00, 0x00, 0x00, 0x00, 0x00, 0x00, 0x00, 0x00, 0x00, 0x00, 0x00, 0x00, 0x00,
  0x00, 0x00, 0x00, 0x00, 0x00, 0x00, 0x00, 0x00, 0xbf, 0x95, 0x00, 0x00, 0x00, 0x00, 0x9f, 0xa5,
  0x7f, 0x9d, 0xbf, 0xa5, 0xff, 0x94, 0xdf, 0x8c, 0xbf, 0x8c, 0xbf, 0x8c, 0xbf, 0x8c, 0x9f, 0x8c,
  0x9f, 0x8c, 0x9f, 0x8c, 0x7f, 0x8c, 0x7f, 0x8c, 0x7f, 0x8c, 0x5f, 0x8c, 0x5f, 0x94, 0x3f, 0x94,
  0x3f, 0x94, 0x3f, 0x94, 0x1f, 0x94, 0x1f, 0x94, 0x1f, 0x94, 0x3f, 0x9c, 0x1f, 0xb5, 0xbf, 0xa4,
  0xdf, 0xac, 0x00, 0x00, 0x5f, 0xad, 0x5f, 0xad, 0x00, 0x00, 0x00, 0x00, 0x00, 0x00, 0x00, 0x00,
  0x00, 0x00, 0x00, 0x00, 0x00, 0x00, 0x00, 0x00, 0x00, 0x00, 0x00, 0x00, 0x00, 0x00, 0x00, 0x00,
  0x00, 0x00, 0x00, 0x00, 0x00, 0x00, 0x00, 0x00, 0x00, 0x00, 0x00, 0x00, 0x00, 0x00, 0x00, 0x00,
  0x00, 0x00, 0x00, 0x00, 0x00, 0x00, 0x00, 0x00, 0x00, 0x00, 0x00, 0x00, 0x00, 0x00, 0x00, 0x00,
  0x00, 0x00, 0x00, 0x00, 0x00, 0x00, 0x00, 0x00, 0x00, 0x00, 0x00, 0x00, 0x00, 0x00, 0x00, 0x00,
  0x00, 0x00, 0x00, 0x00, 0x00, 0x00, 0x00, 0x00, 0x00, 0x00, 0x00, 0x00, 0x00, 0x00, 0x00, 0x00,
  0x00, 0x00, 0x00, 0x00, 0x00, 0x00, 0x00, 0x00, 0x00, 0x00, 0x00, 0x00, 0x00, 0x00, 0x00, 0x00,
  0x00, 0x00, 0x00, 0x00, 0x00, 0x00, 0x00, 0x00, 0x00, 0x00, 0xbf, 0x95, 0x00, 0x00, 0x00, 0x00,
  0x9f, 0xa5, 0x7f, 0xa5, 0xbf, 0xa5, 0xff, 0x94, 0xdf, 0x8c, 0xbf, 0x8c, 0xbf, 0x8c, 0x9f, 0x8c,
  0x9f, 0x8c, 0x9f, 0x8c, 0x7f, 0x8c, 0x7f, 0x8c, 0x5f, 0x8c, 0x5f, 0x8c, 0x5f, 0x8c, 0x5f, 0x94,
  0x3f, 0x94, 0x3f, 0x94, 0x1f, 0x94, 0x1f, 0x94, 0x1f, 0x94, 0x1f, 0x94, 0x3f, 0x9c, 0x1f, 0xb5,
  0xbf, 0xa4, 0x9f, 0xac, 0x00, 0x00, 0x5f, 0xad, 0x5f, 0xad, 0x00, 0x00, 0x00, 0x00, 0x00, 0x00,
  0x00, 0x00, 0x00, 0x00, 0x00, 0x00, 0x00, 0x00, 0x00, 0x00, 0x00, 0x00, 0x00, 0x00, 0x00, 0x00,
  0x00, 0x00, 0x00, 0x00, 0x00, 0x00, 0x00, 0x00, 0x00, 0x00, 0x00, 0x00, 0x00, 0x00, 0x00, 0x00,
  0x00, 0x00, 0x00, 0x00, 0x00, 0x00, 0x00, 0x00, 0x00, 0x00, 0x00, 0x00, 0x00, 0x00, 0x00, 0x00,
  0x00, 0x00, 0x00, 0x00, 0x00, 0x00, 0x00, 0x00, 0x00, 0x00, 0x00, 0x00, 0x00, 0x00, 0x00, 0x00,
  0x00, 0x00, 0x00, 0x00, 0x00, 0x00, 0x00, 0x00, 0x00, 0x00, 0x00, 0x00, 0x00, 0x00, 0x00, 0x00,
  0x00, 0x00, 0x00, 0x00, 0x00, 0x00, 0x00, 0x00, 0x00, 0x00, 0x00, 0x00, 0x00, 0x00, 0x00, 0x00,
  0x00, 0x00, 0x00, 0x00, 0x00, 0x00, 0x00, 0x00, 0x00, 0x00, 0x00, 0x00, 0xbf, 0x95, 0x00, 0x00,
  0x00, 0x00, 0x9f, 0xa5, 0x7f, 0xa5, 0x9f, 0xa5, 0xdf, 0x94, 0xdf, 0x8c, 0xbf, 0x8c, 0xbf, 0x8c,
  0x9f, 0x8c, 0x9f, 0x8c, 0x7f, 0x8c, 0x7f, 0x8c, 0x7f, 0x8c, 0x5f, 0x8c, 0x5f, 0x8c, 0x5f, 0x8c,
  0x5f, 0x94, 0x3f, 0x94, 0x1f, 0x94, 0x1f, 0x94, 0x1f, 0x94, 0x1f, 0x94, 0x1f, 0x94, 0x3f, 0x9c,
  0xff, 0xb4, 0xbf, 0xa4, 0x9f, 0xac, 0x00, 0x00, 0x5f, 0xad, 0x5f, 0xad, 0x00, 0x00, 0x00, 0x00,
  0x00, 0x00, 0x00, 0x00, 0x00, 0x00, 0x00, 0x00, 0x00, 0x00, 0x00, 0x00, 0x00, 0x00, 0x00, 0x00,
  0x00, 0x00, 0x00, 0x00, 0x00, 0x00, 0x00, 0x00, 0x00, 0x00, 0x00, 0x00, 0x00, 0x00, 0x00, 0x00,
  0x00, 0x00, 0x00, 0x00, 0x00, 0x00, 0x00, 0x00, 0x00, 0x00, 0x00, 0x00, 0x00, 0x00, 0x00, 0x00,
  0x00, 0x00, 0x00, 0x00, 0x00, 0x00, 0x00, 0x00, 0x00, 0x00, 0x00, 0x00, 0x00, 0x00, 0x00, 0x00,
  0x00, 0x00, 0x00, 0x00, 0x00, 0x00, 0x00, 0x00, 0x00, 0x00, 0x00, 0x00, 0x00, 0x00, 0x00, 0x00,
  0x00, 0x00, 0x00, 0x00, 0x00, 0x00, 0x00, 0x00, 0x00, 0x00, 0x00, 0x00, 0x00, 0x00, 0x00, 0x00,
  0x00, 0x00, 0x00, 0x00, 0x00, 0x00, 0x00, 0x00, 0x00, 0x00, 0x00, 0x00, 0x00, 0x00, 0x9f, 0x94,
  0x00, 0x00, 0x00, 0x00, 0x7f, 0xa5, 0x5f, 0x9d, 0x9f, 0xa5, 0xdf, 0x94, 0xbf, 0x8c, 0xbf, 0x8c,
  0x9f, 0x8c, 0x9f, 0x8c, 0x9f, 0x8c, 0x7f, 0x8c, 0x7f, 0x8c, 0x5f, 0x8c, 0x5f, 0x94, 0x5f, 0x94,
  0x3f, 0x94, 0x3f, 0x94, 0x3f, 0x94, 0x1f, 0x94, 0x1f, 0x94, 0x1f, 0x94, 0x1f, 0x94, 0x1f, 0x94,
  0x3f, 0x9c, 0xff, 0xb4, 0x9f, 0xa4, 0x9f, 0xac, 0x00, 0x00, 0x5f, 0xad, 0x5f, 0xad, 0x00, 0x00,
  0x00, 0x00, 0x00, 0x00, 0x00, 0x00, 0x00, 0x00, 0x00, 0x00, 0x00, 0x00, 0x00, 0x00, 0x00, 0x00,
  0x00, 0x00, 0x00, 0x00, 0x00, 0x00, 0x00, 0x00, 0x00, 0x00, 0x00, 0x00, 0x00, 0x00, 0x00, 0x00,
  0x00, 0x00, 0x00, 0x00, 0x00, 0x00, 0x00, 0x00, 0x00, 0x00, 0x00, 0x00, 0x00, 0x00, 0x00, 0x00,
  0x00, 0x00, 0x00, 0x00, 0x00, 0x00, 0x00, 0x00, 0x00, 0x00, 0x00, 0x00, 0x00, 0x00, 0x00, 0x00,
  0x00, 0x00, 0x00, 0x00, 0x00, 0x00, 0x00, 0x00, 0x00, 0x00, 0x00, 0x00, 0x00, 0x00, 0x00, 0x00,
  0x00, 0x00, 0x00, 0x00, 0x00, 0x00, 0x00, 0x00, 0x00, 0x00, 0x00, 0x00, 0x00, 0x00, 0x00, 0x00,
  0x00, 0x00, 0x00, 0x00, 0x00, 0x00, 0x00, 0x00, 0x00, 0x00, 0x00, 0x00, 0x00, 0x00, 0x00, 0x00,
  0x9f, 0x94, 0x00, 0x00, 0x00, 0x00, 0x7f, 0xa5, 0x5f, 0xa5, 0x9f, 0xad, 0xdf, 0x94, 0xbf, 0x8c,
  0x9f, 0x8c, 0x9f, 0x8c, 0x7f, 0x8c, 0x7f, 0x8c, 0x7f, 0x8c, 0x7f, 0x94, 0x5f, 0x94, 0x5f, 0x94,
  0x3f, 0x94, 0x3f, 0x94, 0x3f, 0x94, 0x1f, 0x94, 0x1f, 0x94, 0x1f, 0x94, 0x1f, 0x94, 0xff, 0x93,
  0x1f, 0x94, 0x3f, 0x9c, 0xff, 0xb4, 0x9f, 0xa4, 0x9f, 0xac, 0x00, 0x00, 0x5f, 0xad, 0x5f, 0xad,
  0x00, 0x00, 0x00, 0x00, 0x00, 0x00, 0x00, 0x00, 0x00, 0x00, 0x00, 0x00, 0x00, 0x00, 0x00, 0x00,
  0x00, 0x00, 0x00, 0x00, 0x00, 0x00, 0x00, 0x00, 0x00, 0x00, 0x00, 0x00, 0x00, 0x00, 0x00, 0x00,
  0x00, 0x00, 0x00, 0x00, 0x00, 0x00, 0x00, 0x00, 0x00, 0x00, 0x00, 0x00, 0x00, 0x00, 0x00, 0x00,
  0x00, 0x00, 0x00, 0x00, 0x00, 0x00, 0x00, 0x00, 0x00, 0x00, 0x00, 0x00, 0x00, 0x00, 0x00, 0x00,
  0x00, 0x00, 0x00, 0x00, 0x00, 0x00, 0x00, 0x00, 0x00, 0x00, 0x00, 0x00, 0x00, 0x00, 0x00, 0x00,
  0x00, 0x00, 0x00, 0x00, 0x00, 0x00, 0x00, 0x00, 0x00, 0x00, 0x00, 0x00, 0x00, 0x00, 0x00, 0x00,
  0x00, 0x00, 0x00, 0x00, 0x00, 0x00, 0x00, 0x00, 0x00, 0x00, 0x00, 0x00, 0x00, 0x00, 0x00, 0x00,
  0x00, 0x00, 0x9f, 0x94, 0x00, 0x00, 0x00, 0x00, 0x5f, 0xa5, 0x5f, 0xa5, 0x9f, 0xad, 0xdf, 0x94,
  0xbf, 0x8c, 0x9f, 0x8c, 0x7f, 0x8c, 0x7f, 0x8c, 0x7f, 0x8c, 0x7f, 0x8c, 0x7f, 0x94, 0x5f, 0x94,
  0x3f, 0x94, 0x3f, 0x94, 0x3f, 0x94, 0x3f, 0x94, 0x1f, 0x94, 0x1f, 0x94, 0x1f, 0x94, 0xff, 0x93,
  0xff, 0x93, 0xff, 0x93, 0x1f, 0x9c, 0xdf, 0xb4, 0x9f, 0xa4, 0x9f, 0xac, 0x00, 0x00, 0x5f, 0xad,
  0x5f, 0xad, 0x00, 0x00, 0x00, 0x00, 0x00, 0x00, 0x00, 0x00, 0x00, 0x00, 0x00, 0x00, 0x00, 0x00,
  0x00, 0x00, 0x00, 0x00, 0x00, 0x00, 0x00, 0x00, 0x00, 0x00, 0x00, 0x00, 0x00, 0x00, 0x00, 0x00,
  0x00, 0x00, 0x00, 0x00, 0x00, 0x00, 0x00, 0x00, 0x00, 0x00, 0x00, 0x00, 0x00, 0x00, 0x00, 0x00,
  0x00, 0x00, 0x00, 0x00, 0x00, 0x00, 0x00, 0x00, 0x00, 0x00, 0x00, 0x00, 0x00, 0x00, 0x00, 0x00,
  0x00, 0x00, 0x00, 0x00, 0x00, 0x00, 0x00, 0x00, 0x00, 0x00, 0x00, 0x00, 0x00, 0x00, 0x00, 0x00,
  0x00, 0x00, 0x00, 0x00, 0x00, 0x00, 0x00, 0x00, 0x00, 0x00, 0x00, 0x00, 0x00, 0x00, 0x00, 0x00,
  0x00, 0x00, 0x00, 0x00, 0x00, 0x00, 0x00, 0x00, 0x00, 0x00, 0x00, 0x00, 0x00, 0x00, 0x00, 0x00,
  0x00, 0x00, 0x00, 0x00, 0x9f, 0x94, 0x00, 0x00, 0x00, 0x00, 0x5f, 0xa5, 0x3f, 0xa5, 0x7f, 0xad,
  0xbf, 0x94, 0x9f, 0x8c, 0x7f, 0x8c, 0x7f, 0x8c, 0x7f, 0x8c, 0x7f, 0x8c, 0x5f, 0x8c, 0x5f, 0x94,
  0x5f, 0x94, 0x3f, 0x94, 0x3f, 0x94, 0x3f, 0x94, 0x1f, 0x94, 0x1f, 0x94, 0x1f, 0x94, 0xff, 0x93,
  0xff, 0x93, 0xdf, 0x93, 0xdf, 0x93, 0xff, 0x9b, 0xdf, 0xb4, 0x9f, 0xa4, 0x9f, 0xac, 0x00, 0x00,
  0x5f, 0xad, 0x5f, 0xad, 0x00, 0x00, 0x00, 0x00, 0x00, 0x00, 0x00, 0x00, 0x00, 0x00, 0x00, 0x00,
  0x00, 0x00, 0x00, 0x00, 0x00, 0x00, 0x00, 0x00, 0x00, 0x00, 0x00, 0x00, 0x00, 0x00, 0x00, 0x00,
  0x00, 0x00, 0x00, 0x00, 0x00, 0x00, 0x00, 0x00, 0x00, 0x00, 0x00, 0x00, 0x00, 0x00, 0x00, 0x00,
  0x00, 0x00, 0x00, 0x00, 0x00, 0x00, 0x00, 0x00, 0x00, 0x00, 0x00, 0x00, 0x00, 0x00, 0x00, 0x00,
  0x00, 0x00, 0x00, 0x00, 0x00, 0x00, 0x00, 0x00, 0x00, 0x00, 0x00, 0x00, 0x00, 0x00, 0x00, 0x00,
  0x00, 0x00, 0x00, 0x00, 0x00, 0x00, 0x00, 0x00, 0x00, 0x00, 0x00, 0x00, 0x00, 0x00, 0x00, 0x00,
  0x00, 0x00, 0x00, 0x00, 0x00, 0x00, 0x00, 0x00, 0x00, 0x00, 0x00, 0x00, 0x00, 0x00, 0x00, 0x00,
  0x00, 0x00, 0x00, 0x00, 0x00, 0x00, 0x9f, 0x94, 0x00, 0x00, 0x00, 0x00, 0x5f, 0xa5, 0x3f, 0xa5,
  0x7f, 0xad, 0xbf, 0x94, 0x9f, 0x8c, 0x7f, 0x8c, 0x7f, 0x8c, 0x7f, 0x8c, 0x7f, 0x8c, 0x5f, 0x8c,
  0x3f, 0x94, 0x3f, 0x94, 0x3f, 0x94, 0x1f, 0x94, 0x1f, 0x94, 0x1f, 0x94, 0x1f, 0x94, 0xff, 0x93,
  0xff, 0x93, 0xdf, 0x93, 0xdf, 0x93, 0xdf, 0x93, 0xff, 0x9b, 0xdf, 0xb4, 0x9f, 0xa4, 0x9f, 0xac,
  0x00, 0x00, 0x5f, 0xad, 0x5f, 0xad, 0x00, 0x00, 0x00, 0x00, 0x00, 0x00, 0x00, 0x00, 0x00, 0x00,
  0x00, 0x00, 0x00, 0x00, 0x00, 0x00, 0x00, 0x00, 0x00, 0x00, 0x00, 0x00, 0x00, 0x00, 0x00, 0x00,
  0x00, 0x00, 0x00, 0x00, 0x00, 0x00, 0x00, 0x00, 0x00, 0x00, 0x00, 0x00, 0x00, 0x00, 0x00, 0x00,
  0x00, 0x00, 0x00, 0x00, 0x00, 0x00, 0x00, 0x00, 0x00, 0x00, 0x00, 0x00, 0x00, 0x00, 0x00, 0x00,
  0x00, 0x00, 0x00, 0x00, 0x00, 0x00, 0x00, 0x00, 0x00, 0x00, 0x00, 0x00, 0x00, 0x00, 0x00, 0x00,
  0x00, 0x00, 0x00, 0x00, 0x00, 0x00, 0x00, 0x00, 0x00, 0x00, 0x00, 0x00, 0x00, 0x00, 0x00, 0x00,
  0x00, 0x00, 0x00, 0x00, 0x00, 0x00, 0x00, 0x00, 0x00, 0x00, 0x00, 0x00, 0x00, 0x00, 0x00, 0x00,
  0x00, 0x00, 0x00, 0x00, 0x00, 0x00, 0x00, 0x00, 0x9f, 0x94, 0x00, 0x00, 0x00, 0x00, 0x5f, 0xa5,
  0x3f, 0xa5, 0x7f, 0xad, 0x9f, 0x94, 0x9f, 0x94, 0x7f, 0x8c, 0x7f, 0x8c, 0x5f, 0x8c, 0x5f, 0x94,
  0x5f, 0x94, 0x3f, 0x94, 0x3f, 0x94, 0x1f, 0x94, 0x1f, 0x94, 0x1f, 0x94, 0x1f, 0x94, 0xff, 0x93,
  0xff, 0x93, 0xdf, 0x93, 0xdf, 0x93, 0xdf, 0x93, 0xdf, 0x93, 0xff, 0x9b, 0xdf, 0xb4, 0x7f, 0xa4,
  0x9f, 0xac, 0x00, 0x00, 0x5f, 0xad, 0x5f, 0xad, 0x00, 0x00, 0x00, 0x00, 0x00, 0x00, 0x00, 0x00,
  0x00, 0x00, 0x00, 0x00, 0x00, 0x00, 0x00, 0x00, 0x00, 0x00, 0x00, 0x00, 0x00, 0x00, 0x00, 0x00,
  0x00, 0x00, 0x00, 0x00, 0x00, 0x00, 0x00, 0x00, 0x00, 0x00, 0x00, 0x00, 0x00, 0x00, 0x00, 0x00,
  0x00, 0x00, 0x00, 0x00, 0x00, 0x00, 0x00, 0x00, 0x00, 0x00, 0x00, 0x00, 0x00, 0x00, 0x00, 0x00,
  0x00, 0x00, 0x00, 0x00, 0x00, 0x00, 0x00, 0x00, 0x00, 0x00, 0x00, 0x00, 0x00, 0x00, 0x00, 0x00,
  0x00, 0x00, 0x00, 0x00, 0x00, 0x00, 0x00, 0x00, 0x00, 0x00, 0x00, 0x00, 0x00, 0x00, 0x00, 0x00,
  0x00, 0x00, 0x00, 0x00, 0x00, 0x00, 0x00, 0x00, 0x00, 0x00, 0x00, 0x00, 0x00, 0x00, 0x00, 0x00,
  0x00, 0x00, 0x00, 0x00, 0x00, 0x00, 0x00, 0x00, 0x00, 0x00, 0x9f, 0x94, 0x00, 0x00, 0x00, 0x00,
  0x5f, 0xa5, 0x3f, 0xa5, 0x5f, 0xad, 0x9f, 0x94, 0x7f, 0x94, 0x7f, 0x8c, 0x5f, 0x8c, 0x5f, 0x8c,
  0x5f, 0x8c, 0x3f, 0x94, 0x3f, 0x94, 0x3f, 0x94, 0x1f, 0x94, 0x1f, 0x94, 0x1f, 0x94, 0xff, 0x93,
  0xff, 0x93, 0xff, 0x93, 0xdf, 0x93, 0xdf, 0x93, 0xbf, 0x93, 0xbf, 0x93, 0xff, 0x9b, 0xbf, 0xb4,
  0x7f, 0xac, 0x9f, 0xac, 0x00, 0x00, 0x5f, 0xad, 0x5f, 0xad, 0x00, 0x00, 0x00, 0x00, 0x00, 0x00,
  0x00, 0x00, 0x00, 0x00, 0x00, 0x00, 0x00, 0x00, 0x00, 0x00, 0x00, 0x00, 0x00, 0x00, 0x00, 0x00,
  0x00, 0x00, 0x00, 0x00, 0x00, 0x00, 0x00, 0x00, 0x00, 0x00, 0x00, 0x00, 0x00, 0x00, 0x00, 0x00,
  0x00, 0x00, 0x00, 0x00, 0x00, 0x00, 0x00, 0x00, 0x00, 0x00, 0x00, 0x00, 0x00, 0x00, 0x00, 0x00,
  0x00, 0x00, 0x00, 0x00, 0x00, 0x00, 0x00, 0x00, 0x00, 0x00, 0x00, 0x00, 0x00, 0x00, 0x00, 0x00,
  0x00, 0x00, 0x00, 0x00, 0x00, 0x00, 0x00, 0x00, 0x00, 0x00, 0x00, 0x00, 0x00, 0x00, 0x00, 0x00,
  0x00, 0x00, 0x00, 0x00, 0x00, 0x00, 0x00, 0x00, 0x00, 0x00, 0x00, 0x00, 0x00, 0x00, 0x00, 0x00,
  0x00, 0x00, 0x00, 0x00, 0x00, 0x00, 0x00, 0x00, 0x00, 0x00, 0x00, 0x00, 0x9f, 0x94, 0x00, 0x00,
  0x00, 0x00, 0x5f, 0xa5, 0x3f, 0xa5, 0x5f, 0xad, 0x9f, 0x94, 0x7f, 0x94, 0x7f, 0x8c, 0x5f, 0x8c,
  0x5f, 0x8c, 0x5f, 0x8c, 0x3f, 0x94, 0x1f, 0x94, 0x1f, 0x94, 0x1f, 0x94, 0x1f, 0x94, 0xff, 0x93,
  0xff, 0x93, 0xff, 0x93, 0xdf, 0x93, 0xdf, 0x93, 0xdf, 0x93, 0xbf, 0x93, 0xbf, 0x93, 0xff, 0x9b,
  0xbf, 0xb4, 0x7f, 0xac, 0x9f, 0xac, 0x00, 0x00, 0x5f, 0xad, 0x5f, 0xad, 0x00, 0x00, 0x00, 0x00,
  0x00, 0x00, 0x00, 0x00, 0x00, 0x00, 0x00, 0x00, 0x00, 0x00, 0x00, 0x00, 0x00, 0x00, 0x00, 0x00,
  0x00, 0x00, 0x00, 0x00, 0x00, 0x00, 0x00, 0x00, 0x00, 0x00, 0x00, 0x00, 0x00, 0x00, 0x00, 0x00,
  0x00, 0x00, 0x00, 0x00, 0x00, 0x00, 0x00, 0x00, 0x00, 0x00, 0x00, 0x00, 0x00, 0x00, 0x00, 0x00,
  0x00, 0x00, 0x00, 0x00, 0x00, 0x00, 0x00, 0x00, 0x00, 0x00, 0x00, 0x00, 0x00, 0x00, 0x00, 0x00,
  0x00, 0x00, 0x00, 0x00, 0x00, 0x00, 0x00, 0x00, 0x00, 0x00, 0x00, 0x00, 0x00, 0x00, 0x00, 0x00,
  0x00, 0x00, 0x00, 0x00, 0x00, 0x00, 0x00, 0x00, 0x00, 0x00, 0x00, 0x00, 0x00, 0x00, 0x00, 0x00,
  0x00, 0x00, 0x00, 0x00, 0x00, 0x00, 0x00, 0x00, 0x00, 0x00, 0x00, 0x00, 0x00, 0x00, 0x9f, 0x94,
  0x00, 0x00, 0x00, 0x00, 0x3f, 0xa5, 0x1f, 0xa5, 0x5f, 0xad, 0x9f, 0x94, 0x7f, 0x94, 0x5f, 0x94,
  0x5f, 0x94, 0x5f, 0x94, 0x3f, 0x94, 0x1f, 0x94, 0x1f, 0x94, 0x1f, 0x94, 0x1f, 0x94, 0x1f, 0x94,
  0xff, 0x93, 0xdf, 0x93, 0xdf, 0x93, 0xdf, 0x93, 0xdf, 0x93, 0xbf, 0x93, 0xbf, 0x93, 0xbf, 0x93,
  0xdf, 0x9b, 0xbf, 0xb4, 0x5f, 0xa4, 0x5f, 0xac, 0x00, 0x00, 0x5f, 0xad, 0x5f, 0xad, 0x00, 0x00,
  0x00, 0x00, 0x00, 0x00, 0x00, 0x00, 0x00, 0x00, 0x00, 0x00, 0x00, 0x00, 0x00, 0x00, 0x00, 0x00,
  0x00, 0x00, 0x00, 0x00, 0x00, 0x00, 0x00, 0x00, 0x00, 0x00, 0x00, 0x00, 0x00, 0x00, 0x00, 0x00,
  0x00, 0x00, 0x00, 0x00, 0x00, 0x00, 0x00, 0x00, 0x00, 0x00, 0x00, 0x00, 0x00, 0x00, 0x00, 0x00,
  0x00, 0x00, 0x00, 0x00, 0x00, 0x00, 0x00, 0x00, 0x00, 0x00, 0x00, 0x00, 0x00, 0x00, 0x00, 0x00,
  0x00, 0x00, 0x00, 0x00, 0x00, 0x00, 0x00, 0x00, 0x00, 0x00, 0x00, 0x00, 0x00, 0x00, 0x00, 0x00,
  0x00, 0x00, 0x00, 0x00, 0x00, 0x00, 0x00, 0x00, 0x00, 0x00, 0x00, 0x00, 0x00, 0x00, 0x00, 0x00,
  0x00, 0x00, 0x00, 0x00, 0x00, 0x00, 0x00, 0x00, 0x00, 0x00, 0x00, 0x00, 0x00, 0x00, 0x00, 0x00,
  0x9f, 0x94, 0x00, 0x00, 0x00, 0x00, 0x3f, 0xa5, 0x1f, 0xa5, 0x5f, 0xad, 0x7f, 0x94, 0x5f, 0x94,
  0x5f, 0x94, 0x5f, 0x94, 0x3f, 0x94, 0x3f, 0x94, 0x1f, 0x94, 0x1f, 0x94, 0x1f, 0x94, 0x1f, 0x94,
  0xff, 0x93, 0xff, 0x93, 0xdf, 0x93, 0xdf, 0x93, 0xdf, 0x93, 0xbf, 0x93, 0xbf, 0x93, 0xbf, 0x93,
  0xbf, 0x93, 0xdf, 0x9b, 0xbf, 0xb4, 0x5f, 0xac, 0x5f, 0xac, 0x00, 0x00, 0x5f, 0xad, 0x5f, 0xad,
  0x00, 0x00, 0x00, 0x00, 0x00, 0x00, 0x00, 0x00, 0x00, 0x00, 0x00, 0x00, 0x00, 0x00, 0x00, 0x00,
  0x00, 0x00, 0x00, 0x00, 0x00, 0x00, 0x00, 0x00, 0x00, 0x00, 0x00, 0x00, 0x00, 0x00, 0x00, 0x00,
  0x00, 0x00, 0x00, 0x00, 0x00, 0x00, 0x00, 0x00, 0x00, 0x00, 0x00, 0x00, 0x00, 0x00, 0x00, 0x00,
  0x00, 0x00, 0x00, 0x00, 0x00, 0x00, 0x00, 0x00, 0x00, 0x00, 0x00, 0x00, 0x00, 0x00, 0x00, 0x00,
  0x00, 0x00, 0x00, 0x00, 0x00, 0x00, 0x00, 0x00, 0x00, 0x00, 0x00, 0x00, 0x00, 0x00, 0x00, 0x00,
  0x00, 0x00, 0x00, 0x00, 0x00, 0x00, 0x00, 0x00, 0x00, 0x00, 0x00, 0x00, 0x00, 0x00, 0x00, 0x00,
  0x00, 0x00, 0x00, 0x00, 0x00, 0x00, 0x00, 0x00, 0x00, 0x00, 0x00, 0x00, 0x00, 0x00, 0x00, 0x00,
  0x00, 0x00, 0x9f, 0x94, 0x00, 0x00, 0x00, 0x00, 0x3f, 0xad, 0x1f, 0xa5, 0x3f, 0xad, 0x7f, 0x94,
  0x5f, 0x94, 0x5f, 0x8c, 0x3f, 0x8c, 0x3f, 0x94, 0x3f, 0x94, 0x1f, 0x94, 0x1f, 0x94, 0x1f, 0x94,
  0xff, 0x93, 0xff, 0x93, 0xdf, 0x93, 0xdf, 0x93, 0xdf, 0x93, 0xbf, 0x93, 0xbf, 0x93, 0xbf, 0x93,
  0xbf, 0x93, 0xbf, 0x93, 0xdf, 0x9b, 0x9f, 0xb4, 0x5f, 0xac, 0x5f, 0xac, 0x00, 0x00, 0x5f, 0xad,
  0x5f, 0xad, 0x00, 0x00, 0x00, 0x00, 0x00, 0x00, 0x00, 0x00, 0x00, 0x00, 0x00, 0x00, 0x00, 0x00,
  0x00, 0x00, 0x00, 0x00, 0x00, 0x00, 0x00, 0x00, 0x00, 0x00, 0x00, 0x00, 0x00, 0x00, 0x00, 0x00,
  0x00, 0x00, 0x00, 0x00, 0x00, 0x00, 0x00, 0x00, 0x00, 0x00, 0x00, 0x00, 0x00, 0x00, 0x00, 0x00,
  0x00, 0x00, 0x00, 0x00, 0x00, 0x00, 0x00, 0x00, 0x00, 0x00, 0x00, 0x00, 0x00, 0x00, 0x00, 0x00,
  0x00, 0x00, 0x00, 0x00, 0x00, 0x00, 0x00, 0x00, 0x00, 0x00, 0x00, 0x00, 0x00, 0x00, 0x00, 0x00,
  0x00, 0x00, 0x00, 0x00, 0x00, 0x00, 0x00, 0x00, 0x00, 0x00, 0x00, 0x00, 0x00, 0x00, 0x00, 0x00,
  0x00, 0x00, 0x00, 0x00, 0x00, 0x00, 0x00, 0x00, 0x00, 0x00, 0x00, 0x00, 0x00, 0x00, 0x00, 0x00,
  0x00, 0x00, 0x00, 0x00, 0x9f, 0x94, 0x00, 0x00, 0x00, 0x00, 0x1f, 0xa5, 0x1f, 0xa5, 0x3f, 0xad,
  0x7f, 0x94, 0x5f, 0x94, 0x3f, 0x8c, 0x3f, 0x8c, 0x3f, 0x94, 0x1f, 0x94, 0x1f, 0x94, 0x1f, 0x94,
  0xff, 0x93, 0xff, 0x93, 0xdf, 0x93, 0xdf, 0x93, 0xdf, 0x93, 0xbf, 0x93, 0xbf, 0x93, 0xbf, 0x93,
  0xbf, 0x93, 0xbf, 0x93, 0x9f, 0x93, 0xbf, 0x9b, 0x9f, 0xbc, 0x5f, 0xac, 0x5f, 0xac, 0x00, 0x00,
  0x5f, 0xad, 0x5f, 0xad, 0x00, 0x00, 0x00, 0x00, 0x00, 0x00, 0x00, 0x00, 0x00, 0x00, 0x00, 0x00,
  0x00, 0x00, 0x00, 0x00, 0x00, 0x00, 0x00, 0x00, 0x00, 0x00, 0x00, 0x00, 0x00, 0x00, 0x00, 0x00,
  0x00, 0x00, 0x00, 0x00, 0x00, 0x00, 0x00, 0x00, 0x00, 0x00, 0x00, 0x00, 0x00, 0x00, 0x00, 0x00,
  0x00, 0x00, 0x00, 0x00, 0x00, 0x00, 0x00, 0x00, 0x00, 0x00, 0x00, 0x00, 0x00, 0x00, 0x00, 0x00,
  0x00, 0x00, 0x00, 0x00, 0x00, 0x00, 0x00, 0x00, 0x00, 0x00, 0x00, 0x00, 0x00, 0x00, 0x00, 0x00,
  0x00, 0x00, 0x00, 0x00, 0x00, 0x00, 0x00, 0x00, 0x00, 0x00, 0x00, 0x00, 0x00, 0x00, 0x00, 0x00,
  0x00, 0x00, 0x00, 0x00, 0x00, 0x00, 0x00, 0x00, 0x00, 0x00, 0x00, 0x00, 0x00, 0x00, 0x00, 0x00,
  0x00, 0x00, 0x00, 0x00, 0x00, 0x00, 0x9f, 0x94, 0x00, 0x00, 0x00, 0x00, 0x1f, 0xa5, 0xff, 0xa4,
  0x3f, 0xad, 0x7f, 0x94, 0x5f, 0x94, 0x3f, 0x94, 0x3f, 0x94, 0x1f, 0x94, 0x1f, 0x94, 0x1f, 0x94,
  0xff, 0x93, 0xff, 0x93, 0xdf, 0x93, 0xdf, 0x93, 0xdf, 0x93, 0xbf, 0x93, 0xbf, 0x93, 0xbf, 0x93,
  0xbf, 0x93, 0x9f, 0x93, 0x9f, 0x93, 0x9f, 0x93, 0xbf, 0x9b, 0x9f, 0xbc, 0x5f, 0xac, 0x5f, 0xac,
  0x00, 0x00, 0x5f, 0xad, 0x5f, 0xad, 0x00, 0x00, 0x00, 0x00, 0x00, 0x00, 0x00, 0x00, 0x00, 0x00,
  0x00, 0x00, 0x00, 0x00, 0x00, 0x00, 0x00, 0x00, 0x00, 0x00, 0x00, 0x00, 0x00, 0x00, 0x00, 0x00,
  0x00, 0x00, 0x00, 0x00, 0x00, 0x00, 0x00, 0x00, 0x00, 0x00, 0x00, 0x00, 0x00, 0x00, 0x00, 0x00,
  0x00, 0x00, 0x00, 0x00, 0x00, 0x00, 0x00, 0x00, 0x00, 0x00, 0x00, 0x00, 0x00, 0x00, 0x00, 0x00,
  0x00, 0x00, 0x00, 0x00, 0x00, 0x00, 0x00, 0x00, 0x00, 0x00, 0x00, 0x00, 0x00, 0x00, 0x00, 0x00,
  0x00, 0x00, 0x00, 0x00, 0x00, 0x00, 0x00, 0x00, 0x00, 0x00, 0x00, 0x00, 0x00, 0x00, 0x00, 0x00,
  0x00, 0x00, 0x00, 0x00, 0x00, 0x00, 0x00, 0x00, 0x00, 0x00, 0x00, 0x00, 0x00, 0x00, 0x00, 0x00,
  0x00, 0x00, 0x00, 0x00, 0x00, 0x00, 0x00, 0x00, 0x9f, 0x94, 0x00, 0x00, 0x00, 0x00, 0x1f, 0xad,
  0xff, 0xa4, 0x1f, 0xad, 0x5f, 0x94, 0x3f, 0x94, 0x3f, 0x94, 0x1f, 0x94, 0x1f, 0x94, 0x1f, 0x94,
  0xff, 0x93, 0xff, 0x93, 0xdf, 0x93, 0xdf, 0x93, 0xdf, 0x93, 0xbf, 0x93, 0xbf, 0x93, 0xbf, 0x93,
  0x9f, 0x93, 0x9f, 0x93, 0x9f, 0x93, 0x9f, 0x93, 0x9f, 0x93, 0xdf, 0x9b, 0x9f, 0xbc, 0x5f, 0xac,
  0x5f, 0xac, 0x00, 0x00, 0x5f, 0xad, 0x5f, 0xad, 0x00, 0x00, 0x00, 0x00, 0x00, 0x00, 0x00, 0x00,
  0x00, 0x00, 0x00, 0x00, 0x00, 0x00, 0x00, 0x00, 0x00, 0x00, 0x00, 0x00, 0x00, 0x00, 0x00, 0x00,
  0x00, 0x00, 0x00, 0x00, 0x00, 0x00, 0x00, 0x00, 0x00, 0x00, 0x00, 0x00, 0x00, 0x00, 0x00, 0x00,
  0x00, 0x00, 0x00, 0x00, 0x00, 0x00, 0x00, 0x00, 0x00, 0x00, 0x00, 0x00, 0x00, 0x00, 0x00, 0x00,
  0x00, 0x00, 0x00, 0x00, 0x00, 0x00, 0x00, 0x00, 0x00, 0x00, 0x00, 0x00, 0x00, 0x00, 0x00, 0x00,
  0x00, 0x00, 0x00, 0x00, 0x00, 0x00, 0x00, 0x00, 0x00, 0x00, 0x00, 0x00, 0x00, 0x00, 0x00, 0x00,
  0x00, 0x00, 0x00, 0x00, 0x00, 0x00, 0x00, 0x00, 0x00, 0x00, 0x00, 0x00, 0x00, 0x00, 0x00, 0x00,
  0x00, 0x00, 0x00, 0x00, 0x00, 0x00, 0x00, 0x00, 0x00, 0x00, 0x9f, 0x94, 0x00, 0x00, 0x00, 0x00,
  0x1f, 0xad, 0xff, 0xa4, 0x1f, 0xad, 0x5f, 0x94, 0x3f, 0x94, 0x1f, 0x94, 0x1f, 0x94, 0x1f, 0x94,
  0x1f, 0x94, 0xff, 0x93, 0xdf, 0x93, 0xdf, 0x93, 0xdf, 0x93, 0xdf, 0x93, 0xbf, 0x93, 0xbf, 0x93,
  0xbf, 0x93, 0x9f, 0x93, 0x9f, 0x93, 0x9f, 0x93, 0x9f, 0x93, 0x9f, 0x9b, 0xdf, 0x9b, 0xbf, 0xbc,
  0x5f, 0xac, 0x5f, 0xac, 0x00, 0x00, 0x5f, 0xad, 0x5f, 0xad, 0x00, 0x00, 0x00, 0x00, 0x00, 0x00,
  0x00, 0x00, 0x00, 0x00, 0x00, 0x00, 0x00, 0x00, 0x00, 0x00, 0x00, 0x00, 0x00, 0x00, 0x00, 0x00,
  0x00, 0x00, 0x00, 0x00, 0x00, 0x00, 0x00, 0x00, 0x00, 0x00, 0x00, 0x00, 0x00, 0x00, 0x00, 0x00,
  0x00, 0x00, 0x00, 0x00, 0x00, 0x00, 0x00, 0x00, 0x00, 0x00, 0x00, 0x00, 0x00, 0x00, 0x00, 0x00,
  0x00, 0x00, 0x00, 0x00, 0x00, 0x00, 0x00, 0x00, 0x00, 0x00, 0x00, 0x00, 0x00, 0x00, 0x00, 0x00,
  0x00, 0x00, 0x00, 0x00, 0x00, 0x00, 0x00, 0x00, 0x00, 0x00, 0x00, 0x00, 0x00, 0x00, 0x00, 0x00,
  0x00, 0x00, 0x00, 0x00, 0x00, 0x00, 0x00, 0x00, 0x00, 0x00, 0x00, 0x00, 0x00, 0x00, 0x00, 0x00,
  0x00, 0x00, 0x00, 0x00, 0x00, 0x00, 0x00, 0x00, 0x00, 0x00, 0x00, 0x00, 0x9f, 0x94, 0x00, 0x00,
  0x00, 0x00, 0xff, 0xa4, 0xff, 0xa4, 0x1f, 0xad, 0x5f, 0x94, 0x3f, 0x94, 0x1f, 0x94, 0x1f, 0x94,
  0x1f, 0x94, 0xff, 0x93, 0xff, 0x93, 0xdf, 0x93, 0xdf, 0x93, 0xdf, 0x93, 0xbf, 0x93, 0xbf, 0x93,
  0xbf, 0x93, 0x9f, 0x93, 0x9f, 0x93, 0x9f, 0x93, 0x9f, 0x93, 0x9f, 0x93, 0x9f, 0x9b, 0xdf, 0x9b,
  0xbf, 0xbc, 0x5f, 0xac, 0x5f, 0xac, 0x00, 0x00, 0x5f, 0xad, 0x5f, 0xad, 0x00, 0x00, 0x00, 0x00,
  0x00, 0x00, 0x00, 0x00, 0x00, 0x00, 0x00, 0x00, 0x00, 0x00, 0x00, 0x00, 0x00, 0x00, 0x00, 0x00,
  0x00, 0x00, 0x00, 0x00, 0x00, 0x00, 0x00, 0x00, 0x00, 0x00, 0x00, 0x00, 0x00, 0x00, 0x00, 0x00,
  0x00, 0x00, 0x00, 0x00, 0x00, 0x00, 0x00, 0x00, 0x00, 0x00, 0x00, 0x00, 0x00, 0x00, 0x00, 0x00,
  0x00, 0x00, 0x00, 0x00, 0x00, 0x00, 0x00, 0x00, 0x00, 0x00, 0x00, 0x00, 0x00, 0x00, 0x00, 0x00,
  0x00, 0x00, 0x00, 0x00, 0x00, 0x00, 0x00, 0x00, 0x00, 0x00, 0x00, 0x00, 0x00, 0x00, 0x00, 0x00,
  0x00, 0x00, 0x00, 0x00, 0x00, 0x00, 0x00, 0x00, 0x00, 0x00, 0x00, 0x00, 0x00, 0x00, 0x00, 0x00,
  0x00, 0x00, 0x00, 0x00, 0x00, 0x00, 0x00, 0x00, 0x00, 0x00, 0x00, 0x00, 0x00, 0x00, 0x5f, 0xad,
  0x00, 0x00, 0x00, 0x00, 0x1f, 0xa5, 0xdf, 0xa4, 0xff, 0xac, 0x3f, 0x94, 0x1f, 0x94, 0x1f, 0x94,
  0x1f, 0x94, 0xff, 0x93, 0xff, 0x93, 0xdf, 0x93, 0xdf, 0x93, 0xdf, 0x93, 0xbf, 0x93, 0xbf, 0x93,
  0xbf, 0x93, 0x9f, 0x93, 0x9f, 0x93, 0x7f, 0x93, 0x7f, 0x93, 0x7f, 0x93, 0x7f, 0x93, 0x9f, 0x9b,
  0xdf, 0x9b, 0x9f, 0xb4, 0x5f, 0xac, 0xbf, 0xac, 0x00, 0x00, 0x5f, 0xad, 0xbf, 0xaa, 0x00, 0x00,
  0x00, 0x00, 0x00, 0x00, 0x00, 0x00, 0x00, 0x00, 0x00, 0x00, 0x00, 0x00, 0x00, 0x00, 0x00, 0x00,
  0x00, 0x00, 0x00, 0x00, 0x00, 0x00, 0x00, 0x00, 0x00, 0x00, 0x00, 0x00, 0x00, 0x00, 0x00, 0x00,
  0x00, 0x00, 0x00, 0x00, 0x00, 0x00, 0x00, 0x00, 0x00, 0x00, 0x00, 0x00, 0x00, 0x00, 0x00, 0x00,
  0x00, 0x00, 0x00, 0x00, 0x00, 0x00, 0x00, 0x00, 0x00, 0x00, 0x00, 0x00, 0x00, 0x00, 0x00, 0x00,
  0x00, 0x00, 0x00, 0x00, 0x00, 0x00, 0x00, 0x00, 0x00, 0x00, 0x00, 0x00, 0x00, 0x00, 0x00, 0x00,
  0x00, 0x00, 0x00, 0x00, 0x00, 0x00, 0x00, 0x00, 0x00, 0x00, 0x00, 0x00, 0x00, 0x00, 0x00, 0x00,
  0x00, 0x00, 0x00, 0x00, 0x00, 0x00, 0x00, 0x00, 0x00, 0x00, 0x00, 0x00, 0x00, 0x00, 0x00, 0x00,
  0x5f, 0xad, 0x00, 0x00, 0x00, 0x00, 0xff, 0xa4, 0xdf, 0xa4, 0xbf, 0xa4, 0x3f, 0x94, 0x1f, 0x94,
  0x1f, 0x94, 0xff, 0x93, 0xff, 0x93, 0xdf, 0x93, 0xdf, 0x93, 0xdf, 0x93, 0xdf, 0x93, 0xbf, 0x93,
  0xbf, 0x93, 0xbf, 0x93, 0x9f, 0x93, 0x9f, 0x93, 0x7f, 0x93, 0x7f, 0x93, 0x7f, 0x93, 0x7f, 0x93,
  0x9f, 0x9b, 0xdf, 0x9b, 0x5f, 0xac, 0x5f, 0xac, 0x9f, 0xac, 0x00, 0x00, 0x5f, 0xad, 0xbf, 0xaa,
  0x00, 0x00, 0x00, 0x00, 0x00, 0x00, 0x00, 0x00, 0x00, 0x00, 0x00, 0x00, 0x00, 0x00, 0x00, 0x00,
  0x00, 0x00, 0x00, 0x00, 0x00, 0x00, 0x00, 0x00, 0x00, 0x00, 0x00, 0x00, 0x00, 0x00, 0x00, 0x00,
  0x00, 0x00, 0x00, 0x00, 0x00, 0x00, 0x00, 0x00, 0x00, 0x00, 0x00, 0x00, 0x00, 0x00, 0x00, 0x00,
  0x00, 0x00, 0x00, 0x00, 0x00, 0x00, 0x00, 0x00, 0x00, 0x00, 0x00, 0x00, 0x00, 0x00, 0x00, 0x00,
  0x00, 0x00, 0x00, 0x00, 0x00, 0x00, 0x00, 0x00, 0x00, 0x00, 0x00, 0x00, 0x00, 0x00, 0x00, 0x00,
  0x00, 0x00, 0x00, 0x00, 0x00, 0x00, 0x00, 0x00, 0x00, 0x00, 0x00, 0x00, 0x00, 0x00, 0x00, 0x00,
  0x00, 0x00, 0x00, 0x00, 0x00, 0x00, 0x00, 0x00, 0x00, 0x00, 0x00, 0x00, 0x00, 0x00, 0x00, 0x00,
  0x00, 0x00, 0xdf, 0x9c, 0x00, 0x00, 0x00, 0x00, 0xdf, 0xa4, 0xdf, 0xa4, 0x9f, 0x9c, 0x5f, 0x94,
  0x1f, 0x94, 0xff, 0x93, 0xff, 0x93, 0xdf, 0x93, 0xdf, 0x93, 0xdf, 0x93, 0xdf, 0x93, 0xbf, 0x93,
  0xbf, 0x93, 0x9f, 0x93, 0x9f, 0x93, 0x9f, 0x93, 0x9f, 0x93, 0x7f, 0x93, 0x7f, 0x93, 0x7f, 0x93,
  0x9f, 0x93, 0xbf, 0x9b, 0xdf, 0x9b, 0x1f, 0xa4, 0x5f, 0xac, 0x5f, 0xac, 0x00, 0x00, 0xff, 0xfb,
  0xff, 0x7b, 0x00, 0x00, 0x00, 0x00, 0x00, 0x00, 0x00, 0x00, 0x00, 0x00, 0x00, 0x00, 0x00, 0x00,
  0x00, 0x00, 0x00, 0x00, 0x00, 0x00, 0x00, 0x00, 0x00, 0x00, 0x00, 0x00, 0x00, 0x00, 0x00, 0x00,
  0x00, 0x00, 0x00, 0x00, 0x00, 0x00, 0x00, 0x00, 0x00, 0x00, 0x00, 0x00, 0x00, 0x00, 0x00, 0x00,
  0x00, 0x00, 0x00, 0x00, 0x00, 0x00, 0x00, 0x00, 0x00, 0x00, 0x00, 0x00, 0x00, 0x00, 0x00, 0x00,
  0x00, 0x00, 0x00, 0x00, 0x00, 0x00, 0x00, 0x00, 0x00, 0x00, 0x00, 0x00, 0x00, 0x00, 0x00, 0x00,
  0x00, 0x00, 0x00, 0x00, 0x00, 0x00, 0x00, 0x00, 0x00, 0x00, 0x00, 0x00, 0x00, 0x00, 0x00, 0x00,
  0x00, 0x00, 0x00, 0x00, 0x00, 0x00, 0x00, 0x00, 0x00, 0x00, 0x00, 0x00, 0x00, 0x00, 0x00, 0x00,
  0x00, 0x00, 0x00, 0x00, 0xff, 0xff, 0x00, 0x00, 0x00, 0x00, 0x1f, 0xad, 0xdf, 0xa4, 0x7f, 0x9c,
  0x7f, 0x9c, 0x3f, 0x94, 0xff, 0x93, 0xff, 0x93, 0xdf, 0x93, 0xdf, 0x93, 0xbf, 0x93, 0xbf, 0x93,
  0xbf, 0x93, 0xbf, 0x93, 0x9f, 0x93, 0x9f, 0x93, 0x7f, 0x93, 0x7f, 0x93, 0x7f, 0x93, 0x7f, 0x93,
  0x9f, 0x93, 0x9f, 0x93, 0xdf, 0x9b, 0xdf, 0x9b, 0x1f, 0xa4, 0x5f, 0xac, 0xbf, 0xac, 0x00, 0x00,
  0xff, 0xff, 0xff, 0xff, 0x00, 0x00, 0x00, 0x00, 0x00, 0x00, 0x00, 0x00, 0x00, 0x00, 0x00, 0x00,
  0x00, 0x00, 0x00, 0x00, 0x00, 0x00, 0x00, 0x00, 0x00, 0x00, 0x00, 0x00, 0x00, 0x00, 0x00, 0x00,
  0x00, 0x00, 0x00, 0x00, 0x00, 0x00, 0x00, 0x00, 0x00, 0x00, 0x00, 0x00, 0x00, 0x00, 0x00, 0x00,
  0x00, 0x00, 0x00, 0x00, 0x00, 0x00, 0x00, 0x00, 0x00, 0x00, 0x00, 0x00, 0x00, 0x00, 0x00, 0x00,
  0x00, 0x00, 0x00, 0x00, 0x00, 0x00, 0x00, 0x00, 0x00, 0x00, 0x00, 0x00, 0x00, 0x00, 0x00, 0x00,
  0x00, 0x00, 0x00, 0x00, 0x00, 0x00, 0x00, 0x00, 0x00, 0x00, 0x00, 0x00, 0x00, 0x00, 0x00, 0x00,
  0x00, 0x00, 0x00, 0x00, 0x00, 0x00, 0x00, 0x00, 0x00, 0x00, 0x00, 0x00, 0x00, 0x00, 0x00, 0x00,
  0x00, 0x00, 0x00, 0x00, 0x00, 0x00, 0xff, 0xff, 0x00, 0x00, 0xff, 0xff, 0x5f, 0xad, 0xff, 0xa4,
  0x9f, 0xa4, 0xbf, 0xa4, 0x3f, 0x9c, 0xff, 0x93, 0xff, 0x93, 0xdf, 0x93, 0xdf, 0x93, 0xbf, 0x93,
  0xbf, 0x93, 0xbf, 0x93, 0x9f, 0x93, 0x9f, 0x93, 0x9f, 0x93, 0x7f, 0x93, 0x7f, 0x93, 0x7f, 0x93,
  0x7f, 0x93, 0x9f, 0x93, 0x9f, 0x93, 0x1f, 0xa4, 0x1f, 0xa4, 0x3f, 0xa4, 0x7f, 0xac, 0xff, 0x7d,
  0xff, 0xff, 0xff, 0xff, 0xff, 0xff, 0x00, 0x00, 0x00, 0x00, 0x00, 0x00, 0x00, 0x00, 0x00, 0x00,
  0x00, 0x00, 0x00, 0x00, 0x00, 0x00, 0x00, 0x00, 0x00, 0x00, 0x00, 0x00, 0x00, 0x00, 0x00, 0x00,
  0x00, 0x00, 0x00, 0x00, 0x00, 0x00, 0x00, 0x00, 0x00, 0x00, 0x00, 0x00, 0x00, 0x00, 0x00, 0x00,
  0x00, 0x00, 0x00, 0x00, 0x00, 0x00, 0x00, 0x00, 0x00, 0x00, 0x00, 0x00, 0x00, 0x00, 0x00, 0x00,
  0x00, 0x00, 0x00, 0x00, 0x00, 0x00, 0x00, 0x00, 0x00, 0x00, 0x00, 0x00, 0x00, 0x00, 0x00, 0x00,
  0x00, 0x00, 0x00, 0x00, 0x00, 0x00, 0x00, 0x00, 0x00, 0x00, 0x00, 0x00, 0x00, 0x00, 0x00, 0x00,
  0x00, 0x00, 0x00, 0x00, 0x00, 0x00, 0x00, 0x00, 0x00, 0x00, 0x00, 0x00, 0x00, 0x00, 0x00, 0x00,
  0x00, 0x00, 0x00, 0x00, 0x00, 0x00, 0x00, 0x00, 0x00, 0x00, 0x1f, 0x00, 0xff, 0xab, 0xff, 0xff,
  0xff, 0x9c, 0x9f, 0xa4, 0x7f, 0xa4, 0x3f, 0x9c, 0xff, 0x93, 0xdf, 0x93, 0xbf, 0x93, 0xbf, 0x93,
  0xbf, 0x93, 0xbf, 0x93, 0x9f, 0x93, 0x9f, 0x93, 0x9f, 0x93, 0x7f, 0x93, 0x7f, 0x93, 0x9f, 0x93,
  0x9f, 0x93, 0x9f, 0x93, 0x9f, 0x93, 0xbf, 0x9b, 0x3f, 0xac, 0x1f, 0xa4, 0x1f, 0xa4, 0xff, 0xbb,
  0x00, 0x00, 0xff, 0xab, 0x00, 0x00, 0x00, 0x00, 0x00, 0x00, 0x00, 0x00, 0x00, 0x00, 0x00, 0x00,
  0x00, 0x00, 0x00, 0x00, 0x00, 0x00, 0x00, 0x00, 0x00, 0x00, 0x00, 0x00, 0x00, 0x00, 0x00, 0x00,
  0x00, 0x00, 0x00, 0x00, 0x00, 0x00, 0x00, 0x00, 0x00, 0x00, 0x00, 0x00, 0x00, 0x00, 0x00, 0x00,
  0x00, 0x00, 0x00, 0x00, 0x00, 0x00, 0x00, 0x00, 0x00, 0x00, 0x00, 0x00, 0x00, 0x00, 0x00, 0x00,
  0x00, 0x00, 0x00, 0x00, 0x00, 0x00, 0x00, 0x00, 0x00, 0x00, 0x00, 0x00, 0x00, 0x00, 0x00, 0x00,
  0x00, 0x00, 0x00, 0x00, 0x00, 0x00, 0x00, 0x00, 0x00, 0x00, 0x00, 0x00, 0x00, 0x00, 0x00, 0x00,
  0x00, 0x00, 0x00, 0x00, 0x00, 0x00, 0x00, 0x00, 0x00, 0x00, 0x00, 0x00, 0x00, 0x00, 0x00, 0x00,
  0x00, 0x00, 0x00, 0x00, 0x00, 0x00, 0x00, 0x00, 0x00, 0x00, 0x00, 0x00, 0x1f, 0x00, 0xdf, 0x9c,
  0x00, 0x00, 0x00, 0x00, 0x9f, 0xa4, 0x5f, 0x9c, 0x5f, 0x9c, 0x5f, 0xa4, 0xdf, 0x93, 0xbf, 0x93,
  0xbf, 0x93, 0xbf, 0x93, 0x9f, 0x93, 0x9f, 0x93, 0x9f, 0x93, 0x9f, 0x93, 0x7f, 0x93, 0x7f, 0x93,
  0x7f, 0x93, 0x9f, 0x93, 0x9f, 0x93, 0xbf, 0x9b, 0x1f, 0xa4, 0x1f, 0xa4, 0x3f, 0xa4, 0x1f, 0xa4,
  0x00, 0x00, 0x00, 0x00, 0x3f, 0x9b, 0x00, 0x00, 0x00, 0x00, 0x00, 0x00, 0x00, 0x00, 0x00, 0x00,
  0x00, 0x00, 0x00, 0x00, 0x00, 0x00, 0x00, 0x00, 0x00, 0x00, 0x00, 0x00, 0x00, 0x00, 0x00, 0x00,
  0x00, 0x00, 0x00, 0x00, 0x00, 0x00, 0x00, 0x00, 0x00, 0x00, 0x00, 0x00, 0x00, 0x00, 0x00, 0x00,
  0x00, 0x00, 0x00, 0x00, 0x00, 0x00, 0x00, 0x00, 0x00, 0x00, 0x00, 0x00, 0x00, 0x00, 0x00, 0x00,
  0x00, 0x00, 0x00, 0x00, 0x00, 0x00, 0x00, 0x00, 0x00, 0x00, 0x00, 0x00, 0x00, 0x00, 0x00, 0x00,
  0x00, 0x00, 0x00, 0x00, 0x00, 0x00, 0x00, 0x00, 0x00, 0x00, 0x00, 0x00, 0x00, 0x00, 0x00, 0x00,
  0x00, 0x00, 0x00, 0x00, 0x00, 0x00, 0x00, 0x00, 0x00, 0x00, 0x00, 0x00, 0x00, 0x00, 0x00, 0x00,
  0x00, 0x00, 0x00, 0x00, 0x00, 0x00, 0x00, 0x00, 0x00, 0x00, 0x00, 0x00, 0x00, 0x00, 0x00, 0x00,
  0xff, 0xff, 0x00, 0x00, 0xff, 0xff, 0x00, 0x00, 0x7f, 0x9c, 0x5f, 0xa4, 0x3f, 0x9c, 0xff, 0x9b,
  0xdf, 0x9b, 0xbf, 0x93, 0xbf, 0x93, 0x9f, 0x93, 0x9f, 0x93, 0x9f, 0x93, 0x9f, 0x93, 0x9f, 0x93,
  0x9f, 0x93, 0x9f, 0x93, 0x9f, 0x9b, 0xbf, 0x9b, 0xdf, 0x9b, 0xff, 0x9b, 0x1f, 0xa4, 0x3f, 0xb4,
  0x00, 0x00, 0xff, 0x7b, 0x00, 0x00, 0x1f, 0xf8, 0x00, 0x00, 0x00, 0x00, 0x00, 0x00, 0x00, 0x00,
  0x00, 0x00, 0x00, 0x00, 0x00, 0x00, 0x00, 0x00, 0x00, 0x00, 0x00, 0x00, 0x00, 0x00, 0x00, 0x00,
  0x00, 0x00, 0x00, 0x00, 0x00, 0x00, 0x00, 0x00, 0x00, 0x00, 0x00, 0x00, 0x00, 0x00, 0x00, 0x00,
  0x00, 0x00, 0x00, 0x00, 0x00, 0x00, 0x00, 0x00, 0x00, 0x00, 0x00, 0x00, 0x00, 0x00, 0x00, 0x00,
  0x00, 0x00, 0x00, 0x00, 0x00, 0x00, 0x00, 0x00, 0x00, 0x00, 0x00, 0x00, 0x00, 0x00, 0x00, 0x00,
  0x00, 0x00, 0x00, 0x00, 0x00, 0x00, 0x00, 0x00, 0x00, 0x00, 0x00, 0x00, 0x00, 0x00, 0x00, 0x00,
  0x00, 0x00, 0x00, 0x00, 0x00, 0x00, 0x00, 0x00, 0x00, 0x00, 0x00, 0x00, 0x00, 0x00, 0x00, 0x00,
  0x00, 0x00, 0x00, 0x00, 0x00, 0x00, 0x00, 0x00, 0x00, 0x00, 0x00, 0x00, 0x00, 0x00, 0x00, 0x00,
  0x00, 0x00, 0x00, 0x00, 0x1f, 0x00, 0xff, 0xff, 0x00, 0x00, 0x5f, 0xad, 0x9f, 0x9c, 0x3f, 0xa4,
  0x5f, 0xa4, 0x5f, 0xac, 0xdf, 0x9b, 0xbf, 0x9b, 0x9f, 0x93, 0x9f, 0x93, 0x7f, 0x93, 0x7f, 0x93,
  0x9f, 0x93, 0x9f, 0x93, 0xbf, 0x9b, 0xdf, 0xa3, 0x1f, 0xac, 0xff, 0x9b, 0x1f, 0xa4, 0x3f, 0x9c,
  0x00, 0x00, 0x00, 0x00, 0xff, 0xfb, 0x00, 0x00, 0x00, 0x00, 0x00, 0x00, 0x00, 0x00, 0x00, 0x00,
  0x00, 0x00, 0x00, 0x00, 0x00, 0x00, 0x00, 0x00, 0x00, 0x00, 0x00, 0x00, 0x00, 0x00, 0x00, 0x00,
  0x00, 0x00, 0x00, 0x00, 0x00, 0x00, 0x00, 0x00, 0x00, 0x00, 0x00, 0x00, 0x00, 0x00, 0x00, 0x00,
  0x00, 0x00, 0x00, 0x00, 0x00, 0x00, 0x00, 0x00, 0x00, 0x00, 0x00, 0x00, 0x00, 0x00, 0x00, 0x00,
  0x00, 0x00, 0x00, 0x00, 0x00, 0x00, 0x00, 0x00, 0x00, 0x00, 0x00, 0x00, 0x00, 0x00, 0x00, 0x00,
  0x00, 0x00, 0x00, 0x00, 0x00, 0x00, 0x00, 0x00, 0x00, 0x00, 0x00, 0x00, 0x00, 0x00, 0x00, 0x00,
  0x00, 0x00, 0x00, 0x00, 0x00, 0x00, 0x00, 0x00, 0x00, 0x00, 0x00, 0x00, 0x00, 0x00, 0x00, 0x00,
  0x00, 0x00, 0x00, 0x00, 0x00, 0x00, 0x00, 0x00, 0x00, 0x00, 0x00, 0x00, 0x00, 0x00, 0x00, 0x00,
  0x00, 0x00, 0x00, 0x00, 0x00, 0x00, 0x1f, 0x00, 0x00, 0x00, 0xff, 0x7b, 0x00, 0x00, 0x00, 0x00,
  0x5f, 0xa4, 0x3f, 0xa4, 0x1f, 0x9c, 0xdf, 0x9b, 0xdf, 0x9b, 0xdf, 0xa3, 0xff, 0xa3, 0xff, 0xa3,
  0xff, 0xa3, 0xff, 0xa3, 0xdf, 0x9b, 0xbf, 0x9b, 0xdf, 0x9b, 0xff, 0x9b, 0xff, 0xa3, 0x7f, 0xa4,
  0x00, 0x00, 0xff, 0x7b, 0xbf, 0xaa, 0x00, 0x00, 0x00, 0x00, 0x00, 0x00, 0x00, 0x00, 0x00, 0x00,
  0x00, 0x00, 0x00, 0x00, 0x00, 0x00, 0x00, 0x00, 0x00, 0x00, 0x00, 0x00, 0x00, 0x00, 0x00, 0x00,
  0x00, 0x00, 0x00, 0x00, 0x00, 0x00, 0x00, 0x00, 0x00, 0x00, 0x00, 0x00, 0x00, 0x00, 0x00, 0x00,
  0x00, 0x00, 0x00, 0x00, 0x00, 0x00, 0x00, 0x00, 0x00, 0x00, 0x00, 0x00, 0x00, 0x00, 0x00, 0x00,
  0x00, 0x00, 0x00, 0x00, 0x00, 0x00, 0x00, 0x00, 0x00, 0x00, 0x00, 0x00, 0x00, 0x00, 0x00, 0x00,
  0x00, 0x00, 0x00, 0x00, 0x00, 0x00, 0x00, 0x00, 0x00, 0x00, 0x00, 0x00, 0x00, 0x00, 0x00, 0x00,
  0x00, 0x00, 0x00, 0x00, 0x00, 0x00, 0x00, 0x00, 0x00, 0x00, 0x00, 0x00, 0x00, 0x00, 0x00, 0x00,
  0x00, 0x00, 0x00, 0x00, 0x00, 0x00, 0x00, 0x00, 0x00, 0x00, 0x00, 0x00, 0x00, 0x00, 0x00, 0x00,
  0x00, 0x00, 0x00, 0x00, 0x00, 0x00, 0x00, 0x00, 0x00, 0x00, 0x00, 0x00, 0x00, 0x00, 0x00, 0x00,
  0x00, 0x00, 0xbf, 0xaa, 0xff, 0xab, 0x1f, 0xa4, 0x1f, 0xa4, 0xff, 0x9b, 0xff, 0x9b, 0xdf, 0x9b,
  0xff, 0xa3, 0xff, 0xa3, 0xdf, 0x9b, 0xff, 0x9b, 0xff, 0xa3, 0xff, 0xa3, 0xff, 0xa3, 0xff, 0xab,
  0x00, 0x00, 0x1f, 0xf8, 0x00, 0x00, 0x00, 0x00, 0x00, 0x00, 0x00, 0x00, 0x00, 0x00, 0x00, 0x00,
  0x00, 0x00, 0x00, 0x00, 0x00, 0x00, 0x00, 0x00, 0x00, 0x00, 0x00, 0x00, 0x00, 0x00, 0x00, 0x00,
  0x00, 0x00, 0x00, 0x00, 0x00, 0x00, 0x00, 0x00, 0x00, 0x00, 0x00, 0x00, 0x00, 0x00, 0x00, 0x00,
  0x00, 0x00, 0x00, 0x00, 0x00, 0x00, 0x00, 0x00, 0x00, 0x00, 0x00, 0x00, 0x00, 0x00, 0x00, 0x00,
  0x00, 0x00, 0x00, 0x00, 0x00, 0x00, 0x00, 0x00, 0x00, 0x00, 0x00, 0x00, 0x00, 0x00, 0x00, 0x00,
  0x00, 0x00, 0x00, 0x00, 0x00, 0x00, 0x00, 0x00, 0x00, 0x00, 0x00, 0x00, 0x00, 0x00, 0x00, 0x00,
  0x00, 0x00, 0x00, 0x00, 0x00, 0x00, 0x00, 0x00, 0x00, 0x00, 0x00, 0x00, 0x00, 0x00, 0x00, 0x00,
  0x00, 0x00, 0x00, 0x00, 0x00, 0x00, 0x00, 0x00, 0x00, 0x00, 0x00, 0x00, 0x00, 0x00, 0x00, 0x00,
  0x00, 0x00, 0x00, 0x00, 0x00, 0x00, 0x00, 0x00, 0x00, 0x00, 0x00, 0x00, 0x00, 0x00, 0x00, 0x00,
  0xff, 0x7b, 0xbf, 0xaa, 0x00, 0x00, 0x00, 0x00, 0xbf, 0xaa, 0x5f, 0xa4, 0xff, 0x9b, 0xff, 0xa3,
  0xff, 0x9b, 0xdf, 0x9b, 0xff, 0x9b, 0xff, 0xa3, 0x1f, 0xa4, 0xff, 0xa3, 0x3f, 0xa4, 0x00, 0x00,
  0x00, 0x00, 0x00, 0x00, 0xff, 0xbb, 0x1f, 0x00, 0x00, 0x00, 0x00, 0x00, 0x00, 0x00, 0x00, 0x00,
  0x00, 0x00, 0x00, 0x00, 0x00, 0x00, 0x00, 0x00, 0x00, 0x00, 0x00, 0x00, 0x00, 0x00, 0x00, 0x00,
  0x00, 0x00, 0x00, 0x00, 0x00, 0x00, 0x00, 0x00, 0x00, 0x00, 0x00, 0x00, 0x00, 0x00, 0x00, 0x00,
  0x00, 0x00, 0x00, 0x00, 0x00, 0x00, 0x00, 0x00, 0x00, 0x00, 0x00, 0x00, 0x00, 0x00, 0x00, 0x00,
  0x00, 0x00, 0x00, 0x00, 0x00, 0x00, 0x00, 0x00, 0x00, 0x00, 0x00, 0x00, 0x00, 0x00, 0x00, 0x00,
  0x00, 0x00, 0x00, 0x00, 0x00, 0x00, 0x00, 0x00, 0x00, 0x00, 0x00, 0x00, 0x00, 0x00, 0x00, 0x00,
  0x00, 0x00, 0x00, 0x00, 0x00, 0x00, 0x00, 0x00, 0x00, 0x00, 0x00, 0x00, 0x00, 0x00, 0x00, 0x00,
  0x00, 0x00, 0x00, 0x00, 0x00, 0x00, 0x00, 0x00, 0x00, 0x00, 0x00, 0x00, 0x00, 0x00, 0x00, 0x00,
  0x00, 0x00, 0x00, 0x00, 0x00, 0x00, 0x00, 0x00, 0x00, 0x00, 0x00, 0x00, 0x00, 0x00, 0x00, 0x00,
  0x00, 0x00, 0x00, 0x00, 0x00, 0x00, 0xff, 0x7b, 0x9f, 0x94, 0x00, 0x00, 0x00, 0x00, 0x00, 0x00,
  0x00, 0x00, 0x00, 0x00, 0x00, 0x00, 0x00, 0x00, 0x00, 0x00, 0x00, 0x00, 0x00, 0x00, 0x00, 0x00,
  0xbf, 0xaa, 0xff, 0xab, 0xff, 0x7b, 0x00, 0x00, 0x00, 0x00, 0x00, 0x00, 0x00, 0x00, 0x00, 0x00,
  0x00, 0x00, 0x00, 0x00, 0x00, 0x00, 0x00, 0x00, 0x00, 0x00, 0x00, 0x00, 0x00, 0x00, 0x00, 0x00,
  0x00, 0x00, 0x00, 0x00, 0x00, 0x00, 0x00, 0x00, 0x00, 0x00, 0x00, 0x00, 0x00, 0x00, 0x00, 0x00,
  0x00, 0x00, 0x00, 0x00, 0x00, 0x00, 0x00, 0x00, 0x00, 0x00, 0x00, 0x00, 0x00, 0x00, 0x00, 0x00,
  0x00, 0x00, 0x00, 0x00, 0x00, 0x00, 0x00, 0x00, 0x00, 0x00, 0x00, 0x00, 0x00, 0x00, 0x00, 0x00,
  0x00, 0x00, 0x00, 0x00, 0x00, 0x00, 0x00, 0x00, 0x00, 0x00, 0x00, 0x00, 0x00, 0x00, 0x00, 0x00,
  0x00, 0x00, 0x00, 0x00, 0x00, 0x00, 0x00, 0x00, 0x04, 0x06, 0x00, 0x00, 0x00, 0x00, 0x00, 0x00,
  0x00, 0x00, 0x00, 0x00, 0x00, 0x03, 0x06, 0x02, 0x00, 0x00, 0x00, 0x00, 0x00, 0x00, 0x00, 0x00,
  0x00, 0x00, 0x00, 0x00, 0x00, 0x00, 0x00, 0x00, 0x00, 0x00, 0x00, 0x00, 0x00, 0x00, 0x00, 0x00,
  0x00, 0x00, 0x00, 0x00, 0x00, 0x00, 0x00, 0x00, 0x00, 0x00, 0x00, 0x00, 0x00, 0x00, 0x00, 0x00,
  0x00, 0x00, 0x00, 0x00, 0x00, 0x00, 0x00, 0x00, 0x00, 0x00, 0x00, 0x00, 0x00, 0x00, 0x00, 0x00,
  0x00, 0x00, 0x00, 0x00, 0x00, 0x00, 0x00, 0x00, 0x00, 0x00, 0x00, 0x00, 0x00, 0x00, 0x00, 0x02,
  0x03, 0x00, 0x00, 0x06, 0x25, 0x40, 0x51, 0x59, 0x5f, 0x5e, 0x57, 0x4c, 0x38, 0x1b, 0x00, 0x00,
  0x00, 0x04, 0x01, 0x00, 0x00, 0x00, 0x00, 0x00, 0x00, 0x00, 0x00, 0x00, 0x00, 0x00, 0x00, 0x00,
  0x00, 0x00, 0x00, 0x00, 0x00, 0x00, 0x00, 0x00, 0x00, 0x00, 0x00, 0x00, 0x00, 0x00, 0x00, 0x00,
  0x00, 0x00, 0x00, 0x00, 0x00, 0x00, 0x00, 0x00, 0x00, 0x00, 0x00, 0x00, 0x00, 0x00, 0x00, 0x00,
  0x00, 0x00, 0x00, 0x00, 0x00, 0x00, 0x00, 0x00, 0x00, 0x00, 0x00, 0x00, 0x00, 0x00, 0x00, 0x00,
  0x00, 0x00, 0x00, 0x00, 0x00, 0x00, 0x00, 0x00, 0x00, 0x01, 0x02, 0x0b, 0x47, 0x8c, 0xc5, 0xea,
  0xfd, 0xff, 0xff, 0xf8, 0xdf, 0xb4, 0x74, 0x2e, 0x07, 0x01, 0x01, 0x00, 0x00, 0x00, 0x00, 0x00,
  0x00, 0x00, 0x00, 0x00, 0x00, 0x00, 0x00, 0x00, 0x00, 0x00, 0x00, 0x00, 0x00, 0x00, 0x00, 0x00,
  0x00, 0x00, 0x00, 0x00, 0x00, 0x00, 0x00, 0x00, 0x00, 0x00, 0x00, 0x00, 0x00, 0x00, 0x00, 0x00,
  0x00, 0x00, 0x00, 0x00, 0x00, 0x00, 0x00, 0x00, 0x00, 0x00, 0x00, 0x00, 0x00, 0x00, 0x00, 0x00,
  0x00, 0x00, 0x00, 0x00, 0x00, 0x00, 0x00, 0x00, 0x00, 0x00, 0x00, 0x00, 0x00, 0x00, 0x01, 0x01,
  0x07, 0x00, 0x00, 0x40, 0x9a, 0xce, 0xe8, 0xfd, 0xff, 0xff, 0xff, 0xff, 0xff, 0xff, 0xf7, 0xdd,
  0xc4, 0x8c, 0x21, 0x00, 0x02, 0x02, 0x00, 0x00, 0x00, 0x00, 0x00, 0x00, 0x00, 0x00, 0x00, 0x00,
  0x00, 0x00, 0x00, 0x00, 0x00, 0x00, 0x00, 0x00, 0x00, 0x00, 0x00, 0x00, 0x00, 0x00, 0x00, 0x00,
  0x00, 0x00, 0x00, 0x00, 0x00, 0x00, 0x00, 0x00, 0x00, 0x00, 0x00, 0x00, 0x00, 0x00, 0x00, 0x00,
  0x00, 0x00, 0x00, 0x00, 0x00, 0x00, 0x00, 0x00, 0x00, 0x00, 0x00, 0x00, 0x00, 0x00, 0x00, 0x00,
  0x00, 0x00, 0x00, 0x00, 0x00, 0x00, 0x00, 0x02, 0x00, 0x00, 0x05, 0x3e, 0xa2, 0xfb, 0xff, 0xff,
  0xff, 0xfb, 0xf9, 0xf7, 0xf7, 0xf9, 0xfc, 0xff, 0xff, 0xff, 0xf0, 0x7f, 0x21, 0x00, 0x00, 0x02,
  0x00, 0x00, 0x00, 0x00, 0x00, 0x00, 0x00, 0x00, 0x00, 0x00, 0x00, 0x00, 0x00, 0x00, 0x00, 0x00,
  0x00, 0x00, 0x00, 0x00, 0x00, 0x00, 0x00, 0x00, 0x00, 0x00, 0x00, 0x00, 0x00, 0x00, 0x00, 0x00,
  0x00, 0x00, 0x00, 0x00, 0x00, 0x00, 0x00, 0x00, 0x00, 0x00, 0x00, 0x00, 0x00, 0x00, 0x00, 0x00,
  0x00, 0x00, 0x00, 0x00, 0x00, 0x00, 0x00, 0x00, 0x00, 0x00, 0x00, 0x00, 0x00, 0x00, 0x00, 0x01,
  0x02, 0x01, 0x00, 0x3a, 0xbd, 0xf9, 0xff, 0xff, 0xff, 0xff, 0xff, 0xff, 0xff, 0xff, 0xff, 0xff,
  0xff, 0xff, 0xff, 0xff, 0xf0, 0x90, 0x18, 0x00, 0x04, 0x00, 0x01, 0x00, 0x00, 0x00, 0x00, 0x00,
  0x00, 0x00, 0x00, 0x00, 0x00, 0x00, 0x00, 0x00, 0x00, 0x00, 0x00, 0x00, 0x00, 0x00, 0x00, 0x00,
  0x00, 0x00, 0x00, 0x00, 0x00, 0x00, 0x00, 0x00, 0x00, 0x00, 0x00, 0x00, 0x00, 0x00, 0x00, 0x00,
  0x00, 0x00, 0x00, 0x00, 0x00, 0x00, 0x00, 0x00, 0x00, 0x00, 0x00, 0x00, 0x00, 0x00, 0x00, 0x00,
  0x00, 0x00, 0x00, 0x00, 0x00, 0x00, 0x01, 0x01, 0x06, 0x00, 0x00, 0x48, 0xae, 0xfa, 0xff, 0xfd,
  0xfb, 0xfc, 0xfd, 0xfe, 0xff, 0xff, 0xff, 0xff, 0xfe, 0xfd, 0xfb, 0xf9, 0xff, 0xff, 0xe4, 0x80,
  0x20, 0x00, 0x00, 0x05, 0x00, 0x00, 0x00, 0x00, 0x00, 0x00, 0x00, 0x00, 0x00, 0x00, 0x00, 0x00,
  0x00, 0x00, 0x00, 0x00, 0x00, 0x00, 0x00, 0x00, 0x00, 0x00, 0x00, 0x00, 0x00, 0x00, 0x00, 0x00,
  0x00, 0x00, 0x00, 0x00, 0x00, 0x00, 0x00, 0x00, 0x00, 0x00, 0x00, 0x00, 0x00, 0x00, 0x00, 0x00,
  0x00, 0x00, 0x00, 0x00, 0x00, 0x00, 0x00, 0x00, 0x00, 0x00, 0x00, 0x00, 0x00, 0x00, 0x00, 0x01,
  0x00, 0x00, 0x07, 0x38, 0xb3, 0xff, 0xff, 0xfb, 0xfe, 0xff, 0xff, 0xff, 0xff, 0xff, 0xff, 0xff,
  0xff, 0xff, 0xff, 0xff, 0xfe, 0xfe, 0xfa, 0xff, 0xe4, 0x59, 0x04, 0x00, 0x06, 0x00, 0x00, 0x00,
  0x00, 0x00, 0x00, 0x00, 0x00, 0x00, 0x00, 0x00, 0x00, 0x00, 0x00, 0x00, 0x00, 0x00, 0x00, 0x00,
  0x00, 0x00, 0x00, 0x00, 0x00, 0x00, 0x00, 0x00, 0x00, 0x00, 0x00, 0x00, 0x00, 0x00, 0x00, 0x00,
  0x00, 0x00, 0x00, 0x00, 0x00, 0x00, 0x00, 0x00, 0x00, 0x00, 0x00, 0x00, 0x00, 0x00, 0x00, 0x00,
  0x00, 0x00, 0x00, 0x00, 0x00, 0x00, 0x00, 0x01, 0x05, 0x00, 0x00, 0x44, 0xbb, 0xf5, 0xff, 0xff,
  0xfd, 0xff, 0xff, 0xff, 0xff, 0xff, 0xff, 0xff, 0xff, 0xff, 0xff, 0xff, 0xff, 0xff, 0xff, 0xfa,
  0xff, 0xff, 0x95, 0x2c, 0x04, 0x01, 0x01, 0x01, 0x00, 0x00, 0x00, 0x00, 0x00, 0x00, 0x00, 0x00,
  0x00, 0x00, 0x00, 0x00, 0x00, 0x00, 0x00, 0x00, 0x00, 0x00, 0x00, 0x00, 0x00, 0x00, 0x00, 0x00,
  0x00, 0x00, 0x00, 0x00, 0x00, 0x00, 0x00, 0x00, 0x00, 0x00, 0x00, 0x00, 0x00, 0x00, 0x00, 0x00,
  0x00, 0x00, 0x00, 0x00, 0x00, 0x00, 0x00, 0x00, 0x00, 0x00, 0x00, 0x00, 0x00, 0x00, 0x00, 0x01,
  0x02, 0x00, 0x03, 0x43, 0xac, 0xff, 0xff, 0xf8, 0xfd, 0xfe, 0xff, 0xff, 0xff, 0xff, 0xff, 0xff,
  0xff, 0xff, 0xff, 0xff, 0xff, 0xff, 0xff, 0xff, 0xfa, 0xfc, 0xff, 0xc9, 0x64, 0x0c, 0x00, 0x01,
  0x01, 0x00, 0x00, 0x00, 0x00, 0x00, 0x00, 0x00, 0x00, 0x00, 0x00, 0x00, 0x00, 0x00, 0x00, 0x00,
  0x00, 0x00, 0x00, 0x00, 0x00, 0x00, 0x00, 0x00, 0x00, 0x00, 0x00, 0x00, 0x00, 0x00, 0x00, 0x00,
  0x00, 0x00, 0x00, 0x00, 0x00, 0x00, 0x00, 0x00, 0x00, 0x00, 0x00, 0x00, 0x00, 0x00, 0x00, 0x00,
  0x00, 0x00, 0x00, 0x00, 0x00, 0x00, 0x00, 0x01, 0x00, 0x01, 0x01, 0x39, 0xba, 0xff, 0xff, 0xff,
  0xfe, 0xff, 0xff, 0xff, 0xff, 0xff, 0xff, 0xff, 0xff, 0xff, 0xff, 0xff, 0xff, 0xff, 0xff, 0xff,
  0xff, 0xfd, 0xff, 0xff, 0xef, 0x99, 0x16, 0x00, 0x02, 0x02, 0x00, 0x00, 0x00, 0x00, 0x00, 0x00,
  0x00, 0x00, 0x00, 0x00, 0x00, 0x00, 0x00, 0x00, 0x00, 0x00, 0x00, 0x00, 0x00, 0x00, 0x00, 0x00,
  0x00, 0x00, 0x00, 0x00, 0x00, 0x00, 0x00, 0x00, 0x00, 0x00, 0x00, 0x00, 0x00, 0x00, 0x00, 0x00,
  0x00, 0x00, 0x00, 0x00, 0x00, 0x00, 0x00, 0x00, 0x00, 0x00, 0x00, 0x00, 0x00, 0x00, 0x01, 0x01,
  0x07, 0x00, 0x00, 0x4c, 0xb6, 0xf6, 0xff, 0xff, 0xfe, 0xff, 0xff, 0xff, 0xff, 0xff, 0xff, 0xff,
  0xff, 0xff, 0xff, 0xff, 0xff, 0xff, 0xff, 0xff, 0xff, 0xff, 0xff, 0xfe, 0xfe, 0xfe, 0xba, 0x1d,
  0x00, 0x03, 0x03, 0x00, 0x00, 0x00, 0x00, 0x00, 0x00, 0x00, 0x00, 0x00, 0x00, 0x00, 0x00, 0x00,
  0x00, 0x00, 0x00, 0x00, 0x00, 0x00, 0x00, 0x00, 0x00, 0x00, 0x00, 0x00, 0x00, 0x00, 0x00, 0x00,
  0x00, 0x00, 0x00, 0x00, 0x00, 0x00, 0x00, 0x00, 0x00, 0x00, 0x00, 0x00, 0x00, 0x00, 0x00, 0x00,
  0x00, 0x00, 0x00, 0x00, 0x00, 0x00, 0x00, 0x02, 0x00, 0x00, 0x07, 0x3d, 0xb0, 0xff, 0xff, 0xf7,
  0xfe, 0xff, 0xff, 0xff, 0xff, 0xff, 0xff, 0xff, 0xff, 0xff, 0xff, 0xff, 0xff, 0xff, 0xff, 0xff,
  0xff, 0xff, 0xff, 0xff, 0xfc, 0xfe, 0xff, 0xc9, 0x20, 0x00, 0x03, 0x03, 0x00, 0x00, 0x00, 0x00,
  0x00, 0x00, 0x00, 0x00, 0x00, 0x00, 0x00, 0x00, 0x00, 0x00, 0x00, 0x00, 0x00, 0x00, 0x00, 0x00,
  0x00, 0x00, 0x00, 0x00, 0x00, 0x00, 0x00, 0x00, 0x00, 0x00, 0x00, 0x00, 0x00, 0x00, 0x00, 0x00,
  0x00, 0x00, 0x00, 0x00, 0x00, 0x00, 0x00, 0x00, 0x00, 0x00, 0x00, 0x00, 0x00, 0x00, 0x00, 0x01,
  0x03, 0x01, 0x00, 0x40, 0xbe, 0xf8, 0xff, 0xff, 0xfd, 0xff, 0xff, 0xff, 0xff, 0xff, 0xff, 0xff,
  0xff, 0xff, 0xff, 0xff, 0xff, 0xff, 0xff, 0xff, 0xff, 0xff, 0xff, 0xff, 0xff, 0xfb, 0xfe, 0xff,
  0xd3, 0x21, 0x00, 0x03, 0x03, 0x00, 0x00, 0x00, 0x00, 0x00, 0x00, 0x00, 0x00, 0x00, 0x00, 0x00,
  0x00, 0x00, 0x00, 0x00, 0x00, 0x00, 0x00, 0x00, 0x00, 0x00, 0x00, 0x00, 0x00, 0x00, 0x00, 0x00,
  0x00, 0x00, 0x00, 0x00, 0x00, 0x00, 0x00, 0x00, 0x00, 0x00, 0x00, 0x00, 0x00, 0x00, 0x00, 0x00,
  0x00, 0x00, 0x00, 0x00, 0x00, 0x00, 0x00, 0x02, 0x05, 0x00, 0x00, 0x49, 0xaf, 0xfd, 0xff, 0xfa,
  0xfc, 0xfe, 0xff, 0xff, 0xff, 0xff, 0xff, 0xff, 0xff, 0xff, 0xff, 0xff, 0xff, 0xff, 0xff, 0xff,
  0xff, 0xff, 0xff, 0xff, 0xff, 0xff, 0xfb, 0xfe, 0xff, 0xd4, 0x21, 0x00, 0x03, 0x03, 0x00, 0x00,
  0x00, 0x00, 0x00, 0x00, 0x00, 0x00, 0x00, 0x00, 0x00, 0x00, 0x00, 0x00, 0x00, 0x00, 0x00, 0x00,
  0x00, 0x00, 0x00, 0x00, 0x00, 0x00, 0x00, 0x00, 0x00, 0x00, 0x00, 0x00, 0x00, 0x00, 0x00, 0x00,
  0x00, 0x00, 0x00, 0x00, 0x00, 0x00, 0x00, 0x00, 0x00, 0x00, 0x00, 0x00, 0x00, 0x00, 0x00, 0x01,
  0x00, 0x00, 0x06, 0x3b, 0xb7, 0xff, 0xfe, 0xfb, 0xfe, 0xfe, 0xfe, 0xff, 0xff, 0xff, 0xff, 0xff,
  0xff, 0xff, 0xff, 0xff, 0xff, 0xff, 0xff, 0xff, 0xff, 0xff, 0xff, 0xff, 0xff, 0xff, 0xff, 0xfb,
  0xfe, 0xff, 0xd3, 0x21, 0x00, 0x03, 0x03, 0x00, 0x00, 0x00, 0x00, 0x00, 0x00, 0x00, 0x00, 0x00,
  0x00, 0x00, 0x00, 0x00, 0x00, 0x00, 0x00, 0x00, 0x00, 0x00, 0x00, 0x00, 0x00, 0x00, 0x00, 0x00,
  0x00, 0x00, 0x00, 0x00, 0x00, 0x00, 0x00, 0x00, 0x00, 0x00, 0x00, 0x00, 0x00, 0x00, 0x00, 0x00,
  0x00, 0x00, 0x00, 0x00, 0x00, 0x00, 0x00, 0x01, 0x06, 0x00, 0x00, 0x4a, 0xbd, 0xf6, 0xff, 0xff,
  0xfc, 0xfe, 0xfe, 0xfe, 0xff, 0xff, 0xff, 0xff, 0xff, 0xff, 0xff, 0xff, 0xff, 0xff, 0xff, 0xff,
  0xff, 0xff, 0xff, 0xff, 0xff, 0xff, 0xff, 0xff, 0xfb, 0xfe, 0xff, 0xd3, 0x21, 0x00, 0x03, 0x03,
  0x00, 0x00, 0x00, 0x00, 0x00, 0x00, 0x00, 0x00, 0x00, 0x00, 0x00, 0x00, 0x00, 0x00, 0x00, 0x00,
  0x00, 0x00, 0x00, 0x00, 0x00, 0x00, 0x00, 0x00, 0x00, 0x00, 0x00, 0x00, 0x00, 0x00, 0x00, 0x00,
  0x00, 0x00, 0x00, 0x00, 0x00, 0x00, 0x00, 0x00, 0x00, 0x00, 0x00, 0x00, 0x00, 0x00, 0x00, 0x01,
  0x01, 0x00, 0x06, 0x46, 0xaf, 0xff, 0xff, 0xf7, 0xfc, 0xfd, 0xfe, 0xfe, 0xfe, 0xff, 0xff, 0xff,
  0xff, 0xff, 0xff, 0xff, 0xff, 0xff, 0xff, 0xff, 0xff, 0xff, 0xff, 0xff, 0xff, 0xff, 0xff, 0xff,
  0xff, 0xfb, 0xfe, 0xff, 0xd3, 0x21, 0x00, 0x03, 0x03, 0x00, 0x00, 0x00, 0x00, 0x00, 0x00, 0x00,
  0x00, 0x00, 0x00, 0x00, 0x00, 0x00, 0x00, 0x00, 0x00, 0x00, 0x00, 0x00, 0x00, 0x00, 0x00, 0x00,
  0x00, 0x00, 0x00, 0x00, 0x00, 0x00, 0x00, 0x00, 0x00, 0x00, 0x00, 0x00, 0x00, 0x00, 0x00, 0x00,
  0x00, 0x00, 0x00, 0x00, 0x00, 0x00, 0x00, 0x01, 0x00, 0x01, 0x00, 0x3e, 0xc1, 0xfe, 0xfe, 0xfe,
  0xfd, 0xfe, 0xfe, 0xfe, 0xff, 0xff, 0xff, 0xff, 0xff, 0xff, 0xff, 0xff, 0xff, 0xff, 0xff, 0xff,
  0xff, 0xff, 0xff, 0xff, 0xff, 0xff, 0xff, 0xff, 0xff, 0xff, 0xfb, 0xfe, 0xff, 0xd3, 0x21, 0x00,
  0x03, 0x03, 0x00, 0x00, 0x00, 0x00, 0x00, 0x00, 0x00, 0x00, 0x00, 0x00, 0x00, 0x00, 0x00, 0x00,
  0x00, 0x00, 0x00, 0x00, 0x00, 0x00, 0x00, 0x00, 0x00, 0x00, 0x00, 0x00, 0x00, 0x00, 0x00, 0x00,
  0x00, 0x00, 0x00, 0x00, 0x00, 0x00, 0x00, 0x00, 0x00, 0x00, 0x00, 0x00, 0x00, 0x00, 0x01, 0x01,
  0x06, 0x00, 0x00, 0x4e, 0xb6, 0xfa, 0xff, 0xfe, 0xfc, 0xfe, 0xfe, 0xfe, 0xfe, 0xff, 0xff, 0xff,
  0xff, 0xff, 0xff, 0xff, 0xff, 0xff, 0xff, 0xff, 0xff, 0xff, 0xff, 0xff, 0xff, 0xff, 0xff, 0xff,
  0xff, 0xff, 0xff, 0xfb, 0xfe, 0xff, 0xd3, 0x21, 0x00, 0x03, 0x03, 0x00, 0x00, 0x00, 0x00, 0x00,
  0x00, 0x00, 0x00, 0x00, 0x00, 0x00, 0x00, 0x00, 0x00, 0x00, 0x00, 0x00, 0x00, 0x00, 0x00, 0x00,
  0x00, 0x00, 0x00, 0x00, 0x00, 0x00, 0x00, 0x00, 0x00, 0x00, 0x00, 0x00, 0x00, 0x00, 0x00, 0x00,
  0x00, 0x00, 0x00, 0x00, 0x00, 0x00, 0x00, 0x02, 0x00, 0x00, 0x09, 0x40, 0xb4, 0xff, 0xff, 0xf9,
  0xfe, 0xfe, 0xfe, 0xfe, 0xfe, 0xfe, 0xff, 0xff, 0xff, 0xff, 0xff, 0xff, 0xff, 0xff, 0xff, 0xff,
  0xff, 0xff, 0xff, 0xff, 0xff, 0xff, 0xff, 0xff, 0xff, 0xff, 0xff, 0xff, 0xfb, 0xfe, 0xff, 0xd3,
  0x21, 0x00, 0x03, 0x03, 0x00, 0x00, 0x00, 0x00, 0x00, 0x00, 0x00, 0x00, 0x00, 0x00, 0x00, 0x00,
  0x00, 0x00, 0x00, 0x00, 0x00, 0x00, 0x00, 0x00, 0x00, 0x00, 0x00, 0x00, 0x00, 0x00, 0x00, 0x00,
  0x00, 0x00, 0x00, 0x00, 0x00, 0x00, 0x00, 0x00, 0x00, 0x00, 0x00, 0x00, 0x00, 0x00, 0x00, 0x01,
  0x04, 0x01, 0x00, 0x47, 0xc3, 0xf8, 0xff, 0xff, 0xfd, 0xfe, 0xfe, 0xfe, 0xff, 0xfe, 0xfe, 0xff,
  0xff, 0xff, 0xff, 0xff, 0xff, 0xff, 0xff, 0xff, 0xff, 0xff, 0xff, 0xff, 0xff, 0xff, 0xff, 0xff,
  0xff, 0xff, 0xff, 0xff, 0xff, 0xfb, 0xfe, 0xff, 0xd3, 0x21, 0x00, 0x03, 0x03, 0x00, 0x00, 0x00,
  0x00, 0x00, 0x00, 0x00, 0x00, 0x00, 0x00, 0x00, 0x00, 0x00, 0x00, 0x00, 0x00, 0x00, 0x00, 0x00,
  0x00, 0x00, 0x00, 0x00, 0x00, 0x00, 0x00, 0x00, 0x00, 0x00, 0x00, 0x00, 0x00, 0x00, 0x00, 0x00,
  0x00, 0x00, 0x00, 0x00, 0x00, 0x00, 0x00, 0x02, 0x04, 0x00, 0x02, 0x4c, 0xb2, 0xff, 0xff, 0xf8,
  0xfd, 0xfe, 0xfe, 0xfe, 0xfe, 0xff, 0xfe, 0xfe, 0xff, 0xff, 0xff, 0xff, 0xff, 0xff, 0xff, 0xff,
  0xff, 0xff, 0xff, 0xff, 0xff, 0xff, 0xff, 0xff, 0xff, 0xff, 0xff, 0xff, 0xff, 0xff, 0xfb, 0xfe,
  0xff, 0xd3, 0x21, 0x00, 0x03, 0x03, 0x00, 0x00, 0x00, 0x00, 0x00, 0x00, 0x00, 0x00, 0x00, 0x00,
  0x00, 0x00, 0x00, 0x00, 0x00, 0x00, 0x00, 0x00, 0x00, 0x00, 0x00, 0x00, 0x00, 0x00, 0x00, 0x00,
  0x00, 0x00, 0x00, 0x00, 0x00, 0x00, 0x00, 0x00, 0x00, 0x00, 0x00, 0x00, 0x00, 0x00, 0x00, 0x01,
  0x00, 0x00, 0x05, 0x3d, 0xbe, 0xff, 0xfe, 0xfc, 0xfd, 0xfe, 0xfe, 0xfe, 0xfe, 0xfe, 0xfe, 0xfe,
  0xfe, 0xff, 0xff, 0xff, 0xff, 0xff, 0xff, 0xff, 0xff, 0xff, 0xff, 0xff, 0xff, 0xff, 0xff, 0xff,
  0xff, 0xff, 0xff, 0xff, 0xff, 0xff, 0xff, 0xfb, 0xfe, 0xff, 0xd3, 0x21, 0x00, 0x03, 0x03, 0x00,
  0x00, 0x00, 0x00, 0x00, 0x00, 0x00, 0x00, 0x00, 0x00, 0x00, 0x00, 0x00, 0x00, 0x00, 0x00, 0x00,
  0x00, 0x00, 0x00, 0x00, 0x00, 0x00, 0x00, 0x00, 0x00, 0x00, 0x00, 0x00, 0x00, 0x00, 0x00, 0x00,
  0x00, 0x00, 0x00, 0x00, 0x00, 0x00, 0x01, 0x01, 0x07, 0x00, 0x00, 0x50, 0xbe, 0xf7, 0xff, 0xff,
  0xfd, 0xff, 0xfe, 0xfe, 0xfe, 0xff, 0xff, 0xfe, 0xfe, 0xfe, 0xfe, 0xfe, 0xff, 0xff, 0xff, 0xff,
  0xff, 0xff, 0xff, 0xff, 0xff, 0xff, 0xff, 0xff, 0xff, 0xff, 0xff, 0xff, 0xff, 0xff, 0xff, 0xff,
  0xfb, 0xfe, 0xff, 0xd3, 0x21, 0x00, 0x03, 0x03, 0x00, 0x00, 0x00, 0x00, 0x00, 0x00, 0x00, 0x00,
  0x00, 0x00, 0x00, 0x00, 0x00, 0x00, 0x00, 0x00, 0x00, 0x00, 0x00, 0x00, 0x00, 0x00, 0x00, 0x00,
  0x00, 0x00, 0x00, 0x00, 0x00, 0x00, 0x00, 0x00, 0x00, 0x00, 0x00, 0x00, 0x00, 0x00, 0x00, 0x02,
  0x00, 0x00, 0x09, 0x47, 0xb4, 0xff, 0xff, 0xf7, 0xfd, 0xfe, 0xff, 0xfe, 0xfe, 0xfe, 0xff, 0xff,
  0xfe, 0xfe, 0xfe, 0xfe, 0xfe, 0xff, 0xff, 0xff, 0xff, 0xff, 0xff, 0xff, 0xff, 0xff, 0xff, 0xff,
  0xff, 0xff, 0xff, 0xff, 0xff, 0xff, 0xff, 0xff, 0xff, 0xfb, 0xfe, 0xff, 0xd3, 0x21, 0x00, 0x03,
  0x03, 0x00, 0x00, 0x00, 0x00, 0x00, 0x00, 0x00, 0x00, 0x00, 0x00, 0x00, 0x00, 0x00, 0x00, 0x00,
  0x00, 0x00, 0x00, 0x00, 0x00, 0x00, 0x00, 0x00, 0x00, 0x00, 0x00, 0x00, 0x00, 0x00, 0x00, 0x00,
  0x00, 0x00, 0x00, 0x00, 0x00, 0x00, 0x00, 0x01, 0x01, 0x01, 0x00, 0x44, 0xc6, 0xfc, 0xfe, 0xff,
  0xfd, 0xff, 0xfe, 0xfe, 0xfe, 0xfe, 0xfe, 0xff, 0xff, 0xff, 0xfe, 0xfe, 0xff, 0xff, 0xff, 0xff,
  0xff, 0xff, 0xff, 0xff, 0xff, 0xff, 0xff, 0xff, 0xff, 0xff, 0xff, 0xff, 0xff, 0xff, 0xff, 0xff,
  0xff, 0xff, 0xfb, 0xfe, 0xff, 0xd3, 0x21, 0x00, 0x03, 0x03, 0x00, 0x00, 0x00, 0x00, 0x00, 0x00,
  0x00, 0x00, 0x00, 0x00, 0x00, 0x00, 0x00, 0x00, 0x00, 0x00, 0x00, 0x00, 0x00, 0x00, 0x00, 0x00,
  0x00, 0x00, 0x00, 0x00, 0x00, 0x00, 0x00, 0x00, 0x00, 0x00, 0x00, 0x00, 0x00, 0x00, 0x00, 0x02,
  0x06, 0x00, 0x00, 0x51, 0xb8, 0xfd, 0xff, 0xfa, 0xfd, 0xfe, 0xfe, 0xfe, 0xfe, 0xfe, 0xff, 0xff,
  0xfe, 0xfe, 0xff, 0xfe, 0xfe, 0xff, 0xff, 0xff, 0xff, 0xff, 0xff, 0xff, 0xff, 0xff, 0xff, 0xff,
  0xff, 0xff, 0xff, 0xff, 0xff, 0xff, 0xff, 0xff, 0xff, 0xff, 0xff, 0xfb, 0xfe, 0xff, 0xd3, 0x21,
  0x00, 0x03, 0x03, 0x00, 0x00, 0x00, 0x00, 0x00, 0x00, 0x00, 0x00, 0x00, 0x00, 0x00, 0x00, 0x00,
  0x00, 0x00, 0x00, 0x00, 0x00, 0x00, 0x00, 0x00, 0x00, 0x00, 0x00, 0x00, 0x00, 0x00, 0x00, 0x00,
  0x00, 0x00, 0x00, 0x00, 0x00, 0x00, 0x00, 0x02, 0x00, 0x00, 0x09, 0x42, 0xbb, 0xff, 0xfe, 0xfa,
  0xfd, 0xff, 0xff, 0xfe, 0xfe, 0xfe, 0xfe, 0xff, 0xff, 0xfe, 0xfe, 0xfe, 0xfe, 0xfe, 0xfe, 0xfe,
  0xff, 0xff, 0xff, 0xff, 0xff, 0xff, 0xff, 0xff, 0xff, 0xff, 0xff, 0xff, 0xff, 0xff, 0xff, 0xff,
  0xff, 0xff, 0xff, 0xff, 0xfb, 0xfe, 0xff, 0xd3, 0x21, 0x00, 0x03, 0x03, 0x00, 0x00, 0x00, 0x00,
  0x00, 0x00, 0x00, 0x00, 0x00, 0x00, 0x00, 0x00, 0x00, 0x00, 0x00, 0x00, 0x00, 0x00, 0x00, 0x00,
  0x00, 0x00, 0x00, 0x00, 0x00, 0x00, 0x00, 0x00, 0x00, 0x00, 0x00, 0x00, 0x00, 0x00, 0x00, 0x01,
  0x06, 0x00, 0x00, 0x4e, 0xc5, 0xf8, 0xff, 0xff, 0xfd, 0xfe, 0xff, 0xff, 0xff, 0xff, 0xff, 0xfe,
  0xfe, 0xfe, 0xfe, 0xfe, 0xfe, 0xfe, 0xfe, 0xfe, 0xfe, 0xff, 0xff, 0xff, 0xff, 0xff, 0xff, 0xff,
  0xff, 0xff, 0xff, 0xff, 0xff, 0xff, 0xff, 0xff, 0xff, 0xff, 0xff, 0xff, 0xff, 0xfb, 0xfe, 0xff,
  0xd3, 0x21, 0x00, 0x03, 0x03, 0x00, 0x00, 0x00, 0x00, 0x00, 0x00, 0x00, 0x00, 0x00, 0x00, 0x00,
  0x00, 0x00, 0x00, 0x00, 0x00, 0x00, 0x00, 0x00, 0x00, 0x00, 0x00, 0x00, 0x00, 0x00, 0x00, 0x00,
  0x00, 0x00, 0x00, 0x00, 0x00, 0x00, 0x00, 0x02, 0x02, 0x00, 0x06, 0x4e, 0xb5, 0xff, 0xff, 0xf8,
  0xfe, 0xff, 0xfe, 0xff, 0xff, 0xff, 0xff, 0xff, 0xfe, 0xfe, 0xfe, 0xfe, 0xfe, 0xfe, 0xfe, 0xff,
  0xfe, 0xfe, 0xff, 0xff, 0xff, 0xff, 0xff, 0xff, 0xff, 0xff, 0xff, 0xff, 0xff, 0xff, 0xff, 0xff,
  0xff, 0xff, 0xff, 0xff, 0xff, 0xff, 0xfb, 0xfe, 0xff, 0xd3, 0x21, 0x00, 0x03, 0x03, 0x00, 0x00,
  0x00, 0x00, 0x00, 0x00, 0x00, 0x00, 0x00, 0x00, 0x00, 0x00, 0x00, 0x00, 0x00, 0x00, 0x00, 0x00,
  0x00, 0x00, 0x00, 0x00, 0x00, 0x00, 0x00, 0x00, 0x00, 0x00, 0x00, 0x00, 0x00, 0x00, 0x00, 0x01,
  0x00, 0x00, 0x03, 0x42, 0xc4, 0xff, 0xfd, 0xfd, 0xfd, 0xff, 0xff, 0xfe, 0xfe, 0xfe, 0xfe, 0xfe,
  0xfe, 0xfe, 0xfe, 0xfe, 0xfe, 0xfe, 0xfe, 0xff, 0xff, 0xfe, 0xfe, 0xff, 0xff, 0xff, 0xff, 0xff,
  0xff, 0xff, 0xff, 0xff, 0xff, 0xff, 0xff, 0xff, 0xff, 0xff, 0xff, 0xff, 0xff, 0xff, 0xff, 0xfb,
  0xfe, 0xff, 0xd3, 0x21, 0x00, 0x03, 0x03, 0x00, 0x00, 0x00, 0x00, 0x00, 0x00, 0x00, 0x00, 0x00,
  0x00, 0x00, 0x00, 0x00, 0x00, 0x00, 0x00, 0x00, 0x00, 0x00, 0x00, 0x00, 0x00, 0x00, 0x00, 0x00,
  0x00, 0x00, 0x00, 0x00, 0x00, 0x00, 0x01, 0x01, 0x07, 0x00, 0x00, 0x55, 0xc0, 0xf9, 0xff, 0xfe,
  0xfe, 0xff, 0xff, 0xff, 0xff, 0xfe, 0xfe, 0xfe, 0xff, 0xff, 0xfe, 0xfe, 0xff, 0xfe, 0xfe, 0xff,
  0xff, 0xfe, 0xfe, 0xfe, 0xff, 0xff, 0xff, 0xff, 0xff, 0xff, 0xff, 0xff, 0xff, 0xff, 0xff, 0xff,
  0xff, 0xff, 0xff, 0xff, 0xff, 0xff, 0xff, 0xff, 0xfb, 0xfe, 0xff, 0xd3, 0x21, 0x00, 0x03, 0x03,
  0x00, 0x00, 0x00, 0x00, 0x00, 0x00, 0x00, 0x00, 0x00, 0x00, 0x00, 0x00, 0x00, 0x00, 0x00, 0x00,
  0x00, 0x00, 0x00, 0x00, 0x00, 0x00, 0x00, 0x00, 0x00, 0x00, 0x00, 0x00, 0x00, 0x00, 0x00, 0x02,
  0x00, 0x00, 0x0a, 0x48, 0xb9, 0xff, 0xff, 0xf7, 0xfe, 0xff, 0xff, 0xff, 0xff, 0xff, 0xfe, 0xfe,
  0xfe, 0xff, 0xff, 0xfe, 0xfe, 0xff, 0xfe, 0xfe, 0xff, 0xff, 0xfe, 0xfe, 0xfe, 0xff, 0xff, 0xff,
  0xff, 0xff, 0xff, 0xff, 0xff, 0xff, 0xff, 0xff, 0xff, 0xff, 0xff, 0xff, 0xff, 0xff, 0xff, 0xff,
  0xff, 0xfb, 0xfe, 0xff, 0xd3, 0x21, 0x00, 0x03, 0x03, 0x00, 0x00, 0x00, 0x00, 0x00, 0x00, 0x00,
  0x00, 0x00, 0x00, 0x00, 0x00, 0x00, 0x00, 0x00, 0x00, 0x00, 0x00, 0x00, 0x00, 0x00, 0x00, 0x00,
  0x00, 0x00, 0x00, 0x00, 0x00, 0x00, 0x00, 0x01, 0x03, 0x01, 0x00, 0x49, 0xc7, 0xfb, 0xff, 0xff,
  0xfd, 0xff, 0xfe, 0xfe, 0xfe, 0xff, 0xff, 0xfe, 0xfe, 0xfe, 0xfe, 0xfe, 0xfe, 0xfe, 0xfe, 0xff,
  0xff, 0xfe, 0xfe, 0xfe, 0xfe, 0xfe, 0xff, 0xff, 0xff, 0xff, 0xff, 0xff, 0xff, 0xff, 0xfe, 0xfe,
  0xff, 0xff, 0xff, 0xff, 0xff, 0xff, 0xff, 0xff, 0xff, 0xff, 0xfb, 0xfe, 0xff, 0xd3, 0x21, 0x00,
  0x03, 0x03, 0x00, 0x00, 0x00, 0x00, 0x00, 0x00, 0x00, 0x00, 0x00, 0x00, 0x00, 0x00, 0x00, 0x00,
  0x00, 0x00, 0x00, 0x00, 0x00, 0x00, 0x00, 0x00, 0x00, 0x00, 0x00, 0x00, 0x00, 0x00, 0x00, 0x02,
  0x05, 0x00, 0x02, 0x54, 0xb9, 0xff, 0xff, 0xfa, 0xfd, 0xfe, 0xfe, 0xfe, 0xfe, 0xfe, 0xfe, 0xfe,
  0xff, 0xff, 0xff, 0xfe, 0xfe, 0xfe, 0xfe, 0xfe, 0xff, 0xff, 0xfe, 0xfe, 0xfe, 0xfe, 0xfe, 0xff,
  0xff, 0xff, 0xff, 0xff, 0xff, 0xff, 0xff, 0xfe, 0xfe, 0xfe, 0xfe, 0xfe, 0xfe, 0xff, 0xff, 0xfe,
  0xfe, 0xff, 0xff, 0xfb, 0xfe, 0xff, 0xd3, 0x21, 0x00, 0x03, 0x03, 0x00, 0x00, 0x00, 0x00, 0x00,
  0x00, 0x00, 0x00, 0x00, 0x00, 0x00, 0x00, 0x00, 0x00, 0x00, 0x00, 0x00, 0x00, 0x00, 0x00, 0x00,
  0x00, 0x00, 0x00, 0x00, 0x00, 0x00, 0x00, 0x02, 0x00, 0x00, 0x09, 0x44, 0xc1, 0xff, 0xfe, 0xfa,
  0xfd, 0xfe, 0xfe, 0xfe, 0xfe, 0xfe, 0xfe, 0xfe, 0xfe, 0xff, 0xff, 0xff, 0xff, 0xff, 0xfe, 0xfe,
  0xff, 0xfe, 0xfe, 0xfe, 0xfe, 0xfe, 0xfe, 0xfe, 0xff, 0xff, 0xff, 0xff, 0xff, 0xff, 0xff, 0xff,
  0xfe, 0xfe, 0xfe, 0xfe, 0xfe, 0xfe, 0xff, 0xff, 0xfe, 0xfe, 0xff, 0xff, 0xfb, 0xfe, 0xff, 0xd3,
  0x21, 0x00, 0x03, 0x03, 0x00, 0x00, 0x00, 0x00, 0x00, 0x00, 0x00, 0x00, 0x00, 0x00, 0x00, 0x00,
  0x00, 0x00, 0x00, 0x00, 0x00, 0x00, 0x00, 0x00, 0x00, 0x00, 0x00, 0x00, 0x00, 0x00, 0x00, 0x00,
  0x06, 0x00, 0x00, 0x53, 0xc6, 0xf8, 0xff, 0xff, 0xfc, 0xfe, 0xff, 0xff, 0xfe, 0xfe, 0xfe, 0xfe,
  0xfe, 0xfe, 0xfe, 0xfe, 0xff, 0xff, 0xff, 0xfe, 0xfe, 0xff, 0xfe, 0xfe, 0xfe, 0xfe, 0xfe, 0xfe,
  0xfe, 0xff, 0xff, 0xff, 0xff, 0xff, 0xff, 0xfe, 0xfe, 0xff, 0xff, 0xff, 0xff, 0xff, 0xff, 0xff,
  0xff, 0xfe, 0xff, 0xff, 0xfe, 0xfa, 0xfd, 0xff, 0xd2, 0x21, 0x00, 0x03, 0x03, 0x00, 0x00, 0x00,
  0x00, 0x00, 0x00, 0x00, 0x00, 0x00, 0x00, 0x00, 0x00, 0x00, 0x00, 0x00, 0x00, 0x00, 0x00, 0x00,
  0x00, 0x00, 0x00, 0x00, 0x00, 0x00, 0x00, 0x00, 0x00, 0x00, 0x09, 0x50, 0xb8, 0xff, 0xff, 0xf7,
  0xfd, 0xfe, 0xfe, 0xff, 0xff, 0xfe, 0xfe, 0xfe, 0xfe, 0xfe, 0xfe, 0xfe, 0xfe, 0xff, 0xff, 0xff,
  0xfe, 0xfe, 0xff, 0xfe, 0xfe, 0xfe, 0xfe, 0xfe, 0xfd, 0xfd, 0xff, 0xff, 0xff, 0xff, 0xff, 0xff,
  0xfe, 0xfe, 0xff, 0xff, 0xff, 0xff, 0xff, 0xff, 0xff, 0xff, 0xfe, 0xff, 0xff, 0xfe, 0xfa, 0xfd,
  0xff, 0xd2, 0x21, 0x00, 0x03, 0x03, 0x00, 0x00, 0x00, 0x00, 0x00, 0x00, 0x00, 0x00, 0x00, 0x00,
  0x00, 0x00, 0x00, 0x00, 0x00, 0x00, 0x00, 0x00, 0x00, 0x00, 0x00, 0x00, 0x00, 0x00, 0x00, 0x01,
  0x00, 0x00, 0x01, 0x48, 0xcb, 0xff, 0xfd, 0xfe, 0xfd, 0xff, 0xff, 0xfe, 0xfe, 0xfe, 0xfe, 0xff,
  0xff, 0xfe, 0xfe, 0xfe, 0xfe, 0xfe, 0xfe, 0xfe, 0xfe, 0xff, 0xff, 0xfe, 0xfe, 0xfe, 0xfe, 0xfe,
  0xfe, 0xfe, 0xfe, 0xff, 0xff, 0xff, 0xfe, 0xfe, 0xfe, 0xfe, 0xfe, 0xfe, 0xff, 0xff, 0xfe, 0xfe,
  0xfe, 0xfe, 0xfe, 0xfe, 0xfe, 0xfe, 0xff, 0xfb, 0xfd, 0xff, 0xd2, 0x21, 0x00, 0x03, 0x03, 0x00,
  0x00, 0x00, 0x00, 0x00, 0x00, 0x00, 0x00, 0x00, 0x00, 0x00, 0x00, 0x00, 0x00, 0x00, 0x00, 0x00,
  0x00, 0x00, 0x00, 0x00, 0x00, 0x00, 0x00, 0x00, 0x04, 0x00, 0x02, 0x5a, 0xc2, 0xfd, 0xff, 0xfe,
  0xfd, 0xfe, 0xff, 0xff, 0xfe, 0xfe, 0xfe, 0xfe, 0xfe, 0xfe, 0xfe, 0xfe, 0xfe, 0xfe, 0xfe, 0xfe,
  0xff, 0xff, 0xfe, 0xfe, 0xfe, 0xff, 0xff, 0xff, 0xfe, 0xfd, 0xfc, 0xfd, 0xff, 0xff, 0xff, 0xfe,
  0xfe, 0xfe, 0xfe, 0xfe, 0xfe, 0xfe, 0xfe, 0xff, 0xff, 0xff, 0xff, 0xff, 0xfe, 0xfe, 0xfe, 0xfe,
  0xfb, 0xfe, 0xff, 0xd2, 0x21, 0x00, 0x03, 0x03, 0x00, 0x00, 0x00, 0x00, 0x00, 0x00, 0x00, 0x00,
  0x00, 0x00, 0x00, 0x00, 0x00, 0x00, 0x00, 0x00, 0x00, 0x00, 0x00, 0x00, 0x00, 0x00, 0x00, 0x00,
  0x00, 0x04, 0x03, 0x1e, 0xac, 0xff, 0xff, 0xf7, 0xfe, 0xfe, 0xfe, 0xff, 0xff, 0xfe, 0xfe, 0xfe,
  0xfe, 0xfe, 0xfe, 0xfe, 0xfe, 0xfe, 0xfe, 0xfe, 0xfe, 0xff, 0xff, 0xfe, 0xfe, 0xfe, 0xff, 0xff,
  0xff, 0xfd, 0xff, 0xff, 0xff, 0xff, 0xff, 0xff, 0xfe, 0xfe, 0xfe, 0xfe, 0xfe, 0xfe, 0xfe, 0xfe,
  0xff, 0xff, 0xff, 0xff, 0xff, 0xfe, 0xfe, 0xfe, 0xfe, 0xfb, 0xfe, 0xff, 0xd2, 0x21, 0x00, 0x03,
  0x03, 0x00, 0x00, 0x00, 0x00, 0x00, 0x00, 0x00, 0x00, 0x00, 0x00, 0x00, 0x00, 0x00, 0x00, 0x00,
  0x00, 0x00, 0x00, 0x00, 0x00, 0x00, 0x00, 0x00, 0x03, 0x00, 0x01, 0x14, 0x5f, 0xce, 0xff, 0xff,
  0xfb, 0xfe, 0xff, 0xff, 0xff, 0xfe, 0xfe, 0xfe, 0xfe, 0xfe, 0xff, 0xff, 0xff, 0xff, 0xff, 0xfe,
  0xfe, 0xfe, 0xff, 0xff, 0xff, 0xff, 0xfe, 0xfe, 0xfe, 0xfd, 0xfc, 0xfa, 0xef, 0xf2, 0xff, 0xff,
  0xfd, 0xff, 0xff, 0xfe, 0xff, 0xff, 0xfe, 0xfe, 0xfe, 0xfe, 0xfe, 0xff, 0xfe, 0xfe, 0xfe, 0xff,
  0xff, 0xff, 0xfb, 0xfd, 0xff, 0xd3, 0x21, 0x00, 0x03, 0x03, 0x00, 0x00, 0x00, 0x00, 0x00, 0x00,
  0x00, 0x00, 0x00, 0x00, 0x00, 0x00, 0x00, 0x00, 0x00, 0x00, 0x00, 0x00, 0x00, 0x00, 0x00, 0x00,
  0x00, 0x05, 0x00, 0x00, 0x32, 0xab, 0xed, 0xfa, 0xfe, 0xfc, 0xfe, 0xff, 0xff, 0xff, 0xfe, 0xff,
  0xff, 0xff, 0xfe, 0xff, 0xff, 0xff, 0xfe, 0xfe, 0xfe, 0xfe, 0xfe, 0xfe, 0xfe, 0xfe, 0xff, 0xff,
  0xfe, 0xfc, 0xfa, 0xff, 0xf1, 0x89, 0x9d, 0xfe, 0xff, 0xfb, 0xff, 0xff, 0xfe, 0xfe, 0xfe, 0xfe,
  0xfe, 0xfe, 0xfe, 0xfe, 0xff, 0xfe, 0xfe, 0xfe, 0xff, 0xff, 0xff, 0xfb, 0xfd, 0xff, 0xd3, 0x21,
  0x00, 0x03, 0x03, 0x00, 0x00, 0x00, 0x00, 0x00, 0x00, 0x00, 0x00, 0x00, 0x00, 0x00, 0x00, 0x00,
  0x00, 0x00, 0x00, 0x00, 0x00, 0x00, 0x00, 0x00, 0x00, 0x00, 0x06, 0x00, 0x00, 0x4e, 0xe4, 0xff,
  0xfb, 0xff, 0xfe, 0xff, 0xfe, 0xfe, 0xff, 0xff, 0xff, 0xff, 0xff, 0xfe, 0xff, 0xff, 0xfe, 0xfe,
  0xfe, 0xfe, 0xfe, 0xfe, 0xfe, 0xfe, 0xfe, 0xff, 0xff, 0xfc, 0xff, 0xff, 0xf7, 0xac, 0x1e, 0x51,
  0xfe, 0xff, 0xf8, 0xfe, 0xff, 0xff, 0xfe, 0xfe, 0xfe, 0xfe, 0xfe, 0xff, 0xff, 0xff, 0xfe, 0xfe,
  0xfe, 0xfe, 0xfe, 0xff, 0xfb, 0xfd, 0xff, 0xd3, 0x21, 0x00, 0x03, 0x03, 0x00, 0x00, 0x00, 0x00,
  0x00, 0x00, 0x00, 0x00, 0x00, 0x00, 0x00, 0x00, 0x00, 0x00, 0x00, 0x00, 0x00, 0x00, 0x00, 0x00,
  0x00, 0x00, 0x00, 0x05, 0x00, 0x00, 0x5d, 0xfc, 0xff, 0xf8, 0xfd, 0xff, 0xff, 0xfe, 0xfe, 0xff,
  0xff, 0xfe, 0xfe, 0xfe, 0xfe, 0xfe, 0xfe, 0xfe, 0xff, 0xff, 0xfe, 0xfe, 0xfe, 0xfe, 0xfe, 0xff,
  0xfe, 0xfd, 0xf6, 0xff, 0xff, 0xa9, 0x2c, 0x00, 0x53, 0xff, 0xff, 0xf6, 0xfd, 0xfe, 0xff, 0xff,
  0xff, 0xfe, 0xfe, 0xfe, 0xfe, 0xfe, 0xfe, 0xfe, 0xfe, 0xfe, 0xfe, 0xfe, 0xfe, 0xfa, 0xfd, 0xff,
  0xd2, 0x21, 0x00, 0x03, 0x03, 0x00, 0x00, 0x00, 0x00, 0x00, 0x00, 0x00, 0x00, 0x00, 0x00, 0x00,
  0x00, 0x00, 0x00, 0x00, 0x00, 0x00, 0x00, 0x00, 0x00, 0x00, 0x00, 0x00, 0x02, 0x00, 0x0c, 0x73,
  0xfd, 0xfe, 0xf7, 0xfd, 0xff, 0xff, 0xfe, 0xfe, 0xff, 0xff, 0xfe, 0xfe, 0xfe, 0xfe, 0xfe, 0xfe,
  0xfe, 0xff, 0xff, 0xfe, 0xfe, 0xfe, 0xfe, 0xfe, 0xfe, 0xfc, 0xff, 0xff, 0xf3, 0xac, 0x45, 0x00,
  0x00, 0x62, 0xff, 0xff, 0xf6, 0xfd, 0xfe, 0xff, 0xff, 0xff, 0xfe, 0xfe, 0xfe, 0xfe, 0xfe, 0xfe,
  0xfe, 0xfe, 0xfe, 0xfe, 0xfe, 0xfe, 0xfa, 0xfd, 0xff, 0xd2, 0x21, 0x00, 0x03, 0x03, 0x00, 0x00,
  0x00, 0x00, 0x00, 0x00, 0x00, 0x00, 0x00, 0x00, 0x00, 0x00, 0x00, 0x00, 0x00, 0x00, 0x00, 0x00,
  0x00, 0x00, 0x00, 0x01, 0x01, 0x00, 0x00, 0x1e, 0x88, 0xfd, 0xff, 0xf8, 0xfd, 0xff, 0xff, 0xfe,
  0xfe, 0xfe, 0xfe, 0xfe, 0xff, 0xff, 0xfe, 0xfe, 0xfe, 0xfe, 0xfe, 0xfe, 0xff, 0xff, 0xff, 0xfe,
  0xfe, 0xfd, 0xfe, 0xff, 0xfe, 0xb0, 0x2e, 0x02, 0x00, 0x00, 0x5c, 0xfe, 0xff, 0xf6, 0xfd, 0xfe,
  0xfe, 0xfe, 0xfe, 0xfe, 0xfe, 0xfe, 0xfe, 0xfe, 0xff, 0xff, 0xff, 0xff, 0xff, 0xff, 0xfe, 0xfa,
  0xfd, 0xff, 0xd2, 0x21, 0x00, 0x03, 0x03, 0x00, 0x00, 0x00, 0x00, 0x00, 0x00, 0x00, 0x00, 0x00,
  0x00, 0x00, 0x00, 0x00, 0x00, 0x00, 0x00, 0x00, 0x00, 0x00, 0x00, 0x00, 0x00, 0x01, 0x01, 0x00,
  0x10, 0x7d, 0xfd, 0xff, 0xf8, 0xfd, 0xfe, 0xfe, 0xfe, 0xfe, 0xff, 0xff, 0xfe, 0xfe, 0xfe, 0xfe,
  0xfe, 0xfe, 0xff, 0xfe, 0xfe, 0xff, 0xff, 0xfe, 0xfd, 0xfd, 0xf8, 0xff, 0xfc, 0xa0, 0x3b, 0x00,
  0x00, 0x03, 0x01, 0x5b, 0xfe, 0xff, 0xf7, 0xfd, 0xfe, 0xff, 0xff, 0xff, 0xfe, 0xfe, 0xfe, 0xfe,
  0xfe, 0xfe, 0xff, 0xff, 0xfe, 0xfe, 0xfe, 0xfe, 0xfa, 0xfd, 0xff, 0xd2, 0x21, 0x00, 0x03, 0x03,
  0x00, 0x00, 0x00, 0x00, 0x00, 0x00, 0x00, 0x00, 0x00, 0x00, 0x00, 0x00, 0x00, 0x00, 0x00, 0x00,
  0x00, 0x00, 0x00, 0x00, 0x00, 0x00, 0x01, 0x03, 0x00, 0x00, 0x6b, 0xfc, 0xff, 0xf8, 0xfd, 0xfe,
  0xfe, 0xfe, 0xfe, 0xff, 0xff, 0xfe, 0xfe, 0xfe, 0xfe, 0xfe, 0xfe, 0xff, 0xfe, 0xfe, 0xff, 0xff,
  0xfe, 0xfc, 0xff, 0xff, 0xf2, 0xb1, 0x38, 0x00, 0x01, 0x0c, 0x00, 0x00, 0x5b, 0xfe, 0xff, 0xf7,
  0xfd, 0xfe, 0xff, 0xff, 0xff, 0xfe, 0xfe, 0xfe, 0xfe, 0xfe, 0xfe, 0xff, 0xff, 0xfe, 0xfe, 0xfe,
  0xfe, 0xfa, 0xfd, 0xff, 0xd2, 0x21, 0x00, 0x03, 0x03, 0x00, 0x00, 0x00, 0x00, 0x00, 0x00, 0x00,
  0x00, 0x00, 0x00, 0x00, 0x00, 0x00, 0x00, 0x00, 0x00, 0x00, 0x00, 0x00, 0x00, 0x00, 0x00, 0x00,
  0x04, 0x00, 0x00, 0x5f, 0xef, 0xfe, 0xf8, 0xfe, 0xfe, 0xff, 0xfe, 0xfe, 0xff, 0xfe, 0xfe, 0xff,
  0xff, 0xfe, 0xfe, 0xfe, 0xfe, 0xff, 0xff, 0xfe, 0xfd, 0xfd, 0xf9, 0xff, 0xff, 0xa5, 0x2f, 0x04,
  0x00, 0x00, 0x08, 0x00, 0x00, 0x5b, 0xff, 0xff, 0xf7, 0xfe, 0xff, 0xfe, 0xff, 0xff, 0xfe, 0xfe,
  0xfe, 0xfe, 0xfe, 0xfe, 0xff, 0xff, 0xfe, 0xfe, 0xff, 0xfe, 0xfa, 0xfd, 0xff, 0xd2, 0x21, 0x00,
  0x03, 0x03, 0x00, 0x00, 0x00, 0x00, 0x00, 0x00, 0x00, 0x00, 0x00, 0x00, 0x00, 0x00, 0x00, 0x00,
  0x00, 0x00, 0x00, 0x00, 0x00, 0x00, 0x00, 0x00, 0x00, 0x05, 0x00, 0x00, 0x52, 0xe1, 0xff, 0xfa,
  0xfe, 0xfe, 0xff, 0xfe, 0xfe, 0xff, 0xfe, 0xff, 0xff, 0xff, 0xfe, 0xfe, 0xfe, 0xfe, 0xff, 0xff,
  0xfd, 0xfb, 0xfc, 0xff, 0xf5, 0xa4, 0x3f, 0x00, 0x00, 0x07, 0x01, 0x07, 0x00, 0x00, 0x5b, 0xff,
  0xff, 0xf7, 0xfe, 0xff, 0xfe, 0xff, 0xff, 0xfe, 0xfe, 0xfe, 0xfe, 0xfe, 0xfe, 0xff, 0xff, 0xfe,
  0xfe, 0xff, 0xfe, 0xfa, 0xfd, 0xff, 0xd2, 0x21, 0x00, 0x03, 0x03, 0x00, 0x00, 0x00, 0x00, 0x00,
  0x00, 0x00, 0x00, 0x00, 0x00, 0x00, 0x00, 0x00, 0x00, 0x00, 0x00, 0x00, 0x00, 0x00, 0x00, 0x00,
  0x00, 0x00, 0x05, 0x00, 0x00, 0x38, 0xb4, 0xf8, 0xff, 0xff, 0xfc, 0xfe, 0xfe, 0xfe, 0xfe, 0xff,
  0xff, 0xfe, 0xfe, 0xfe, 0xfe, 0xfe, 0xfe, 0xff, 0xff, 0xfd, 0xff, 0xff, 0xf8, 0xb1, 0x2f, 0x00,
  0x03, 0x01, 0x01, 0x00, 0x07, 0x00, 0x00, 0x5b, 0xff, 0xff, 0xf7, 0xfe, 0xff, 0xfe, 0xff, 0xff,
  0xfe, 0xfe, 0xfe, 0xfe, 0xfe, 0xfe, 0xff, 0xff, 0xfe, 0xfe, 0xfe, 0xfe, 0xfa, 0xfd, 0xff, 0xd2,
  0x21, 0x00, 0x03, 0x03, 0x00, 0x00, 0x00, 0x00, 0x00, 0x00, 0x00, 0x00, 0x00, 0x00, 0x00, 0x00,
  0x00, 0x00, 0x00, 0x00, 0x00, 0x00, 0x00, 0x00, 0x00, 0x00, 0x00, 0x03, 0x00, 0x00, 0x12, 0x61,
  0xd9, 0xff, 0xfc, 0xf7, 0xff, 0xfe, 0xfe, 0xfe, 0xfe, 0xfe, 0xfe, 0xfe, 0xfe, 0xfe, 0xfe, 0xff,
  0xfe, 0xfd, 0xf7, 0xff, 0xfe, 0x9e, 0x34, 0x02, 0x00, 0x01, 0x01, 0x00, 0x00, 0x07, 0x00, 0x00,
  0x5b, 0xfe, 0xff, 0xf6, 0xfd, 0xff, 0xff, 0xfe, 0xfe, 0xfe, 0xfe, 0xfe, 0xfe, 0xfe, 0xff, 0xfe,
  0xfe, 0xfe, 0xfe, 0xfe, 0xfe, 0xfb, 0xfe, 0xff, 0xd3, 0x21, 0x00, 0x03, 0x03, 0x00, 0x00, 0x00,
  0x00, 0x00, 0x00, 0x00, 0x00, 0x00, 0x00, 0x00, 0x00, 0x00, 0x00, 0x00, 0x00, 0x00, 0x00, 0x00,
  0x00, 0x00, 0x00, 0x00, 0x01, 0x00, 0x01, 0x00, 0x1e, 0x98, 0xef, 0xff, 0xfd, 0xfc, 0xfc, 0xfe,
  0xfe, 0xfe, 0xfe, 0xfe, 0xfe, 0xfe, 0xfe, 0xfe, 0xfd, 0xfb, 0xff, 0xff, 0xf0, 0xab, 0x3b, 0x00,
  0x00, 0x06, 0x01, 0x00, 0x00, 0x00, 0x07, 0x00, 0x00, 0x5b, 0xfe, 0xff, 0xf6, 0xfd, 0xff, 0xff,
  0xfe, 0xfe, 0xfe, 0xfe, 0xfe, 0xfe, 0xfe, 0xff, 0xfe, 0xfe, 0xfe, 0xfe, 0xfe, 0xfe, 0xfb, 0xfe,
  0xff, 0xd3, 0x21, 0x00, 0x03, 0x03, 0x00, 0x00, 0x00, 0x00, 0x00, 0x00, 0x00, 0x00, 0x00, 0x00,
  0x00, 0x00, 0x00, 0x00, 0x00, 0x00, 0x00, 0x00, 0x00, 0x00, 0x00, 0x00, 0x00, 0x00, 0x00, 0x04,
  0x00, 0x01, 0x47, 0xaa, 0xf8, 0xff, 0xfb, 0xfc, 0xfe, 0xfe, 0xff, 0xff, 0xfe, 0xfe, 0xfe, 0xfe,
  0xfe, 0xfc, 0xfb, 0xff, 0xfe, 0xa9, 0x2b, 0x02, 0x00, 0x00, 0x01, 0x00, 0x00, 0x00, 0x00, 0x07,
  0x00, 0x00, 0x5b, 0xfe, 0xff, 0xf6, 0xfd, 0xfe, 0xff, 0xff, 0xff, 0xfe, 0xff, 0xff, 0xfe, 0xfe,
  0xfe, 0xfe, 0xfe, 0xfe, 0xfe, 0xfe, 0xff, 0xfb, 0xfd, 0xff, 0xd2, 0x21, 0x00, 0x03, 0x03, 0x00,
  0x00, 0x00, 0x00, 0x00, 0x00, 0x00, 0x00, 0x00, 0x00, 0x00, 0x00, 0x00, 0x00, 0x00, 0x00, 0x00,
  0x00, 0x00, 0x00, 0x00, 0x00, 0x00, 0x00, 0x00, 0x02, 0x02, 0x00, 0x0f, 0x46, 0xac, 0xf6, 0xff,
  0xff, 0xfd, 0xf7, 0xf8, 0xf9, 0xf9, 0xf9, 0xf8, 0xf6, 0xfc, 0xff, 0xff, 0xf9, 0x9e, 0x39, 0x00,
  0x00, 0x04, 0x01, 0x00, 0x00, 0x00, 0x00, 0x00, 0x07, 0x00, 0x00, 0x5b, 0xfe, 0xff, 0xf7, 0xfe,
  0xfe, 0xff, 0xff, 0xff, 0xfe, 0xfe, 0xff, 0xfe, 0xfe, 0xfe, 0xfe, 0xfe, 0xfe, 0xfe, 0xfe, 0xff,
  0xfa, 0xfd, 0xff, 0xd2, 0x21, 0x00, 0x03, 0x03, 0x00, 0x00, 0x00, 0x00, 0x00, 0x00, 0x00, 0x00,
  0x00, 0x00, 0x00, 0x00, 0x00, 0x00, 0x00, 0x00, 0x00, 0x00, 0x00, 0x00, 0x00, 0x00, 0x00, 0x00,
  0x00, 0x00, 0x02, 0x02, 0x00, 0x04, 0x4b, 0xa5, 0xe1, 0xf0, 0xfc, 0xff, 0xff, 0xff, 0xff, 0xff,
  0xff, 0xff, 0xff, 0xf2, 0xe5, 0xad, 0x32, 0x00, 0x02, 0x04, 0x01, 0x00, 0x00, 0x00, 0x00, 0x00,
  0x00, 0x07, 0x00, 0x00, 0x5b, 0xfe, 0xff, 0xf7, 0xfe, 0xff, 0xff, 0xff, 0xff, 0xfe, 0xfe, 0xfe,
  0xfe, 0xfe, 0xfe, 0xfe, 0xfe, 0xfe, 0xfe, 0xfe, 0xfe, 0xfa, 0xfd, 0xff, 0xd2, 0x21, 0x00, 0x03,
  0x03, 0x00, 0x00, 0x00, 0x00, 0x00, 0x00, 0x00, 0x00, 0x00, 0x00, 0x00, 0x00, 0x00, 0x00, 0x00,
  0x00, 0x00, 0x00, 0x00, 0x00, 0x00, 0x00, 0x00, 0x00, 0x00, 0x00, 0x00, 0x00, 0x00, 0x00, 0x0a,
  0x1e, 0x4b, 0x94, 0xe0, 0xff, 0xff, 0xff, 0xff, 0xff, 0xff, 0xff, 0xf4, 0xad, 0x60, 0x26, 0x04,
  0x00, 0x00, 0x01, 0x00, 0x00, 0x00, 0x00, 0x00, 0x00, 0x00, 0x07, 0x00, 0x00, 0x5b, 0xff, 0xff,
  0xf7, 0xfe, 0xff, 0xfe, 0xfe, 0xfe, 0xff, 0xff, 0xfe, 0xfe, 0xfe, 0xfe, 0xfe, 0xfe, 0xff, 0xff,
  0xfe, 0xfe, 0xfb, 0xfe, 0xff, 0xd2, 0x21, 0x00, 0x03, 0x03, 0x00, 0x00, 0x00, 0x00, 0x00, 0x00,
  0x00, 0x00, 0x00, 0x00, 0x00, 0x00, 0x00, 0x00, 0x00, 0x00, 0x00, 0x00, 0x00, 0x00, 0x00, 0x00,
  0x00, 0x00, 0x00, 0x00, 0x00, 0x00, 0x03, 0x02, 0x00, 0x00, 0x00, 0x35, 0x6e, 0x92, 0xa1, 0xaf,
  0xb6, 0xb0, 0xa4, 0x99, 0x7c, 0x47, 0x0e, 0x00, 0x00, 0x06, 0x01, 0x00, 0x00, 0x00, 0x00, 0x00,
  0x00, 0x00, 0x00, 0x07, 0x00, 0x00, 0x5b, 0xff, 0xff, 0xf6, 0xfd, 0xfe, 0xfe, 0xfe, 0xfe, 0xff,
  0xff, 0xfe, 0xfe, 0xfe, 0xfe, 0xfe, 0xfe, 0xff, 0xff, 0xff, 0xfe, 0xfb, 0xfe, 0xff, 0xd2, 0x21,
  0x00, 0x03, 0x03, 0x00, 0x00, 0x00, 0x00, 0x00, 0x00, 0x00, 0x00, 0x00, 0x00, 0x00, 0x00, 0x00,
  0x00, 0x00, 0x00, 0x00, 0x00, 0x00, 0x00, 0x00, 0x00, 0x00, 0x00, 0x00, 0x00, 0x00, 0x00, 0x00,
  0x00, 0x01, 0x02, 0x01, 0x00, 0x00, 0x00, 0x10, 0x2f, 0x3a, 0x2f, 0x17, 0x00, 0x00, 0x00, 0x01,
  0x02, 0x01, 0x00, 0x00, 0x00, 0x00, 0x00, 0x00, 0x00, 0x00, 0x00, 0x00, 0x07, 0x00, 0x00, 0x5b,
  0xff, 0xff, 0xf6, 0xfd, 0xfe, 0xfe, 0xfe, 0xfe, 0xff, 0xff, 0xfe, 0xfe, 0xfe, 0xfe, 0xfe, 0xfe,
  0xfe, 0xff, 0xff, 0xfe, 0xfa, 0xfd, 0xff, 0xd2, 0x21, 0x00, 0x03, 0x03, 0x00, 0x00, 0x00, 0x00,
  0x00, 0x00, 0x00, 0x00, 0x00, 0x00, 0x00, 0x00, 0x00, 0x00, 0x00, 0x00, 0x00, 0x00, 0x00, 0x00,
  0x00, 0x00, 0x00, 0x00, 0x00, 0x00, 0x00, 0x00, 0x00, 0x00, 0x01, 0x02, 0x00, 0x00, 0x00, 0x00,
  0x00, 0x01, 0x05, 0x00, 0x00, 0x00, 0x00, 0x00, 0x00, 0x02, 0x01, 0x00, 0x00, 0x00, 0x00, 0x00,
  0x00, 0x00, 0x00, 0x00, 0x00, 0x07, 0x00, 0x00, 0x5b, 0xfe, 0xff, 0xf7, 0xfe, 0xff, 0xfe, 0xfe,
  0xfe, 0xfe, 0xfe, 0xfe, 0xfe, 0xfe, 0xfe, 0xfe, 0xfe, 0xff, 0xff, 0xfe, 0xfe, 0xfa, 0xfd, 0xff,
  0xd2, 0x21, 0x00, 0x03, 0x03, 0x00, 0x00, 0x00, 0x00, 0x00, 0x00, 0x00, 0x00, 0x00, 0x00, 0x00,
  0x00, 0x00, 0x00, 0x00, 0x00, 0x00, 0x00, 0x00, 0x00, 0x00, 0x00, 0x00, 0x00, 0x00, 0x00, 0x00,
  0x00, 0x00, 0x00, 0x00, 0x00, 0x01, 0x03, 0x06, 0x08, 0x05, 0x00, 0x00, 0x00, 0x04, 0x07, 0x07,
  0x04, 0x02, 0x00, 0x00, 0x00, 0x00, 0x00, 0x00, 0x00, 0x00, 0x00, 0x00, 0x00, 0x00, 0x07, 0x00,
  0x00, 0x5b, 0xfe, 0xff, 0xf8, 0xfe, 0xff, 0xfe, 0xfe, 0xfe, 0xfe, 0xfe, 0xfe, 0xfe, 0xfe, 0xfe,
  0xfe, 0xfe, 0xff, 0xff, 0xfe, 0xfe, 0xfa, 0xfd, 0xff, 0xd2, 0x21, 0x00, 0x03, 0x03, 0x00, 0x00,
  0x00, 0x00, 0x00, 0x00, 0x00, 0x00, 0x00, 0x00, 0x00, 0x00, 0x00, 0x00, 0x00, 0x00, 0x00, 0x00,
  0x00, 0x00, 0x00, 0x00, 0x00, 0x00, 0x00, 0x00, 0x00, 0x00, 0x00, 0x00, 0x00, 0x00, 0x00, 0x00,
  0x00, 0x00, 0x00, 0x00, 0x00, 0x00, 0x00, 0x00, 0x00, 0x00, 0x00, 0x00, 0x00, 0x00, 0x00, 0x00,
  0x00, 0x00, 0x00, 0x00, 0x00, 0x00, 0x00, 0x07, 0x00, 0x00, 0x5b, 0xfe, 0xff, 0xf7, 0xfe, 0xff,
  0xfe, 0xfe, 0xfe, 0xff, 0xff, 0xfe, 0xfe, 0xfe, 0xfe, 0xff, 0xff, 0xfe, 0xfe, 0xfe, 0xfe, 0xfb,
  0xfe, 0xff, 0xd2, 0x21, 0x00, 0x03, 0x03, 0x00, 0x00, 0x00, 0x00, 0x00, 0x00, 0x00, 0x00, 0x00,
  0x00, 0x00, 0x00, 0x00, 0x00, 0x00, 0x00, 0x00, 0x00, 0x00, 0x00, 0x00, 0x00, 0x00, 0x00, 0x00,
  0x00, 0x00, 0x00, 0x00, 0x00, 0x00, 0x00, 0x00, 0x00, 0x00, 0x00, 0x01, 0x01, 0x01, 0x01, 0x01,
  0x00, 0x00, 0x00, 0x00, 0x00, 0x00, 0x00, 0x00, 0x00, 0x00, 0x00, 0x00, 0x00, 0x00, 0x00, 0x00,
  0x07, 0x00, 0x00, 0x5b, 0xfe, 0xff, 0xf7, 0xfe, 0xff, 0xfe, 0xfe, 0xfe, 0xff, 0xff, 0xfe, 0xff,
  0xff, 0xff, 0xfe, 0xfe, 0xfe, 0xff, 0xff, 0xfe, 0xfb, 0xfe, 0xff, 0xd2, 0x21, 0x00, 0x03, 0x03,
  0x00, 0x00, 0x00, 0x00, 0x00, 0x00, 0x00, 0x00, 0x00, 0x00, 0x00, 0x00, 0x00, 0x00, 0x00, 0x00,
  0x00, 0x00, 0x00, 0x00, 0x00, 0x00, 0x00, 0x00, 0x00, 0x00, 0x00, 0x00, 0x00, 0x00, 0x00, 0x00,
  0x00, 0x00, 0x00, 0x00, 0x00, 0x00, 0x00, 0x00, 0x00, 0x00, 0x00, 0x00, 0x00, 0x00, 0x00, 0x00,
  0x00, 0x00, 0x00, 0x00, 0x00, 0x00, 0x00, 0x00, 0x00, 0x07, 0x00, 0x00, 0x5b, 0xfe, 0xff, 0xf7,
  0xfe, 0xff, 0xfe, 0xfe, 0xfe, 0xff, 0xfe, 0xfe, 0xff, 0xff, 0xff, 0xfe, 0xfe, 0xfe, 0xff, 0xff,
  0xfe, 0xfb, 0xfe, 0xff, 0xd2, 0x21, 0x00, 0x03, 0x03, 0x00, 0x00, 0x00, 0x00, 0x00, 0x00, 0x00,
  0x00, 0x00, 0x00, 0x00, 0x00, 0x00, 0x00, 0x00, 0x00, 0x00, 0x00, 0x00, 0x00, 0x00, 0x00, 0x00,
  0x00, 0x00, 0x00, 0x00, 0x00, 0x00, 0x00, 0x00, 0x00, 0x00, 0x00, 0x00, 0x00, 0x00, 0x00, 0x00,
  0x00, 0x00, 0x00, 0x00, 0x00, 0x00, 0x00, 0x00, 0x00, 0x00, 0x00, 0x00, 0x00, 0x00, 0x00, 0x00,
  0x00, 0x00, 0x07, 0x00, 0x00, 0x5b, 0xff, 0xff, 0xf6, 0xfd, 0xfe, 0xff, 0xff, 0xff, 0xfe, 0xfe,
  0xfe, 0xfe, 0xfe, 0xfe, 0xff, 0xff, 0xfe, 0xfe, 0xfe, 0xfe, 0xfb, 0xfe, 0xff, 0xd3, 0x21, 0x00,
  0x03, 0x03, 0x00, 0x00, 0x00, 0x00, 0x00, 0x00, 0x00, 0x00, 0x00, 0x00, 0x00, 0x00, 0x00, 0x00,
  0x00, 0x00, 0x00, 0x00, 0x00, 0x00, 0x00, 0x00, 0x00, 0x00, 0x00, 0x00, 0x00, 0x00, 0x00, 0x00,
  0x00, 0x00, 0x00, 0x00, 0x00, 0x00, 0x00, 0x00, 0x00, 0x00, 0x00, 0x00, 0x00, 0x00, 0x00, 0x00,
  0x00, 0x00, 0x00, 0x00, 0x00, 0x00, 0x00, 0x00, 0x00, 0x00, 0x00, 0x07, 0x00, 0x00, 0x5b, 0xff,
  0xff, 0xf6, 0xfd, 0xfe, 0xff, 0xff, 0xff, 0xfe, 0xfe, 0xfe, 0xfe, 0xfe, 0xfe, 0xff, 0xff, 0xfe,
  0xfe, 0xfe, 0xfe, 0xfb, 0xfe, 0xff, 0xd3, 0x21, 0x00, 0x03, 0x03, 0x00, 0x00, 0x00, 0x00, 0x00,
  0x00, 0x00, 0x00, 0x00, 0x00, 0x00, 0x00, 0x00, 0x00, 0x00, 0x00, 0x00, 0x00, 0x00, 0x00, 0x00,
  0x00, 0x00, 0x00, 0x00, 0x00, 0x00, 0x00, 0x00, 0x00, 0x00, 0x00, 0x00, 0x00, 0x00, 0x00, 0x00,
  0x00, 0x00, 0x00, 0x00, 0x00, 0x00, 0x00, 0x00, 0x00, 0x00, 0x00, 0x00, 0x00, 0x00, 0x00, 0x00,
  0x00, 0x00, 0x00, 0x00, 0x07, 0x00, 0x00, 0x5b, 0xff, 0xff, 0xf7, 0xfd, 0xfe, 0xfe, 0xff, 0xff,
  0xfe, 0xfe, 0xfe, 0xfe, 0xfe, 0xff, 0xff, 0xff, 0xfe, 0xff, 0xff, 0xfe, 0xfa, 0xfd, 0xff, 0xd2,
  0x21, 0x00, 0x03, 0x03, 0x00, 0x00, 0x00, 0x00, 0x00, 0x00, 0x00, 0x00, 0x00, 0x00, 0x00, 0x00,
  0x00, 0x00, 0x00, 0x00, 0x00, 0x00, 0x00, 0x00, 0x00, 0x00, 0x00, 0x00, 0x00, 0x00, 0x00, 0x00,
  0x00, 0x00, 0x00, 0x00, 0x00, 0x00, 0x00, 0x00, 0x00, 0x00, 0x00, 0x00, 0x00, 0x00, 0x00, 0x00,
  0x00, 0x00, 0x00, 0x00, 0x00, 0x00, 0x00, 0x00, 0x00, 0x00, 0x00, 0x00, 0x00, 0x07, 0x00, 0x00,
  0x5b, 0xfe, 0xff, 0xf6, 0xfd, 0xfe, 0xfe, 0xfe, 0xfe, 0xfe, 0xfe, 0xfe, 0xff, 0xff, 0xfe, 0xff,
  0xff, 0xfe, 0xff, 0xff, 0xfe, 0xfb, 0xfe, 0xff, 0xd2, 0x21, 0x00, 0x03, 0x03, 0x00, 0x00, 0x00,
  0x00, 0x00, 0x00, 0x00, 0x00, 0x00, 0x00, 0x00, 0x00, 0x00, 0x00, 0x00, 0x00, 0x00, 0x00, 0x00,
  0x00, 0x00, 0x00, 0x00, 0x00, 0x00, 0x00, 0x00, 0x00, 0x00, 0x00, 0x00, 0x00, 0x00, 0x00, 0x00,
  0x00, 0x00, 0x00, 0x00, 0x00, 0x00, 0x00, 0x00, 0x00, 0x00, 0x00, 0x00, 0x00, 0x00, 0x00, 0x00,
  0x00, 0x00, 0x00, 0x00, 0x00, 0x00, 0x07, 0x00, 0x00, 0x5b, 0xfe, 0xff, 0xf6, 0xfd, 0xfe, 0xfe,
  0xfe, 0xfe, 0xfe, 0xfe, 0xfe, 0xff, 0xff, 0xfe, 0xff, 0xff, 0xfe, 0xff, 0xff, 0xfe, 0xfb, 0xfe,
  0xff, 0xd2, 0x21, 0x00, 0x03, 0x03, 0x00, 0x00, 0x00, 0x00, 0x00, 0x00, 0x00, 0x00, 0x00, 0x00,
  0x00, 0x00, 0x00, 0x00, 0x00, 0x00, 0x00, 0x00, 0x00, 0x00, 0x00, 0x00, 0x00, 0x00, 0x00, 0x00,
  0x00, 0x00, 0x00, 0x00, 0x00, 0x00, 0x00, 0x00, 0x00, 0x00, 0x00, 0x00, 0x00, 0x00, 0x00, 0x00,
  0x00, 0x00, 0x00, 0x00, 0x00, 0x00, 0x00, 0x00, 0x00, 0x00, 0x00, 0x00, 0x00, 0x00, 0x00, 0x07,
  0x00, 0x00, 0x5b, 0xfe, 0xff, 0xf7, 0xfe, 0xfe, 0xfe, 0xfe, 0xfe, 0xfe, 0xff, 0xff, 0xfe, 0xfe,
  0xff, 0xff, 0xff, 0xff, 0xfe, 0xfe, 0xfe, 0xfa, 0xfd, 0xff, 0xd2, 0x21, 0x00, 0x03, 0x03, 0x00,
  0x00, 0x00, 0x00, 0x00, 0x00, 0x00, 0x00, 0x00, 0x00, 0x00, 0x00, 0x00, 0x00, 0x00, 0x00, 0x00,
  0x00, 0x00, 0x00, 0x00, 0x00, 0x00, 0x00, 0x00, 0x00, 0x00, 0x00, 0x00, 0x00, 0x00, 0x00, 0x00,
  0x00, 0x00, 0x00, 0x00, 0x00, 0x00, 0x00, 0x00, 0x00, 0x00, 0x00, 0x00, 0x00, 0x00, 0x00, 0x00,
  0x00, 0x00, 0x00, 0x00, 0x00, 0x00, 0x00, 0x00, 0x07, 0x00, 0x00, 0x5b, 0xff, 0xff, 0xf7, 0xfe,
  0xff, 0xff, 0xfe, 0xfe, 0xff, 0xff, 0xff, 0xfe, 0xfe, 0xff, 0xff, 0xff, 0xff, 0xfe, 0xfe, 0xfe,
  0xfa, 0xfd, 0xff, 0xd3, 0x21, 0x00, 0x03, 0x03, 0x00, 0x00, 0x00, 0x00, 0x00, 0x00, 0x00, 0x00,
  0x00, 0x00, 0x00, 0x00, 0x00, 0x00, 0x00, 0x00, 0x00, 0x00, 0x00, 0x00, 0x00, 0x00, 0x00, 0x00,
  0x00, 0x00, 0x00, 0x00, 0x00, 0x00, 0x00, 0x00, 0x00, 0x00, 0x00, 0x00, 0x00, 0x00, 0x00, 0x00,
  0x00, 0x00, 0x00, 0x00, 0x00, 0x00, 0x00, 0x00, 0x00, 0x00, 0x00, 0x00, 0x00, 0x00, 0x00, 0x00,
  0x00, 0x07, 0x00, 0x00, 0x5b, 0xff, 0xff, 0xf7, 0xfe, 0xff, 0xff, 0xfe, 0xfe, 0xff, 0xfe, 0xfe,
  0xff, 0xff, 0xfe, 0xfe, 0xfe, 0xfe, 0xfe, 0xfe, 0xfe, 0xfa, 0xfd, 0xff, 0xd3, 0x21, 0x00, 0x03,
  0x03, 0x00, 0x00, 0x00, 0x00, 0x00, 0x00, 0x00, 0x00, 0x00, 0x00, 0x00, 0x00, 0x00, 0x00, 0x00,
  0x00, 0x00, 0x00, 0x00, 0x00, 0x00, 0x00, 0x00, 0x00, 0x00, 0x00, 0x00, 0x00, 0x00, 0x00, 0x00,
  0x00, 0x00, 0x00, 0x00, 0x00, 0x00, 0x00, 0x00, 0x00, 0x00, 0x00, 0x00, 0x00, 0x00, 0x00, 0x00,
  0x00, 0x00, 0x00, 0x00, 0x00, 0x00, 0x00, 0x00, 0x00, 0x00, 0x07, 0x00, 0x00, 0x5b, 0xff, 0xff,
  0xf6, 0xfd, 0xfe, 0xfe, 0xfe, 0xfe, 0xff, 0xff, 0xff, 0xff, 0xff, 0xfe, 0xfe, 0xfe, 0xfe, 0xfe,
  0xfe, 0xff, 0xfb, 0xfd, 0xff, 0xd2, 0x21, 0x00, 0x03, 0x03, 0x00, 0x00, 0x00, 0x00, 0x00, 0x00,
  0x00, 0x00, 0x00, 0x00, 0x00, 0x00, 0x00, 0x00, 0x00, 0x00, 0x00, 0x00, 0x00, 0x00, 0x00, 0x00,
  0x00, 0x00, 0x00, 0x00, 0x00, 0x00, 0x00, 0x00, 0x00, 0x00, 0x00, 0x00, 0x00, 0x00, 0x00, 0x00,
  0x00, 0x00, 0x00, 0x00, 0x00, 0x00, 0x00, 0x00, 0x00, 0x00, 0x00, 0x00, 0x00, 0x00, 0x00, 0x00,
  0x00, 0x00, 0x00, 0x07, 0x00, 0x00, 0x5b, 0xff, 0xff, 0xf6, 0xfd, 0xfe, 0xfe, 0xfe, 0xfe, 0xff,
  0xff, 0xff, 0xff, 0xff, 0xfe, 0xfe, 0xfe, 0xfe, 0xfe, 0xfe, 0xff, 0xfb, 0xfd, 0xff, 0xd2, 0x21,
  0x00, 0x03, 0x03, 0x00, 0x00, 0x00, 0x00, 0x00, 0x00, 0x00, 0x00, 0x00, 0x00, 0x00, 0x00, 0x00,
  0x00, 0x00, 0x00, 0x00, 0x00, 0x00, 0x00, 0x00, 0x00, 0x00, 0x00, 0x00, 0x00, 0x00, 0x00, 0x00,
  0x00, 0x00, 0x00, 0x00, 0x00, 0x00, 0x00, 0x00, 0x00, 0x00, 0x00, 0x00, 0x00, 0x00, 0x00, 0x00,
  0x00, 0x00, 0x00, 0x00, 0x00, 0x00, 0x00, 0x00, 0x00, 0x00, 0x00, 0x00, 0x07, 0x00, 0x00, 0x5b,
  0xfe, 0xff, 0xf6, 0xfd, 0xfe, 0xff, 0xff, 0xff, 0xff, 0xff, 0xff, 0xfe, 0xfe, 0xfe, 0xfe, 0xfe,
  0xff, 0xff, 0xfe, 0xfe, 0xfb, 0xfe, 0xff, 0xd3, 0x21, 0x00, 0x03, 0x03, 0x00, 0x00, 0x00, 0x00,
  0x00, 0x00, 0x00, 0x00, 0x00, 0x00, 0x00, 0x00, 0x00, 0x00, 0x00, 0x00, 0x00, 0x00, 0x00, 0x00,
  0x00, 0x00, 0x00, 0x00, 0x00, 0x00, 0x00, 0x00, 0x00, 0x00, 0x00, 0x00, 0x00, 0x00, 0x00, 0x00,
  0x00, 0x00, 0x00, 0x00, 0x00, 0x00, 0x00, 0x00, 0x00, 0x00, 0x00, 0x00, 0x00, 0x00, 0x00, 0x00,
  0x00, 0x00, 0x00, 0x00, 0x00, 0x07, 0x00, 0x00, 0x5b, 0xfe, 0xff, 0xf7, 0xfe, 0xff, 0xff, 0xfe,
  0xfe, 0xff, 0xff, 0xfe, 0xfe, 0xfe, 0xfe, 0xfe, 0xfe, 0xfe, 0xff, 0xff, 0xfe, 0xfa, 0xfd, 0xff,
  0xd2, 0x21, 0x00, 0x03, 0x03, 0x00, 0x00, 0x00, 0x00, 0x00, 0x00, 0x00, 0x00, 0x00, 0x00, 0x00,
  0x00, 0x00, 0x00, 0x00, 0x00, 0x00, 0x00, 0x00, 0x00, 0x00, 0x00, 0x00, 0x00, 0x00, 0x00, 0x00,
  0x00, 0x00, 0x00, 0x00, 0x00, 0x00, 0x00, 0x00, 0x00, 0x00, 0x00, 0x00, 0x00, 0x00, 0x00, 0x00,
  0x00, 0x00, 0x00, 0x00, 0x00, 0x00, 0x00, 0x00, 0x00, 0x00, 0x00, 0x00, 0x00, 0x00, 0x07, 0x00,
  0x00, 0x5b, 0xfe, 0xff, 0xf8, 0xfe, 0xff, 0xff, 0xfe, 0xfe, 0xff, 0xff, 0xfe, 0xfe, 0xfe, 0xfe,
  0xfe, 0xfe, 0xfe, 0xff, 0xff, 0xfe, 0xfa, 0xfd, 0xff, 0xd2, 0x21, 0x00, 0x03, 0x03, 0x00, 0x00,
  0x00, 0x00, 0x00, 0x00, 0x00, 0x00, 0x00, 0x00, 0x00, 0x00, 0x00, 0x00, 0x00, 0x00, 0x00, 0x00,
  0x00, 0x00, 0x00, 0x00, 0x00, 0x00, 0x00, 0x00, 0x00, 0x00, 0x00, 0x00, 0x00, 0x00, 0x00, 0x00,
  0x00, 0x00, 0x00, 0x00, 0x00, 0x00, 0x00, 0x00, 0x00, 0x00, 0x00, 0x00, 0x00, 0x00, 0x00, 0x00,
  0x00, 0x00, 0x00, 0x00, 0x00, 0x00, 0x00, 0x07, 0x00, 0x00, 0x5b, 0xff, 0xff, 0xf7, 0xfe, 0xff,
  0xfe, 0xfe, 0xfe, 0xff, 0xff, 0xfe, 0xfe, 0xfe, 0xfe, 0xff, 0xff, 0xfe, 0xfe, 0xfe, 0xfe, 0xfb,
  0xfe, 0xff, 0xd2, 0x21, 0x00, 0x03, 0x03, 0x00, 0x00, 0x00, 0x00, 0x00, 0x00, 0x00, 0x00, 0x00,
  0x00, 0x00, 0x00, 0x00, 0x00, 0x00, 0x00, 0x00, 0x00, 0x00, 0x00, 0x00, 0x00, 0x00, 0x00, 0x00,
  0x00, 0x00, 0x00, 0x00, 0x00, 0x00, 0x00, 0x00, 0x00, 0x00, 0x00, 0x00, 0x00, 0x00, 0x00, 0x00,
  0x00, 0x00, 0x00, 0x00, 0x00, 0x00, 0x00, 0x00, 0x00, 0x00, 0x00, 0x00, 0x00, 0x00, 0x00, 0x00,
  0x07, 0x00, 0x00, 0x5b, 0xff, 0xff, 0xf7, 0xfe, 0xfe, 0xfe, 0xff, 0xff, 0xfe, 0xff, 0xff, 0xfe,
  0xfe, 0xfe, 0xff, 0xff, 0xfe, 0xfe, 0xfe, 0xfe, 0xfb, 0xfe, 0xff, 0xd2, 0x21, 0x00, 0x03, 0x03,
  0x00, 0x00, 0x00, 0x00, 0x00, 0x00, 0x00, 0x00, 0x00, 0x00, 0x00, 0x00, 0x00, 0x00, 0x00, 0x00,
  0x00, 0x00, 0x00, 0x00, 0x00, 0x00, 0x00, 0x00, 0x00, 0x00, 0x00, 0x00, 0x00, 0x00, 0x00, 0x00,
  0x00, 0x00, 0x00, 0x00, 0x00, 0x00, 0x00, 0x00, 0x00, 0x00, 0x00, 0x00, 0x00, 0x00, 0x00, 0x00,
  0x00, 0x00, 0x00, 0x00, 0x00, 0x00, 0x00, 0x00, 0x00, 0x07, 0x00, 0x00, 0x5b, 0xfe, 0xff, 0xf7,
  0xfe, 0xfe, 0xfe, 0xff, 0xff, 0xfe, 0xff, 0xff, 0xfe, 0xfe, 0xfe, 0xfe, 0xfe, 0xfe, 0xff, 0xff,
  0xfe, 0xfb, 0xfe, 0xff, 0xd2, 0x21, 0x00, 0x03, 0x03, 0x00, 0x00, 0x00, 0x00, 0x00, 0x00, 0x00,
  0x00, 0x00, 0x00, 0x00, 0x00, 0x00, 0x00, 0x00, 0x00, 0x00, 0x00, 0x00, 0x00, 0x00, 0x00, 0x00,
  0x00, 0x00, 0x00, 0x00, 0x00, 0x00, 0x00, 0x00, 0x00, 0x00, 0x00, 0x00, 0x00, 0x00, 0x00, 0x00,
  0x00, 0x00, 0x00, 0x00, 0x00, 0x00, 0x00, 0x00, 0x00, 0x00, 0x00, 0x00, 0x00, 0x00, 0x00, 0x00,
  0x00, 0x00, 0x07, 0x00, 0x00, 0x5b, 0xfe, 0xff, 0xf7, 0xfe, 0xff, 0xfe, 0xfe, 0xfe, 0xff, 0xff,
  0xfe, 0xfe, 0xfe, 0xfe, 0xff, 0xff, 0xfe, 0xfe, 0xfe, 0xfe, 0xfa, 0xfd, 0xff, 0xd3, 0x21, 0x00,
  0x03, 0x03, 0x00, 0x00, 0x00, 0x00, 0x00, 0x00, 0x00, 0x00, 0x00, 0x00, 0x00, 0x00, 0x00, 0x00,
  0x00, 0x00, 0x00, 0x00, 0x00, 0x00, 0x00, 0x00, 0x00, 0x00, 0x00, 0x00, 0x00, 0x00, 0x00, 0x00,
  0x00, 0x00, 0x00, 0x00, 0x00, 0x00, 0x00, 0x00, 0x00, 0x00, 0x00, 0x00, 0x00, 0x00, 0x00, 0x00,
  0x00, 0x00, 0x00, 0x00, 0x00, 0x00, 0x00, 0x00, 0x00, 0x00, 0x00, 0x07, 0x00, 0x00, 0x5b, 0xfe,
  0xff, 0xf7, 0xfe, 0xff, 0xfe, 0xfe, 0xfe, 0xff, 0xff, 0xfe, 0xfe, 0xfe, 0xfe, 0xff, 0xff, 0xfe,
  0xfe, 0xfe, 0xfe, 0xfa, 0xfd, 0xff, 0xd3, 0x21, 0x00, 0x03, 0x03, 0x00, 0x00, 0x00, 0x00, 0x00,
  0x00, 0x00, 0x00, 0x00, 0x00, 0x00, 0x00, 0x00, 0x00, 0x00, 0x00, 0x00, 0x00, 0x00, 0x00, 0x00,
  0x00, 0x00, 0x00, 0x00, 0x00, 0x00, 0x00, 0x00, 0x00, 0x00, 0x00, 0x00, 0x00, 0x00, 0x00, 0x00,
  0x00, 0x00, 0x00, 0x00, 0x00, 0x00, 0x00, 0x00, 0x00, 0x00, 0x00, 0x00, 0x00, 0x00, 0x00, 0x00,
  0x00, 0x00, 0x00, 0x00, 0x07, 0x00, 0x00, 0x5b, 0xfe, 0xff, 0xf7, 0xfe, 0xff, 0xfe, 0xfe, 0xfe,
  0xfe, 0xfe, 0xfe, 0xfe, 0xfe, 0xff, 0xff, 0xff, 0xfe, 0xfe, 0xfe, 0xfe, 0xfa, 0xfd, 0xff, 0xd2,
  0x21, 0x00, 0x03, 0x03, 0x00, 0x00, 0x00, 0x00, 0x00, 0x00, 0x00, 0x00, 0x00, 0x00, 0x00, 0x00,
  0x00, 0x00, 0x00, 0x00, 0x00, 0x00, 0x00, 0x00, 0x00, 0x00, 0x00, 0x00, 0x00, 0x00, 0x00, 0x00,
  0x00, 0x00, 0x00, 0x00, 0x00, 0x00, 0x00, 0x00, 0x00, 0x00, 0x00, 0x00, 0x00, 0x00, 0x00, 0x00,
  0x00, 0x00, 0x00, 0x00, 0x00, 0x00, 0x00, 0x00, 0x00, 0x00, 0x00, 0x00, 0x00, 0x07, 0x00, 0x00,
  0x5b, 0xfe, 0xff, 0xf6, 0xfd, 0xff, 0xff, 0xfe, 0xfe, 0xfe, 0xfe, 0xfe, 0xfe, 0xfe, 0xfe, 0xfe,
  0xfe, 0xfe, 0xfe, 0xfe, 0xff, 0xfb, 0xfe, 0xff, 0xd2, 0x21, 0x00, 0x03, 0x03, 0x00, 0x00, 0x00,
  0x00, 0x00, 0x00, 0x00, 0x00, 0x00, 0x00, 0x00, 0x00, 0x00, 0x00, 0x00, 0x00, 0x00, 0x00, 0x00,
  0x00, 0x00, 0x00, 0x00, 0x00, 0x00, 0x00, 0x00, 0x00, 0x00, 0x00, 0x00, 0x00, 0x00, 0x00, 0x00,
  0x00, 0x00, 0x00, 0x00, 0x00, 0x00, 0x00, 0x00, 0x00, 0x00, 0x00, 0x00, 0x00, 0x00, 0x00, 0x00,
  0x00, 0x00, 0x00, 0x00, 0x00, 0x00, 0x07, 0x00, 0x00, 0x5b, 0xfe, 0xff, 0xf6, 0xfd, 0xff, 0xff,
  0xfe, 0xfe, 0xfe, 0xfe, 0xfe, 0xfe, 0xfe, 0xfe, 0xfe, 0xfe, 0xfe, 0xfe, 0xfe, 0xff, 0xfc, 0xfe,
  0xff, 0xd2, 0x21, 0x00, 0x03, 0x03, 0x00, 0x00, 0x00, 0x00, 0x00, 0x00, 0x00, 0x00, 0x00, 0x00,
  0x00, 0x00, 0x00, 0x00, 0x00, 0x00, 0x00, 0x00, 0x00, 0x00, 0x00, 0x00, 0x00, 0x00, 0x00, 0x00,
  0x00, 0x00, 0x00, 0x00, 0x00, 0x00, 0x00, 0x00, 0x00, 0x00, 0x00, 0x00, 0x00, 0x00, 0x00, 0x00,
  0x00, 0x00, 0x00, 0x00, 0x00, 0x00, 0x00, 0x00, 0x00, 0x00, 0x00, 0x00, 0x00, 0x00, 0x00, 0x07,
  0x00, 0x00, 0x5b, 0xfe, 0xff, 0xf6, 0xfd, 0xff, 0xff, 0xfe, 0xfe, 0xff, 0xff, 0xff, 0xff, 0xff,
  0xff, 0xfe, 0xfe, 0xfe, 0xff, 0xff, 0xff, 0xfb, 0xfe, 0xff, 0xd3, 0x21, 0x00, 0x03, 0x03, 0x00,
  0x00, 0x00, 0x00, 0x00, 0x00, 0x00, 0x00, 0x00, 0x00, 0x00, 0x00, 0x00, 0x00, 0x00, 0x00, 0x00,
  0x00, 0x00, 0x00, 0x00, 0x00, 0x00, 0x00, 0x00, 0x00, 0x00, 0x00, 0x00, 0x00, 0x00, 0x00, 0x00,
  0x00, 0x00, 0x00, 0x00, 0x00, 0x00, 0x00, 0x00, 0x00, 0x00, 0x00, 0x00, 0x00, 0x00, 0x00, 0x00,
  0x00, 0x00, 0x00, 0x00, 0x00, 0x00, 0x00, 0x00, 0x07, 0x00, 0x00, 0x5b, 0xfe, 0xff, 0xf7, 0xfe,
  0xff, 0xff, 0xfe, 0xfe, 0xff, 0xff, 0xff, 0xff, 0xff, 0xff, 0xfe, 0xfe, 0xfe, 0xff, 0xff, 0xff,
  0xfa, 0xfd, 0xff, 0xd3, 0x21, 0x00, 0x03, 0x03, 0x00, 0x00, 0x00, 0x00, 0x00, 0x00, 0x00, 0x00,
  0x00, 0x00, 0x00, 0x00, 0x00, 0x00, 0x00, 0x00, 0x00, 0x00, 0x00, 0x00, 0x00, 0x00, 0x00, 0x00,
  0x00, 0x00, 0x00, 0x00, 0x00, 0x00, 0x00, 0x00, 0x00, 0x00, 0x00, 0x00, 0x00, 0x00, 0x00, 0x00,
  0x00, 0x00, 0x00, 0x00, 0x00, 0x00, 0x00, 0x00, 0x00, 0x00, 0x00, 0x00, 0x00, 0x00, 0x00, 0x00,
  0x00, 0x07, 0x00, 0x00, 0x5b, 0xfe, 0xff, 0xf8, 0xfe, 0xff, 0xfe, 0xfe, 0xfe, 0xfe, 0xff, 0xff,
  0xfe, 0xfe, 0xfe, 0xfe, 0xfe, 0xfe, 0xff, 0xff, 0xfe, 0xfa, 0xfd, 0xff, 0xd2, 0x21, 0x00, 0x03,
  0x03, 0x00, 0x00, 0x00, 0x00, 0x00, 0x00, 0x00, 0x00, 0x00, 0x00, 0x00, 0x00, 0x00, 0x00, 0x00,
  0x00, 0x00, 0x00, 0x00, 0x00, 0x00, 0x00, 0x00, 0x00, 0x00, 0x00, 0x00, 0x00, 0x00, 0x00, 0x00,
  0x00, 0x00, 0x00, 0x00, 0x00, 0x00, 0x00, 0x00, 0x00, 0x00, 0x00, 0x00, 0x00, 0x00, 0x00, 0x00,
  0x00, 0x00, 0x00, 0x00, 0x00, 0x00, 0x00, 0x00, 0x00, 0x00, 0x07, 0x00, 0x00, 0x5b, 0xfe, 0xff,
  0xf7, 0xfd, 0xfe, 0xfe, 0xfe, 0xfe, 0xfe, 0xfe, 0xfe, 0xfe, 0xfe, 0xfe, 0xff, 0xff, 0xff, 0xfe,
  0xfe, 0xfe, 0xfb, 0xfe, 0xff, 0xd2, 0x21, 0x00, 0x03, 0x03, 0x00, 0x00, 0x00, 0x00, 0x00, 0x00,
  0x00, 0x00, 0x00, 0x00, 0x00, 0x00, 0x00, 0x00, 0x00, 0x00, 0x00, 0x00, 0x00, 0x00, 0x00, 0x00,
  0x00, 0x00, 0x00, 0x00, 0x00, 0x00, 0x00, 0x00, 0x00, 0x00, 0x00, 0x00, 0x00, 0x00, 0x00, 0x00,
  0x00, 0x00, 0x00, 0x00, 0x00, 0x00, 0x00, 0x00, 0x00, 0x00, 0x00, 0x00, 0x00, 0x00, 0x00, 0x00,
  0x00, 0x00, 0x00, 0x07, 0x00, 0x00, 0x5b, 0xfe, 0xff, 0xf6, 0xfd, 0xfe, 0xfe, 0xfe, 0xfe, 0xfe,
  0xfe, 0xfe, 0xfe, 0xfe, 0xfe, 0xff, 0xff, 0xff, 0xfe, 0xfe, 0xfe, 0xfb, 0xfe, 0xff, 0xd2, 0x21,
  0x00, 0x03, 0x03, 0x00, 0x00, 0x00, 0x00, 0x00, 0x00, 0x00, 0x00, 0x00, 0x00, 0x00, 0x00, 0x00,
  0x00, 0x00, 0x00, 0x00, 0x00, 0x00, 0x00, 0x00, 0x00, 0x00, 0x00, 0x00, 0x00, 0x00, 0x00, 0x00,
  0x00, 0x00, 0x00, 0x00, 0x00, 0x00, 0x00, 0x00, 0x00, 0x00, 0x00, 0x00, 0x00, 0x00, 0x00, 0x00,
  0x00, 0x00, 0x00, 0x00, 0x00, 0x00, 0x00, 0x00, 0x00, 0x00, 0x00, 0x00, 0x07, 0x00, 0x00, 0x5b,
  0xfe, 0xff, 0xf7, 0xfd, 0xfe, 0xfe, 0xff, 0xff, 0xff, 0xff, 0xff, 0xff, 0xff, 0xfe, 0xfe, 0xfe,
  0xff, 0xff, 0xfe, 0xfe, 0xfb, 0xfe, 0xff, 0xd2, 0x21, 0x00, 0x03, 0x03, 0x00, 0x00, 0x00, 0x00,
  0x00, 0x00, 0x00, 0x00, 0x00, 0x00, 0x00, 0x00, 0x00, 0x00, 0x00, 0x00, 0x00, 0x00, 0x00, 0x00,
  0x00, 0x00, 0x00, 0x00, 0x00, 0x00, 0x00, 0x00, 0x00, 0x00, 0x00, 0x00, 0x00, 0x00, 0x00, 0x00,
  0x00, 0x00, 0x00, 0x00, 0x00, 0x00, 0x00, 0x00, 0x00, 0x00, 0x00, 0x00, 0x00, 0x00, 0x00, 0x00,
  0x00, 0x00, 0x00, 0x00, 0x00, 0x07, 0x00, 0x00, 0x5b, 0xfe, 0xff, 0xf6, 0xfd, 0xfe, 0xfe, 0xfe,
  0xfe, 0xff, 0xff, 0xff, 0xff, 0xff, 0xfe, 0xff, 0xff, 0xff, 0xff, 0xff, 0xfe, 0xfb, 0xfe, 0xff,
  0xd2, 0x21, 0x00, 0x03, 0x03, 0x00, 0x00, 0x00, 0x00, 0x00, 0x00, 0x00, 0x00, 0x00, 0x00, 0x00,
  0x00, 0x00, 0x00, 0x00, 0x00, 0x00, 0x00, 0x00, 0x00, 0x00, 0x00, 0x00, 0x00, 0x00, 0x00, 0x00,
  0x00, 0x00, 0x00, 0x00, 0x00, 0x00, 0x00, 0x00, 0x00, 0x00, 0x00, 0x00, 0x00, 0x00, 0x00, 0x00,
  0x00, 0x00, 0x00, 0x00, 0x00, 0x00, 0x00, 0x00, 0x00, 0x00, 0x00, 0x00, 0x00, 0x00, 0x07, 0x00,
  0x00, 0x5b, 0xfe, 0xff, 0xf6, 0xfd, 0xfe, 0xfe, 0xfe, 0xfe, 0xfe, 0xfe, 0xfe, 0xff, 0xff, 0xfe,
  0xff, 0xff, 0xff, 0xff, 0xff, 0xfe, 0xfb, 0xfe, 0xff, 0xd2, 0x21, 0x00, 0x03, 0x03, 0x00, 0x00,
  0x00, 0x00, 0x00, 0x00, 0x00, 0x00, 0x00, 0x00, 0x00, 0x00, 0x00, 0x00, 0x00, 0x00, 0x00, 0x00,
  0x00, 0x00, 0x00, 0x00, 0x00, 0x00, 0x00, 0x00, 0x00, 0x00, 0x00, 0x00, 0x00, 0x00, 0x00, 0x00,
  0x00, 0x00, 0x00, 0x00, 0x00, 0x00, 0x00, 0x00, 0x00, 0x00, 0x00, 0x00, 0x00, 0x00, 0x00, 0x00,
  0x00, 0x00, 0x00, 0x00, 0x00, 0x00, 0x00, 0x07, 0x00, 0x00, 0x5b, 0xff, 0xff, 0xf7, 0xfe, 0xff,
  0xff, 0xff, 0xff, 0xfe, 0xfe, 0xfe, 0xff, 0xff, 0xfe, 0xfe, 0xfe, 0xfe, 0xfe, 0xfe, 0xfe, 0xfb,
  0xfe, 0xff, 0xd2, 0x21, 0x00, 0x03, 0x03, 0x00, 0x00, 0x00, 0x00, 0x00, 0x00, 0x00, 0x00, 0x00,
  0x00, 0x00, 0x00, 0x00, 0x00, 0x00, 0x00, 0x00, 0x00, 0x00, 0x00, 0x00, 0x00, 0x00, 0x00, 0x00,
  0x00, 0x00, 0x00, 0x00, 0x00, 0x00, 0x00, 0x00, 0x00, 0x00, 0x00, 0x00, 0x00, 0x00, 0x00, 0x00,
  0x00, 0x00, 0x00, 0x00, 0x00, 0x00, 0x00, 0x00, 0x00, 0x00, 0x00, 0x00, 0x00, 0x00, 0x00, 0x00,
  0x07, 0x00, 0x00, 0x5b, 0xff, 0xff, 0xf7, 0xfe, 0xff, 0xff, 0xff, 0xff, 0xfe, 0xfe, 0xfe, 0xff,
  0xff, 0xfe, 0xfe, 0xfe, 0xfe, 0xfe, 0xfe, 0xfe, 0xfb, 0xfe, 0xff, 0xd2, 0x21, 0x00, 0x03, 0x03,
  0x00, 0x00, 0x00, 0x00, 0x00, 0x00, 0x00, 0x00, 0x00, 0x00, 0x00, 0x00, 0x00, 0x00, 0x00, 0x00,
  0x00, 0x00, 0x00, 0x00, 0x00, 0x00, 0x00, 0x00, 0x00, 0x00, 0x00, 0x00, 0x00, 0x00, 0x00, 0x00,
  0x00, 0x00, 0x00, 0x00, 0x00, 0x00, 0x00, 0x00, 0x00, 0x00, 0x00, 0x00, 0x00, 0x00, 0x00, 0x00,
  0x00, 0x00, 0x00, 0x00, 0x00, 0x00, 0x00, 0x00, 0x00, 0x07, 0x00, 0x00, 0x5b, 0xfe, 0xff, 0xf7,
  0xfe, 0xff, 0xfe, 0xff, 0xff, 0xfe, 0xfe, 0xfe, 0xfe, 0xfe, 0xff, 0xfe, 0xfe, 0xfe, 0xfe, 0xfe,
  0xff, 0xfb, 0xfd, 0xff, 0xd2, 0x21, 0x00, 0x03, 0x03, 0x00, 0x00, 0x00, 0x00, 0x00, 0x00, 0x00,
  0x00, 0x00, 0x00, 0x00, 0x00, 0x00, 0x00, 0x00, 0x00, 0x00, 0x00, 0x00, 0x00, 0x00, 0x00, 0x00,
  0x00, 0x00, 0x00, 0x00, 0x00, 0x00, 0x00, 0x00, 0x00, 0x00, 0x00, 0x00, 0x00, 0x00, 0x00, 0x00,
  0x00, 0x00, 0x00, 0x00, 0x00, 0x00, 0x00, 0x00, 0x00, 0x00, 0x00, 0x00, 0x00, 0x00, 0x00, 0x00,
  0x00, 0x00, 0x07, 0x00, 0x00, 0x5b, 0xfe, 0xff, 0xf7, 0xfe, 0xff, 0xfe, 0xff, 0xff, 0xfe, 0xff,
  0xff, 0xfe, 0xfe, 0xff, 0xfe, 0xfe, 0xff, 0xfe, 0xfe, 0xff, 0xfb, 0xfd, 0xff, 0xd2, 0x21, 0x00,
  0x03, 0x03, 0x00, 0x00, 0x00, 0x00, 0x00, 0x00, 0x00, 0x00, 0x00, 0x00, 0x00, 0x00, 0x00, 0x00,
  0x00, 0x00, 0x00, 0x00, 0x00, 0x00, 0x00, 0x00, 0x00, 0x00, 0x00, 0x00, 0x00, 0x00, 0x00, 0x00,
  0x00, 0x00, 0x00, 0x00, 0x00, 0x00, 0x00, 0x00, 0x00, 0x00, 0x00, 0x00, 0x00, 0x00, 0x00, 0x00,
  0x00, 0x00, 0x00, 0x00, 0x00, 0x00, 0x00, 0x00, 0x00, 0x00, 0x00, 0x07, 0x00, 0x00, 0x5b, 0xfe,
  0xff, 0xf7, 0xfe, 0xff, 0xfe, 0xff, 0xff, 0xfe, 0xff, 0xff, 0xfe, 0xfe, 0xff, 0xfe, 0xfe, 0xff,
  0xfe, 0xfe, 0xff, 0xfb, 0xfd, 0xff, 0xd2, 0x21, 0x00, 0x03, 0x03, 0x00, 0x00, 0x00, 0x00, 0x00,
  0x00, 0x00, 0x00, 0x00, 0x00, 0x00, 0x00, 0x00, 0x00, 0x00, 0x00, 0x00, 0x00, 0x00, 0x00, 0x00,
  0x00, 0x00, 0x00, 0x00, 0x00, 0x00, 0x00, 0x00, 0x00, 0x00, 0x00, 0x00, 0x00, 0x00, 0x00, 0x00,
  0x00, 0x00, 0x00, 0x00, 0x00, 0x00, 0x00, 0x00, 0x00, 0x00, 0x00, 0x00, 0x00, 0x00, 0x00, 0x00,
  0x00, 0x00, 0x00, 0x00, 0x07, 0x00, 0x00, 0x5b, 0xff, 0xff, 0xf6, 0xfd, 0xff, 0xff, 0xfe, 0xfe,
  0xfe, 0xfe, 0xfe, 0xfe, 0xfe, 0xfe, 0xfe, 0xfe, 0xfe, 0xfe, 0xfe, 0xfe, 0xfb, 0xfe, 0xff, 0xd2,
  0x21, 0x00, 0x03, 0x03, 0x00, 0x00, 0x00, 0x00, 0x00, 0x00, 0x00, 0x00, 0x00, 0x00, 0x00, 0x00,
  0x00, 0x00, 0x00, 0x00, 0x00, 0x00, 0x00, 0x00, 0x00, 0x00, 0x00, 0x00, 0x00, 0x00, 0x00, 0x00,
  0x00, 0x00, 0x00, 0x00, 0x00, 0x00, 0x00, 0x00, 0x00, 0x00, 0x00, 0x00, 0x00, 0x00, 0x00, 0x00,
  0x00, 0x00, 0x00, 0x00, 0x00, 0x00, 0x00, 0x00, 0x00, 0x00, 0x00, 0x00, 0x00, 0x07, 0x00, 0x00,
  0x5b, 0xff, 0xff, 0xf6, 0xfd, 0xff, 0xff, 0xfe, 0xfe, 0xfe, 0xfe, 0xfe, 0xfe, 0xfe, 0xff, 0xff,
  0xff, 0xfe, 0xfe, 0xff, 0xfe, 0xfb, 0xfe, 0xff, 0xd3, 0x21, 0x00, 0x03, 0x03, 0x00, 0x00, 0x00,
  0x00, 0x00, 0x00, 0x00, 0x00, 0x00, 0x00, 0x00, 0x00, 0x00, 0x00, 0x00, 0x00, 0x00, 0x00, 0x00,
  0x00, 0x00, 0x00, 0x00, 0x00, 0x00, 0x00, 0x00, 0x00, 0x00, 0x00, 0x00, 0x00, 0x00, 0x00, 0x00,
  0x00, 0x00, 0x00, 0x00, 0x00, 0x00, 0x00, 0x00, 0x00, 0x00, 0x00, 0x00, 0x00, 0x00, 0x00, 0x00,
  0x00, 0x00, 0x00, 0x00, 0x00, 0x00, 0x07, 0x00, 0x00, 0x5b, 0xfe, 0xff, 0xf6, 0xfd, 0xff, 0xff,
  0xfe, 0xfe, 0xfe, 0xff, 0xff, 0xfe, 0xfe, 0xff, 0xff, 0xff, 0xfe, 0xfe, 0xff, 0xff, 0xfb, 0xfd,
  0xff, 0xd3, 0x21, 0x00, 0x03, 0x03, 0x00, 0x00, 0x00, 0x00, 0x00, 0x00, 0x00, 0x00, 0x00, 0x00,
  0x00, 0x00, 0x00, 0x00, 0x00, 0x00, 0x00, 0x00, 0x00, 0x00, 0x00, 0x00, 0x00, 0x00, 0x00, 0x00,
  0x00, 0x00, 0x00, 0x00, 0x00, 0x00, 0x00, 0x00, 0x00, 0x00, 0x00, 0x00, 0x00, 0x00, 0x00, 0x00,
  0x00, 0x00, 0x00, 0x00, 0x00, 0x00, 0x00, 0x00, 0x00, 0x00, 0x00, 0x00, 0x00, 0x00, 0x00, 0x06,
  0x00, 0x00, 0x56, 0xf3, 0xfe, 0xf8, 0xfe, 0xfd, 0xfe, 0xff, 0xff, 0xff, 0xff, 0xff, 0xfe, 0xfe,
  0xfe, 0xff, 0xff, 0xfe, 0xfe, 0xfe, 0xfe, 0xfb, 0xfd, 0xff, 0xc8, 0x1f, 0x00, 0x03, 0x03, 0x00,
  0x00, 0x00, 0x00, 0x00, 0x00, 0x00, 0x00, 0x00, 0x00, 0x00, 0x00, 0x00, 0x00, 0x00, 0x00, 0x00,
  0x00, 0x00, 0x00, 0x00, 0x00, 0x00, 0x00, 0x00, 0x00, 0x00, 0x00, 0x00, 0x00, 0x00, 0x00, 0x00,
  0x00, 0x00, 0x00, 0x00, 0x00, 0x00, 0x00, 0x00, 0x00, 0x00, 0x00, 0x00, 0x00, 0x00, 0x00, 0x00,
  0x00, 0x00, 0x00, 0x00, 0x00, 0x00, 0x00, 0x00, 0x06, 0x00, 0x00, 0x50, 0xe3, 0xff, 0xfb, 0xfe,
  0xfd, 0xfe, 0xff, 0xff, 0xff, 0xff, 0xff, 0xfe, 0xfe, 0xfe, 0xff, 0xff, 0xfe, 0xfe, 0xfe, 0xfd,
  0xfd, 0xfd, 0xfe, 0xb9, 0x1c, 0x00, 0x03, 0x03, 0x00, 0x00, 0x00, 0x00, 0x00, 0x00, 0x00, 0x00,
  0x00, 0x00, 0x00, 0x00, 0x00, 0x00, 0x00, 0x00, 0x00, 0x00, 0x00, 0x00, 0x00, 0x00, 0x00, 0x00,
  0x00, 0x00, 0x00, 0x00, 0x00, 0x00, 0x00, 0x00, 0x00, 0x00, 0x00, 0x00, 0x00, 0x00, 0x00, 0x00,
  0x00, 0x00, 0x00, 0x00, 0x00, 0x00, 0x00, 0x00, 0x00, 0x00, 0x00, 0x00, 0x00, 0x00, 0x00, 0x00,
  0x00, 0x05, 0x00, 0x00, 0x40, 0xc0, 0xf9, 0xff, 0xff, 0xfc, 0xfe, 0xfe, 0xfe, 0xfe, 0xff, 0xff,
  0xfe, 0xfe, 0xfe, 0xff, 0xff, 0xfe, 0xfe, 0xfe, 0xfc, 0xff, 0xff, 0xef, 0x99, 0x16, 0x00, 0x02,
  0x02, 0x00, 0x00, 0x00, 0x00, 0x00, 0x00, 0x00, 0x00, 0x00, 0x00, 0x00, 0x00, 0x00, 0x00, 0x00,
  0x00, 0x00, 0x00, 0x00, 0x00, 0x00, 0x00, 0x00, 0x00, 0x00, 0x00, 0x00, 0x00, 0x00, 0x00, 0x00,
  0x00, 0x00, 0x00, 0x00, 0x00, 0x00, 0x00, 0x00, 0x00, 0x00, 0x00, 0x00, 0x00, 0x00, 0x00, 0x00,
  0x00, 0x00, 0x00, 0x00, 0x00, 0x00, 0x00, 0x00, 0x00, 0x00, 0x03, 0x00, 0x00, 0x24, 0x8a, 0xe3,
  0xfd, 0xfd, 0xfa, 0xff, 0xff, 0xff, 0xfe, 0xfe, 0xfe, 0xfe, 0xfe, 0xff, 0xfe, 0xfe, 0xfe, 0xfe,
  0xfe, 0xfa, 0xfc, 0xfd, 0xc7, 0x65, 0x0c, 0x00, 0x01, 0x01, 0x00, 0x00, 0x00, 0x00, 0x00, 0x00,
  0x00, 0x00, 0x00, 0x00, 0x00, 0x00, 0x00, 0x00, 0x00, 0x00, 0x00, 0x00, 0x00, 0x00, 0x00, 0x00,
  0x00, 0x00, 0x00, 0x00, 0x00, 0x00, 0x00, 0x00, 0x00, 0x00, 0x00, 0x00, 0x00, 0x00, 0x00, 0x00,
  0x00, 0x00, 0x00, 0x00, 0x00, 0x00, 0x00, 0x00, 0x00, 0x00, 0x00, 0x00, 0x00, 0x00, 0x00, 0x00,
  0x00, 0x00, 0x00, 0x01, 0x00, 0x01, 0x0c, 0x46, 0xc2, 0xff, 0xff, 0xfa, 0xff, 0xff, 0xff, 0xfe,
  0xfe, 0xfe, 0xfe, 0xfe, 0xff, 0xfe, 0xfe, 0xfe, 0xfe, 0xfe, 0xf8, 0xff, 0xff, 0x96, 0x2d, 0x04,
  0x01, 0x01, 0x01, 0x00, 0x00, 0x00, 0x00, 0x00, 0x00, 0x00, 0x00, 0x00, 0x00, 0x00, 0x00, 0x00,
  0x00, 0x00, 0x00, 0x00, 0x00, 0x00, 0x00, 0x00, 0x00, 0x00, 0x00, 0x00, 0x00, 0x00, 0x00, 0x00,
  0x00, 0x00, 0x00, 0x00, 0x00, 0x00, 0x00, 0x00, 0x00, 0x00, 0x00, 0x00, 0x00, 0x00, 0x00, 0x00,
  0x00, 0x00, 0x00, 0x00, 0x00, 0x00, 0x00, 0x00, 0x00, 0x00, 0x00, 0x00, 0x00, 0x01, 0x06, 0x01,
  0x08, 0x90, 0xf9, 0xff, 0xfb, 0xfd, 0xfd, 0xfe, 0xfe, 0xff, 0xff, 0xff, 0xfe, 0xfe, 0xff, 0xff,
  0xfe, 0xfd, 0xfd, 0xf7, 0xff, 0xf3, 0x61, 0x04, 0x00, 0x06, 0x00, 0x00, 0x00, 0x00, 0x00, 0x00,
  0x00, 0x00, 0x00, 0x00, 0x00, 0x00, 0x00, 0x00, 0x00, 0x00, 0x00, 0x00, 0x00, 0x00, 0x00, 0x00,
  0x00, 0x00, 0x00, 0x00, 0x00, 0x00, 0x00, 0x00, 0x00, 0x00, 0x00, 0x00, 0x00, 0x00, 0x00, 0x00,
  0x00, 0x00, 0x00, 0x00, 0x00, 0x00, 0x00, 0x00, 0x00, 0x00, 0x00, 0x00, 0x00, 0x00, 0x00, 0x00,
  0x00, 0x00, 0x00, 0x00, 0x00, 0x00, 0x01, 0x05, 0x00, 0x00, 0x3c, 0xa6, 0xf9, 0xff, 0xfa, 0xf9,
  0xfb, 0xfd, 0xff, 0xff, 0xff, 0xfe, 0xfe, 0xfe, 0xfd, 0xfa, 0xf9, 0xff, 0xff, 0xe3, 0x8a, 0x25,
  0x00, 0x00, 0x05, 0x00, 0x00, 0x00, 0x00, 0x00, 0x00, 0x00, 0x00, 0x00, 0x00, 0x00, 0x00, 0x00,
  0x00, 0x00, 0x00, 0x00, 0x00, 0x00, 0x00, 0x00, 0x00, 0x00, 0x00, 0x00, 0x00, 0x00, 0x00, 0x00,
  0x00, 0x00, 0x00, 0x00, 0x00, 0x00, 0x00, 0x00, 0x00, 0x00, 0x00, 0x00, 0x00, 0x00, 0x00, 0x00,
  0x00, 0x00, 0x00, 0x00, 0x00, 0x00, 0x00, 0x00, 0x00, 0x00, 0x00, 0x00, 0x00, 0x00, 0x00, 0x00,
  0x01, 0x00, 0x01, 0x00, 0x3b, 0xba, 0xf9, 0xff, 0xff, 0xff, 0xff, 0xff, 0xff, 0xfe, 0xfe, 0xfe,
  0xfe, 0xff, 0xff, 0xff, 0xff, 0xef, 0x90, 0x17, 0x00, 0x04, 0x00, 0x01, 0x00, 0x00, 0x00, 0x00,
  0x00, 0x00, 0x00, 0x00, 0x00, 0x00, 0x00, 0x00, 0x00, 0x00, 0x00, 0x00, 0x00, 0x00, 0x00, 0x00,
  0x00, 0x00, 0x00, 0x00, 0x00, 0x00, 0x00, 0x00, 0x00, 0x00, 0x00, 0x00, 0x00, 0x00, 0x00, 0x00,
  0x00, 0x00, 0x00, 0x00, 0x00, 0x00, 0x00, 0x00, 0x00, 0x00, 0x00, 0x00, 0x00, 0x00, 0x00, 0x00,
  0x00, 0x00, 0x00, 0x00, 0x00, 0x00, 0x00, 0x00, 0x00, 0x00, 0x01, 0x01, 0x00, 0x06, 0x3c, 0xa9,
  0xff, 0xff, 0xff, 0xff, 0xfa, 0xf8, 0xf6, 0xf6, 0xf8, 0xfb, 0xff, 0xff, 0xff, 0xe4, 0x7b, 0x22,
  0x00, 0x00, 0x02, 0x00, 0x00, 0x00, 0x00, 0x00, 0x00, 0x00, 0x00, 0x00, 0x00, 0x00, 0x00, 0x00,
  0x00, 0x00, 0x00, 0x00, 0x00, 0x00, 0x00, 0x00, 0x00, 0x00, 0x00, 0x00, 0x00, 0x00, 0x00, 0x00,
  0x00, 0x00, 0x00, 0x00, 0x00, 0x00, 0x00, 0x00, 0x00, 0x00, 0x00, 0x00, 0x00, 0x00, 0x00, 0x00,
  0x00, 0x00, 0x00, 0x00, 0x00, 0x00, 0x00, 0x00, 0x00, 0x00, 0x00, 0x00, 0x00, 0x00, 0x00, 0x00,
  0x00, 0x00, 0x00, 0x01, 0x00, 0x06, 0x00, 0x00, 0x47, 0xa6, 0xce, 0xe5, 0xfc, 0xff, 0xff, 0xff,
  0xff, 0xff, 0xff, 0xf7, 0xdd, 0xc1, 0x80, 0x1d, 0x00, 0x02, 0x03, 0x00, 0x00, 0x00, 0x00, 0x00,
  0x00, 0x00, 0x00, 0x00, 0x00, 0x00, 0x00, 0x00, 0x00, 0x00, 0x00, 0x00, 0x00, 0x00, 0x00, 0x00,
  0x00, 0x00, 0x00, 0x00, 0x00, 0x00, 0x00, 0x00, 0x00, 0x00, 0x00, 0x00, 0x00, 0x00, 0x00, 0x00,
  0x00, 0x00, 0x00, 0x00, 0x00, 0x00, 0x00, 0x00, 0x00, 0x00, 0x00, 0x00, 0x00, 0x00, 0x00, 0x00,
  0x00, 0x00, 0x00, 0x00, 0x00, 0x00, 0x00, 0x00, 0x00, 0x00, 0x00, 0x00, 0x00, 0x00, 0x00, 0x00,
  0x00, 0x03, 0x0c, 0x47, 0x8b, 0xc5, 0xea, 0xfd, 0xff, 0xff, 0xf8, 0xde, 0xb4, 0x74, 0x2f, 0x06,
  0x00, 0x01, 0x00, 0x00, 0x00, 0x00, 0x00, 0x00, 0x00, 0x00, 0x00, 0x00, 0x00, 0x00, 0x00, 0x00,
  0x00, 0x00, 0x00, 0x00, 0x00, 0x00, 0x00, 0x00, 0x00, 0x00, 0x00, 0x00, 0x00, 0x00, 0x00, 0x00,
  0x00, 0x00, 0x00, 0x00, 0x00, 0x00, 0x00, 0x00, 0x00, 0x00, 0x00, 0x00, 0x00, 0x00, 0x00, 0x00,
  0x00, 0x00, 0x00, 0x00, 0x00, 0x00, 0x00, 0x00, 0x00, 0x00, 0x00, 0x00, 0x00, 0x00, 0x00, 0x00,
  0x00, 0x00, 0x00, 0x00, 0x00, 0x00, 0x00, 0x00, 0x02, 0x03, 0x00, 0x00, 0x06, 0x25, 0x40, 0x51,
  0x5a, 0x5f, 0x5e, 0x57, 0x4b, 0x38, 0x1b, 0x00, 0x00, 0x00, 0x04, 0x01, 0x00, 0x00, 0x00, 0x00,
  0x00, 0x00, 0x00, 0x00, 0x00, 0x00, 0x00, 0x00, 0x00, 0x00, 0x00, 0x00, 0x00, 0x00, 0x00, 0x00,
  0x00, 0x00, 0x00, 0x00, 0x00, 0x00, 0x00, 0x00, 0x00, 0x00, 0x00, 0x00, 0x00, 0x00, 0x00, 0x00,
  0x00, 0x00, 0x00, 0x00, 0x00, 0x00, 0x00, 0x00, 0x00, 0x00, 0x00, 0x00, 0x00, 0x00, 0x00, 0x00,
  0x00, 0x00, 0x00, 0x00, 0x00, 0x00, 0x00, 0x00, 0x00, 0x00, 0x00, 0x00, 0x00, 0x00, 0x00, 0x00,
  0x00, 0x00, 0x00, 0x04, 0x07, 0x00, 0x00, 0x00, 0x00, 0x00, 0x00, 0x00, 0x00, 0x00, 0x00, 0x00,
  0x03, 0x06, 0x02, 0x00, 0x00, 0x00, 0x00, 0x00, 0x00, 0x00, 0x00, 0x00, 0x00, 0x00, 0x00, 0x00,
  0x00, 0x00, 0x00, 0x00, 0x00, 0x00, 0x00, 0x00, 0x00, 0x00, 0x00, 0x00
};

const lv_image_dsc_t velaguard_img_icon_rainbow_rain_blue_1 =
{
  .header.magic = LV_IMAGE_HEADER_MAGIC,
  .header.cf = LV_COLOR_FORMAT_RGB565A8,
  .header.flags = 0,
  .header.w = 89,
  .header.h = 116,
  .header.stride = 178,
  .data_size = sizeof(velaguard_img_icon_rainbow_rain_blue_1_data),
  .data = velaguard_img_icon_rainbow_rain_blue_1_data,
};
