#include <lvgl.h>

static const uint8_t velaguard_img_icon_rainbow_rain_blue_9_data[] =
{
  0x00, 0x00, 0x00, 0x00, 0x00, 0x00, 0x00, 0x00, 0x00, 0x00, 0x00, 0x00, 0x00, 0x00, 0x00, 0x00,
  0x00, 0x00, 0x00, 0x00, 0x00, 0x00, 0x00, 0x00, 0x00, 0x00, 0x00, 0x00, 0x00, 0x00, 0x00, 0x00,
  0x00, 0x00, 0x00, 0x00, 0x00, 0x00, 0x00, 0x00, 0x00, 0x00, 0x00, 0x00, 0x00, 0x00, 0x00, 0x00,
  0x00, 0x00, 0x00, 0x00, 0x00, 0x00, 0x00, 0x00, 0xff, 0x07, 0x5f, 0x55, 0xff, 0x7f, 0xbf, 0x7e,
  0xff, 0x97, 0xff, 0x7f, 0x00, 0x00, 0x00, 0x00, 0x00, 0x00, 0x00, 0x00, 0x00, 0x00, 0x00, 0x00,
  0x00, 0x00, 0x00, 0x00, 0x00, 0x00, 0x00, 0x00, 0x00, 0x00, 0x00, 0x00, 0x00, 0x00, 0x00, 0x00,
  0x00, 0x00, 0x00, 0x00, 0x00, 0x00, 0x00, 0x00, 0x00, 0x00, 0xff, 0xff, 0x7f, 0x66, 0xbf, 0x7e,
  0x7f, 0x66, 0xff, 0x57, 0xff, 0x07, 0x00, 0x00, 0x00, 0x00, 0x00, 0x00, 0x00, 0x00, 0x00, 0x00,
  0x00, 0x00, 0x00, 0x00, 0x00, 0x00, 0x00, 0x00, 0x00, 0x00, 0x00, 0x00, 0x00, 0x00, 0x00, 0x00,
  0x00, 0x00, 0x00, 0x00, 0x00, 0x00, 0x00, 0x00, 0x00, 0x00, 0x00, 0x00, 0x00, 0x00, 0x00, 0x00,
  0x00, 0x00, 0x00, 0x00, 0x00, 0x00, 0x00, 0x00, 0x00, 0x00, 0x00, 0x00, 0x00, 0x00, 0x00, 0x00,
  0x00, 0x00, 0x00, 0x00, 0x00, 0x00, 0x00, 0x00, 0x00, 0x00, 0x00, 0x00, 0x00, 0x00, 0x00, 0x00,
  0x00, 0x00, 0x00, 0x00, 0x00, 0x00, 0x00, 0x00, 0x00, 0x00, 0x00, 0x00, 0x00, 0x00, 0x00, 0x00,
  0x00, 0x00, 0x00, 0x00, 0x00, 0x00, 0x00, 0x00, 0x00, 0x00, 0x00, 0x00, 0x00, 0x00, 0x00, 0x00,
  0x00, 0x00, 0x00, 0x00, 0xff, 0x07, 0xff, 0x7f, 0xff, 0xaf, 0xff, 0x7f, 0x00, 0x00, 0x00, 0x00,
  0x00, 0x00, 0x00, 0x00, 0x00, 0x00, 0x7f, 0x6f, 0x5f, 0x7f, 0x3f, 0x7f, 0x5f, 0x7f, 0x5f, 0x7f,
  0x5f, 0x7f, 0x5f, 0x7f, 0x5f, 0x7f, 0x5f, 0x7f, 0x7f, 0x7f, 0x5f, 0x7f, 0x7f, 0x7f, 0x5f, 0x7f,
  0x5f, 0x77, 0x5f, 0x7f, 0x5f, 0x7f, 0x3f, 0x7f, 0x5f, 0x7f, 0x7f, 0x77, 0x00, 0x00, 0x00, 0x00,
  0x00, 0x00, 0x00, 0x00, 0x00, 0x00, 0xff, 0x7b, 0xff, 0x7d, 0x5f, 0x55, 0xff, 0x07, 0x00, 0x00,
  0x00, 0x00, 0x00, 0x00, 0x00, 0x00, 0x00, 0x00, 0x00, 0x00, 0x00, 0x00, 0x00, 0x00, 0x00, 0x00,
  0x00, 0x00, 0x00, 0x00, 0x00, 0x00, 0x00, 0x00, 0x00, 0x00, 0x00, 0x00, 0x00, 0x00, 0x00, 0x00,
  0x00, 0x00, 0x00, 0x00, 0x00, 0x00, 0x00, 0x00, 0x00, 0x00, 0x00, 0x00, 0x00, 0x00, 0x00, 0x00,
  0x00, 0x00, 0x00, 0x00, 0x00, 0x00, 0x00, 0x00, 0x00, 0x00, 0x00, 0x00, 0x00, 0x00, 0x00, 0x00,
  0x00, 0x00, 0x00, 0x00, 0x00, 0x00, 0x00, 0x00, 0x00, 0x00, 0x00, 0x00, 0x00, 0x00, 0x00, 0x00,
  0x00, 0x00, 0x00, 0x00, 0x00, 0x00, 0x00, 0x00, 0x00, 0x00, 0x00, 0x00, 0x00, 0x00, 0x00, 0x00,
  0x00, 0x00, 0x00, 0x00, 0x00, 0x00, 0x00, 0x00, 0x00, 0x00, 0x00, 0x00, 0x00, 0x00, 0xff, 0x07,
  0xff, 0x7d, 0xbf, 0x7e, 0x7f, 0x66, 0x1f, 0x77, 0x5f, 0x7f, 0x5f, 0x7f, 0x5f, 0x7f, 0x5f, 0x7f,
  0x5f, 0x7f, 0x5f, 0x7f, 0x5f, 0x7f, 0x5f, 0x7f, 0x9f, 0x7f, 0xbf, 0x87, 0x9f, 0x7f, 0xbf, 0x87,
  0x7f, 0x7f, 0x5f, 0x7f, 0x5f, 0x7f, 0x5f, 0x7f, 0x5f, 0x7f, 0x5f, 0x7f, 0x5f, 0x7f, 0x7f, 0x7f,
  0x3f, 0x7f, 0x3f, 0x67, 0xff, 0x7f, 0xff, 0xff, 0x00, 0x00, 0x00, 0x00, 0x00, 0x00, 0x00, 0x00,
  0x00, 0x00, 0x00, 0x00, 0x00, 0x00, 0x00, 0x00, 0x00, 0x00, 0x00, 0x00, 0x00, 0x00, 0x00, 0x00,
  0x00, 0x00, 0x00, 0x00, 0x00, 0x00, 0x00, 0x00, 0x00, 0x00, 0x00, 0x00, 0x00, 0x00, 0x00, 0x00,
  0x00, 0x00, 0x00, 0x00, 0x00, 0x00, 0x00, 0x00, 0x00, 0x00, 0x00, 0x00, 0x00, 0x00, 0x00, 0x00,
  0x00, 0x00, 0x00, 0x00, 0x00, 0x00, 0x00, 0x00, 0x00, 0x00, 0x00, 0x00, 0x00, 0x00, 0x00, 0x00,
  0x00, 0x00, 0x00, 0x00, 0x00, 0x00, 0x00, 0x00, 0x00, 0x00, 0x00, 0x00, 0x00, 0x00, 0x00, 0x00,
  0x00, 0x00, 0x00, 0x00, 0x00, 0x00, 0x00, 0x00, 0x00, 0x00, 0x00, 0x00, 0x00, 0x00, 0x00, 0x00,
  0x00, 0x00, 0x00, 0x00, 0xff, 0x7f, 0xff, 0x9f, 0x5f, 0x55, 0x00, 0x00, 0x00, 0x00, 0x00, 0x00,
  0x3f, 0x77, 0x5f, 0x77, 0x5f, 0x7f, 0x5f, 0x7f, 0x7f, 0x7f, 0x5f, 0x7f, 0x5f, 0x7f, 0x5f, 0x7f,
  0x5f, 0x7f, 0x5f, 0x7f, 0x9f, 0x7f, 0xdf, 0x87, 0xdf, 0x87, 0xff, 0x87, 0xff, 0x87, 0xff, 0x87,
  0xff, 0x87, 0xff, 0x87, 0xbf, 0x87, 0x7f, 0x7f, 0x5f, 0x7f, 0x3f, 0x7f, 0x3f, 0x7f, 0x5f, 0x7f,
  0x5f, 0x7f, 0x3f, 0x7f, 0x3f, 0x7f, 0x1f, 0x7f, 0x5f, 0x7f, 0x00, 0x00, 0x00, 0x00, 0x00, 0x00,
  0xff, 0x7f, 0xdf, 0x6e, 0xff, 0x7f, 0xff, 0x07, 0x00, 0x00, 0x00, 0x00, 0x00, 0x00, 0x00, 0x00,
  0x00, 0x00, 0x00, 0x00, 0x00, 0x00, 0x00, 0x00, 0x00, 0x00, 0x00, 0x00, 0x00, 0x00, 0x00, 0x00,
  0x00, 0x00, 0x00, 0x00, 0x00, 0x00, 0x00, 0x00, 0x00, 0x00, 0x00, 0x00, 0x00, 0x00, 0x00, 0x00,
  0x00, 0x00, 0x00, 0x00, 0x00, 0x00, 0x00, 0x00, 0x00, 0x00, 0x00, 0x00, 0x00, 0x00, 0x00, 0x00,
  0x00, 0x00, 0x00, 0x00, 0x00, 0x00, 0x00, 0x00, 0x00, 0x00, 0x00, 0x00, 0x00, 0x00, 0x00, 0x00,
  0x00, 0x00, 0x00, 0x00, 0x00, 0x00, 0x00, 0x00, 0x00, 0x00, 0x00, 0x00, 0x00, 0x00, 0x00, 0x00,
  0x00, 0x00, 0xff, 0xff, 0xff, 0xff, 0x00, 0x00, 0x00, 0x00, 0x00, 0x00, 0x3f, 0x7f, 0x5f, 0x7f,
  0x3f, 0x7f, 0x7f, 0x7f, 0x5f, 0x7f, 0x5f, 0x7f, 0xbf, 0x87, 0xff, 0x8f, 0xdf, 0x87, 0x9f, 0x7f,
  0x9f, 0x7f, 0x7f, 0x7f, 0x5f, 0x7f, 0x5f, 0x7f, 0x5f, 0x7f, 0x5f, 0x7f, 0x5f, 0x7f, 0x5f, 0x7f,
  0x5f, 0x7f, 0x5f, 0x7f, 0x5f, 0x7f, 0x3f, 0x7f, 0x3f, 0x7f, 0x3f, 0x7f, 0x5f, 0x7f, 0x7f, 0x87,
  0xbf, 0x87, 0xff, 0x87, 0xbf, 0x87, 0x1f, 0x7f, 0x1f, 0x7f, 0x3f, 0x7f, 0x3f, 0x7f, 0xff, 0x7e,
  0xdf, 0x7e, 0xff, 0xff, 0x00, 0x00, 0x00, 0x00, 0x00, 0x00, 0xff, 0xff, 0x1f, 0x00, 0x00, 0x00,
  0x00, 0x00, 0x00, 0x00, 0x00, 0x00, 0x00, 0x00, 0x00, 0x00, 0x00, 0x00, 0x00, 0x00, 0x00, 0x00,
  0x00, 0x00, 0x00, 0x00, 0x00, 0x00, 0x00, 0x00, 0x00, 0x00, 0x00, 0x00, 0x00, 0x00, 0x00, 0x00,
  0x00, 0x00, 0x00, 0x00, 0x00, 0x00, 0x00, 0x00, 0x00, 0x00, 0x00, 0x00, 0x00, 0x00, 0x00, 0x00,
  0x00, 0x00, 0x00, 0x00, 0x00, 0x00, 0x00, 0x00, 0x00, 0x00, 0x00, 0x00, 0x00, 0x00, 0x00, 0x00,
  0x00, 0x00, 0x00, 0x00, 0x00, 0x00, 0x00, 0x00, 0x00, 0x00, 0x00, 0x00, 0x00, 0x00, 0x00, 0x00,
  0x00, 0x00, 0x00, 0x00, 0xff, 0x7f, 0xff, 0x7f, 0x00, 0x00, 0x00, 0x00, 0x5f, 0x6f, 0x3f, 0x77,
  0x5f, 0x7f, 0x3f, 0x7f, 0x7f, 0x7f, 0x5f, 0x7f, 0x5f, 0x7f, 0x7f, 0x7f, 0x7f, 0x7f, 0x7f, 0x7f,
  0x5f, 0x7f, 0x5f, 0x7f, 0x5f, 0x7f, 0x5f, 0x7f, 0x5f, 0x7f, 0x5f, 0x7f, 0x5f, 0x7f, 0x3f, 0x7f,
  0x3f, 0x7f, 0x3f, 0x7f, 0x3f, 0x7f, 0x3f, 0x7f, 0x3f, 0x7f, 0x3f, 0x7f, 0x3f, 0x7f, 0x3f, 0x7f,
  0x3f, 0x7f, 0x3f, 0x7f, 0x3f, 0x7f, 0x3f, 0x7f, 0x1f, 0x7f, 0x1f, 0x7f, 0x1f, 0x7f, 0x1f, 0x7f,
  0x1f, 0x7f, 0xff, 0x7e, 0xdf, 0x7e, 0x00, 0x00, 0x00, 0x00, 0xff, 0x7d, 0xff, 0x7f, 0xff, 0x07,
  0x00, 0x00, 0x00, 0x00, 0x00, 0x00, 0x00, 0x00, 0x00, 0x00, 0x00, 0x00, 0x00, 0x00, 0x00, 0x00,
  0x00, 0x00, 0x00, 0x00, 0x00, 0x00, 0x00, 0x00, 0x00, 0x00, 0x00, 0x00, 0x00, 0x00, 0x00, 0x00,
  0x00, 0x00, 0x00, 0x00, 0x00, 0x00, 0x00, 0x00, 0x00, 0x00, 0x00, 0x00, 0x00, 0x00, 0x00, 0x00,
  0x00, 0x00, 0x00, 0x00, 0x00, 0x00, 0x00, 0x00, 0x00, 0x00, 0x00, 0x00, 0x00, 0x00, 0x00, 0x00,
  0x00, 0x00, 0x00, 0x00, 0x00, 0x00, 0x00, 0x00, 0x00, 0x00, 0x00, 0x00, 0x00, 0x00, 0x00, 0x00,
  0x00, 0x00, 0x7f, 0x66, 0xff, 0x7f, 0x00, 0x00, 0x00, 0x00, 0x7f, 0x6f, 0x3f, 0x77, 0x3f, 0x7f,
  0x5f, 0x7f, 0x5f, 0x7f, 0xdf, 0x87, 0xdf, 0x87, 0x9f, 0x7f, 0x7f, 0x7f, 0x5f, 0x7f, 0x5f, 0x7f,
  0x5f, 0x7f, 0x5f, 0x7f, 0x5f, 0x7f, 0x5f, 0x7f, 0x5f, 0x7f, 0x5f, 0x7f, 0x5f, 0x7f, 0x3f, 0x7f,
  0x3f, 0x7f, 0x3f, 0x7f, 0x3f, 0x7f, 0x3f, 0x7f, 0x3f, 0x7f, 0x1f, 0x7f, 0x1f, 0x7f, 0x1f, 0x7f,
  0x1f, 0x7f, 0x1f, 0x7f, 0x1f, 0x7f, 0x1f, 0x7f, 0x1f, 0x7f, 0x1f, 0x7f, 0x3f, 0x87, 0x7f, 0x87,
  0x7f, 0x87, 0xff, 0x7e, 0xff, 0x7e, 0xdf, 0x7e, 0xff, 0x7e, 0xbf, 0x7e, 0x1f, 0x8f, 0x00, 0x00,
  0x00, 0x00, 0xbf, 0x7e, 0xff, 0x7b, 0x00, 0x00, 0x00, 0x00, 0x00, 0x00, 0x00, 0x00, 0x00, 0x00,
  0x00, 0x00, 0x00, 0x00, 0x00, 0x00, 0x00, 0x00, 0x00, 0x00, 0x00, 0x00, 0x00, 0x00, 0x00, 0x00,
  0x00, 0x00, 0x00, 0x00, 0x00, 0x00, 0x00, 0x00, 0x00, 0x00, 0x00, 0x00, 0x00, 0x00, 0x00, 0x00,
  0x00, 0x00, 0x00, 0x00, 0x00, 0x00, 0x00, 0x00, 0x00, 0x00, 0x00, 0x00, 0x00, 0x00, 0x00, 0x00,
  0x00, 0x00, 0x00, 0x00, 0x00, 0x00, 0x00, 0x00, 0x00, 0x00, 0x00, 0x00, 0x00, 0x00, 0x00, 0x00,
  0x00, 0x00, 0x00, 0x00, 0x00, 0x00, 0x00, 0x00, 0xff, 0x7e, 0xbf, 0x77, 0x5f, 0x7f, 0x5f, 0x7f,
  0x7f, 0x7f, 0x9f, 0x7f, 0x5f, 0x7f, 0x5f, 0x7f, 0x5f, 0x7f, 0x5f, 0x7f, 0x5f, 0x7f, 0x5f, 0x7f,
  0x5f, 0x7f, 0x5f, 0x7f, 0x5f, 0x7f, 0x3f, 0x7f, 0x3f, 0x7f, 0x3f, 0x7f, 0x3f, 0x7f, 0x3f, 0x7f,
  0x3f, 0x7f, 0x3f, 0x7f, 0x3f, 0x7f, 0x1f, 0x7f, 0x1f, 0x7f, 0x1f, 0x7f, 0x1f, 0x7f, 0x1f, 0x7f,
  0x1f, 0x7f, 0x1f, 0x7f, 0x1f, 0x7f, 0x1f, 0x7f, 0x1f, 0x7f, 0xff, 0x7e, 0xff, 0x7e, 0xff, 0x7e,
  0xff, 0x7e, 0xff, 0x7e, 0xff, 0x7e, 0xff, 0x7e, 0x1f, 0x87, 0xdf, 0x7e, 0xff, 0x7e, 0xff, 0x86,
  0xdf, 0x7e, 0x00, 0x00, 0x00, 0x00, 0x00, 0x00, 0x1f, 0x00, 0x00, 0x00, 0x00, 0x00, 0x00, 0x00,
  0x00, 0x00, 0x00, 0x00, 0x00, 0x00, 0x00, 0x00, 0x00, 0x00, 0x00, 0x00, 0x00, 0x00, 0x00, 0x00,
  0x00, 0x00, 0x00, 0x00, 0x00, 0x00, 0x00, 0x00, 0x00, 0x00, 0x00, 0x00, 0x00, 0x00, 0x00, 0x00,
  0x00, 0x00, 0x00, 0x00, 0x00, 0x00, 0x00, 0x00, 0x00, 0x00, 0x00, 0x00, 0x00, 0x00, 0x00, 0x00,
  0x00, 0x00, 0x00, 0x00, 0x00, 0x00, 0x00, 0x00, 0x00, 0x00, 0x00, 0x00, 0x00, 0x00, 0x00, 0x00,
  0x1f, 0x00, 0xff, 0x7f, 0xff, 0x7f, 0x00, 0x00, 0x7f, 0x9e, 0x3f, 0x7f, 0x5f, 0x7f, 0x5f, 0x7f,
  0x7f, 0x7f, 0x7f, 0x7f, 0x7f, 0x7f, 0x5f, 0x7f, 0x5f, 0x7f, 0x3f, 0x7f, 0x3f, 0x7f, 0x3f, 0x7f,
  0x3f, 0x7f, 0x3f, 0x7f, 0x3f, 0x7f, 0x3f, 0x7f, 0x3f, 0x7f, 0x3f, 0x7f, 0x3f, 0x7f, 0x3f, 0x7f,
  0x3f, 0x7f, 0x3f, 0x7f, 0x1f, 0x7f, 0x1f, 0x7f, 0x1f, 0x7f, 0x1f, 0x7f, 0x1f, 0x7f, 0x1f, 0x7f,
  0x1f, 0x7f, 0x1f, 0x7f, 0x1f, 0x7f, 0x1f, 0x7f, 0xff, 0x7e, 0xff, 0x7e, 0xff, 0x7e, 0xff, 0x7e,
  0xff, 0x7e, 0xff, 0x7e, 0xdf, 0x7e, 0xff, 0x7e, 0xff, 0x86, 0x1f, 0x87, 0xff, 0x86, 0x1f, 0x87,
  0xdf, 0x86, 0xdf, 0x86, 0xbf, 0x7e, 0x00, 0x00, 0x00, 0x00, 0x5f, 0x7d, 0x1f, 0x00, 0x00, 0x00,
  0x00, 0x00, 0x00, 0x00, 0x00, 0x00, 0x00, 0x00, 0x00, 0x00, 0x00, 0x00, 0x00, 0x00, 0x00, 0x00,
  0x00, 0x00, 0x00, 0x00, 0x00, 0x00, 0x00, 0x00, 0x00, 0x00, 0x00, 0x00, 0x00, 0x00, 0x00, 0x00,
  0x00, 0x00, 0x00, 0x00, 0x00, 0x00, 0x00, 0x00, 0x00, 0x00, 0x00, 0x00, 0x00, 0x00, 0x00, 0x00,
  0x00, 0x00, 0x00, 0x00, 0x00, 0x00, 0x00, 0x00, 0x00, 0x00, 0x00, 0x00, 0x00, 0x00, 0x00, 0x00,
  0xff, 0x07, 0xff, 0x7d, 0x00, 0x00, 0x00, 0x00, 0x1f, 0x7f, 0x5f, 0x7f, 0x5f, 0x7f, 0x5f, 0x7f,
  0xff, 0x87, 0x9f, 0x7f, 0x5f, 0x7f, 0x3f, 0x7f, 0x5f, 0x7f, 0x5f, 0x7f, 0x3f, 0x7f, 0x3f, 0x7f,
  0x3f, 0x7f, 0x3f, 0x7f, 0x3f, 0x7f, 0x3f, 0x7f, 0x3f, 0x7f, 0x1f, 0x7f, 0x1f, 0x7f, 0x1f, 0x7f,
  0x1f, 0x7f, 0x1f, 0x7f, 0x1f, 0x7f, 0x1f, 0x7f, 0x1f, 0x7f, 0x1f, 0x7f, 0x1f, 0x7f, 0xff, 0x7e,
  0xff, 0x7e, 0xff, 0x7e, 0xff, 0x7e, 0xff, 0x7e, 0xff, 0x7e, 0xff, 0x7e, 0xdf, 0x7e, 0xdf, 0x7e,
  0xdf, 0x7e, 0xdf, 0x7e, 0xdf, 0x7e, 0xdf, 0x7e, 0xdf, 0x7e, 0xdf, 0x7e, 0xdf, 0x7e, 0xdf, 0x7e,
  0x3f, 0x87, 0xdf, 0x86, 0xbf, 0x86, 0xbf, 0x7e, 0x9f, 0x7e, 0xff, 0x7f, 0x00, 0x00, 0xff, 0x7b,
  0xff, 0xff, 0x00, 0x00, 0x00, 0x00, 0x00, 0x00, 0x00, 0x00, 0x00, 0x00, 0x00, 0x00, 0x00, 0x00,
  0x00, 0x00, 0x00, 0x00, 0x00, 0x00, 0x00, 0x00, 0x00, 0x00, 0x00, 0x00, 0x00, 0x00, 0x00, 0x00,
  0x00, 0x00, 0x00, 0x00, 0x00, 0x00, 0x00, 0x00, 0x00, 0x00, 0x00, 0x00, 0x00, 0x00, 0x00, 0x00,
  0x00, 0x00, 0x00, 0x00, 0x00, 0x00, 0x00, 0x00, 0x00, 0x00, 0x00, 0x00, 0x00, 0x00, 0x00, 0x00,
  0xff, 0x07, 0x00, 0x00, 0xff, 0xff, 0x00, 0x00, 0x5f, 0x77, 0x3f, 0x77, 0x5f, 0x7f, 0x5f, 0x7f,
  0x5f, 0x7f, 0x5f, 0x7f, 0x5f, 0x7f, 0x3f, 0x7f, 0x3f, 0x7f, 0x3f, 0x7f, 0x3f, 0x7f, 0x3f, 0x7f,
  0x3f, 0x7f, 0x3f, 0x7f, 0x3f, 0x7f, 0x1f, 0x7f, 0x1f, 0x7f, 0x1f, 0x7f, 0x1f, 0x7f, 0x1f, 0x7f,
  0x1f, 0x7f, 0x1f, 0x7f, 0x1f, 0x7f, 0xff, 0x7e, 0xff, 0x7e, 0xff, 0x7e, 0xff, 0x7e, 0xff, 0x7e,
  0xff, 0x7e, 0xff, 0x7e, 0xff, 0x7e, 0xff, 0x7e, 0xdf, 0x7e, 0xdf, 0x7e, 0xdf, 0x7e, 0xdf, 0x7e,
  0xdf, 0x7e, 0xdf, 0x7e, 0xdf, 0x7e, 0xdf, 0x7e, 0xdf, 0x7e, 0xbf, 0x7e, 0xbf, 0x7e, 0xbf, 0x7e,
  0xbf, 0x7e, 0xbf, 0x7e, 0xbf, 0x7e, 0xbf, 0x7e, 0xdf, 0x86, 0x9f, 0x7e, 0x9f, 0x7e, 0xff, 0xff,
  0xff, 0xff, 0x00, 0x00, 0xff, 0xff, 0x00, 0x00, 0x00, 0x00, 0x00, 0x00, 0x00, 0x00, 0x00, 0x00,
  0x00, 0x00, 0x00, 0x00, 0x00, 0x00, 0x00, 0x00, 0x00, 0x00, 0x00, 0x00, 0x00, 0x00, 0x00, 0x00,
  0x00, 0x00, 0x00, 0x00, 0x00, 0x00, 0x00, 0x00, 0x00, 0x00, 0x00, 0x00, 0x00, 0x00, 0x00, 0x00,
  0x00, 0x00, 0x00, 0x00, 0x00, 0x00, 0x00, 0x00, 0x00, 0x00, 0x00, 0x00, 0x00, 0x00, 0x00, 0x00,
  0x00, 0x00, 0x7f, 0x66, 0xff, 0xff, 0x00, 0x00, 0x5f, 0x7f, 0x3f, 0x7f, 0x5f, 0x7f, 0x7f, 0x7f,
  0x9f, 0x87, 0x3f, 0x7f, 0x3f, 0x7f, 0x3f, 0x7f, 0x3f, 0x7f, 0x3f, 0x7f, 0x1f, 0x7f, 0x1f, 0x7f,
  0x1f, 0x7f, 0x1f, 0x7f, 0x1f, 0x7f, 0x1f, 0x7f, 0x1f, 0x7f, 0x1f, 0x7f, 0x1f, 0x7f, 0x1f, 0x7f,
  0x1f, 0x7f, 0x1f, 0x7f, 0xff, 0x7e, 0xff, 0x7e, 0xff, 0x7e, 0xff, 0x7e, 0xff, 0x7e, 0xff, 0x7e,
  0xff, 0x7e, 0xff, 0x7e, 0xdf, 0x7e, 0xdf, 0x7e, 0xdf, 0x7e, 0xdf, 0x7e, 0xdf, 0x7e, 0xdf, 0x7e,
  0xdf, 0x7e, 0xdf, 0x7e, 0xbf, 0x7e, 0xbf, 0x7e, 0xbf, 0x7e, 0xbf, 0x7e, 0xbf, 0x7e, 0xbf, 0x7e,
  0xbf, 0x7e, 0xbf, 0x7e, 0x9f, 0x7e, 0x9f, 0x7e, 0xdf, 0x86, 0x1f, 0x87, 0x9f, 0x86, 0x7f, 0x7e,
  0x7f, 0x7e, 0x00, 0x00, 0x00, 0x00, 0xbf, 0x6d, 0xff, 0x07, 0xff, 0x07, 0x00, 0x00, 0x00, 0x00,
  0x00, 0x00, 0x00, 0x00, 0x00, 0x00, 0x00, 0x00, 0x00, 0x00, 0x00, 0x00, 0x00, 0x00, 0x00, 0x00,
  0x00, 0x00, 0x00, 0x00, 0x00, 0x00, 0x00, 0x00, 0x00, 0x00, 0x00, 0x00, 0x00, 0x00, 0x00, 0x00,
  0x00, 0x00, 0x00, 0x00, 0x00, 0x00, 0x00, 0x00, 0x00, 0x00, 0x00, 0x00, 0x00, 0x00, 0x00, 0x00,
  0x00, 0x00, 0xff, 0x7f, 0x00, 0x00, 0x00, 0x00, 0x1f, 0x77, 0x3f, 0x7f, 0x3f, 0x7f, 0x9f, 0x87,
  0x3f, 0x7f, 0x3f, 0x7f, 0x3f, 0x7f, 0x1f, 0x7f, 0x1f, 0x7f, 0x1f, 0x7f, 0x1f, 0x7f, 0x1f, 0x7f,
  0x1f, 0x7f, 0x1f, 0x7f, 0x1f, 0x7f, 0x1f, 0x7f, 0x1f, 0x7f, 0x1f, 0x7f, 0xff, 0x7e, 0xff, 0x7e,
  0xff, 0x7e, 0xff, 0x7e, 0xff, 0x7e, 0xff, 0x7e, 0xff, 0x7e, 0xff, 0x7e, 0xdf, 0x7e, 0xdf, 0x7e,
  0xdf, 0x7e, 0xdf, 0x7e, 0xdf, 0x7e, 0xdf, 0x7e, 0xdf, 0x7e, 0xdf, 0x7e, 0xdf, 0x7e, 0xdf, 0x7e,
  0xdf, 0x7e, 0xbf, 0x7e, 0xbf, 0x7e, 0xbf, 0x7e, 0xbf, 0x7e, 0xbf, 0x7e, 0xbf, 0x7e, 0xbf, 0x7e,
  0x9f, 0x7e, 0x9f, 0x7e, 0x9f, 0x7e, 0x9f, 0x7e, 0x9f, 0x86, 0x9f, 0x86, 0x9f, 0x7e, 0xbf, 0x86,
  0xbf, 0x86, 0x7f, 0x86, 0x5f, 0x86, 0x1f, 0x8f, 0x00, 0x00, 0x00, 0x00, 0xff, 0x03, 0x00, 0x00,
  0x00, 0x00, 0x00, 0x00, 0x00, 0x00, 0x00, 0x00, 0x00, 0x00, 0x00, 0x00, 0x00, 0x00, 0x00, 0x00,
  0x00, 0x00, 0x00, 0x00, 0x00, 0x00, 0x00, 0x00, 0x00, 0x00, 0x00, 0x00, 0x00, 0x00, 0x00, 0x00,
  0x00, 0x00, 0x00, 0x00, 0x00, 0x00, 0x00, 0x00, 0x00, 0x00, 0x00, 0x00, 0x00, 0x00, 0x00, 0x00,
  0xff, 0x07, 0x00, 0x00, 0xff, 0x7f, 0x00, 0x00, 0xdf, 0x76, 0x1f, 0x7f, 0x1f, 0x7f, 0x3f, 0x7f,
  0x3f, 0x7f, 0x1f, 0x7f, 0x1f, 0x7f, 0x1f, 0x7f, 0x1f, 0x7f, 0x1f, 0x7f, 0x1f, 0x7f, 0x1f, 0x7f,
  0x1f, 0x7f, 0x1f, 0x7f, 0x1f, 0x7f, 0xff, 0x7e, 0xff, 0x7e, 0xff, 0x7e, 0xff, 0x7e, 0xff, 0x7e,
  0xff, 0x7e, 0xdf, 0x7e, 0xdf, 0x7e, 0xdf, 0x7e, 0xdf, 0x7e, 0xdf, 0x7e, 0xdf, 0x7e, 0xdf, 0x7e,
  0xdf, 0x7e, 0xdf, 0x7e, 0xdf, 0x7e, 0xbf, 0x7e, 0xbf, 0x7e, 0xbf, 0x7e, 0xbf, 0x7e, 0xbf, 0x7e,
  0xbf, 0x7e, 0xbf, 0x7e, 0xbf, 0x7e, 0xbf, 0x7e, 0x9f, 0x7e, 0x9f, 0x7e, 0x9f, 0x7e, 0x9f, 0x7e,
  0x9f, 0x7e, 0x9f, 0x86, 0x9f, 0x86, 0x9f, 0x7e, 0x7f, 0x7e, 0x7f, 0x7e, 0x7f, 0x86, 0x9f, 0x86,
  0x9f, 0x86, 0x7f, 0x86, 0x9f, 0x86, 0x5f, 0x86, 0x7f, 0x7e, 0x00, 0x00, 0xff, 0xff, 0xff, 0x7f,
  0xff, 0x07, 0x00, 0x00, 0x00, 0x00, 0x00, 0x00, 0x00, 0x00, 0x00, 0x00, 0x00, 0x00, 0x00, 0x00,
  0x00, 0x00, 0x00, 0x00, 0x00, 0x00, 0x00, 0x00, 0x00, 0x00, 0x00, 0x00, 0x00, 0x00, 0x00, 0x00,
  0x00, 0x00, 0x00, 0x00, 0x00, 0x00, 0x00, 0x00, 0x00, 0x00, 0x00, 0x00, 0x00, 0x00, 0x00, 0x00,
  0x00, 0x00, 0xff, 0x7f, 0x1f, 0x00, 0x00, 0x00, 0x1f, 0x7f, 0x1f, 0x7f, 0x3f, 0x7f, 0x7f, 0x87,
  0x1f, 0x7f, 0x1f, 0x7f, 0x1f, 0x7f, 0x1f, 0x7f, 0x1f, 0x7f, 0x1f, 0x7f, 0x1f, 0x7f, 0x1f, 0x7f,
  0xff, 0x7e, 0xff, 0x7e, 0xff, 0x7e, 0xff, 0x7e, 0xff, 0x7e, 0xff, 0x7e, 0xff, 0x7e, 0xff, 0x7e,
  0xdf, 0x7e, 0xdf, 0x7e, 0xdf, 0x7e, 0xdf, 0x7e, 0xdf, 0x7e, 0xdf, 0x7e, 0xdf, 0x7e, 0xdf, 0x7e,
  0xdf, 0x7e, 0xdf, 0x7e, 0xdf, 0x7e, 0xbf, 0x7e, 0xbf, 0x7e, 0xbf, 0x7e, 0xbf, 0x7e, 0xbf, 0x7e,
  0xbf, 0x7e, 0x9f, 0x7e, 0x9f, 0x7e, 0x9f, 0x86, 0x9f, 0x86, 0x9f, 0x7e, 0x9f, 0x7e, 0x9f, 0x86,
  0x9f, 0x86, 0x9f, 0x86, 0x9f, 0x86, 0x9f, 0x86, 0x7f, 0x7e, 0x7f, 0x7e, 0x7f, 0x7e, 0x7f, 0x86,
  0x7f, 0x86, 0x5f, 0x86, 0x7f, 0x86, 0xbf, 0x8e, 0x5f, 0x86, 0x5f, 0x86, 0x5f, 0x86, 0xff, 0x07,
  0x00, 0x00, 0xff, 0xaf, 0x00, 0x00, 0x00, 0x00, 0x00, 0x00, 0x00, 0x00, 0x00, 0x00, 0x00, 0x00,
  0x00, 0x00, 0x00, 0x00, 0x00, 0x00, 0x00, 0x00, 0x00, 0x00, 0x00, 0x00, 0x00, 0x00, 0x00, 0x00,
  0x00, 0x00, 0x00, 0x00, 0x00, 0x00, 0x00, 0x00, 0x00, 0x00, 0x00, 0x00, 0x00, 0x00, 0x00, 0x00,
  0x00, 0x00, 0x00, 0x00, 0xff, 0x57, 0x00, 0x00, 0xdf, 0x6e, 0xff, 0x7e, 0x1f, 0x7f, 0x5f, 0x87,
  0x1f, 0x7f, 0x1f, 0x7f, 0x1f, 0x7f, 0x1f, 0x7f, 0xff, 0x7e, 0xff, 0x7e, 0xff, 0x7e, 0xff, 0x7e,
  0xff, 0x7e, 0xff, 0x7e, 0xff, 0x7e, 0xff, 0x7e, 0xdf, 0x7e, 0xdf, 0x7e, 0xdf, 0x7e, 0xdf, 0x7e,
  0xdf, 0x7e, 0xdf, 0x7e, 0xdf, 0x7e, 0xdf, 0x7e, 0xdf, 0x7e, 0xdf, 0x7e, 0xbf, 0x7e, 0xbf, 0x7e,
  0xbf, 0x7e, 0xbf, 0x7e, 0xbf, 0x7e, 0xbf, 0x7e, 0xbf, 0x7e, 0xbf, 0x7e, 0x9f, 0x7e, 0x9f, 0x7e,
  0x9f, 0x7e, 0x9f, 0x7e, 0x9f, 0x7e, 0x9f, 0x7e, 0x9f, 0x86, 0x9f, 0x86, 0x7f, 0x7e, 0x7f, 0x7e,
  0x7f, 0x86, 0x7f, 0x86, 0x7f, 0x86, 0x7f, 0x86, 0x7f, 0x86, 0x7f, 0x86, 0x7f, 0x86, 0x7f, 0x86,
  0x7f, 0x86, 0x5f, 0x86, 0x5f, 0x86, 0x5f, 0x86, 0x5f, 0x86, 0x5f, 0x86, 0x5f, 0x86, 0x5f, 0x86,
  0x3f, 0x7e, 0xff, 0x7b, 0xff, 0xff, 0x00, 0x00, 0x00, 0x00, 0x00, 0x00, 0x00, 0x00, 0x00, 0x00,
  0x00, 0x00, 0x00, 0x00, 0x00, 0x00, 0x00, 0x00, 0x00, 0x00, 0x00, 0x00, 0x00, 0x00, 0x00, 0x00,
  0x00, 0x00, 0x00, 0x00, 0x00, 0x00, 0x00, 0x00, 0x00, 0x00, 0x00, 0x00, 0x00, 0x00, 0x00, 0x00,
  0x00, 0x00, 0xff, 0x7f, 0x00, 0x00, 0x00, 0x00, 0xff, 0x97, 0x1f, 0x7f, 0xff, 0x7e, 0x5f, 0x87,
  0x5f, 0x87, 0x1f, 0x7f, 0xff, 0x7e, 0x1f, 0x7f, 0xff, 0x7e, 0xff, 0x7e, 0xff, 0x7e, 0xff, 0x7e,
  0xff, 0x7e, 0xff, 0x7e, 0xff, 0x7e, 0xff, 0x7e, 0xdf, 0x7e, 0xdf, 0x7e, 0xdf, 0x7e, 0xdf, 0x7e,
  0xdf, 0x7e, 0xdf, 0x7e, 0xbf, 0x7e, 0xbf, 0x7e, 0xbf, 0x7e, 0xbf, 0x7e, 0xbf, 0x7e, 0xbf, 0x7e,
  0xbf, 0x7e, 0xbf, 0x7e, 0xbf, 0x7e, 0xbf, 0x7e, 0xbf, 0x7e, 0x9f, 0x86, 0x9f, 0x86, 0x9f, 0x86,
  0x9f, 0x86, 0x9f, 0x86, 0x9f, 0x86, 0x9f, 0x86, 0x7f, 0x7e, 0x7f, 0x7e, 0x7f, 0x86, 0x7f, 0x86,
  0x7f, 0x86, 0x7f, 0x86, 0x7f, 0x86, 0x7f, 0x86, 0x7f, 0x86, 0x7f, 0x86, 0x5f, 0x86, 0x5f, 0x86,
  0x5f, 0x86, 0x5f, 0x86, 0x5f, 0x86, 0x5f, 0x86, 0x5f, 0x86, 0x5f, 0x86, 0x5f, 0x86, 0x9f, 0x8e,
  0x3f, 0x86, 0x1f, 0x86, 0x1f, 0x8e, 0xff, 0xff, 0xff, 0x7b, 0xff, 0x7d, 0x00, 0x00, 0x00, 0x00,
  0x00, 0x00, 0x00, 0x00, 0x00, 0x00, 0x00, 0x00, 0x00, 0x00, 0x00, 0x00, 0x00, 0x00, 0x00, 0x00,
  0x00, 0x00, 0x00, 0x00, 0x00, 0x00, 0x00, 0x00, 0x00, 0x00, 0x00, 0x00, 0x00, 0x00, 0x00, 0x00,
  0x00, 0x00, 0x1f, 0x00, 0xff, 0x7f, 0xff, 0x7f, 0xbf, 0x7e, 0x3f, 0x7f, 0xff, 0x7e, 0x3f, 0x7f,
  0x1f, 0x7f, 0x1f, 0x7f, 0xff, 0x7e, 0xff, 0x7e, 0xff, 0x7e, 0xff, 0x7e, 0xdf, 0x7e, 0xdf, 0x7e,
  0xdf, 0x7e, 0xdf, 0x7e, 0xdf, 0x7e, 0xdf, 0x7e, 0xdf, 0x7e, 0xdf, 0x7e, 0xdf, 0x7e, 0xdf, 0x7e,
  0xdf, 0x7e, 0xbf, 0x7e, 0xbf, 0x7e, 0xbf, 0x7e, 0xbf, 0x7e, 0xbf, 0x7e, 0xbf, 0x7e, 0xbf, 0x7e,
  0xbf, 0x7e, 0xbf, 0x7e, 0x9f, 0x7e, 0x9f, 0x7e, 0x9f, 0x7e, 0x9f, 0x7e, 0x9f, 0x86, 0x9f, 0x86,
  0x9f, 0x86, 0x7f, 0x86, 0x7f, 0x86, 0x7f, 0x86, 0x7f, 0x86, 0x7f, 0x86, 0x7f, 0x7e, 0x7f, 0x86,
  0x7f, 0x86, 0x7f, 0x86, 0x7f, 0x86, 0x5f, 0x86, 0x5f, 0x86, 0x5f, 0x86, 0x5f, 0x86, 0x5f, 0x86,
  0x5f, 0x86, 0x5f, 0x86, 0x5f, 0x86, 0x3f, 0x86, 0x3f, 0x86, 0x3f, 0x86, 0x3f, 0x86, 0x3f, 0x86,
  0x5f, 0x86, 0x5f, 0x86, 0x3f, 0x86, 0x1f, 0x86, 0x00, 0x00, 0x00, 0x00, 0xff, 0x7d, 0x00, 0x00,
  0x00, 0x00, 0x00, 0x00, 0x00, 0x00, 0x00, 0x00, 0x00, 0x00, 0x00, 0x00, 0x00, 0x00, 0x00, 0x00,
  0x00, 0x00, 0x00, 0x00, 0x00, 0x00, 0x00, 0x00, 0x00, 0x00, 0x00, 0x00, 0x00, 0x00, 0x00, 0x00,
  0x00, 0x00, 0x00, 0x00, 0x5f, 0x55, 0x00, 0x00, 0x00, 0x00, 0xff, 0x7e, 0xff, 0x7e, 0xff, 0x7e,
  0x5f, 0x87, 0xff, 0x7e, 0xdf, 0x7e, 0xff, 0x7e, 0xdf, 0x7e, 0xdf, 0x7e, 0xdf, 0x7e, 0xdf, 0x7e,
  0xdf, 0x7e, 0xdf, 0x7e, 0xdf, 0x7e, 0xdf, 0x7e, 0xbf, 0x7e, 0xbf, 0x7e, 0xbf, 0x7e, 0xbf, 0x7e,
  0xbf, 0x7e, 0xbf, 0x7e, 0xbf, 0x7e, 0xbf, 0x7e, 0xbf, 0x7e, 0xbf, 0x7e, 0x9f, 0x7e, 0x9f, 0x7e,
  0x9f, 0x7e, 0x9f, 0x7e, 0x9f, 0x86, 0x9f, 0x86, 0x9f, 0x86, 0x9f, 0x86, 0x7f, 0x7e, 0x7f, 0x86,
  0x7f, 0x86, 0x7f, 0x86, 0x7f, 0x86, 0x7f, 0x86, 0x7f, 0x86, 0x7f, 0x86, 0x7f, 0x86, 0x7f, 0x86,
  0x5f, 0x86, 0x5f, 0x86, 0x5f, 0x86, 0x5f, 0x86, 0x5f, 0x86, 0x5f, 0x86, 0x5f, 0x86, 0x5f, 0x86,
  0x3f, 0x86, 0x5f, 0x86, 0x5f, 0x86, 0x3f, 0x86, 0x3f, 0x86, 0x3f, 0x86, 0x3f, 0x86, 0x3f, 0x86,
  0x3f, 0x86, 0x3f, 0x86, 0x7f, 0x8e, 0x5f, 0x86, 0x1f, 0x86, 0x3f, 0x86, 0xff, 0xff, 0x00, 0x00,
  0x00, 0x00, 0xff, 0xff, 0x00, 0x00, 0x00, 0x00, 0x00, 0x00, 0x00, 0x00, 0x00, 0x00, 0x00, 0x00,
  0x00, 0x00, 0x00, 0x00, 0x00, 0x00, 0x00, 0x00, 0x00, 0x00, 0x00, 0x00, 0x00, 0x00, 0x00, 0x00,
  0x00, 0x00, 0x00, 0x00, 0x00, 0x00, 0xbf, 0x6d, 0x00, 0x00, 0x00, 0x00, 0xff, 0x7e, 0xdf, 0x7e,
  0x1f, 0x87, 0x1f, 0x87, 0xff, 0x7e, 0xdf, 0x7e, 0xdf, 0x7e, 0xdf, 0x7e, 0xdf, 0x7e, 0xdf, 0x7e,
  0xdf, 0x7e, 0xdf, 0x7e, 0xdf, 0x7e, 0xbf, 0x7e, 0xbf, 0x7e, 0xbf, 0x7e, 0xbf, 0x7e, 0xbf, 0x7e,
  0xbf, 0x7e, 0xbf, 0x7e, 0xbf, 0x7e, 0xbf, 0x86, 0xbf, 0x86, 0x9f, 0x7e, 0x9f, 0x7e, 0x9f, 0x86,
  0x9f, 0x86, 0x9f, 0x86, 0x9f, 0x7e, 0x7f, 0x7e, 0x7f, 0x86, 0x7f, 0x86, 0x7f, 0x86, 0x7f, 0x86,
  0x7f, 0x86, 0x7f, 0x86, 0x7f, 0x86, 0x7f, 0x86, 0x5f, 0x86, 0x5f, 0x86, 0x5f, 0x86, 0x5f, 0x86,
  0x5f, 0x86, 0x5f, 0x86, 0x5f, 0x86, 0x5f, 0x86, 0x5f, 0x86, 0x5f, 0x86, 0x5f, 0x86, 0x3f, 0x86,
  0x3f, 0x86, 0x3f, 0x86, 0x3f, 0x86, 0x3f, 0x86, 0x3f, 0x86, 0x3f, 0x86, 0x3f, 0x86, 0x1f, 0x86,
  0x3f, 0x86, 0x1f, 0x86, 0x1f, 0x86, 0x3f, 0x86, 0x5f, 0x8e, 0x1f, 0x86, 0x1f, 0x86, 0xff, 0x8d,
  0x00, 0x00, 0x00, 0x00, 0xff, 0x7b, 0x00, 0x00, 0x00, 0x00, 0x00, 0x00, 0x00, 0x00, 0x00, 0x00,
  0x00, 0x00, 0x00, 0x00, 0x00, 0x00, 0x00, 0x00, 0x00, 0x00, 0x00, 0x00, 0x00, 0x00, 0x00, 0x00,
  0x00, 0x00, 0x00, 0x00, 0x00, 0x00, 0x00, 0x00, 0xff, 0x7f, 0xff, 0x7f, 0xbf, 0x76, 0xdf, 0x7e,
  0x1f, 0x87, 0xff, 0x86, 0xdf, 0x7e, 0xdf, 0x7e, 0xdf, 0x7e, 0xdf, 0x7e, 0xdf, 0x7e, 0xbf, 0x7e,
  0xbf, 0x7e, 0xbf, 0x7e, 0xbf, 0x7e, 0xbf, 0x7e, 0xbf, 0x7e, 0xbf, 0x7e, 0xbf, 0x7e, 0xbf, 0x7e,
  0xbf, 0x7e, 0x9f, 0x7e, 0x9f, 0x7e, 0x9f, 0x7e, 0x9f, 0x86, 0x9f, 0x86, 0x9f, 0x7e, 0x9f, 0x7e,
  0x9f, 0x86, 0x7f, 0x86, 0x7f, 0x86, 0x7f, 0x86, 0x7f, 0x7e, 0x7f, 0x86, 0x7f, 0x86, 0x7f, 0x86,
  0x7f, 0x86, 0x7f, 0x86, 0x5f, 0x86, 0x5f, 0x86, 0x5f, 0x86, 0x5f, 0x86, 0x5f, 0x86, 0x5f, 0x86,
  0x5f, 0x86, 0x5f, 0x86, 0x5f, 0x86, 0x3f, 0x86, 0x3f, 0x86, 0x3f, 0x86, 0x3f, 0x86, 0x3f, 0x86,
  0x3f, 0x86, 0x3f, 0x86, 0x3f, 0x86, 0x1f, 0x86, 0x1f, 0x86, 0x1f, 0x86, 0x1f, 0x86, 0x1f, 0x86,
  0x1f, 0x86, 0x1f, 0x86, 0x1f, 0x86, 0x1f, 0x86, 0xff, 0x85, 0xff, 0x85, 0x5f, 0x8e, 0xff, 0x85,
  0xff, 0x85, 0xff, 0x7d, 0x00, 0x00, 0xff, 0x7b, 0x1f, 0x00, 0x00, 0x00, 0x00, 0x00, 0x00, 0x00,
  0x00, 0x00, 0x00, 0x00, 0x00, 0x00, 0x00, 0x00, 0x00, 0x00, 0x00, 0x00, 0x00, 0x00, 0x00, 0x00,
  0x00, 0x00, 0x00, 0x00, 0x00, 0x00, 0xff, 0xff, 0x00, 0x00, 0xff, 0x7f, 0x1f, 0x7f, 0xbf, 0x7e,
  0xdf, 0x7e, 0x1f, 0x87, 0xff, 0x86, 0xdf, 0x7e, 0xbf, 0x7e, 0xbf, 0x7e, 0xbf, 0x7e, 0xbf, 0x7e,
  0xbf, 0x7e, 0xbf, 0x7e, 0xbf, 0x7e, 0xbf, 0x7e, 0xbf, 0x7e, 0xbf, 0x7e, 0xbf, 0x7e, 0x9f, 0x86,
  0x9f, 0x86, 0x9f, 0x7e, 0x9f, 0x7e, 0x9f, 0x7e, 0x9f, 0x86, 0x9f, 0x86, 0x7f, 0x86, 0x7f, 0x86,
  0x7f, 0x86, 0x7f, 0x86, 0x7f, 0x86, 0x7f, 0x86, 0x7f, 0x86, 0x7f, 0x86, 0x5f, 0x86, 0x5f, 0x86,
  0x5f, 0x86, 0x5f, 0x86, 0x5f, 0x86, 0x5f, 0x86, 0x5f, 0x86, 0x5f, 0x86, 0x5f, 0x86, 0x5f, 0x86,
  0x3f, 0x86, 0x3f, 0x86, 0x3f, 0x86, 0x3f, 0x86, 0x3f, 0x86, 0x3f, 0x86, 0x3f, 0x86, 0x1f, 0x86,
  0x3f, 0x86, 0x3f, 0x86, 0x1f, 0x86, 0x1f, 0x86, 0x1f, 0x86, 0x1f, 0x86, 0x1f, 0x86, 0xff, 0x85,
  0xff, 0x85, 0xff, 0x85, 0xff, 0x85, 0x1f, 0x86, 0xff, 0x85, 0xff, 0x85, 0xff, 0x85, 0x3f, 0x8e,
  0xdf, 0x85, 0xdf, 0x85, 0xbf, 0x85, 0xff, 0xff, 0xff, 0x07, 0x5f, 0xad, 0x00, 0x00, 0x00, 0x00,
  0x00, 0x00, 0x00, 0x00, 0x00, 0x00, 0x00, 0x00, 0x00, 0x00, 0x00, 0x00, 0x00, 0x00, 0x00, 0x00,
  0x00, 0x00, 0x00, 0x00, 0x00, 0x00, 0x00, 0x00, 0xff, 0x9f, 0x00, 0x00, 0x00, 0x00, 0xdf, 0x7e,
  0xdf, 0x7e, 0xdf, 0x7e, 0xdf, 0x86, 0xdf, 0x7e, 0xbf, 0x7e, 0xbf, 0x7e, 0xbf, 0x7e, 0xbf, 0x7e,
  0xbf, 0x7e, 0xbf, 0x7e, 0xbf, 0x7e, 0xbf, 0x86, 0x9f, 0x7e, 0x9f, 0x7e, 0x9f, 0x7e, 0x9f, 0x7e,
  0x9f, 0x86, 0x9f, 0x86, 0x7f, 0x7e, 0x7f, 0x7e, 0x7f, 0x7e, 0x7f, 0x86, 0x7f, 0x86, 0x7f, 0x86,
  0x7f, 0x86, 0x7f, 0x86, 0x7f, 0x86, 0x5f, 0x86, 0x7f, 0x86, 0x5f, 0x86, 0x7f, 0x86, 0x5f, 0x86,
  0x5f, 0x86, 0x5f, 0x86, 0x5f, 0x86, 0x5f, 0x86, 0x5f, 0x86, 0x3f, 0x86, 0x3f, 0x86, 0x3f, 0x86,
  0x3f, 0x86, 0x3f, 0x86, 0x3f, 0x86, 0x3f, 0x86, 0x3f, 0x86, 0x1f, 0x86, 0x1f, 0x86, 0x1f, 0x86,
  0x1f, 0x86, 0x1f, 0x86, 0x1f, 0x86, 0x1f, 0x86, 0x1f, 0x86, 0x1f, 0x86, 0xff, 0x85, 0xff, 0x85,
  0xff, 0x85, 0xff, 0x85, 0xff, 0x85, 0xff, 0x85, 0xff, 0x85, 0xff, 0x85, 0xff, 0x85, 0xdf, 0x85,
  0xff, 0x85, 0xff, 0x85, 0xff, 0x85, 0xdf, 0x85, 0x00, 0x00, 0x00, 0x00, 0x7f, 0x9e, 0x00, 0x00,
  0x00, 0x00, 0x00, 0x00, 0x00, 0x00, 0x00, 0x00, 0x00, 0x00, 0x00, 0x00, 0x00, 0x00, 0x00, 0x00,
  0x00, 0x00, 0x00, 0x00, 0x00, 0x00, 0x00, 0x00, 0x00, 0x00, 0xbf, 0x7e, 0x00, 0x00, 0xff, 0x7f,
  0xbf, 0x86, 0xbf, 0x7e, 0xff, 0x86, 0xbf, 0x7e, 0xbf, 0x7e, 0xbf, 0x7e, 0xbf, 0x7e, 0xbf, 0x7e,
  0xbf, 0x7e, 0x9f, 0x7e, 0x9f, 0x7e, 0x9f, 0x7e, 0x9f, 0x86, 0x9f, 0x86, 0x9f, 0x86, 0x7f, 0x7e,
  0x7f, 0x7e, 0x7f, 0x86, 0x7f, 0x86, 0x7f, 0x86, 0x7f, 0x86, 0x7f, 0x86, 0x7f, 0x86, 0x7f, 0x86,
  0x5f, 0x86, 0x5f, 0x86, 0x5f, 0x86, 0x5f, 0x86, 0x5f, 0x86, 0x5f, 0x86, 0x5f, 0x86, 0x7f, 0x86,
  0x7f, 0x86, 0x7f, 0x86, 0x7f, 0x86, 0x5f, 0x86, 0x5f, 0x86, 0x5f, 0x86, 0x3f, 0x86, 0x3f, 0x86,
  0x3f, 0x86, 0x3f, 0x86, 0x3f, 0x86, 0x1f, 0x86, 0x1f, 0x86, 0x1f, 0x86, 0x1f, 0x86, 0x1f, 0x86,
  0x1f, 0x86, 0x1f, 0x86, 0x1f, 0x86, 0xff, 0x85, 0xff, 0x85, 0xff, 0x85, 0xff, 0x85, 0xff, 0x85,
  0xff, 0x85, 0xff, 0x85, 0xff, 0x85, 0xff, 0x85, 0xff, 0x85, 0xdf, 0x85, 0xdf, 0x85, 0xdf, 0x85,
  0xdf, 0x85, 0xdf, 0x85, 0xff, 0x85, 0x1f, 0x8e, 0xdf, 0x85, 0x7f, 0x7d, 0xff, 0x07, 0x7f, 0x9e,
  0x00, 0x00, 0x00, 0x00, 0x00, 0x00, 0x00, 0x00, 0x00, 0x00, 0x00, 0x00, 0x00, 0x00, 0x00, 0x00,
  0x00, 0x00, 0x00, 0x00, 0x00, 0x00, 0x00, 0x00, 0xff, 0x07, 0x1f, 0xf8, 0xff, 0x7b, 0xff, 0x3d,
  0xdf, 0x7e, 0xbf, 0x7e, 0xbf, 0x86, 0x1f, 0x87, 0x9f, 0x7e, 0xbf, 0x86, 0xbf, 0x86, 0x9f, 0x86,
  0x9f, 0x7e, 0x9f, 0x7e, 0x9f, 0x7e, 0x9f, 0x86, 0x9f, 0x86, 0x9f, 0x86, 0x9f, 0x86, 0x7f, 0x86,
  0x7f, 0x86, 0x7f, 0x86, 0x7f, 0x86, 0x7f, 0x86, 0x7f, 0x86, 0x5f, 0x86, 0x5f, 0x86, 0x5f, 0x86,
  0x5f, 0x86, 0x5f, 0x86, 0x5f, 0x86, 0x5f, 0x86, 0x5f, 0x86, 0x3f, 0x86, 0x5f, 0x86, 0x9f, 0x86,
  0xbf, 0x8e, 0xdf, 0x8e, 0xdf, 0x96, 0xdf, 0x96, 0xdf, 0x96, 0xbf, 0x8e, 0x9f, 0x8e, 0x9f, 0x8e,
  0x5f, 0x86, 0x1f, 0x86, 0x1f, 0x86, 0x1f, 0x86, 0x1f, 0x86, 0x1f, 0x86, 0x1f, 0x86, 0xff, 0x85,
  0xff, 0x85, 0xff, 0x85, 0xff, 0x85, 0xff, 0x85, 0xff, 0x85, 0xff, 0x85, 0xff, 0x85, 0xff, 0x85,
  0xff, 0x85, 0xff, 0x85, 0xff, 0x85, 0xdf, 0x85, 0xdf, 0x85, 0xdf, 0x85, 0xdf, 0x85, 0xdf, 0x85,
  0xdf, 0x85, 0xdf, 0x85, 0xdf, 0x85, 0xff, 0x8d, 0x1f, 0x8e, 0xbf, 0x85, 0xbf, 0x85, 0xff, 0x7d,
  0xff, 0xff, 0x00, 0x00, 0xff, 0x03, 0x00, 0x00, 0x00, 0x00, 0x00, 0x00, 0x00, 0x00, 0x00, 0x00,
  0x00, 0x00, 0x00, 0x00, 0x00, 0x00, 0x00, 0x00, 0x00, 0x00, 0xff, 0x03, 0x5f, 0x55, 0x00, 0x00,
  0xbf, 0x7e, 0xbf, 0x7e, 0x9f, 0x7e, 0x9f, 0x7e, 0xdf, 0x86, 0x9f, 0x86, 0x9f, 0x86, 0x9f, 0x86,
  0x9f, 0x86, 0x9f, 0x7e, 0x7f, 0x7e, 0x7f, 0x7e, 0x7f, 0x86, 0x7f, 0x86, 0x7f, 0x86, 0x7f, 0x86,
  0x7f, 0x86, 0x7f, 0x86, 0x7f, 0x86, 0x5f, 0x86, 0x5f, 0x86, 0x5f, 0x86, 0x5f, 0x86, 0x5f, 0x86,
  0x5f, 0x86, 0x5f, 0x86, 0x5f, 0x86, 0x5f, 0x86, 0x5f, 0x86, 0x7f, 0x86, 0x5f, 0x86, 0x3f, 0x86,
  0x5f, 0x86, 0x3f, 0x86, 0x3f, 0x86, 0x3f, 0x86, 0x3f, 0x86, 0x1f, 0x86, 0x1f, 0x86, 0x3f, 0x86,
  0x1f, 0x86, 0x1f, 0x86, 0x5f, 0x8e, 0x5f, 0x8e, 0x3f, 0x86, 0x1f, 0x86, 0x1f, 0x86, 0xff, 0x85,
  0xff, 0x85, 0xff, 0x85, 0xff, 0x85, 0xff, 0x85, 0xff, 0x85, 0xff, 0x85, 0xdf, 0x85, 0xdf, 0x85,
  0xdf, 0x85, 0xdf, 0x85, 0xdf, 0x85, 0xdf, 0x85, 0xdf, 0x85, 0xdf, 0x85, 0xdf, 0x85, 0xdf, 0x85,
  0xbf, 0x85, 0xbf, 0x85, 0xbf, 0x85, 0xbf, 0x85, 0xdf, 0x8d, 0xdf, 0x8d, 0xbf, 0x85, 0xbf, 0x85,
  0xdf, 0x85, 0x00, 0x00, 0x00, 0x00, 0xff, 0x7b, 0x00, 0x00, 0x00, 0x00, 0x00, 0x00, 0x00, 0x00,
  0x00, 0x00, 0x00, 0x00, 0x00, 0x00, 0x00, 0x00, 0x00, 0x00, 0x00, 0x00, 0xff, 0x7b, 0xff, 0xaf,
  0x00, 0x00, 0x7f, 0x7e, 0x9f, 0x7e, 0x9f, 0x7e, 0x9f, 0x7e, 0x9f, 0x86, 0x7f, 0x86, 0x7f, 0x86,
  0x7f, 0x86, 0x7f, 0x86, 0x7f, 0x86, 0x7f, 0x86, 0x7f, 0x86, 0x7f, 0x86, 0x7f, 0x86, 0x5f, 0x86,
  0x5f, 0x86, 0x5f, 0x86, 0x5f, 0x86, 0x5f, 0x86, 0x5f, 0x86, 0x5f, 0x86, 0x5f, 0x86, 0x5f, 0x86,
  0x5f, 0x86, 0x3f, 0x86, 0x3f, 0x86, 0x3f, 0x86, 0x3f, 0x86, 0x5f, 0x86, 0x3f, 0x86, 0x3f, 0x86,
  0x3f, 0x86, 0x3f, 0x86, 0x3f, 0x86, 0x1f, 0x7e, 0x3f, 0x76, 0x3f, 0x76, 0x3f, 0x76, 0xff, 0x7d,
  0x1f, 0x86, 0x3f, 0x86, 0x1f, 0x86, 0xff, 0x85, 0x1f, 0x86, 0xff, 0x85, 0xff, 0x85, 0xff, 0x85,
  0xff, 0x85, 0xff, 0x85, 0xff, 0x85, 0xff, 0x85, 0xdf, 0x85, 0xdf, 0x85, 0xdf, 0x85, 0xdf, 0x85,
  0xdf, 0x85, 0xdf, 0x85, 0xdf, 0x85, 0xbf, 0x85, 0xbf, 0x85, 0xbf, 0x85, 0xbf, 0x85, 0xbf, 0x85,
  0xbf, 0x85, 0xbf, 0x85, 0xbf, 0x85, 0xbf, 0x85, 0xbf, 0x85, 0xbf, 0x85, 0xbf, 0x85, 0x9f, 0x85,
  0xbf, 0x85, 0xbf, 0x8d, 0x1f, 0x00, 0x00, 0x00, 0xdf, 0x9c, 0x00, 0x00, 0x00, 0x00, 0x00, 0x00,
  0x00, 0x00, 0x00, 0x00, 0x00, 0x00, 0x00, 0x00, 0x00, 0x00, 0x00, 0x00, 0xff, 0xff, 0x1f, 0xf8,
  0xff, 0xaf, 0x00, 0x00, 0x9f, 0x7e, 0x9f, 0x7e, 0xff, 0x86, 0x7f, 0x7e, 0x7f, 0x7e, 0x7f, 0x86,
  0x7f, 0x86, 0x7f, 0x86, 0x7f, 0x86, 0x7f, 0x86, 0x7f, 0x86, 0x5f, 0x86, 0x5f, 0x86, 0x5f, 0x86,
  0x5f, 0x86, 0x5f, 0x86, 0x5f, 0x86, 0x5f, 0x86, 0x5f, 0x86, 0x5f, 0x86, 0x5f, 0x86, 0x3f, 0x86,
  0x3f, 0x86, 0x3f, 0x86, 0x3f, 0x86, 0x1f, 0x86, 0x3f, 0x86, 0x7f, 0x8e, 0x3f, 0x86, 0x3f, 0x86,
  0x3f, 0x86, 0x5f, 0x86, 0x7f, 0x86, 0x7f, 0x7e, 0x00, 0x00, 0x00, 0x00, 0x00, 0x00, 0x00, 0x00,
  0x00, 0x00, 0xff, 0x57, 0x5f, 0x86, 0x1f, 0x86, 0xff, 0x85, 0xff, 0x85, 0xff, 0x85, 0x1f, 0x8e,
  0x3f, 0x8e, 0xdf, 0x85, 0xdf, 0x85, 0xdf, 0x85, 0xdf, 0x85, 0xdf, 0x85, 0xdf, 0x85, 0xdf, 0x85,
  0xdf, 0x85, 0xbf, 0x85, 0xbf, 0x85, 0xbf, 0x85, 0xbf, 0x85, 0xbf, 0x85, 0xbf, 0x85, 0xbf, 0x85,
  0xbf, 0x85, 0xbf, 0x85, 0xbf, 0x85, 0xbf, 0x85, 0x9f, 0x85, 0x9f, 0x85, 0x9f, 0x85, 0x7f, 0x85,
  0xdf, 0x8d, 0x9f, 0x85, 0x7f, 0x85, 0x00, 0x00, 0x00, 0x00, 0xdf, 0x9c, 0x00, 0x00, 0x00, 0x00,
  0x00, 0x00, 0x00, 0x00, 0x00, 0x00, 0x00, 0x00, 0x00, 0x00, 0x00, 0x00, 0x00, 0x00, 0xff, 0xff,
  0x00, 0x00, 0xff, 0x7f, 0xff, 0xff, 0x7f, 0x7e, 0x7f, 0x86, 0x1f, 0x8f, 0x7f, 0x86, 0x7f, 0x86,
  0x7f, 0x86, 0x7f, 0x86, 0x7f, 0x86, 0x7f, 0x86, 0x7f, 0x86, 0x5f, 0x86, 0x5f, 0x86, 0x5f, 0x86,
  0x5f, 0x86, 0x5f, 0x86, 0x5f, 0x86, 0x5f, 0x86, 0x3f, 0x86, 0x3f, 0x86, 0x3f, 0x86, 0x3f, 0x86,
  0x3f, 0x86, 0x3f, 0x86, 0x3f, 0x86, 0x1f, 0x86, 0x3f, 0x86, 0x1f, 0x86, 0x1f, 0x86, 0x1f, 0x86,
  0x1f, 0x86, 0xff, 0x7b, 0x00, 0x00, 0x00, 0x00, 0xff, 0x7b, 0xff, 0x7d, 0xbf, 0x7e, 0xbf, 0x6d,
  0xbf, 0x6d, 0xff, 0xaf, 0xff, 0x07, 0x00, 0x00, 0x00, 0x00, 0x00, 0x00, 0xff, 0x85, 0xdf, 0x85,
  0xdf, 0x85, 0xff, 0x85, 0xff, 0x85, 0xdf, 0x85, 0xdf, 0x85, 0xdf, 0x85, 0xdf, 0x85, 0xbf, 0x85,
  0xbf, 0x85, 0xbf, 0x85, 0xbf, 0x85, 0xbf, 0x85, 0xbf, 0x85, 0xbf, 0x85, 0x9f, 0x85, 0x9f, 0x85,
  0xbf, 0x85, 0xbf, 0x85, 0x9f, 0x85, 0x9f, 0x85, 0x9f, 0x85, 0x9f, 0x85, 0x9f, 0x85, 0x7f, 0x85,
  0x7f, 0x85, 0xff, 0x95, 0x9f, 0x85, 0x7f, 0x85, 0xbf, 0x95, 0x00, 0x00, 0xff, 0xaf, 0x00, 0x00,
  0x00, 0x00, 0x00, 0x00, 0x00, 0x00, 0x00, 0x00, 0x00, 0x00, 0x00, 0x00, 0x00, 0x00, 0x00, 0x00,
  0xff, 0x7f, 0x00, 0x00, 0x00, 0x00, 0xff, 0x8e, 0x7f, 0x86, 0x7f, 0x86, 0xff, 0x8e, 0x5f, 0x86,
  0x5f, 0x86, 0x5f, 0x86, 0x5f, 0x86, 0x5f, 0x86, 0x5f, 0x86, 0x5f, 0x86, 0x5f, 0x86, 0x5f, 0x86,
  0x5f, 0x86, 0x5f, 0x86, 0x3f, 0x86, 0x3f, 0x86, 0x3f, 0x86, 0x3f, 0x86, 0x3f, 0x86, 0x3f, 0x86,
  0x3f, 0x86, 0x1f, 0x86, 0x3f, 0x86, 0x1f, 0x86, 0x1f, 0x86, 0x7f, 0x8e, 0x1f, 0x86, 0x1f, 0x86,
  0x3f, 0x7e, 0xdf, 0x64, 0x00, 0x00, 0x00, 0x00, 0x00, 0x00, 0x00, 0x00, 0x00, 0x00, 0xff, 0x07,
  0xff, 0xff, 0xff, 0xff, 0x00, 0x00, 0x00, 0x00, 0x00, 0x00, 0x00, 0x00, 0x00, 0x00, 0xbf, 0x52,
  0xff, 0x7d, 0xdf, 0x85, 0xdf, 0x85, 0xff, 0x8d, 0xdf, 0x8d, 0xbf, 0x85, 0xdf, 0x85, 0xbf, 0x85,
  0xbf, 0x85, 0xbf, 0x85, 0xbf, 0x85, 0x9f, 0x85, 0xbf, 0x85, 0x9f, 0x85, 0x9f, 0x85, 0x9f, 0x85,
  0x9f, 0x85, 0x9f, 0x85, 0x9f, 0x85, 0x9f, 0x85, 0x9f, 0x85, 0x9f, 0x85, 0x7f, 0x85, 0x7f, 0x8d,
  0x7f, 0x8d, 0x7f, 0x8d, 0xdf, 0x8d, 0x7f, 0x8d, 0x7f, 0x85, 0x7f, 0x8d, 0xff, 0x3b, 0x1f, 0x00,
  0xff, 0x7b, 0xff, 0x07, 0x00, 0x00, 0x00, 0x00, 0x00, 0x00, 0x00, 0x00, 0x00, 0x00, 0x00, 0x00,
  0x00, 0x00, 0xff, 0x57, 0x00, 0x00, 0x00, 0x00, 0x9f, 0x7e, 0x7f, 0x86, 0x5f, 0x86, 0xbf, 0x86,
  0x5f, 0x86, 0x5f, 0x86, 0x5f, 0x86, 0x5f, 0x86, 0x5f, 0x86, 0x3f, 0x86, 0x3f, 0x86, 0x5f, 0x86,
  0x3f, 0x86, 0x3f, 0x86, 0x3f, 0x86, 0x3f, 0x86, 0x3f, 0x86, 0x3f, 0x86, 0x1f, 0x86, 0x1f, 0x86,
  0x1f, 0x86, 0x1f, 0x86, 0x1f, 0x86, 0x1f, 0x86, 0x3f, 0x86, 0x1f, 0x86, 0x5f, 0x8e, 0x1f, 0x86,
  0x1f, 0x8e, 0x00, 0x00, 0x00, 0x00, 0xff, 0xaf, 0x7f, 0x9e, 0xff, 0xaf, 0xff, 0xff, 0xff, 0x07,
  0x00, 0x00, 0x00, 0x00, 0x00, 0x00, 0xff, 0x07, 0xff, 0xff, 0xff, 0x7f, 0x7f, 0x9e, 0x5f, 0x7d,
  0x00, 0x00, 0x00, 0x00, 0x00, 0x00, 0xbf, 0x85, 0xbf, 0x85, 0xdf, 0x85, 0xdf, 0x8d, 0xbf, 0x85,
  0xbf, 0x85, 0x9f, 0x85, 0x9f, 0x85, 0x9f, 0x85, 0x9f, 0x85, 0x9f, 0x85, 0x9f, 0x85, 0x9f, 0x85,
  0x9f, 0x85, 0x9f, 0x85, 0x7f, 0x85, 0x7f, 0x85, 0x7f, 0x8d, 0x7f, 0x85, 0x7f, 0x85, 0x7f, 0x85,
  0x7f, 0x8d, 0x7f, 0x8d, 0x5f, 0x8d, 0x9f, 0x8d, 0x5f, 0x8d, 0x5f, 0x8d, 0x5f, 0x8d, 0xff, 0x7c,
  0x00, 0x00, 0xff, 0x7f, 0xff, 0x07, 0x00, 0x00, 0x00, 0x00, 0x00, 0x00, 0x00, 0x00, 0x00, 0x00,
  0x00, 0x00, 0x00, 0x00, 0x7f, 0x66, 0x00, 0x00, 0x00, 0x00, 0x3f, 0x7e, 0x5f, 0x86, 0x5f, 0x86,
  0x9f, 0x86, 0x5f, 0x86, 0x5f, 0x86, 0x3f, 0x86, 0x3f, 0x86, 0x3f, 0x86, 0x3f, 0x86, 0x3f, 0x86,
  0x3f, 0x86, 0x3f, 0x86, 0x1f, 0x86, 0x1f, 0x86, 0x1f, 0x86, 0x1f, 0x86, 0x1f, 0x86, 0x1f, 0x86,
  0x1f, 0x86, 0x1f, 0x86, 0x1f, 0x86, 0x1f, 0x86, 0xff, 0x85, 0x3f, 0x8e, 0x1f, 0x86, 0xff, 0x85,
  0x1f, 0x86, 0xff, 0x9d, 0xff, 0x7b, 0xff, 0xff, 0xff, 0xff, 0x00, 0x00, 0x00, 0x00, 0x00, 0x00,
  0x00, 0x00, 0x00, 0x00, 0x00, 0x00, 0x00, 0x00, 0x00, 0x00, 0x00, 0x00, 0x00, 0x00, 0x00, 0x00,
  0x00, 0x00, 0xff, 0x7b, 0xff, 0x7b, 0xff, 0x07, 0xbf, 0x85, 0xbf, 0x85, 0xbf, 0x85, 0xff, 0x8d,
  0x9f, 0x85, 0x9f, 0x85, 0x9f, 0x85, 0x9f, 0x85, 0x9f, 0x85, 0x9f, 0x85, 0x9f, 0x85, 0x9f, 0x85,
  0x9f, 0x8d, 0x7f, 0x85, 0x7f, 0x85, 0x7f, 0x85, 0x7f, 0x85, 0x7f, 0x8d, 0x7f, 0x85, 0x7f, 0x85,
  0x5f, 0x8d, 0x5f, 0x85, 0x5f, 0x85, 0x5f, 0x8d, 0x7f, 0x8d, 0x5f, 0x8d, 0x5f, 0x85, 0x5f, 0x8d,
  0x1f, 0x8d, 0x00, 0x00, 0xff, 0x7f, 0xff, 0xff, 0x00, 0x00, 0x00, 0x00, 0x00, 0x00, 0x00, 0x00,
  0x00, 0x00, 0x00, 0x00, 0x00, 0x00, 0xbf, 0x7e, 0x00, 0x00, 0x00, 0x00, 0x5f, 0x86, 0x5f, 0x86,
  0x5f, 0x86, 0x5f, 0x86, 0x3f, 0x86, 0x3f, 0x86, 0x3f, 0x86, 0x3f, 0x86, 0x3f, 0x86, 0x3f, 0x86,
  0x3f, 0x86, 0x1f, 0x86, 0x1f, 0x86, 0x1f, 0x86, 0x1f, 0x86, 0x1f, 0x86, 0x1f, 0x86, 0x1f, 0x86,
  0x1f, 0x86, 0x1f, 0x86, 0x1f, 0x86, 0xff, 0x85, 0xff, 0x85, 0xff, 0x85, 0x5f, 0x8e, 0xff, 0x85,
  0xdf, 0x85, 0xbf, 0x7d, 0x00, 0x00, 0xbf, 0x7e, 0xff, 0x7b, 0xff, 0xff, 0x00, 0x00, 0x00, 0x00,
  0x00, 0x00, 0x00, 0x00, 0x00, 0x00, 0x00, 0x00, 0x00, 0x00, 0x00, 0x00, 0x00, 0x00, 0x00, 0x00,
  0x00, 0x00, 0x00, 0x00, 0xff, 0x7b, 0xff, 0xaf, 0x1f, 0x00, 0x5f, 0x7d, 0xbf, 0x85, 0x9f, 0x85,
  0xbf, 0x8d, 0x9f, 0x85, 0x9f, 0x85, 0x9f, 0x85, 0x7f, 0x85, 0x7f, 0x85, 0x7f, 0x85, 0x7f, 0x85,
  0x7f, 0x85, 0x7f, 0x85, 0x7f, 0x85, 0x7f, 0x85, 0x7f, 0x85, 0x7f, 0x8d, 0x7f, 0x8d, 0x5f, 0x8d,
  0x5f, 0x8d, 0x5f, 0x8d, 0x5f, 0x8d, 0x5f, 0x8d, 0x3f, 0x8d, 0x7f, 0x8d, 0x3f, 0x8d, 0x3f, 0x8d,
  0x3f, 0x85, 0x1f, 0x7d, 0x00, 0x00, 0x5f, 0xad, 0xff, 0x7b, 0x00, 0x00, 0x00, 0x00, 0x00, 0x00,
  0x00, 0x00, 0x00, 0x00, 0x00, 0x00, 0x00, 0x00, 0xbf, 0x7e, 0x00, 0x00, 0x00, 0x00, 0x3f, 0x86,
  0x3f, 0x86, 0x3f, 0x86, 0x3f, 0x86, 0x3f, 0x86, 0x3f, 0x86, 0x1f, 0x86, 0x1f, 0x86, 0x1f, 0x86,
  0x1f, 0x86, 0x1f, 0x86, 0x1f, 0x86, 0x1f, 0x86, 0x1f, 0x86, 0x1f, 0x86, 0xff, 0x85, 0xff, 0x85,
  0xff, 0x85, 0xff, 0x85, 0xff, 0x85, 0xff, 0x85, 0xff, 0x85, 0xff, 0x85, 0xff, 0x85, 0x1f, 0x8e,
  0xdf, 0x85, 0xdf, 0x85, 0x00, 0x00, 0xff, 0xff, 0xbf, 0x7e, 0x00, 0x00, 0x00, 0x00, 0x00, 0x00,
  0x00, 0x00, 0x00, 0x00, 0x00, 0x00, 0x00, 0x00, 0x00, 0x00, 0x00, 0x00, 0x00, 0x00, 0x00, 0x00,
  0x00, 0x00, 0x00, 0x00, 0x00, 0x00, 0x00, 0x00, 0xff, 0x7f, 0x5f, 0xad, 0x00, 0x00, 0x5f, 0x7d,
  0x7f, 0x85, 0x7f, 0x85, 0x9f, 0x85, 0x9f, 0x8d, 0x7f, 0x8d, 0x7f, 0x85, 0x7f, 0x85, 0x7f, 0x85,
  0x7f, 0x85, 0x5f, 0x85, 0x5f, 0x85, 0x5f, 0x85, 0x5f, 0x8d, 0x5f, 0x8d, 0x5f, 0x8d, 0x5f, 0x8d,
  0x5f, 0x8d, 0x5f, 0x8d, 0x5f, 0x8d, 0x3f, 0x8d, 0x3f, 0x8d, 0x3f, 0x8d, 0x5f, 0x8d, 0x3f, 0x8d,
  0x3f, 0x8d, 0x3f, 0x8d, 0x3f, 0x85, 0x00, 0x00, 0x5f, 0xad, 0xff, 0x7b, 0x00, 0x00, 0x00, 0x00,
  0x00, 0x00, 0x00, 0x00, 0x00, 0x00, 0x00, 0x00, 0x00, 0x00, 0xbf, 0x95, 0x00, 0x00, 0x00, 0x00,
  0x1f, 0x86, 0x1f, 0x86, 0x5f, 0x86, 0x3f, 0x86, 0x1f, 0x86, 0x1f, 0x86, 0x1f, 0x86, 0x1f, 0x86,
  0x1f, 0x86, 0x1f, 0x86, 0x1f, 0x86, 0xff, 0x85, 0xff, 0x85, 0xff, 0x85, 0xff, 0x85, 0xff, 0x85,
  0xff, 0x85, 0xff, 0x85, 0xff, 0x85, 0xdf, 0x85, 0xdf, 0x85, 0xdf, 0x85, 0xff, 0x85, 0x1f, 0x8e,
  0xff, 0x85, 0xdf, 0x85, 0xbf, 0x85, 0x00, 0x00, 0x00, 0x00, 0x5f, 0x55, 0x00, 0x00, 0x00, 0x00,
  0x00, 0x00, 0x00, 0x00, 0x00, 0x00, 0x00, 0x00, 0x00, 0x00, 0x00, 0x00, 0x00, 0x00, 0x00, 0x00,
  0x00, 0x00, 0x00, 0x00, 0x00, 0x00, 0x00, 0x00, 0x00, 0x00, 0xff, 0xff, 0xff, 0xff, 0x00, 0x00,
  0x5f, 0x8d, 0x7f, 0x85, 0x7f, 0x85, 0x7f, 0x8d, 0xbf, 0x8d, 0x7f, 0x85, 0x5f, 0x85, 0x5f, 0x8d,
  0x5f, 0x8d, 0x5f, 0x8d, 0x5f, 0x8d, 0x5f, 0x8d, 0x5f, 0x8d, 0x5f, 0x8d, 0x3f, 0x8d, 0x3f, 0x8d,
  0x3f, 0x8d, 0x3f, 0x8d, 0x3f, 0x8d, 0x3f, 0x8d, 0x3f, 0x8d, 0x3f, 0x8d, 0x3f, 0x8d, 0x3f, 0x8d,
  0x3f, 0x8d, 0x3f, 0x8d, 0x1f, 0x8d, 0x5f, 0x85, 0x00, 0x00, 0xff, 0x7b, 0xff, 0x7b, 0x00, 0x00,
  0x00, 0x00, 0x00, 0x00, 0x00, 0x00, 0x00, 0x00, 0x00, 0x00, 0x00, 0x00, 0xff, 0x7d, 0x00, 0x00,
  0x00, 0x00, 0xff, 0x85, 0x5f, 0x86, 0x5f, 0x8e, 0x1f, 0x86, 0x1f, 0x86, 0x1f, 0x86, 0x1f, 0x86,
  0x1f, 0x86, 0xff, 0x85, 0xff, 0x85, 0xff, 0x85, 0xff, 0x85, 0xff, 0x85, 0xff, 0x85, 0xff, 0x85,
  0xff, 0x85, 0xff, 0x85, 0xdf, 0x85, 0xdf, 0x85, 0xdf, 0x85, 0xdf, 0x85, 0xdf, 0x85, 0xff, 0x8d,
  0x3f, 0x8e, 0xbf, 0x85, 0xdf, 0x85, 0x7f, 0x66, 0xff, 0x7b, 0x00, 0x00, 0xff, 0x7b, 0x00, 0x00,
  0x00, 0x00, 0x00, 0x00, 0x00, 0x00, 0x00, 0x00, 0x00, 0x00, 0x00, 0x00, 0x00, 0x00, 0x00, 0x00,
  0x00, 0x00, 0x00, 0x00, 0x00, 0x00, 0x00, 0x00, 0x00, 0x00, 0x00, 0x00, 0x00, 0x00, 0x00, 0x00,
  0xff, 0x7b, 0x5f, 0x7d, 0x7f, 0x85, 0x7f, 0x85, 0x7f, 0x8d, 0xbf, 0x8d, 0x5f, 0x85, 0x5f, 0x85,
  0x5f, 0x8d, 0x5f, 0x8d, 0x5f, 0x8d, 0x5f, 0x8d, 0x5f, 0x8d, 0x5f, 0x8d, 0x3f, 0x8d, 0x3f, 0x8d,
  0x3f, 0x8d, 0x3f, 0x8d, 0x3f, 0x8d, 0x3f, 0x8d, 0x3f, 0x8d, 0x3f, 0x8d, 0x3f, 0x8d, 0x1f, 0x8d,
  0x1f, 0x8d, 0x1f, 0x8d, 0x5f, 0x95, 0x1f, 0x8d, 0x7f, 0x8d, 0x00, 0x00, 0xff, 0x7d, 0xff, 0x7b,
  0x00, 0x00, 0x00, 0x00, 0x00, 0x00, 0x00, 0x00, 0x00, 0x00, 0x00, 0x00, 0x00, 0x00, 0xff, 0x7d,
  0x00, 0x00, 0x00, 0x00, 0x1f, 0x86, 0x7f, 0x8e, 0x7f, 0x8e, 0x1f, 0x86, 0x1f, 0x86, 0xff, 0x85,
  0xff, 0x85, 0xff, 0x85, 0xff, 0x85, 0xff, 0x85, 0xff, 0x85, 0xff, 0x85, 0xdf, 0x85, 0xdf, 0x85,
  0xdf, 0x85, 0xdf, 0x85, 0xdf, 0x85, 0xdf, 0x85, 0xdf, 0x85, 0xdf, 0x85, 0xdf, 0x85, 0xdf, 0x85,
  0xdf, 0x8d, 0x3f, 0x96, 0xbf, 0x85, 0xdf, 0x85, 0x00, 0x00, 0xff, 0x7f, 0x00, 0x00, 0xff, 0xff,
  0x00, 0x00, 0x00, 0x00, 0x00, 0x00, 0x00, 0x00, 0x00, 0x00, 0x00, 0x00, 0x00, 0x00, 0x00, 0x00,
  0x00, 0x00, 0x00, 0x00, 0x00, 0x00, 0x00, 0x00, 0x00, 0x00, 0x00, 0x00, 0x00, 0x00, 0x00, 0x00,
  0x00, 0x00, 0x5f, 0x55, 0x00, 0x00, 0xff, 0x7b, 0x5f, 0x8d, 0x7f, 0x8d, 0xbf, 0x95, 0x5f, 0x85,
  0x5f, 0x8d, 0x5f, 0x8d, 0x5f, 0x8d, 0x3f, 0x8d, 0x3f, 0x8d, 0x3f, 0x8d, 0x3f, 0x8d, 0x3f, 0x8d,
  0x3f, 0x8d, 0x3f, 0x8d, 0x3f, 0x8d, 0x3f, 0x8d, 0x3f, 0x8d, 0x1f, 0x8d, 0x1f, 0x8d, 0x1f, 0x8d,
  0x1f, 0x8d, 0x1f, 0x8d, 0xff, 0x8c, 0x5f, 0x95, 0xff, 0x8c, 0x3f, 0x95, 0x00, 0x00, 0xff, 0x7d,
  0xff, 0x7b, 0x00, 0x00, 0x00, 0x00, 0x00, 0x00, 0x00, 0x00, 0x00, 0x00, 0x00, 0x00, 0x00, 0x00,
  0xff, 0x7d, 0x00, 0x00, 0x00, 0x00, 0x1f, 0x86, 0x7f, 0x8e, 0x5f, 0x8e, 0xff, 0x85, 0xff, 0x85,
  0xff, 0x85, 0xff, 0x85, 0xff, 0x85, 0xdf, 0x85, 0xdf, 0x85, 0xdf, 0x85, 0xdf, 0x85, 0xdf, 0x85,
  0xdf, 0x85, 0xdf, 0x85, 0xdf, 0x85, 0xdf, 0x85, 0xbf, 0x85, 0xbf, 0x85, 0xbf, 0x85, 0xbf, 0x85,
  0xbf, 0x85, 0xdf, 0x8d, 0x3f, 0x96, 0xbf, 0x85, 0xbf, 0x7d, 0x00, 0x00, 0x5f, 0x7d, 0xff, 0xff,
  0x00, 0x00, 0x00, 0x00, 0x00, 0x00, 0x00, 0x00, 0x00, 0x00, 0x00, 0x00, 0x00, 0x00, 0x00, 0x00,
  0x00, 0x00, 0x00, 0x00, 0x00, 0x00, 0x00, 0x00, 0x00, 0x00, 0x00, 0x00, 0x00, 0x00, 0x00, 0x00,
  0x00, 0x00, 0x00, 0x00, 0x5f, 0x7d, 0x00, 0x00, 0x00, 0x00, 0x5f, 0x8d, 0x7f, 0x8d, 0xbf, 0x95,
  0x3f, 0x8d, 0x3f, 0x8d, 0x3f, 0x8d, 0x3f, 0x8d, 0x3f, 0x8d, 0x3f, 0x8d, 0x1f, 0x8d, 0x3f, 0x8d,
  0x3f, 0x8d, 0x3f, 0x8d, 0x1f, 0x8d, 0x1f, 0x8d, 0x1f, 0x8d, 0x1f, 0x8d, 0x1f, 0x8d, 0x1f, 0x8d,
  0x1f, 0x8d, 0x1f, 0x8d, 0x1f, 0x8d, 0xff, 0x8c, 0x7f, 0x9d, 0xff, 0x8c, 0xff, 0x8c, 0x00, 0x00,
  0xff, 0x7d, 0xff, 0x7b, 0x00, 0x00, 0x00, 0x00, 0x00, 0x00, 0x00, 0x00, 0x00, 0x00, 0x00, 0x00,
  0x00, 0x00, 0xff, 0x7d, 0x00, 0x00, 0x00, 0x00, 0xff, 0x85, 0x5f, 0x8e, 0x5f, 0x8e, 0xdf, 0x85,
  0xff, 0x85, 0xdf, 0x85, 0xdf, 0x85, 0xdf, 0x85, 0xdf, 0x85, 0xdf, 0x85, 0xdf, 0x85, 0xdf, 0x85,
  0xdf, 0x85, 0xbf, 0x85, 0xbf, 0x85, 0xbf, 0x85, 0xbf, 0x85, 0xbf, 0x85, 0xbf, 0x85, 0xbf, 0x85,
  0xbf, 0x85, 0xbf, 0x85, 0xdf, 0x8d, 0x3f, 0x96, 0xbf, 0x85, 0x00, 0x00, 0xff, 0xff, 0xff, 0x7d,
  0xff, 0xff, 0x00, 0x00, 0x00, 0x00, 0x00, 0x00, 0x00, 0x00, 0x00, 0x00, 0x00, 0x00, 0x00, 0x00,
  0x00, 0x00, 0x00, 0x00, 0x00, 0x00, 0x00, 0x00, 0x00, 0x00, 0x00, 0x00, 0x00, 0x00, 0x00, 0x00,
  0x00, 0x00, 0x00, 0x00, 0x00, 0x00, 0xff, 0x9d, 0x00, 0x00, 0x00, 0x00, 0x5f, 0x8d, 0x5f, 0x8d,
  0xbf, 0x95, 0x3f, 0x8d, 0x3f, 0x8d, 0x3f, 0x8d, 0x3f, 0x8d, 0x3f, 0x8d, 0x1f, 0x8d, 0x1f, 0x8d,
  0x1f, 0x8d, 0x1f, 0x8d, 0x1f, 0x8d, 0x1f, 0x8d, 0x1f, 0x8d, 0xff, 0x8c, 0xff, 0x8c, 0xff, 0x8c,
  0xff, 0x8c, 0xff, 0x8c, 0xff, 0x8c, 0xff, 0x8c, 0xff, 0x8c, 0x7f, 0x9d, 0xff, 0x8c, 0xff, 0x8c,
  0x00, 0x00, 0xff, 0x7d, 0xff, 0x7b, 0x00, 0x00, 0x00, 0x00, 0x00, 0x00, 0x00, 0x00, 0x00, 0x00,
  0x00, 0x00, 0x00, 0x00, 0xff, 0x7d, 0x00, 0x00, 0x00, 0x00, 0xdf, 0x85, 0x5f, 0x8e, 0x3f, 0x8e,
  0xdf, 0x85, 0xdf, 0x85, 0xdf, 0x85, 0xdf, 0x85, 0xdf, 0x85, 0xbf, 0x85, 0xbf, 0x85, 0xbf, 0x85,
  0xbf, 0x85, 0xbf, 0x85, 0xbf, 0x85, 0xbf, 0x85, 0xbf, 0x85, 0xbf, 0x85, 0x9f, 0x85, 0x9f, 0x85,
  0x9f, 0x85, 0x9f, 0x85, 0x9f, 0x85, 0xbf, 0x8d, 0x3f, 0x96, 0x9f, 0x85, 0x5f, 0x7d, 0x00, 0x00,
  0xbf, 0x95, 0xff, 0xff, 0x00, 0x00, 0x00, 0x00, 0x00, 0x00, 0x00, 0x00, 0x00, 0x00, 0x00, 0x00,
  0x00, 0x00, 0x00, 0x00, 0x00, 0x00, 0x00, 0x00, 0x00, 0x00, 0x00, 0x00, 0x00, 0x00, 0x00, 0x00,
  0x00, 0x00, 0x00, 0x00, 0x00, 0x00, 0x00, 0x00, 0xbf, 0x95, 0x00, 0x00, 0x00, 0x00, 0x3f, 0x8d,
  0x3f, 0x8d, 0x9f, 0x95, 0x1f, 0x8d, 0x1f, 0x8d, 0x1f, 0x8d, 0x1f, 0x8d, 0x1f, 0x8d, 0x1f, 0x8d,
  0x1f, 0x8d, 0x1f, 0x8d, 0xff, 0x8c, 0xff, 0x8c, 0xff, 0x8c, 0xff, 0x8c, 0xff, 0x8c, 0xff, 0x8c,
  0xff, 0x8c, 0xff, 0x8c, 0xdf, 0x8c, 0xdf, 0x8c, 0xdf, 0x8c, 0xdf, 0x8c, 0x7f, 0x9d, 0xdf, 0x8c,
  0xdf, 0x8c, 0x00, 0x00, 0xff, 0x7d, 0xff, 0x7b, 0x00, 0x00, 0x00, 0x00, 0x00, 0x00, 0x00, 0x00,
  0x00, 0x00, 0x00, 0x00, 0x00, 0x00, 0xff, 0x7c, 0x00, 0x00, 0x00, 0x00, 0xdf, 0x85, 0xff, 0x8d,
  0x1f, 0x8e, 0xdf, 0x85, 0xbf, 0x85, 0xdf, 0x85, 0xdf, 0x85, 0xbf, 0x85, 0xbf, 0x85, 0xbf, 0x85,
  0xbf, 0x85, 0xbf, 0x85, 0xbf, 0x85, 0xbf, 0x85, 0x9f, 0x85, 0x9f, 0x85, 0x9f, 0x85, 0x9f, 0x85,
  0x9f, 0x85, 0x9f, 0x85, 0x9f, 0x85, 0x9f, 0x85, 0xbf, 0x8d, 0x1f, 0x96, 0x7f, 0x85, 0x5f, 0x85,
  0x00, 0x00, 0xdf, 0x9c, 0x00, 0x00, 0xff, 0x07, 0x00, 0x00, 0x00, 0x00, 0x00, 0x00, 0x00, 0x00,
  0x00, 0x00, 0x00, 0x00, 0x00, 0x00, 0x00, 0x00, 0x00, 0x00, 0x00, 0x00, 0x00, 0x00, 0x00, 0x00,
  0x00, 0x00, 0x00, 0x00, 0x00, 0x00, 0x1f, 0x00, 0x1f, 0x00, 0xff, 0x7f, 0x00, 0x00, 0xff, 0x74,
  0x1f, 0x8d, 0x3f, 0x8d, 0x7f, 0x95, 0x1f, 0x8d, 0x1f, 0x8d, 0x1f, 0x8d, 0x1f, 0x8d, 0x1f, 0x8d,
  0x1f, 0x8d, 0xff, 0x8c, 0xff, 0x8c, 0xff, 0x8c, 0xff, 0x8c, 0xff, 0x8c, 0xff, 0x8c, 0xdf, 0x8c,
  0xdf, 0x8c, 0xdf, 0x8c, 0xdf, 0x8c, 0xdf, 0x8c, 0xdf, 0x8c, 0xdf, 0x8c, 0xdf, 0x8c, 0x5f, 0x9d,
  0xdf, 0x8c, 0xdf, 0x8c, 0x00, 0x00, 0xff, 0x7d, 0xff, 0x7b, 0x00, 0x00, 0x00, 0x00, 0x00, 0x00,
  0x00, 0x00, 0x00, 0x00, 0x00, 0x00, 0x00, 0x00, 0xff, 0x7c, 0x00, 0x00, 0x00, 0x00, 0xbf, 0x85,
  0xdf, 0x85, 0xff, 0x8d, 0xbf, 0x85, 0xbf, 0x85, 0xbf, 0x85, 0xbf, 0x85, 0xbf, 0x85, 0xbf, 0x85,
  0xbf, 0x85, 0x9f, 0x85, 0x9f, 0x85, 0x9f, 0x85, 0x9f, 0x85, 0x9f, 0x85, 0x9f, 0x85, 0x9f, 0x85,
  0x9f, 0x85, 0x9f, 0x85, 0x9f, 0x85, 0x7f, 0x85, 0x7f, 0x85, 0x9f, 0x8d, 0xdf, 0x95, 0x7f, 0x85,
  0x9f, 0x8d, 0xdf, 0x9c, 0x5f, 0xad, 0x00, 0x00, 0xff, 0x07, 0x00, 0x00, 0x00, 0x00, 0x00, 0x00,
  0x00, 0x00, 0x00, 0x00, 0x00, 0x00, 0x00, 0x00, 0x00, 0x00, 0x00, 0x00, 0x00, 0x00, 0x00, 0x00,
  0x00, 0x00, 0x00, 0x00, 0x00, 0x00, 0x00, 0x00, 0x1f, 0x00, 0x1f, 0x00, 0x00, 0x00, 0xff, 0xff,
  0xff, 0x8c, 0xff, 0x8c, 0x3f, 0x8d, 0x5f, 0x95, 0x1f, 0x8d, 0xff, 0x8c, 0xff, 0x8c, 0xff, 0x8c,
  0xff, 0x8c, 0xff, 0x8c, 0xff, 0x8c, 0xff, 0x8c, 0xff, 0x8c, 0xff, 0x8c, 0xff, 0x8c, 0xdf, 0x8c,
  0xdf, 0x8c, 0xdf, 0x8c, 0xdf, 0x8c, 0xdf, 0x8c, 0xdf, 0x8c, 0xdf, 0x8c, 0xdf, 0x8c, 0xbf, 0x8c,
  0x3f, 0x9d, 0xdf, 0x8c, 0xbf, 0x94, 0x00, 0x00, 0xff, 0x7d, 0xff, 0x7b, 0x00, 0x00, 0x00, 0x00,
  0x00, 0x00, 0x00, 0x00, 0x00, 0x00, 0x00, 0x00, 0x00, 0x00, 0xbf, 0x95, 0x00, 0x00, 0x00, 0x00,
  0xbf, 0x85, 0xbf, 0x85, 0xdf, 0x8d, 0xbf, 0x85, 0xbf, 0x85, 0x9f, 0x85, 0x9f, 0x85, 0x9f, 0x85,
  0x9f, 0x85, 0x9f, 0x85, 0x9f, 0x85, 0x9f, 0x85, 0x9f, 0x85, 0x9f, 0x85, 0x7f, 0x85, 0x7f, 0x85,
  0x7f, 0x85, 0x7f, 0x85, 0x7f, 0x85, 0x7f, 0x8d, 0x7f, 0x8d, 0x7f, 0x85, 0x7f, 0x8d, 0xbf, 0x8d,
  0x5f, 0x8d, 0x7f, 0x8d, 0x5f, 0x85, 0xff, 0x7b, 0x00, 0x00, 0x5f, 0xad, 0x00, 0x00, 0x00, 0x00,
  0x00, 0x00, 0x00, 0x00, 0x00, 0x00, 0x00, 0x00, 0x00, 0x00, 0x00, 0x00, 0x00, 0x00, 0x00, 0x00,
  0x00, 0x00, 0x00, 0x00, 0x00, 0x00, 0x00, 0x00, 0x00, 0x00, 0xff, 0xff, 0xff, 0xff, 0x1f, 0x00,
  0x9f, 0x94, 0xff, 0x8c, 0xff, 0x8c, 0x1f, 0x8d, 0x3f, 0x95, 0xff, 0x8c, 0xff, 0x8c, 0xff, 0x8c,
  0xff, 0x8c, 0xff, 0x8c, 0xff, 0x8c, 0xdf, 0x8c, 0xdf, 0x8c, 0xdf, 0x8c, 0xdf, 0x8c, 0xdf, 0x8c,
  0xdf, 0x8c, 0xdf, 0x8c, 0xdf, 0x8c, 0xdf, 0x8c, 0xbf, 0x8c, 0xbf, 0x8c, 0xdf, 0x8c, 0xbf, 0x8c,
  0xbf, 0x8c, 0xdf, 0x94, 0xbf, 0x8c, 0x9f, 0x94, 0x00, 0x00, 0xff, 0x7b, 0xff, 0x7b, 0x00, 0x00,
  0x00, 0x00, 0x00, 0x00, 0x00, 0x00, 0x00, 0x00, 0x00, 0x00, 0x00, 0x00, 0xbf, 0xae, 0x00, 0x00,
  0x00, 0x00, 0xbf, 0x85, 0xbf, 0x85, 0xbf, 0x85, 0x9f, 0x85, 0x9f, 0x85, 0x9f, 0x85, 0x9f, 0x85,
  0x9f, 0x85, 0x9f, 0x85, 0x9f, 0x85, 0x9f, 0x85, 0x9f, 0x85, 0x7f, 0x8d, 0x7f, 0x85, 0x7f, 0x85,
  0x7f, 0x8d, 0x7f, 0x8d, 0x7f, 0x85, 0x7f, 0x8d, 0x7f, 0x8d, 0x5f, 0x8d, 0x5f, 0x85, 0x5f, 0x8d,
  0x7f, 0x8d, 0x5f, 0x8d, 0x5f, 0x8d, 0x5f, 0x8d, 0x00, 0x00, 0x1f, 0x00, 0xdf, 0x9c, 0x00, 0x00,
  0x00, 0x00, 0x00, 0x00, 0x00, 0x00, 0x00, 0x00, 0x00, 0x00, 0x00, 0x00, 0x00, 0x00, 0x00, 0x00,
  0x00, 0x00, 0x00, 0x00, 0x00, 0x00, 0x00, 0x00, 0x00, 0x00, 0x00, 0x00, 0xff, 0x7f, 0x5f, 0xad,
  0x00, 0x00, 0xdf, 0x7c, 0xff, 0x8c, 0xff, 0x8c, 0xff, 0x8c, 0x1f, 0x8d, 0xff, 0x8c, 0xff, 0x8c,
  0xff, 0x8c, 0xff, 0x8c, 0xdf, 0x8c, 0xdf, 0x8c, 0xdf, 0x8c, 0xdf, 0x8c, 0xdf, 0x8c, 0xdf, 0x8c,
  0xdf, 0x8c, 0xdf, 0x8c, 0xbf, 0x8c, 0xbf, 0x8c, 0xbf, 0x8c, 0xbf, 0x8c, 0xbf, 0x8c, 0xbf, 0x8c,
  0xbf, 0x8c, 0xbf, 0x8c, 0xbf, 0x8c, 0x9f, 0x8c, 0x9f, 0x94, 0x00, 0x00, 0x5f, 0xad, 0xff, 0x7b,
  0x00, 0x00, 0x00, 0x00, 0x00, 0x00, 0x00, 0x00, 0x00, 0x00, 0x00, 0x00, 0x00, 0x00, 0x5f, 0x7d,
  0x00, 0x00, 0x00, 0x00, 0xbf, 0x85, 0xbf, 0x85, 0x9f, 0x85, 0x9f, 0x8d, 0x9f, 0x85, 0x9f, 0x8d,
  0x9f, 0x85, 0x9f, 0x85, 0x7f, 0x85, 0x7f, 0x85, 0x7f, 0x85, 0x7f, 0x85, 0x7f, 0x8d, 0x7f, 0x8d,
  0x7f, 0x8d, 0x7f, 0x8d, 0x5f, 0x8d, 0x5f, 0x8d, 0x5f, 0x8d, 0x5f, 0x8d, 0x5f, 0x8d, 0x5f, 0x8d,
  0x5f, 0x8d, 0x5f, 0x8d, 0x5f, 0x8d, 0x3f, 0x8d, 0x3f, 0x85, 0xff, 0x7b, 0x00, 0x00, 0xdf, 0x9c,
  0x00, 0x00, 0x00, 0x00, 0x00, 0x00, 0x00, 0x00, 0x00, 0x00, 0x00, 0x00, 0x00, 0x00, 0x00, 0x00,
  0x00, 0x00, 0x00, 0x00, 0x00, 0x00, 0x00, 0x00, 0x00, 0x00, 0x00, 0x00, 0x00, 0x00, 0x5f, 0x55,
  0x1f, 0x00, 0xff, 0xff, 0xdf, 0x84, 0xdf, 0x8c, 0x3f, 0x95, 0xdf, 0x8c, 0xdf, 0x8c, 0xdf, 0x8c,
  0xdf, 0x8c, 0xdf, 0x8c, 0xdf, 0x8c, 0xdf, 0x8c, 0xdf, 0x8c, 0xdf, 0x8c, 0xbf, 0x8c, 0xbf, 0x8c,
  0xbf, 0x8c, 0xbf, 0x8c, 0xbf, 0x8c, 0xbf, 0x8c, 0xbf, 0x8c, 0xbf, 0x8c, 0xbf, 0x8c, 0xbf, 0x8c,
  0x9f, 0x8c, 0xbf, 0x8c, 0x9f, 0x8c, 0x9f, 0x8c, 0x7f, 0x8c, 0xbf, 0x94, 0x00, 0x00, 0x5f, 0xad,
  0xff, 0x7b, 0x00, 0x00, 0x00, 0x00, 0x00, 0x00, 0x00, 0x00, 0x00, 0x00, 0x00, 0x00, 0x00, 0x00,
  0xdf, 0x64, 0x00, 0x00, 0x00, 0x00, 0x7f, 0x85, 0x7f, 0x85, 0x7f, 0x85, 0xbf, 0x8d, 0x9f, 0x8d,
  0x7f, 0x8d, 0x7f, 0x8d, 0x7f, 0x8d, 0x7f, 0x8d, 0x7f, 0x8d, 0x7f, 0x8d, 0x7f, 0x8d, 0x7f, 0x8d,
  0x5f, 0x8d, 0x5f, 0x8d, 0x5f, 0x8d, 0x5f, 0x8d, 0x5f, 0x8d, 0x5f, 0x8d, 0x5f, 0x8d, 0x3f, 0x8d,
  0x3f, 0x8d, 0x3f, 0x8d, 0x3f, 0x8d, 0x7f, 0x8d, 0x3f, 0x8d, 0x1f, 0x8d, 0x1f, 0x8d, 0x5f, 0x7d,
  0x5f, 0xad, 0xff, 0xbd, 0xff, 0x7b, 0x00, 0x00, 0x00, 0x00, 0x00, 0x00, 0x00, 0x00, 0x00, 0x00,
  0x00, 0x00, 0x00, 0x00, 0x00, 0x00, 0x00, 0x00, 0x00, 0x00, 0x00, 0x00, 0x00, 0x00, 0xdf, 0x9c,
  0xff, 0x7b, 0xff, 0x7b, 0xdf, 0x7c, 0xdf, 0x8c, 0xdf, 0x8c, 0x3f, 0x95, 0xdf, 0x8c, 0xdf, 0x8c,
  0xdf, 0x8c, 0xdf, 0x8c, 0xdf, 0x8c, 0xdf, 0x8c, 0xbf, 0x8c, 0xbf, 0x8c, 0xbf, 0x8c, 0xbf, 0x8c,
  0xbf, 0x8c, 0xbf, 0x8c, 0xbf, 0x8c, 0xbf, 0x8c, 0x9f, 0x8c, 0x9f, 0x8c, 0x9f, 0x8c, 0x9f, 0x8c,
  0x9f, 0x8c, 0x9f, 0x8c, 0xbf, 0x94, 0x9f, 0x8c, 0x7f, 0x8c, 0x7f, 0x8c, 0x5f, 0x8c, 0x00, 0x00,
  0xbf, 0x52, 0xff, 0xff, 0x00, 0x00, 0x00, 0x00, 0x00, 0x00, 0x00, 0x00, 0x00, 0x00, 0x00, 0x00,
  0x00, 0x00, 0xff, 0x7d, 0x00, 0x00, 0x00, 0x00, 0x7f, 0x85, 0x7f, 0x85, 0x7f, 0x85, 0xbf, 0x8d,
  0x7f, 0x8d, 0x7f, 0x8d, 0x7f, 0x8d, 0x5f, 0x8d, 0x7f, 0x8d, 0x7f, 0x8d, 0x5f, 0x8d, 0x5f, 0x8d,
  0x5f, 0x8d, 0x5f, 0x8d, 0x5f, 0x8d, 0x5f, 0x8d, 0x5f, 0x8d, 0x3f, 0x8d, 0x3f, 0x8d, 0x3f, 0x8d,
  0x3f, 0x8d, 0x3f, 0x8d, 0x3f, 0x8d, 0x3f, 0x8d, 0x5f, 0x8d, 0x3f, 0x8d, 0x3f, 0x8d, 0x1f, 0x8d,
  0x9f, 0x84, 0x00, 0x00, 0x00, 0x00, 0xff, 0x7f, 0x5f, 0xad, 0xff, 0x7b, 0x1f, 0x00, 0x1f, 0x00,
  0x00, 0x00, 0x00, 0x00, 0x00, 0x00, 0x00, 0x00, 0x1f, 0x00, 0xff, 0xff, 0x5f, 0xad, 0xbf, 0x52,
  0x00, 0x00, 0x00, 0x00, 0x00, 0x00, 0xdf, 0x8c, 0xdf, 0x8c, 0xdf, 0x8c, 0xff, 0x94, 0xdf, 0x8c,
  0xdf, 0x8c, 0xdf, 0x8c, 0xbf, 0x8c, 0xbf, 0x8c, 0xbf, 0x8c, 0xbf, 0x8c, 0xbf, 0x8c, 0xbf, 0x8c,
  0xbf, 0x8c, 0x9f, 0x8c, 0x9f, 0x8c, 0x9f, 0x8c, 0x9f, 0x8c, 0x9f, 0x8c, 0x9f, 0x8c, 0x9f, 0x8c,
  0x9f, 0x8c, 0x9f, 0x8c, 0x9f, 0x8c, 0xbf, 0x94, 0x7f, 0x8c, 0x7f, 0x8c, 0x7f, 0x8c, 0xff, 0x7b,
  0x00, 0x00, 0xff, 0x7b, 0xff, 0xff, 0x00, 0x00, 0x00, 0x00, 0x00, 0x00, 0x00, 0x00, 0x00, 0x00,
  0x00, 0x00, 0x00, 0x00, 0x5f, 0xad, 0x00, 0x00, 0x00, 0x00, 0x5f, 0x85, 0x7f, 0x8d, 0x7f, 0x85,
  0xbf, 0x95, 0x5f, 0x8d, 0x5f, 0x8d, 0x5f, 0x8d, 0x5f, 0x85, 0x5f, 0x8d, 0x5f, 0x8d, 0x5f, 0x8d,
  0x5f, 0x8d, 0x3f, 0x8d, 0x3f, 0x8d, 0x3f, 0x8d, 0x3f, 0x8d, 0x3f, 0x8d, 0x3f, 0x8d, 0x3f, 0x8d,
  0x3f, 0x8d, 0x3f, 0x8d, 0x1f, 0x8d, 0x1f, 0x8d, 0x1f, 0x8d, 0x1f, 0x8d, 0x1f, 0x8d, 0x5f, 0x95,
  0x1f, 0x8d, 0xff, 0x8c, 0x5f, 0x55, 0x00, 0x00, 0x1f, 0x00, 0xff, 0x7b, 0x00, 0x00, 0x00, 0x00,
  0x00, 0x00, 0x00, 0x00, 0x00, 0x00, 0x00, 0x00, 0x00, 0x00, 0x00, 0x00, 0x00, 0x00, 0xff, 0x7b,
  0x1f, 0x00, 0xff, 0x07, 0x00, 0x00, 0x9f, 0x94, 0xbf, 0x8c, 0xdf, 0x8c, 0xdf, 0x94, 0xbf, 0x8c,
  0xbf, 0x8c, 0xbf, 0x8c, 0xbf, 0x8c, 0xbf, 0x8c, 0xbf, 0x8c, 0xbf, 0x8c, 0x9f, 0x8c, 0x9f, 0x8c,
  0x9f, 0x8c, 0x9f, 0x8c, 0x9f, 0x8c, 0x9f, 0x8c, 0x9f, 0x8c, 0x9f, 0x8c, 0x9f, 0x8c, 0x7f, 0x8c,
  0x7f, 0x8c, 0x7f, 0x8c, 0x7f, 0x8c, 0x7f, 0x8c, 0xbf, 0x94, 0x5f, 0x8c, 0x5f, 0x8c, 0x5f, 0x94,
  0xff, 0x7b, 0x00, 0x00, 0xff, 0xff, 0x1f, 0x00, 0x00, 0x00, 0x00, 0x00, 0x00, 0x00, 0x00, 0x00,
  0x00, 0x00, 0x00, 0x00, 0x00, 0x00, 0xff, 0x7b, 0x00, 0x00, 0xff, 0x7b, 0x9f, 0x7d, 0x7f, 0x8d,
  0x5f, 0x8d, 0xff, 0x9d, 0x5f, 0x8d, 0x5f, 0x8d, 0x5f, 0x8d, 0x5f, 0x85, 0x5f, 0x8d, 0x3f, 0x8d,
  0x3f, 0x8d, 0x3f, 0x8d, 0x3f, 0x8d, 0x3f, 0x8d, 0x3f, 0x8d, 0x1f, 0x8d, 0x1f, 0x8d, 0x1f, 0x8d,
  0x1f, 0x8d, 0x1f, 0x8d, 0x1f, 0x8d, 0x1f, 0x8d, 0x1f, 0x8d, 0x1f, 0x8d, 0x1f, 0x8d, 0xff, 0x8c,
  0x3f, 0x8d, 0x1f, 0x8d, 0xff, 0x8c, 0xdf, 0x84, 0xdf, 0x94, 0x00, 0x00, 0x00, 0x00, 0x00, 0x00,
  0x1f, 0x00, 0xff, 0x7b, 0x5f, 0x7d, 0xff, 0x7b, 0xff, 0x7b, 0xdf, 0x9c, 0x1f, 0x78, 0x00, 0x00,
  0x00, 0x00, 0x00, 0x00, 0x9f, 0x94, 0xbf, 0x8c, 0xbf, 0x8c, 0xbf, 0x8c, 0xdf, 0x94, 0xbf, 0x8c,
  0xbf, 0x8c, 0xbf, 0x8c, 0xbf, 0x8c, 0xbf, 0x8c, 0x9f, 0x8c, 0x9f, 0x8c, 0x9f, 0x8c, 0x9f, 0x8c,
  0x9f, 0x8c, 0x9f, 0x8c, 0x9f, 0x8c, 0x9f, 0x8c, 0x7f, 0x8c, 0x7f, 0x8c, 0x7f, 0x8c, 0x7f, 0x8c,
  0x7f, 0x8c, 0x7f, 0x8c, 0x7f, 0x8c, 0x7f, 0x8c, 0x7f, 0x8c, 0xbf, 0x9c, 0x7f, 0x94, 0x5f, 0x8c,
  0x7f, 0x93, 0x00, 0x00, 0x1f, 0x00, 0x1f, 0x00, 0x00, 0x00, 0x00, 0x00, 0x00, 0x00, 0x00, 0x00,
  0x00, 0x00, 0x00, 0x00, 0x00, 0x00, 0x00, 0x00, 0x1f, 0x00, 0xff, 0xff, 0x5f, 0xad, 0x00, 0x00,
  0x7f, 0x8d, 0x5f, 0x8d, 0xbf, 0x95, 0x5f, 0x8d, 0x3f, 0x8d, 0x3f, 0x8d, 0x3f, 0x8d, 0x3f, 0x8d,
  0x3f, 0x8d, 0x3f, 0x8d, 0x3f, 0x8d, 0x3f, 0x8d, 0x1f, 0x8d, 0x1f, 0x8d, 0x1f, 0x8d, 0x1f, 0x8d,
  0x1f, 0x8d, 0x1f, 0x8d, 0x1f, 0x8d, 0x1f, 0x8d, 0x1f, 0x8d, 0x1f, 0x8d, 0xff, 0x8c, 0xff, 0x8c,
  0xff, 0x8c, 0xff, 0x8c, 0x1f, 0x8d, 0x1f, 0x8d, 0xff, 0x8c, 0xdf, 0x8c, 0xdf, 0x8c, 0xff, 0x8c,
  0x1f, 0x8d, 0xff, 0x7d, 0x00, 0x00, 0x00, 0x00, 0x00, 0x00, 0x00, 0x00, 0x00, 0x00, 0x00, 0x00,
  0x5f, 0x74, 0xbf, 0x8c, 0xbf, 0x94, 0x9f, 0x8c, 0xbf, 0x8c, 0xbf, 0x8c, 0xdf, 0x94, 0x9f, 0x8c,
  0x9f, 0x8c, 0x9f, 0x8c, 0x9f, 0x8c, 0x9f, 0x8c, 0x9f, 0x8c, 0x9f, 0x8c, 0x9f, 0x8c, 0x9f, 0x8c,
  0x7f, 0x8c, 0x7f, 0x8c, 0x7f, 0x8c, 0x7f, 0x8c, 0x7f, 0x8c, 0x7f, 0x8c, 0x7f, 0x8c, 0x7f, 0x8c,
  0x5f, 0x8c, 0x7f, 0x8c, 0x5f, 0x8c, 0x5f, 0x8c, 0x5f, 0x8c, 0x5f, 0x8c, 0xbf, 0x9c, 0x5f, 0x8c,
  0x5f, 0x8c, 0x00, 0x00, 0x00, 0x00, 0x5f, 0xad, 0x1f, 0x00, 0x00, 0x00, 0x00, 0x00, 0x00, 0x00,
  0x00, 0x00, 0x00, 0x00, 0x00, 0x00, 0x00, 0x00, 0x00, 0x00, 0x00, 0x00, 0xff, 0x7b, 0x5f, 0xad,
  0x00, 0x00, 0x5f, 0x7d, 0x3f, 0x8d, 0x5f, 0x8d, 0x3f, 0x8d, 0x3f, 0x8d, 0x3f, 0x8d, 0x3f, 0x8d,
  0x3f, 0x8d, 0x1f, 0x8d, 0x1f, 0x8d, 0x1f, 0x8d, 0x1f, 0x8d, 0x1f, 0x8d, 0x1f, 0x8d, 0x1f, 0x8d,
  0x1f, 0x8d, 0xff, 0x8c, 0xff, 0x8c, 0xff, 0x8c, 0xff, 0x8c, 0xff, 0x8c, 0xff, 0x8c, 0xff, 0x8c,
  0xff, 0x8c, 0xff, 0x8c, 0xdf, 0x8c, 0xff, 0x8c, 0xff, 0x8c, 0xdf, 0x8c, 0xdf, 0x8c, 0xdf, 0x8c,
  0xdf, 0x8c, 0xdf, 0x8c, 0xbf, 0x8c, 0x3f, 0x8d, 0x00, 0x00, 0x00, 0x00, 0x00, 0x00, 0x00, 0x00,
  0x1f, 0x85, 0x9f, 0x8c, 0xbf, 0x8c, 0x9f, 0x8c, 0x9f, 0x8c, 0xbf, 0x8c, 0xbf, 0x8c, 0xbf, 0x8c,
  0x9f, 0x8c, 0x9f, 0x8c, 0x9f, 0x8c, 0x9f, 0x8c, 0x7f, 0x8c, 0x7f, 0x8c, 0x7f, 0x8c, 0x7f, 0x8c,
  0x7f, 0x8c, 0x7f, 0x8c, 0x7f, 0x8c, 0x7f, 0x8c, 0x7f, 0x8c, 0x7f, 0x8c, 0x5f, 0x8c, 0x7f, 0x8c,
  0x5f, 0x8c, 0x5f, 0x94, 0x5f, 0x94, 0x5f, 0x94, 0x5f, 0x8c, 0x5f, 0x94, 0x3f, 0x8c, 0x5f, 0x94,
  0x3f, 0x8c, 0x3f, 0x8c, 0x00, 0x00, 0x00, 0x00, 0xdf, 0x9c, 0x00, 0x00, 0x00, 0x00, 0x00, 0x00,
  0x00, 0x00, 0x00, 0x00, 0x00, 0x00, 0x00, 0x00, 0x00, 0x00, 0x00, 0x00, 0x00, 0x00, 0xff, 0x7b,
  0x5f, 0xad, 0x00, 0x00, 0x5f, 0x7d, 0x3f, 0x85, 0x1f, 0x85, 0x3f, 0x8d, 0x5f, 0x8d, 0x1f, 0x8d,
  0x1f, 0x8d, 0x1f, 0x8d, 0x1f, 0x8d, 0x1f, 0x8d, 0x1f, 0x8d, 0x1f, 0x8d, 0x1f, 0x8d, 0x1f, 0x8d,
  0x1f, 0x8d, 0x1f, 0x8d, 0xff, 0x8c, 0xff, 0x8c, 0xff, 0x8c, 0xff, 0x8c, 0xff, 0x8c, 0xff, 0x8c,
  0xdf, 0x8c, 0xdf, 0x8c, 0xdf, 0x8c, 0xdf, 0x8c, 0xdf, 0x8c, 0xdf, 0x8c, 0xdf, 0x8c, 0x1f, 0x95,
  0x3f, 0x95, 0xbf, 0x8c, 0xbf, 0x8c, 0xbf, 0x8c, 0xbf, 0x8c, 0xbf, 0x8c, 0xbf, 0x8c, 0xbf, 0x8c,
  0xbf, 0x8c, 0xbf, 0x8c, 0xbf, 0x8c, 0x9f, 0x8c, 0x9f, 0x8c, 0xdf, 0x94, 0xdf, 0x94, 0x9f, 0x8c,
  0x9f, 0x8c, 0x9f, 0x8c, 0x9f, 0x8c, 0x9f, 0x8c, 0x7f, 0x8c, 0x7f, 0x8c, 0x7f, 0x8c, 0x7f, 0x8c,
  0x7f, 0x8c, 0x7f, 0x8c, 0x7f, 0x8c, 0x7f, 0x8c, 0x5f, 0x8c, 0x5f, 0x8c, 0x5f, 0x8c, 0x5f, 0x94,
  0x5f, 0x94, 0x5f, 0x8c, 0x5f, 0x94, 0x5f, 0x94, 0x5f, 0x94, 0x3f, 0x8c, 0x5f, 0x94, 0x5f, 0x94,
  0x3f, 0x8c, 0x3f, 0x94, 0x3f, 0x94, 0x00, 0x00, 0x00, 0x00, 0xff, 0x7b, 0x00, 0x00, 0x00, 0x00,
  0x00, 0x00, 0x00, 0x00, 0x00, 0x00, 0x00, 0x00, 0x00, 0x00, 0x00, 0x00, 0x00, 0x00, 0x00, 0x00,
  0xff, 0xff, 0xff, 0x7b, 0x00, 0x00, 0x5f, 0x7d, 0x3f, 0x85, 0x1f, 0x8d, 0x1f, 0x8d, 0x7f, 0x95,
  0x1f, 0x8d, 0x1f, 0x8d, 0x1f, 0x8d, 0x1f, 0x8d, 0xff, 0x8c, 0xff, 0x8c, 0xff, 0x8c, 0xff, 0x8c,
  0xff, 0x8c, 0xff, 0x8c, 0xff, 0x8c, 0xff, 0x8c, 0xff, 0x8c, 0xdf, 0x8c, 0xdf, 0x8c, 0xdf, 0x8c,
  0xdf, 0x8c, 0xdf, 0x8c, 0xdf, 0x8c, 0xdf, 0x8c, 0xdf, 0x8c, 0xdf, 0x8c, 0xbf, 0x8c, 0xbf, 0x8c,
  0xbf, 0x8c, 0xbf, 0x8c, 0xbf, 0x8c, 0xbf, 0x8c, 0xdf, 0x94, 0xdf, 0x94, 0xdf, 0x94, 0xdf, 0x94,
  0xdf, 0x94, 0xdf, 0x94, 0xdf, 0x94, 0xbf, 0x94, 0x9f, 0x94, 0x9f, 0x8c, 0x9f, 0x8c, 0x9f, 0x8c,
  0x9f, 0x8c, 0x9f, 0x8c, 0x7f, 0x8c, 0x7f, 0x8c, 0x7f, 0x8c, 0x7f, 0x8c, 0x7f, 0x8c, 0x7f, 0x8c,
  0x5f, 0x8c, 0x5f, 0x8c, 0x5f, 0x8c, 0x5f, 0x8c, 0x5f, 0x8c, 0x5f, 0x8c, 0x5f, 0x8c, 0x5f, 0x8c,
  0x5f, 0x94, 0x3f, 0x94, 0x3f, 0x8c, 0x3f, 0x94, 0x3f, 0x94, 0x3f, 0x94, 0x3f, 0x94, 0x5f, 0x94,
  0x7f, 0x9c, 0x1f, 0x94, 0x1f, 0x94, 0xff, 0x9b, 0x1f, 0x00, 0x00, 0x00, 0xff, 0x7b, 0x00, 0x00,
  0x00, 0x00, 0x00, 0x00, 0x00, 0x00, 0x00, 0x00, 0x00, 0x00, 0x00, 0x00, 0x00, 0x00, 0x00, 0x00,
  0x00, 0x00, 0x00, 0x00, 0x00, 0x00, 0xbf, 0x52, 0xff, 0x07, 0x1f, 0x95, 0x1f, 0x8d, 0x1f, 0x8d,
  0x5f, 0x95, 0xff, 0x8c, 0xff, 0x8c, 0xff, 0x8c, 0xff, 0x8c, 0xff, 0x8c, 0xff, 0x8c, 0xff, 0x8c,
  0xff, 0x8c, 0xff, 0x8c, 0xdf, 0x8c, 0xdf, 0x8c, 0xdf, 0x8c, 0xdf, 0x8c, 0xdf, 0x8c, 0xdf, 0x8c,
  0xdf, 0x8c, 0xdf, 0x8c, 0xdf, 0x8c, 0xdf, 0x8c, 0xbf, 0x8c, 0xbf, 0x8c, 0xbf, 0x8c, 0xbf, 0x8c,
  0xbf, 0x8c, 0xbf, 0x8c, 0xbf, 0x8c, 0xbf, 0x8c, 0xdf, 0x94, 0xdf, 0x94, 0xff, 0x94, 0xff, 0x94,
  0xdf, 0x94, 0xdf, 0x94, 0xdf, 0x94, 0xdf, 0x94, 0xbf, 0x94, 0x9f, 0x94, 0x9f, 0x8c, 0x7f, 0x8c,
  0x7f, 0x8c, 0x7f, 0x8c, 0x7f, 0x8c, 0x7f, 0x8c, 0x7f, 0x8c, 0x7f, 0x8c, 0x5f, 0x8c, 0x5f, 0x8c,
  0x5f, 0x8c, 0x5f, 0x8c, 0x5f, 0x8c, 0x5f, 0x8c, 0x5f, 0x94, 0x5f, 0x94, 0x5f, 0x94, 0x5f, 0x94,
  0x5f, 0x94, 0x3f, 0x94, 0x3f, 0x94, 0x3f, 0x94, 0x3f, 0x94, 0x3f, 0x94, 0x3f, 0x94, 0x1f, 0x8c,
  0x3f, 0x94, 0x3f, 0x94, 0x1f, 0x94, 0xff, 0x8b, 0xff, 0xfb, 0x3f, 0x9b, 0x00, 0x00, 0x00, 0x00,
  0x00, 0x00, 0x00, 0x00, 0x00, 0x00, 0x00, 0x00, 0x00, 0x00, 0x00, 0x00, 0x00, 0x00, 0x00, 0x00,
  0x00, 0x00, 0x00, 0x00, 0x00, 0x00, 0x00, 0x00, 0xff, 0x7b, 0x00, 0x00, 0x00, 0x00, 0xff, 0x8c,
  0xff, 0x8c, 0x3f, 0x95, 0x1f, 0x8d, 0xff, 0x8c, 0xff, 0x8c, 0xff, 0x8c, 0xff, 0x8c, 0xff, 0x8c,
  0xff, 0x8c, 0xdf, 0x8c, 0xdf, 0x8c, 0xdf, 0x8c, 0xdf, 0x8c, 0xdf, 0x8c, 0xdf, 0x8c, 0xdf, 0x8c,
  0xdf, 0x8c, 0xdf, 0x8c, 0xbf, 0x8c, 0xbf, 0x8c, 0xbf, 0x8c, 0xbf, 0x8c, 0xbf, 0x8c, 0xbf, 0x8c,
  0xbf, 0x8c, 0xbf, 0x8c, 0x9f, 0x8c, 0x9f, 0x8c, 0x9f, 0x8c, 0x9f, 0x8c, 0x9f, 0x8c, 0x9f, 0x8c,
  0x9f, 0x8c, 0x9f, 0x8c, 0x7f, 0x8c, 0x7f, 0x8c, 0x7f, 0x8c, 0x7f, 0x8c, 0x7f, 0x8c, 0x7f, 0x8c,
  0x7f, 0x8c, 0x7f, 0x8c, 0x5f, 0x8c, 0x5f, 0x8c, 0x5f, 0x8c, 0x5f, 0x8c, 0x5f, 0x8c, 0x5f, 0x8c,
  0x5f, 0x8c, 0x5f, 0x8c, 0x3f, 0x8c, 0x3f, 0x8c, 0x3f, 0x8c, 0x3f, 0x94, 0x3f, 0x94, 0x3f, 0x94,
  0x3f, 0x94, 0x3f, 0x94, 0x3f, 0x94, 0x3f, 0x94, 0x3f, 0x94, 0x1f, 0x94, 0x1f, 0x94, 0x1f, 0x94,
  0x1f, 0x94, 0x1f, 0x94, 0xff, 0x93, 0x1f, 0x94, 0x00, 0x00, 0x00, 0x00, 0x7f, 0x93, 0x00, 0x00,
  0x00, 0x00, 0x00, 0x00, 0x00, 0x00, 0x00, 0x00, 0x00, 0x00, 0x00, 0x00, 0x00, 0x00, 0x00, 0x00,
  0x00, 0x00, 0x00, 0x00, 0x00, 0x00, 0x00, 0x00, 0x00, 0x00, 0x5f, 0xad, 0x00, 0x00, 0x00, 0x00,
  0xbf, 0x8c, 0xdf, 0x8c, 0xff, 0x8c, 0x1f, 0x8d, 0xff, 0x8c, 0xdf, 0x8c, 0xdf, 0x8c, 0xdf, 0x8c,
  0xdf, 0x8c, 0xdf, 0x8c, 0xdf, 0x8c, 0xdf, 0x8c, 0xdf, 0x8c, 0xdf, 0x8c, 0xbf, 0x8c, 0xbf, 0x8c,
  0xbf, 0x8c, 0xbf, 0x8c, 0xbf, 0x8c, 0xbf, 0x8c, 0x9f, 0x8c, 0x9f, 0x8c, 0x9f, 0x8c, 0x9f, 0x8c,
  0x9f, 0x8c, 0x9f, 0x8c, 0x9f, 0x8c, 0x9f, 0x8c, 0x9f, 0x8c, 0x7f, 0x8c, 0x7f, 0x8c, 0x7f, 0x8c,
  0x7f, 0x8c, 0x7f, 0x8c, 0x7f, 0x8c, 0x7f, 0x8c, 0x7f, 0x8c, 0x7f, 0x8c, 0x7f, 0x8c, 0x5f, 0x8c,
  0x5f, 0x8c, 0x5f, 0x94, 0x5f, 0x94, 0x5f, 0x8c, 0x5f, 0x8c, 0x5f, 0x94, 0x5f, 0x94, 0x3f, 0x94,
  0x3f, 0x94, 0x3f, 0x8c, 0x3f, 0x8c, 0x3f, 0x8c, 0x3f, 0x94, 0x3f, 0x94, 0x3f, 0x94, 0x3f, 0x94,
  0x1f, 0x94, 0x1f, 0x94, 0x1f, 0x94, 0x1f, 0x94, 0x1f, 0x94, 0x1f, 0x94, 0x1f, 0x94, 0x1f, 0x94,
  0x1f, 0x94, 0x3f, 0x94, 0x1f, 0x94, 0xff, 0x93, 0xff, 0x8b, 0x00, 0x00, 0x00, 0x00, 0xff, 0x7b,
  0x00, 0x00, 0x00, 0x00, 0x00, 0x00, 0x00, 0x00, 0x00, 0x00, 0x00, 0x00, 0x00, 0x00, 0x00, 0x00,
  0x00, 0x00, 0x00, 0x00, 0x00, 0x00, 0x00, 0x00, 0x00, 0x00, 0x00, 0x00, 0xff, 0xff, 0x00, 0x00,
  0xdf, 0x64, 0x7f, 0x8c, 0xdf, 0x8c, 0xdf, 0x8c, 0x1f, 0x95, 0xff, 0x8c, 0xdf, 0x8c, 0xdf, 0x8c,
  0xdf, 0x8c, 0xdf, 0x8c, 0xdf, 0x8c, 0xdf, 0x8c, 0xbf, 0x8c, 0xbf, 0x8c, 0xbf, 0x8c, 0xbf, 0x8c,
  0xbf, 0x8c, 0xbf, 0x8c, 0xbf, 0x8c, 0xbf, 0x8c, 0x9f, 0x8c, 0x9f, 0x8c, 0x9f, 0x8c, 0x9f, 0x8c,
  0x9f, 0x8c, 0x9f, 0x8c, 0x9f, 0x8c, 0x9f, 0x8c, 0x7f, 0x8c, 0x7f, 0x8c, 0x7f, 0x8c, 0x7f, 0x8c,
  0x7f, 0x8c, 0x7f, 0x8c, 0x7f, 0x8c, 0x7f, 0x8c, 0x5f, 0x8c, 0x5f, 0x8c, 0x5f, 0x8c, 0x5f, 0x8c,
  0x5f, 0x8c, 0x5f, 0x94, 0x5f, 0x94, 0x5f, 0x94, 0x5f, 0x94, 0x3f, 0x94, 0x3f, 0x94, 0x3f, 0x94,
  0x3f, 0x94, 0x3f, 0x94, 0x3f, 0x8c, 0x3f, 0x8c, 0x3f, 0x8c, 0x3f, 0x94, 0x1f, 0x94, 0x1f, 0x94,
  0x1f, 0x94, 0x1f, 0x94, 0x1f, 0x94, 0x1f, 0x94, 0x1f, 0x94, 0x1f, 0x94, 0x1f, 0x94, 0x1f, 0x94,
  0xff, 0x93, 0xff, 0x93, 0x5f, 0x9c, 0xff, 0x93, 0x1e, 0x8c, 0xff, 0x8b, 0xff, 0x7b, 0xff, 0xff,
  0xff, 0xff, 0x00, 0x00, 0x00, 0x00, 0x00, 0x00, 0x00, 0x00, 0x00, 0x00, 0x00, 0x00, 0x00, 0x00,
  0x00, 0x00, 0x00, 0x00, 0x00, 0x00, 0x00, 0x00, 0x00, 0x00, 0x00, 0x00, 0x00, 0x00, 0x00, 0x00,
  0x00, 0x00, 0xdf, 0x64, 0x00, 0x00, 0x5f, 0x7d, 0xdf, 0x8c, 0xbf, 0x8c, 0xdf, 0x8c, 0xdf, 0x8c,
  0xdf, 0x8c, 0xbf, 0x8c, 0xdf, 0x8c, 0xbf, 0x8c, 0xbf, 0x8c, 0xbf, 0x8c, 0xbf, 0x8c, 0x9f, 0x8c,
  0x9f, 0x8c, 0x9f, 0x8c, 0x9f, 0x8c, 0x9f, 0x8c, 0x9f, 0x8c, 0x9f, 0x8c, 0x9f, 0x8c, 0x9f, 0x8c,
  0x7f, 0x8c, 0x9f, 0x8c, 0x9f, 0x8c, 0x7f, 0x8c, 0x7f, 0x8c, 0x7f, 0x8c, 0x7f, 0x8c, 0x7f, 0x8c,
  0x7f, 0x8c, 0x7f, 0x8c, 0x7f, 0x8c, 0x5f, 0x8c, 0x5f, 0x8c, 0x5f, 0x8c, 0x5f, 0x8c, 0x5f, 0x8c,
  0x5f, 0x94, 0x5f, 0x94, 0x3f, 0x94, 0x3f, 0x94, 0x3f, 0x94, 0x3f, 0x94, 0x3f, 0x94, 0x3f, 0x94,
  0x3f, 0x94, 0x3f, 0x94, 0x3f, 0x94, 0x1f, 0x94, 0x1f, 0x94, 0x1f, 0x94, 0x1f, 0x94, 0x1f, 0x94,
  0x1f, 0x94, 0x1f, 0x94, 0x1f, 0x94, 0x1f, 0x94, 0x1f, 0x94, 0x1f, 0x94, 0x1f, 0x94, 0xff, 0x93,
  0xff, 0x93, 0xff, 0x93, 0xff, 0x93, 0x3f, 0x9c, 0x1e, 0x8c, 0x3a, 0x7c, 0x00, 0x00, 0x00, 0x00,
  0xff, 0x7b, 0x00, 0x00, 0x00, 0x00, 0x00, 0x00, 0x00, 0x00, 0x00, 0x00, 0x00, 0x00, 0x00, 0x00,
  0x00, 0x00, 0x00, 0x00, 0x00, 0x00, 0x00, 0x00, 0x00, 0x00, 0x00, 0x00, 0x00, 0x00, 0x00, 0x00,
  0x00, 0x00, 0x00, 0x00, 0x5f, 0x55, 0x00, 0x00, 0x00, 0x00, 0xff, 0x94, 0xbf, 0x8c, 0xdf, 0x8c,
  0x1f, 0x9d, 0xbf, 0x8c, 0xbf, 0x8c, 0xbf, 0x8c, 0xbf, 0x8c, 0x9f, 0x8c, 0x9f, 0x8c, 0x9f, 0x8c,
  0x9f, 0x8c, 0x9f, 0x8c, 0x9f, 0x8c, 0x9f, 0x8c, 0x9f, 0x8c, 0x9f, 0x8c, 0x9f, 0x8c, 0x9f, 0x8c,
  0x7f, 0x8c, 0x7f, 0x8c, 0x7f, 0x8c, 0x7f, 0x8c, 0x5f, 0x8c, 0x5f, 0x8c, 0x5f, 0x8c, 0x7f, 0x8c,
  0x7f, 0x8c, 0x5f, 0x94, 0x5f, 0x94, 0x5f, 0x94, 0x5f, 0x8c, 0x3f, 0x8c, 0x3f, 0x94, 0x3f, 0x94,
  0x3f, 0x94, 0x3f, 0x94, 0x3f, 0x94, 0x3f, 0x94, 0x3f, 0x94, 0x3f, 0x94, 0x3f, 0x94, 0x1f, 0x94,
  0x1f, 0x94, 0x1f, 0x94, 0x1f, 0x94, 0x1f, 0x94, 0x1f, 0x94, 0x1f, 0x94, 0x1f, 0x94, 0x1f, 0x94,
  0x1f, 0x94, 0x1f, 0x94, 0x1f, 0x94, 0x1f, 0x94, 0xff, 0x93, 0xff, 0x93, 0xff, 0x93, 0xff, 0x93,
  0xff, 0x93, 0xdf, 0x93, 0xff, 0x93, 0xff, 0x93, 0xff, 0x93, 0xfd, 0x83, 0x79, 0x74, 0x00, 0x00,
  0x00, 0x00, 0xff, 0x7b, 0x00, 0x00, 0x00, 0x00, 0x00, 0x00, 0x00, 0x00, 0x00, 0x00, 0x00, 0x00,
  0x00, 0x00, 0x00, 0x00, 0x00, 0x00, 0x00, 0x00, 0x00, 0x00, 0x00, 0x00, 0x00, 0x00, 0x00, 0x00,
  0x00, 0x00, 0x00, 0x00, 0x00, 0x00, 0x1f, 0x00, 0xff, 0x7b, 0xff, 0xff, 0x00, 0x00, 0xdf, 0x94,
  0xbf, 0x8c, 0xff, 0x94, 0xbf, 0x8c, 0xbf, 0x8c, 0x9f, 0x8c, 0x9f, 0x8c, 0x9f, 0x8c, 0x9f, 0x8c,
  0x9f, 0x8c, 0x9f, 0x8c, 0x9f, 0x8c, 0x9f, 0x8c, 0x9f, 0x8c, 0x7f, 0x8c, 0x7f, 0x8c, 0x7f, 0x8c,
  0x7f, 0x8c, 0x7f, 0x8c, 0x7f, 0x8c, 0x7f, 0x8c, 0x7f, 0x8c, 0x5f, 0x8c, 0x5f, 0x8c, 0x5f, 0x8c,
  0x5f, 0x8c, 0x5f, 0x8c, 0x5f, 0x94, 0x5f, 0x94, 0x5f, 0x94, 0x3f, 0x8c, 0x3f, 0x94, 0x3f, 0x94,
  0x3f, 0x94, 0x3f, 0x94, 0x3f, 0x94, 0x3f, 0x94, 0x3f, 0x94, 0x3f, 0x94, 0x3f, 0x94, 0x1f, 0x94,
  0x1f, 0x94, 0x1f, 0x94, 0x1f, 0x94, 0x1f, 0x94, 0x1f, 0x94, 0x1f, 0x94, 0x1f, 0x94, 0xff, 0x93,
  0xff, 0x93, 0xff, 0x93, 0xff, 0x93, 0xff, 0x93, 0xff, 0x93, 0xff, 0x93, 0xff, 0x93, 0xff, 0x93,
  0xff, 0x93, 0xdf, 0x93, 0xdf, 0x93, 0x1f, 0x94, 0xfe, 0x8b, 0xfd, 0x83, 0x3a, 0x7c, 0xfb, 0x7b,
  0xff, 0x7b, 0x00, 0x00, 0xff, 0xff, 0x00, 0x00, 0x00, 0x00, 0x00, 0x00, 0x00, 0x00, 0x00, 0x00,
  0x00, 0x00, 0x00, 0x00, 0x00, 0x00, 0x00, 0x00, 0x00, 0x00, 0x00, 0x00, 0x00, 0x00, 0x00, 0x00,
  0x00, 0x00, 0x00, 0x00, 0x00, 0x00, 0x00, 0x00, 0x00, 0x00, 0xff, 0x7b, 0x00, 0x00, 0x1f, 0x00,
  0xdf, 0x8c, 0x9f, 0x8c, 0x9f, 0x8c, 0xbf, 0x94, 0xbf, 0x94, 0x9f, 0x8c, 0x9f, 0x8c, 0x9f, 0x8c,
  0x7f, 0x8c, 0x7f, 0x8c, 0x7f, 0x8c, 0x7f, 0x8c, 0x7f, 0x8c, 0x7f, 0x8c, 0x7f, 0x8c, 0x7f, 0x8c,
  0x7f, 0x8c, 0x5f, 0x8c, 0x5f, 0x8c, 0x5f, 0x94, 0x5f, 0x8c, 0x5f, 0x8c, 0x5f, 0x94, 0x5f, 0x94,
  0x5f, 0x94, 0x5f, 0x8c, 0x3f, 0x8c, 0x3f, 0x8c, 0x3f, 0x94, 0x3f, 0x94, 0x3f, 0x94, 0x3f, 0x94,
  0x3f, 0x94, 0x3f, 0x94, 0x3f, 0x94, 0x1f, 0x94, 0x1f, 0x94, 0x1f, 0x94, 0x1f, 0x94, 0x1f, 0x94,
  0x1f, 0x94, 0x1f, 0x94, 0x1f, 0x94, 0xff, 0x93, 0xff, 0x93, 0xff, 0x93, 0xff, 0x93, 0xff, 0x93,
  0xff, 0x93, 0xff, 0x93, 0xff, 0x93, 0xdf, 0x93, 0xdf, 0x93, 0xdf, 0x93, 0xdf, 0x93, 0xdf, 0x93,
  0xdf, 0x93, 0xdf, 0x93, 0xdf, 0x93, 0xbf, 0x93, 0xff, 0x93, 0x1c, 0x84, 0x3a, 0x7c, 0xce, 0x45,
  0x00, 0x00, 0xff, 0x7b, 0x00, 0x00, 0x00, 0x00, 0x00, 0x00, 0x00, 0x00, 0x00, 0x00, 0x00, 0x00,
  0x00, 0x00, 0x00, 0x00, 0x00, 0x00, 0x00, 0x00, 0x00, 0x00, 0x00, 0x00, 0x00, 0x00, 0x00, 0x00,
  0x00, 0x00, 0x00, 0x00, 0x00, 0x00, 0x00, 0x00, 0x00, 0x00, 0x00, 0x00, 0x1f, 0x00, 0x00, 0x00,
  0x5f, 0xad, 0xff, 0x07, 0x5f, 0x8c, 0x7f, 0x8c, 0x9f, 0x8c, 0xbf, 0x94, 0x7f, 0x8c, 0x7f, 0x8c,
  0x7f, 0x8c, 0x7f, 0x8c, 0x7f, 0x8c, 0x7f, 0x8c, 0x7f, 0x8c, 0x7f, 0x8c, 0x7f, 0x8c, 0x5f, 0x8c,
  0x5f, 0x8c, 0x5f, 0x8c, 0x5f, 0x8c, 0x5f, 0x8c, 0x5f, 0x8c, 0x5f, 0x8c, 0x5f, 0x8c, 0x5f, 0x94,
  0x5f, 0x94, 0x3f, 0x94, 0x3f, 0x94, 0x3f, 0x94, 0x3f, 0x94, 0x3f, 0x94, 0x3f, 0x94, 0x3f, 0x94,
  0x3f, 0x94, 0x1f, 0x94, 0x1f, 0x94, 0x1f, 0x94, 0x1f, 0x94, 0x1f, 0x94, 0x1f, 0x94, 0x1f, 0x94,
  0x1f, 0x94, 0x1f, 0x94, 0xff, 0x93, 0xff, 0x93, 0xff, 0x93, 0xff, 0x93, 0xff, 0x93, 0xff, 0x93,
  0xff, 0x93, 0xff, 0x93, 0xff, 0x93, 0xdf, 0x93, 0xdf, 0x93, 0xdf, 0x93, 0xdf, 0x93, 0xdf, 0x93,
  0xdf, 0x93, 0xdf, 0x93, 0xdf, 0x93, 0xdf, 0x93, 0xdf, 0x9b, 0xde, 0x8b, 0x5a, 0x74, 0xb6, 0x64,
  0x00, 0x00, 0x00, 0x00, 0xff, 0x7b, 0x00, 0x00, 0x00, 0x00, 0x00, 0x00, 0x00, 0x00, 0x00, 0x00,
  0x00, 0x00, 0x00, 0x00, 0x00, 0x00, 0x00, 0x00, 0x00, 0x00, 0x00, 0x00, 0x00, 0x00, 0x00, 0x00,
  0x00, 0x00, 0x00, 0x00, 0x00, 0x00, 0x00, 0x00, 0x00, 0x00, 0x00, 0x00, 0x00, 0x00, 0x00, 0x00,
  0x00, 0x00, 0xff, 0x7b, 0x00, 0x00, 0x00, 0x00, 0x9f, 0x94, 0x7f, 0x8c, 0x7f, 0x8c, 0x9f, 0x94,
  0x7f, 0x8c, 0x7f, 0x8c, 0x7f, 0x8c, 0x7f, 0x8c, 0x5f, 0x8c, 0x5f, 0x8c, 0x5f, 0x8c, 0x5f, 0x8c,
  0x5f, 0x8c, 0x5f, 0x94, 0x5f, 0x94, 0x5f, 0x8c, 0x3f, 0x8c, 0x3f, 0x8c, 0x3f, 0x8c, 0x3f, 0x8c,
  0x3f, 0x94, 0x3f, 0x94, 0x3f, 0x94, 0x3f, 0x94, 0x3f, 0x94, 0x1f, 0x94, 0x1f, 0x94, 0x1f, 0x94,
  0x1f, 0x94, 0x1f, 0x94, 0x1f, 0x94, 0x1f, 0x94, 0x1f, 0x94, 0x1f, 0x94, 0x1f, 0x94, 0xff, 0x93,
  0xff, 0x93, 0xff, 0x93, 0xff, 0x93, 0xff, 0x93, 0xff, 0x93, 0xdf, 0x93, 0xdf, 0x93, 0xdf, 0x93,
  0xdf, 0x93, 0xdf, 0x93, 0xdf, 0x93, 0xdf, 0x93, 0xdf, 0x93, 0xdf, 0x93, 0xdf, 0x93, 0xdf, 0x93,
  0xbf, 0x93, 0xbf, 0x93, 0xbf, 0x93, 0xbf, 0x93, 0xbf, 0x93, 0x1f, 0x94, 0x1c, 0x84, 0x98, 0x6c,
  0x14, 0x55, 0xbf, 0xaa, 0xff, 0xff, 0x55, 0xad, 0x00, 0x00, 0x00, 0x00, 0x00, 0x00, 0x00, 0x00,
  0x00, 0x00, 0x00, 0x00, 0x00, 0x00, 0x00, 0x00, 0x00, 0x00, 0x00, 0x00, 0x00, 0x00, 0x00, 0x00,
  0x00, 0x00, 0x00, 0x00, 0x00, 0x00, 0x00, 0x00, 0x00, 0x00, 0x00, 0x00, 0x00, 0x00, 0x00, 0x00,
  0x00, 0x00, 0x00, 0x00, 0xff, 0xff, 0x00, 0x00, 0x00, 0x00, 0xff, 0x7b, 0x7f, 0x8c, 0x7f, 0x8c,
  0x7f, 0x94, 0x7f, 0x8c, 0x5f, 0x8c, 0x5f, 0x94, 0x5f, 0x94, 0x5f, 0x94, 0x5f, 0x94, 0x5f, 0x8c,
  0x3f, 0x8c, 0x3f, 0x94, 0x3f, 0x94, 0x3f, 0x94, 0x3f, 0x94, 0x3f, 0x94, 0x3f, 0x94, 0x3f, 0x94,
  0x3f, 0x94, 0x1f, 0x94, 0x1f, 0x94, 0x1f, 0x94, 0x1f, 0x94, 0x1f, 0x94, 0x1f, 0x94, 0x1f, 0x94,
  0x1f, 0x94, 0x1f, 0x94, 0x1f, 0x94, 0xff, 0x93, 0xff, 0x93, 0xff, 0x93, 0xff, 0x93, 0xff, 0x93,
  0xff, 0x93, 0xdf, 0x93, 0xdf, 0x93, 0xff, 0x93, 0xff, 0x93, 0xdf, 0x93, 0xdf, 0x93, 0xdf, 0x93,
  0xdf, 0x93, 0xdf, 0x93, 0xdf, 0x93, 0xbf, 0x93, 0xbf, 0x93, 0xbf, 0x93, 0xbf, 0x93, 0xbf, 0x93,
  0xbf, 0x93, 0xbf, 0x93, 0xbf, 0x93, 0xbf, 0x93, 0x9f, 0x93, 0xdf, 0x8b, 0x7b, 0x7c, 0x98, 0x6c,
  0xd7, 0x74, 0xff, 0x07, 0xd9, 0x64, 0xff, 0xff, 0x00, 0x00, 0x00, 0x00, 0x00, 0x00, 0x00, 0x00,
  0x00, 0x00, 0x00, 0x00, 0x00, 0x00, 0x00, 0x00, 0x00, 0x00, 0x00, 0x00, 0x00, 0x00, 0x00, 0x00,
  0x00, 0x00, 0x00, 0x00, 0x00, 0x00, 0x00, 0x00, 0x00, 0x00, 0x00, 0x00, 0x00, 0x00, 0x00, 0x00,
  0x00, 0x00, 0x00, 0x00, 0x00, 0x00, 0x00, 0x00, 0x00, 0x00, 0xff, 0x7b, 0x00, 0x00, 0xff, 0x7b,
  0x7f, 0x94, 0x5f, 0x8c, 0x5f, 0x94, 0x9f, 0x94, 0x5f, 0x94, 0x5f, 0x94, 0x5f, 0x94, 0x5f, 0x94,
  0x3f, 0x94, 0x3f, 0x8c, 0x3f, 0x94, 0x3f, 0x94, 0x3f, 0x94, 0x3f, 0x94, 0x3f, 0x94, 0x3f, 0x94,
  0x1f, 0x94, 0x1f, 0x94, 0x1f, 0x94, 0x1f, 0x94, 0x1f, 0x94, 0x1f, 0x94, 0x1f, 0x94, 0x1f, 0x94,
  0x1f, 0x94, 0x1f, 0x94, 0xff, 0x93, 0xff, 0x93, 0xff, 0x93, 0xff, 0x93, 0xff, 0x93, 0xff, 0x93,
  0xff, 0x93, 0xdf, 0x93, 0xdf, 0x93, 0xdf, 0x93, 0xdf, 0x93, 0xdf, 0x93, 0xdf, 0x93, 0xdf, 0x93,
  0xdf, 0x93, 0xdf, 0x93, 0xbf, 0x93, 0xbf, 0x93, 0xbf, 0x93, 0xbf, 0x93, 0xbf, 0x93, 0xbf, 0x93,
  0xbf, 0x93, 0xbf, 0x93, 0xbf, 0x93, 0x9f, 0x93, 0x9f, 0x93, 0xff, 0x93, 0x3b, 0x7c, 0x98, 0x74,
  0xf7, 0x64, 0x00, 0x00, 0x00, 0x00, 0xff, 0x7d, 0xff, 0xff, 0x00, 0x00, 0x00, 0x00, 0x00, 0x00,
  0x00, 0x00, 0x00, 0x00, 0x00, 0x00, 0x00, 0x00, 0x00, 0x00, 0x00, 0x00, 0x00, 0x00, 0x00, 0x00,
  0x00, 0x00, 0x00, 0x00, 0x00, 0x00, 0x00, 0x00, 0x00, 0x00, 0x00, 0x00, 0x00, 0x00, 0x00, 0x00,
  0x00, 0x00, 0x00, 0x00, 0x00, 0x00, 0x00, 0x00, 0x00, 0x00, 0x00, 0x00, 0x1f, 0x00, 0xbf, 0x52,
  0x1f, 0x00, 0x00, 0x00, 0x5f, 0x94, 0x3f, 0x8c, 0x5f, 0x94, 0x5f, 0x94, 0x5f, 0x94, 0x3f, 0x94,
  0x3f, 0x94, 0x3f, 0x94, 0x3f, 0x94, 0x1f, 0x94, 0x1f, 0x94, 0x3f, 0x94, 0x1f, 0x94, 0x1f, 0x94,
  0x1f, 0x94, 0x1f, 0x94, 0x1f, 0x94, 0x1f, 0x94, 0x1f, 0x94, 0x1f, 0x94, 0xff, 0x93, 0xff, 0x93,
  0xff, 0x93, 0xff, 0x93, 0xff, 0x93, 0xff, 0x93, 0xff, 0x93, 0xff, 0x93, 0xdf, 0x93, 0xdf, 0x93,
  0xdf, 0x93, 0xdf, 0x93, 0xdf, 0x93, 0xdf, 0x93, 0xdf, 0x93, 0xdf, 0x93, 0xbf, 0x93, 0xbf, 0x93,
  0xbf, 0x93, 0xbf, 0x93, 0xbf, 0x93, 0xbf, 0x93, 0xbf, 0x93, 0xbf, 0x93, 0xbf, 0x93, 0xbf, 0x93,
  0xbf, 0x93, 0x9f, 0x93, 0x9f, 0x93, 0x9f, 0x93, 0x9f, 0x93, 0xbe, 0x93, 0x9d, 0x8c, 0xb8, 0x74,
  0xd7, 0x6c, 0xba, 0x74, 0xff, 0x7d, 0xef, 0x7b, 0xff, 0xff, 0x00, 0x00, 0x00, 0x00, 0x00, 0x00,
  0x00, 0x00, 0x00, 0x00, 0x00, 0x00, 0x00, 0x00, 0x00, 0x00, 0x00, 0x00, 0x00, 0x00, 0x00, 0x00,
  0x00, 0x00, 0x00, 0x00, 0x00, 0x00, 0x00, 0x00, 0x00, 0x00, 0x00, 0x00, 0x00, 0x00, 0x00, 0x00,
  0x00, 0x00, 0x00, 0x00, 0x00, 0x00, 0x00, 0x00, 0x00, 0x00, 0x00, 0x00, 0x00, 0x00, 0x00, 0x00,
  0x1f, 0x00, 0x00, 0x00, 0x00, 0x00, 0x9f, 0x94, 0x1f, 0x8c, 0x1f, 0x94, 0x5f, 0x94, 0x5f, 0x9c,
  0x3f, 0x94, 0x1f, 0x94, 0x1f, 0x94, 0x1f, 0x94, 0x1f, 0x94, 0x1f, 0x94, 0x1f, 0x94, 0x1f, 0x94,
  0x1f, 0x94, 0x1f, 0x94, 0xff, 0x93, 0xff, 0x93, 0xff, 0x93, 0xff, 0x93, 0xff, 0x93, 0xff, 0x93,
  0xff, 0x93, 0xff, 0x93, 0xff, 0x93, 0xff, 0x93, 0xdf, 0x93, 0xdf, 0x93, 0xdf, 0x93, 0xdf, 0x93,
  0xdf, 0x93, 0xdf, 0x93, 0xbf, 0x93, 0xbf, 0x93, 0xbf, 0x93, 0xbf, 0x93, 0xbf, 0x93, 0xbf, 0x93,
  0xbf, 0x93, 0xbf, 0x93, 0xbf, 0x93, 0xbf, 0x93, 0xbf, 0x93, 0x9f, 0x93, 0x9f, 0x93, 0x9f, 0x93,
  0x9f, 0x93, 0x9f, 0x93, 0x9f, 0x93, 0x9f, 0x93, 0x7f, 0x93, 0xbe, 0x8b, 0x3b, 0x7c, 0xfa, 0x7c,
  0xd8, 0x74, 0xf8, 0x74, 0xff, 0x7d, 0xff, 0x07, 0xd9, 0x64, 0x00, 0x00, 0x00, 0x00, 0x00, 0x00,
  0x00, 0x00, 0x00, 0x00, 0x00, 0x00, 0x00, 0x00, 0x00, 0x00, 0x00, 0x00, 0x00, 0x00, 0x00, 0x00,
  0x00, 0x00, 0x00, 0x00, 0x00, 0x00, 0x00, 0x00, 0x00, 0x00, 0x00, 0x00, 0x00, 0x00, 0x00, 0x00,
  0x00, 0x00, 0x00, 0x00, 0x00, 0x00, 0x00, 0x00, 0x00, 0x00, 0x00, 0x00, 0x00, 0x00, 0x00, 0x00,
  0x00, 0x00, 0x1f, 0x00, 0xff, 0xff, 0x7f, 0x6b, 0x00, 0x00, 0x00, 0x00, 0xff, 0x8b, 0x1f, 0x94,
  0x3f, 0x94, 0x1f, 0x94, 0x5f, 0x9c, 0x3f, 0x94, 0x1f, 0x94, 0x1f, 0x94, 0x1f, 0x94, 0x1f, 0x94,
  0xff, 0x93, 0xff, 0x93, 0xff, 0x93, 0xff, 0x93, 0xff, 0x93, 0xff, 0x93, 0xff, 0x93, 0xff, 0x93,
  0xff, 0x93, 0xff, 0x93, 0xdf, 0x93, 0xdf, 0x93, 0xdf, 0x93, 0xdf, 0x93, 0xdf, 0x93, 0xdf, 0x93,
  0xdf, 0x93, 0xdf, 0x93, 0xbf, 0x93, 0xbf, 0x93, 0xbf, 0x93, 0xbf, 0x93, 0xbf, 0x93, 0xbf, 0x93,
  0xbf, 0x93, 0xbf, 0x93, 0x9f, 0x93, 0x9f, 0x93, 0x9f, 0x93, 0x9f, 0x93, 0x9f, 0x93, 0x9f, 0x93,
  0x9f, 0x93, 0x9f, 0x93, 0x7f, 0x93, 0x7f, 0x93, 0x9f, 0x93, 0xdd, 0x8b, 0x3b, 0x84, 0xb9, 0x74,
  0xf9, 0x74, 0xd9, 0x74, 0xb9, 0x74, 0x00, 0x00, 0x00, 0x00, 0xd9, 0x64, 0x00, 0x00, 0x00, 0x00,
  0x00, 0x00, 0x00, 0x00, 0x00, 0x00, 0x00, 0x00, 0x00, 0x00, 0x00, 0x00, 0x00, 0x00, 0x00, 0x00,
  0x00, 0x00, 0x00, 0x00, 0x00, 0x00, 0x00, 0x00, 0x00, 0x00, 0x00, 0x00, 0x00, 0x00, 0x00, 0x00,
  0x00, 0x00, 0x00, 0x00, 0x00, 0x00, 0x00, 0x00, 0x00, 0x00, 0x00, 0x00, 0x00, 0x00, 0x00, 0x00,
  0x00, 0x00, 0x00, 0x00, 0x00, 0x00, 0x00, 0x00, 0x1f, 0x00, 0x00, 0x00, 0xff, 0xff, 0x00, 0x00,
  0x5f, 0x9c, 0x3f, 0x94, 0x1f, 0x94, 0x1f, 0x94, 0x3f, 0x94, 0xff, 0x93, 0xff, 0x93, 0xff, 0x93,
  0xff, 0x93, 0xff, 0x93, 0xff, 0x93, 0xff, 0x93, 0xdf, 0x93, 0xdf, 0x93, 0xdf, 0x93, 0xdf, 0x93,
  0xdf, 0x93, 0xdf, 0x93, 0xdf, 0x93, 0xdf, 0x93, 0xdf, 0x93, 0xdf, 0x93, 0xbf, 0x93, 0xbf, 0x93,
  0xbf, 0x93, 0xbf, 0x93, 0xbf, 0x93, 0xbf, 0x93, 0xbf, 0x93, 0xbf, 0x93, 0xbf, 0x93, 0xbf, 0x93,
  0x9f, 0x93, 0x9f, 0x93, 0x9f, 0x93, 0x9f, 0x93, 0x9f, 0x93, 0x9f, 0x93, 0x9f, 0x93, 0x9f, 0x93,
  0x7f, 0x93, 0x9f, 0x93, 0x9f, 0x93, 0x7f, 0x93, 0x9f, 0x93, 0xfc, 0x83, 0x59, 0x7c, 0xd9, 0x74,
  0xfa, 0x7c, 0xd9, 0x74, 0xf9, 0x74, 0x1b, 0x7d, 0x00, 0x00, 0x00, 0x00, 0xff, 0x7b, 0x00, 0x00,
  0x00, 0x00, 0x00, 0x00, 0x00, 0x00, 0x00, 0x00, 0x00, 0x00, 0x00, 0x00, 0x00, 0x00, 0x00, 0x00,
  0x00, 0x00, 0x00, 0x00, 0x00, 0x00, 0x00, 0x00, 0x00, 0x00, 0x00, 0x00, 0x00, 0x00, 0x00, 0x00,
  0x00, 0x00, 0x00, 0x00, 0x00, 0x00, 0x00, 0x00, 0x00, 0x00, 0x00, 0x00, 0x00, 0x00, 0x00, 0x00,
  0x00, 0x00, 0x00, 0x00, 0x00, 0x00, 0x00, 0x00, 0x00, 0x00, 0x00, 0x00, 0xff, 0xff, 0xff, 0xff,
  0x00, 0x00, 0x00, 0x00, 0xff, 0x93, 0xff, 0x8b, 0xff, 0x93, 0x1f, 0x94, 0x1f, 0x9c, 0x1f, 0x9c,
  0xff, 0x93, 0xff, 0x93, 0xdf, 0x93, 0xdf, 0x93, 0xdf, 0x93, 0xdf, 0x93, 0xdf, 0x93, 0xdf, 0x93,
  0xdf, 0x93, 0xdf, 0x93, 0xbf, 0x93, 0xbf, 0x93, 0xbf, 0x93, 0xbf, 0x93, 0xbf, 0x93, 0xbf, 0x93,
  0xbf, 0x93, 0xbf, 0x93, 0xbf, 0x93, 0xbf, 0x93, 0x9f, 0x93, 0x9f, 0x93, 0x9f, 0x93, 0x9f, 0x93,
  0x9f, 0x93, 0x9f, 0x93, 0x9f, 0x93, 0x9f, 0x93, 0x9f, 0x93, 0x9f, 0x93, 0x9f, 0x93, 0x9f, 0x93,
  0x9f, 0x93, 0x7f, 0x93, 0x7f, 0x9b, 0x9f, 0x93, 0xdd, 0x8b, 0x3b, 0x7c, 0x79, 0x74, 0x98, 0x74,
  0xf9, 0x7c, 0x1a, 0x7d, 0xd9, 0x7c, 0x5a, 0x75, 0xff, 0x7b, 0xfa, 0x7b, 0x00, 0x00, 0x00, 0x00,
  0x00, 0x00, 0x00, 0x00, 0x00, 0x00, 0x00, 0x00, 0x00, 0x00, 0x00, 0x00, 0x00, 0x00, 0x00, 0x00,
  0x00, 0x00, 0x00, 0x00, 0x00, 0x00, 0x00, 0x00, 0x00, 0x00, 0x00, 0x00, 0x00, 0x00, 0x00, 0x00,
  0x00, 0x00, 0x00, 0x00, 0x00, 0x00, 0x00, 0x00, 0x00, 0x00, 0x00, 0x00, 0x00, 0x00, 0x00, 0x00,
  0x00, 0x00, 0x00, 0x00, 0x00, 0x00, 0x00, 0x00, 0x00, 0x00, 0x00, 0x00, 0x00, 0x00, 0x00, 0x00,
  0x1f, 0x00, 0x7f, 0x93, 0x5f, 0xad, 0x00, 0x00, 0xbf, 0xaa, 0xdf, 0x93, 0xdf, 0x93, 0xff, 0x93,
  0xdf, 0x93, 0xdf, 0x93, 0xff, 0x9b, 0xff, 0x9b, 0xff, 0x93, 0xdf, 0x93, 0xdf, 0x93, 0xdf, 0x93,
  0xdf, 0x93, 0xbf, 0x93, 0xbf, 0x93, 0xbf, 0x93, 0xbf, 0x93, 0xbf, 0x93, 0xbf, 0x93, 0xbf, 0x93,
  0x9f, 0x93, 0x9f, 0x93, 0x9f, 0x93, 0x9f, 0x93, 0x9f, 0x93, 0x9f, 0x93, 0x9f, 0x93, 0x9f, 0x93,
  0x9f, 0x93, 0x9f, 0x93, 0x9f, 0x93, 0x7f, 0x93, 0x7f, 0x93, 0x9f, 0x93, 0x7f, 0x93, 0x7f, 0x93,
  0x7f, 0x9b, 0x7f, 0x93, 0x9f, 0x93, 0x9e, 0x8b, 0xdc, 0x83, 0x3a, 0x7c, 0x98, 0x74, 0xb8, 0x74,
  0xd9, 0x74, 0xda, 0x7c, 0xd9, 0x7c, 0xd9, 0x7c, 0x00, 0x00, 0x00, 0x00, 0x9b, 0x6c, 0x00, 0x00,
  0x00, 0x00, 0x00, 0x00, 0x00, 0x00, 0x00, 0x00, 0x00, 0x00, 0x00, 0x00, 0x00, 0x00, 0x00, 0x00,
  0x00, 0x00, 0x00, 0x00, 0x00, 0x00, 0x00, 0x00, 0x00, 0x00, 0x00, 0x00, 0x00, 0x00, 0x00, 0x00,
  0x00, 0x00, 0x00, 0x00, 0x00, 0x00, 0x00, 0x00, 0x00, 0x00, 0x00, 0x00, 0x00, 0x00, 0x00, 0x00,
  0x00, 0x00, 0x00, 0x00, 0x00, 0x00, 0x00, 0x00, 0x00, 0x00, 0x00, 0x00, 0x00, 0x00, 0x00, 0x00,
  0x00, 0x00, 0x00, 0x00, 0x1f, 0x00, 0x00, 0x00, 0x00, 0x00, 0x00, 0x00, 0xff, 0xbb, 0xbf, 0x8b,
  0xff, 0x93, 0xdf, 0x93, 0xdf, 0x93, 0xdf, 0x93, 0xdf, 0x9b, 0xdf, 0x93, 0xbf, 0x93, 0xbf, 0x93,
  0xbf, 0x93, 0xbf, 0x93, 0xbf, 0x93, 0x9f, 0x93, 0xbf, 0x93, 0xbf, 0x93, 0x9f, 0x93, 0x9f, 0x93,
  0x9f, 0x93, 0x9f, 0x93, 0x9f, 0x93, 0x9f, 0x93, 0x9f, 0x93, 0x9f, 0x93, 0x9f, 0x93, 0x9f, 0x93,
  0x7f, 0x93, 0x7f, 0x93, 0x7f, 0x93, 0x7f, 0x93, 0x9f, 0x93, 0x9f, 0x93, 0x7f, 0x93, 0x7f, 0x93,
  0x7f, 0x93, 0x7f, 0x9b, 0x9f, 0x93, 0xdc, 0x83, 0x1a, 0x7c, 0x58, 0x74, 0x98, 0x74, 0xb9, 0x74,
  0xb9, 0x74, 0x1b, 0x85, 0xfa, 0x7c, 0xd9, 0x7c, 0xda, 0x7c, 0x00, 0x00, 0x00, 0x00, 0xf7, 0x3b,
  0x00, 0x00, 0x00, 0x00, 0x00, 0x00, 0x00, 0x00, 0x00, 0x00, 0x00, 0x00, 0x00, 0x00, 0x00, 0x00,
  0x00, 0x00, 0x00, 0x00, 0x00, 0x00, 0x00, 0x00, 0x00, 0x00, 0x00, 0x00, 0x00, 0x00, 0x00, 0x00,
  0x00, 0x00, 0x00, 0x00, 0x00, 0x00, 0x00, 0x00, 0x00, 0x00, 0x00, 0x00, 0x00, 0x00, 0x00, 0x00,
  0x00, 0x00, 0x00, 0x00, 0x00, 0x00, 0x00, 0x00, 0x00, 0x00, 0x00, 0x00, 0x00, 0x00, 0x00, 0x00,
  0x00, 0x00, 0x00, 0x00, 0x00, 0x00, 0x00, 0x00, 0x1f, 0x00, 0xbf, 0xaa, 0xbf, 0x52, 0x00, 0x00,
  0x00, 0x00, 0x00, 0x00, 0xdf, 0x93, 0xdf, 0x93, 0xbf, 0x93, 0xbf, 0x93, 0xbf, 0x93, 0xbf, 0x93,
  0xdf, 0x9b, 0xff, 0xa3, 0xff, 0xa3, 0xdf, 0x9b, 0xbf, 0x9b, 0xbf, 0x93, 0x9f, 0x93, 0x9f, 0x93,
  0x9f, 0x93, 0x7f, 0x93, 0x7f, 0x93, 0x7f, 0x93, 0x7f, 0x93, 0x7f, 0x93, 0x7f, 0x93, 0x9f, 0x93,
  0x9f, 0x93, 0x9f, 0x93, 0x7f, 0x93, 0x7f, 0x93, 0x7f, 0x9b, 0x7f, 0x9b, 0x7f, 0x9b, 0x7f, 0x93,
  0x9e, 0x8b, 0xbd, 0x8b, 0xdc, 0x83, 0xfb, 0x7b, 0x39, 0x7c, 0x78, 0x74, 0x98, 0x6c, 0xb8, 0x74,
  0xb9, 0x74, 0xba, 0x7c, 0x1c, 0x85, 0xda, 0x7c, 0xfa, 0x7c, 0x55, 0xad, 0x5f, 0xad, 0xff, 0x7b,
  0xe0, 0x07, 0x00, 0x00, 0x00, 0x00, 0x00, 0x00, 0x00, 0x00, 0x00, 0x00, 0x00, 0x00, 0x00, 0x00,
  0x00, 0x00, 0x00, 0x00, 0x00, 0x00, 0x00, 0x00, 0x00, 0x00, 0x00, 0x00, 0x00, 0x00, 0x00, 0x00,
  0x00, 0x00, 0x00, 0x00, 0x00, 0x00, 0x00, 0x00, 0x00, 0x00, 0x00, 0x00, 0x00, 0x00, 0x00, 0x00,
  0x00, 0x00, 0x00, 0x00, 0x00, 0x00, 0x00, 0x00, 0x00, 0x00, 0x00, 0x00, 0x00, 0x00, 0x00, 0x00,
  0x00, 0x00, 0x00, 0x00, 0x00, 0x00, 0x00, 0x00, 0x00, 0x00, 0x00, 0x00, 0x00, 0x00, 0x00, 0x00,
  0xff, 0x7b, 0xff, 0x7b, 0xff, 0x79, 0x00, 0x00, 0x00, 0x00, 0x00, 0x00, 0xbf, 0x8b, 0xbf, 0x93,
  0xbf, 0x93, 0x9f, 0x93, 0xbf, 0x93, 0x9f, 0x93, 0x9f, 0x93, 0x9f, 0x93, 0x9f, 0x93, 0x9f, 0x93,
  0x9f, 0x93, 0x7f, 0x93, 0x7f, 0x93, 0x7f, 0x93, 0x7f, 0x93, 0x9f, 0x9b, 0x7f, 0x93, 0x7f, 0x93,
  0x9f, 0x93, 0x9f, 0x93, 0x9f, 0x93, 0x7f, 0x93, 0x7f, 0x93, 0x9f, 0x93, 0x9f, 0x93, 0x9e, 0x93,
  0xbd, 0x8b, 0xdb, 0x83, 0xfa, 0x7b, 0x38, 0x74, 0x77, 0x6c, 0x78, 0x6c, 0x98, 0x74, 0x99, 0x74,
  0xb9, 0x7c, 0xda, 0x7c, 0xfa, 0x7c, 0xda, 0x7c, 0xfa, 0x84, 0x3c, 0x85, 0x00, 0x00, 0xff, 0x7b,
  0xff, 0x7b, 0x00, 0x00, 0x00, 0x00, 0x00, 0x00, 0x00, 0x00, 0x00, 0x00, 0x00, 0x00, 0x00, 0x00,
  0x00, 0x00, 0x00, 0x00, 0x00, 0x00, 0x00, 0x00, 0x00, 0x00, 0x00, 0x00, 0x00, 0x00, 0x00, 0x00,
  0x00, 0x00, 0x00, 0x00, 0x00, 0x00, 0x00, 0x00, 0x00, 0x00, 0x00, 0x00, 0x00, 0x00, 0x00, 0x00,
  0x00, 0x00, 0x00, 0x00, 0x00, 0x00, 0x00, 0x00, 0x00, 0x00, 0x00, 0x00, 0x00, 0x00, 0x00, 0x00,
  0x00, 0x00, 0x00, 0x00, 0x00, 0x00, 0x00, 0x00, 0x00, 0x00, 0x00, 0x00, 0x00, 0x00, 0x00, 0x00,
  0x00, 0x00, 0x1f, 0x00, 0xff, 0xff, 0x1f, 0x00, 0x00, 0x00, 0x00, 0x00, 0x00, 0x00, 0xbf, 0xaa,
  0x7f, 0x93, 0xbf, 0x93, 0x9f, 0x93, 0x9f, 0x9b, 0x9f, 0x93, 0x7f, 0x93, 0x7f, 0x93, 0x7f, 0x93,
  0x7f, 0x93, 0x7f, 0x93, 0x9f, 0x9b, 0x9f, 0x9b, 0x9f, 0x9b, 0x9f, 0x9b, 0x9f, 0x9b, 0x9f, 0x9b,
  0x9f, 0x9b, 0x9f, 0x93, 0x7e, 0x93, 0x9d, 0x8b, 0x9c, 0x83, 0x9c, 0x83, 0xbb, 0x7b, 0xd9, 0x73,
  0xf8, 0x73, 0x18, 0x74, 0x38, 0x6c, 0x38, 0x6c, 0x57, 0x6c, 0x77, 0x74, 0x98, 0x74, 0xb9, 0x74,
  0xb9, 0x7c, 0xda, 0x7c, 0x3c, 0x85, 0x1b, 0x85, 0xfb, 0x84, 0xdc, 0x7c, 0x00, 0x00, 0xff, 0x07,
  0x1f, 0x00, 0x1f, 0x00, 0x00, 0x00, 0x00, 0x00, 0x00, 0x00, 0x00, 0x00, 0x00, 0x00, 0x00, 0x00,
  0x00, 0x00, 0x00, 0x00, 0x00, 0x00, 0x00, 0x00, 0x00, 0x00, 0x00, 0x00, 0x00, 0x00, 0x00, 0x00,
  0x00, 0x00, 0x00, 0x00, 0x00, 0x00, 0x00, 0x00, 0x00, 0x00, 0x00, 0x00, 0x00, 0x00, 0x00, 0x00,
  0x00, 0x00, 0x00, 0x00, 0x00, 0x00, 0x00, 0x00, 0x00, 0x00, 0x00, 0x00, 0x00, 0x00, 0x00, 0x00,
  0x00, 0x00, 0x00, 0x00, 0x00, 0x00, 0x00, 0x00, 0x00, 0x00, 0x00, 0x00, 0x00, 0x00, 0x00, 0x00,
  0x00, 0x00, 0x00, 0x00, 0x00, 0x00, 0x00, 0x00, 0x1f, 0x00, 0xbf, 0xaa, 0xff, 0x7b, 0xff, 0xab,
  0x00, 0x00, 0x00, 0x00, 0x00, 0x00, 0x00, 0x00, 0x1f, 0xf8, 0x5f, 0x8b, 0x7f, 0x93, 0x7f, 0x93,
  0x9f, 0x93, 0x7e, 0x93, 0x7b, 0x83, 0x5a, 0x7b, 0x7b, 0x7b, 0x7b, 0x7b, 0x5b, 0x7b, 0x7b, 0x7b,
  0x7a, 0x7b, 0x7a, 0x7b, 0x7a, 0x7b, 0x79, 0x73, 0x98, 0x73, 0xb8, 0x73, 0xb8, 0x73, 0xf7, 0x6b,
  0x16, 0x64, 0x35, 0x64, 0x56, 0x64, 0x57, 0x6c, 0x77, 0x6c, 0x78, 0x74, 0x99, 0x74, 0x99, 0x7c,
  0xb9, 0x7c, 0xba, 0x7c, 0xda, 0x7c, 0x1c, 0x8d, 0xfb, 0x84, 0xfb, 0x84, 0x00, 0x00, 0x00, 0x00,
  0xd9, 0x64, 0x00, 0x00, 0x00, 0x00, 0x00, 0x00, 0x00, 0x00, 0x00, 0x00, 0x00, 0x00, 0x00, 0x00,
  0x00, 0x00, 0x00, 0x00, 0x00, 0x00, 0x00, 0x00, 0x00, 0x00, 0x00, 0x00, 0x00, 0x00, 0x00, 0x00,
  0x00, 0x00, 0x00, 0x00, 0x00, 0x00, 0x00, 0x00, 0x00, 0x00, 0x00, 0x00, 0x00, 0x00, 0x00, 0x00,
  0x00, 0x00, 0x00, 0x00, 0x00, 0x00, 0x00, 0x00, 0x00, 0x00, 0x00, 0x00, 0x00, 0x00, 0x00, 0x00,
  0x00, 0x00, 0x00, 0x00, 0x00, 0x00, 0x00, 0x00, 0x00, 0x00, 0x00, 0x00, 0x00, 0x00, 0x00, 0x00,
  0x00, 0x00, 0x00, 0x00, 0x00, 0x00, 0x00, 0x00, 0x00, 0x00, 0x00, 0x00, 0x00, 0x00, 0x00, 0x00,
  0x00, 0x00, 0x00, 0x00, 0x00, 0x00, 0x00, 0x00, 0x00, 0x00, 0x00, 0x00, 0x00, 0x00, 0xf7, 0x39,
  0xff, 0xff, 0xff, 0x7b, 0x32, 0x53, 0x11, 0x4b, 0x11, 0x4b, 0x32, 0x4b, 0x32, 0x4b, 0x11, 0x4b,
  0x31, 0x4b, 0x52, 0x4b, 0x52, 0x53, 0x73, 0x53, 0x94, 0x5b, 0xb4, 0x5b, 0xd5, 0x63, 0xf5, 0x63,
  0x16, 0x64, 0x16, 0x6c, 0x37, 0x6c, 0x57, 0x6c, 0x78, 0x74, 0x78, 0x74, 0x99, 0x74, 0x99, 0x7c,
  0xb9, 0x7c, 0xba, 0x7c, 0xdb, 0x84, 0xfb, 0x84, 0xdb, 0x84, 0xfb, 0x84, 0xfb, 0x84, 0x00, 0x00,
  0x00, 0x00, 0xff, 0x7d, 0x00, 0x00, 0x00, 0x00, 0x00, 0x00, 0x00, 0x00, 0x00, 0x00, 0x00, 0x00,
  0x00, 0x00, 0x00, 0x00, 0x00, 0x00, 0x00, 0x00, 0x00, 0x00, 0x00, 0x00, 0x00, 0x00, 0x00, 0x00,
  0x00, 0x00, 0x00, 0x00, 0x00, 0x00, 0x00, 0x00, 0x00, 0x00, 0x00, 0x00, 0x00, 0x00, 0x00, 0x00,
  0x00, 0x00, 0x00, 0x00, 0x00, 0x00, 0x00, 0x00, 0x00, 0x00, 0x00, 0x00, 0x00, 0x00, 0x00, 0x00,
  0x00, 0x00, 0x00, 0x00, 0x00, 0x00, 0x00, 0x00, 0x00, 0x00, 0x00, 0x00, 0x00, 0x00, 0x00, 0x00,
  0x00, 0x00, 0x00, 0x00, 0x00, 0x00, 0x00, 0x00, 0x00, 0x00, 0x00, 0x00, 0x00, 0x00, 0x00, 0x00,
  0x00, 0x00, 0x00, 0x00, 0xff, 0xff, 0xff, 0x7b, 0xbf, 0xaa, 0xff, 0x7b, 0x00, 0x00, 0x00, 0x00,
  0x00, 0x00, 0x00, 0x00, 0x00, 0x00, 0x0b, 0x2b, 0x10, 0x43, 0x51, 0x4b, 0x10, 0x43, 0x10, 0x43,
  0x10, 0x43, 0x31, 0x4b, 0x51, 0x4b, 0x72, 0x4b, 0x93, 0x53, 0xb3, 0x5b, 0xd4, 0x5b, 0xf5, 0x63,
  0xf5, 0x63, 0x16, 0x6c, 0x37, 0x6c, 0x58, 0x74, 0x58, 0x74, 0x79, 0x74, 0x79, 0x74, 0x99, 0x7c,
  0xba, 0x7c, 0xba, 0x7c, 0xba, 0x84, 0xfb, 0x84, 0x5e, 0x95, 0xdb, 0x84, 0xdb, 0x84, 0xdb, 0x8c,
  0xf7, 0x7b, 0x00, 0x00, 0xff, 0x7f, 0x00, 0x00, 0x00, 0x00, 0x00, 0x00, 0x00, 0x00, 0x00, 0x00,
  0x00, 0x00, 0x00, 0x00, 0x00, 0x00, 0x00, 0x00, 0x00, 0x00, 0x00, 0x00, 0x00, 0x00, 0x00, 0x00,
  0x00, 0x00, 0x00, 0x00, 0x00, 0x00, 0x00, 0x00, 0x00, 0x00, 0x00, 0x00, 0x00, 0x00, 0x00, 0x00,
  0x00, 0x00, 0x00, 0x00, 0x00, 0x00, 0x00, 0x00, 0x00, 0x00, 0x00, 0x00, 0x00, 0x00, 0x00, 0x00,
  0x00, 0x00, 0x00, 0x00, 0x00, 0x00, 0x00, 0x00, 0x00, 0x00, 0x00, 0x00, 0x00, 0x00, 0x00, 0x00,
  0x00, 0x00, 0x00, 0x00, 0x00, 0x00, 0x00, 0x00, 0x00, 0x00, 0x00, 0x00, 0x00, 0x00, 0x00, 0x00,
  0x00, 0x00, 0x00, 0x00, 0x00, 0x00, 0x00, 0x00, 0x00, 0x00, 0x00, 0x00, 0x00, 0x00, 0x1f, 0xf8,
  0xef, 0x39, 0xff, 0x7b, 0x5f, 0xad, 0xf4, 0x5a, 0x12, 0x4b, 0x12, 0x4b, 0x73, 0x53, 0x12, 0x4b,
  0x12, 0x4b, 0x53, 0x53, 0x73, 0x53, 0x74, 0x5b, 0x94, 0x5b, 0xb5, 0x63, 0xd5, 0x63, 0xf6, 0x63,
  0xf6, 0x6b, 0x17, 0x6c, 0x37, 0x6c, 0x38, 0x74, 0x58, 0x74, 0x59, 0x74, 0x79, 0x7c, 0x99, 0x7c,
  0x9a, 0x7c, 0xba, 0x7c, 0xba, 0x84, 0xdb, 0x84, 0xfc, 0x8c, 0x5e, 0x95, 0xdc, 0x84, 0x9c, 0x84,
  0x00, 0x00, 0xff, 0x7d, 0x00, 0x00, 0x00, 0x00, 0x00, 0x00, 0x00, 0x00, 0x00, 0x00, 0x00, 0x00,
  0x00, 0x00, 0x00, 0x00, 0x00, 0x00, 0x00, 0x00, 0x00, 0x00, 0x00, 0x00, 0x00, 0x00, 0x00, 0x00,
  0x00, 0x00, 0x00, 0x00, 0x00, 0x00, 0x00, 0x00, 0x00, 0x00, 0x00, 0x00, 0x00, 0x00, 0x00, 0x00,
  0x00, 0x00, 0x00, 0x00, 0x00, 0x00, 0x00, 0x00, 0x00, 0x00, 0x00, 0x00, 0x00, 0x00, 0x00, 0x00,
  0x00, 0x00, 0x00, 0x00, 0x00, 0x00, 0x00, 0x00, 0x00, 0x00, 0x00, 0x00, 0x00, 0x00, 0x00, 0x00,
  0x00, 0x00, 0x00, 0x00, 0x00, 0x00, 0x00, 0x00, 0x00, 0x00, 0x00, 0x00, 0x00, 0x00, 0x00, 0x00,
  0x00, 0x00, 0x00, 0x00, 0x00, 0x00, 0x00, 0x00, 0x00, 0x00, 0x00, 0x00, 0x00, 0x00, 0x00, 0x00,
  0x00, 0x00, 0xef, 0x3b, 0xef, 0x7b, 0xf7, 0x3b, 0x11, 0x4b, 0xf1, 0x4a, 0x11, 0x4b, 0x32, 0x53,
  0x32, 0x4b, 0x32, 0x53, 0x53, 0x53, 0x74, 0x5b, 0x94, 0x5b, 0xb5, 0x5b, 0xd5, 0x63, 0xf6, 0x63,
  0xf6, 0x6b, 0x17, 0x6c, 0x37, 0x6c, 0x38, 0x74, 0x58, 0x74, 0x79, 0x74, 0x79, 0x7c, 0x99, 0x7c,
  0x9a, 0x7c, 0xba, 0x84, 0xbb, 0x84, 0xdb, 0x84, 0xdc, 0x84, 0xdc, 0x8c, 0xfc, 0x8c, 0xdc, 0x8c,
  0xff, 0x7b, 0x00, 0x00, 0xff, 0x7d, 0x00, 0x00, 0x00, 0x00, 0x00, 0x00, 0x00, 0x00, 0x00, 0x00,
  0x00, 0x00, 0x00, 0x00, 0x00, 0x00, 0x00, 0x00, 0x00, 0x00, 0x00, 0x00, 0x00, 0x00, 0x00, 0x00,
  0x00, 0x00, 0x00, 0x00, 0x00, 0x00, 0x00, 0x00, 0x00, 0x00, 0x00, 0x00, 0x00, 0x00, 0x00, 0x00,
  0x00, 0x00, 0x00, 0x00, 0x00, 0x00, 0x00, 0x00, 0x00, 0x00, 0x00, 0x00, 0x00, 0x00, 0x00, 0x00,
  0x00, 0x00, 0x00, 0x00, 0x00, 0x00, 0x00, 0x00, 0x00, 0x00, 0x00, 0x00, 0x00, 0x00, 0x00, 0x00,
  0x00, 0x00, 0x00, 0x00, 0x00, 0x00, 0x00, 0x00, 0x00, 0x00, 0x00, 0x00, 0x00, 0x00, 0x00, 0x00,
  0x00, 0x00, 0x00, 0x00, 0x00, 0x00, 0x00, 0x00, 0x00, 0x00, 0x00, 0x00, 0x00, 0x00, 0x00, 0x00,
  0x00, 0x00, 0x00, 0x00, 0x33, 0x33, 0x00, 0x00, 0xb1, 0x52, 0x11, 0x4b, 0x32, 0x4b, 0x11, 0x4b,
  0x32, 0x4b, 0x52, 0x53, 0x53, 0x53, 0x74, 0x5b, 0x94, 0x5b, 0xb5, 0x63, 0xd5, 0x63, 0xf6, 0x63,
  0xf6, 0x6b, 0x17, 0x6c, 0x37, 0x74, 0x38, 0x74, 0x58, 0x74, 0x79, 0x7c, 0x79, 0x7c, 0x7a, 0x7c,
  0x9a, 0x7c, 0x9a, 0x84, 0xbb, 0x84, 0xbb, 0x84, 0xbb, 0x84, 0x3e, 0x95, 0xdc, 0x8c, 0xbc, 0x84,
  0xbd, 0x8c, 0x1f, 0x00, 0xef, 0x03, 0x5f, 0xad, 0x00, 0x00, 0x00, 0x00, 0x00, 0x00, 0x00, 0x00,
  0x00, 0x00, 0x00, 0x00, 0x00, 0x00, 0x00, 0x00, 0x00, 0x00, 0x00, 0x00, 0x00, 0x00, 0x00, 0x00,
  0x00, 0x00, 0x00, 0x00, 0x00, 0x00, 0x00, 0x00, 0x00, 0x00, 0x00, 0x00, 0x00, 0x00, 0x00, 0x00,
  0x00, 0x00, 0x00, 0x00, 0x00, 0x00, 0x00, 0x00, 0x00, 0x00, 0x00, 0x00, 0x00, 0x00, 0x00, 0x00,
  0x00, 0x00, 0x00, 0x00, 0x00, 0x00, 0x00, 0x00, 0x00, 0x00, 0x00, 0x00, 0x00, 0x00, 0x00, 0x00,
  0x00, 0x00, 0x00, 0x00, 0x00, 0x00, 0x00, 0x00, 0x00, 0x00, 0x00, 0x00, 0x00, 0x00, 0x00, 0x00,
  0x00, 0x00, 0x00, 0x00, 0x00, 0x00, 0x00, 0x00, 0x00, 0x00, 0x00, 0x00, 0x00, 0x00, 0x00, 0x00,
  0x00, 0x00, 0x1f, 0x00, 0x00, 0x00, 0x00, 0x00, 0xaa, 0x52, 0xf1, 0x52, 0xf1, 0x4a, 0x53, 0x53,
  0x32, 0x53, 0x33, 0x53, 0x53, 0x5b, 0x74, 0x5b, 0x94, 0x5b, 0xb5, 0x63, 0xd6, 0x63, 0xf6, 0x6b,
  0xf6, 0x6b, 0x17, 0x6c, 0x18, 0x74, 0x38, 0x74, 0x58, 0x74, 0x59, 0x7c, 0x79, 0x7c, 0x7a, 0x7c,
  0x9a, 0x7c, 0x9b, 0x84, 0xbb, 0x84, 0xbb, 0x84, 0xbc, 0x84, 0xbc, 0x84, 0x5f, 0x95, 0xdc, 0x8c,
  0xfd, 0x94, 0x00, 0x00, 0x00, 0x00, 0xff, 0x07, 0xff, 0xff, 0x00, 0x00, 0x00, 0x00, 0x00, 0x00,
  0x00, 0x00, 0x00, 0x00, 0x00, 0x00, 0x00, 0x00, 0x00, 0x00, 0x00, 0x00, 0x00, 0x00, 0x00, 0x00,
  0x00, 0x00, 0x00, 0x00, 0x00, 0x00, 0x00, 0x00, 0x00, 0x00, 0x00, 0x00, 0x00, 0x00, 0x00, 0x00,
  0x00, 0x00, 0x00, 0x00, 0x00, 0x00, 0x00, 0x00, 0x00, 0x00, 0x00, 0x00, 0x00, 0x00, 0x00, 0x00,
  0x00, 0x00, 0x00, 0x00, 0x00, 0x00, 0x00, 0x00, 0x00, 0x00, 0x00, 0x00, 0x00, 0x00, 0x00, 0x00,
  0x00, 0x00, 0x00, 0x00, 0x00, 0x00, 0x00, 0x00, 0x00, 0x00, 0x00, 0x00, 0x00, 0x00, 0x00, 0x00,
  0x00, 0x00, 0x00, 0x00, 0x00, 0x00, 0x00, 0x00, 0x00, 0x00, 0x00, 0x00, 0x00, 0x00, 0x00, 0x00,
  0x00, 0x00, 0x00, 0x00, 0x33, 0x63, 0x00, 0x00, 0x00, 0x00, 0x12, 0x4b, 0xf1, 0x4a, 0x12, 0x4b,
  0x53, 0x53, 0x53, 0x53, 0x53, 0x5b, 0x74, 0x5b, 0x94, 0x63, 0xb5, 0x63, 0xd6, 0x63, 0xd6, 0x6b,
  0xf7, 0x6b, 0x17, 0x6c, 0x18, 0x74, 0x38, 0x74, 0x59, 0x7c, 0x59, 0x7c, 0x79, 0x7c, 0x7a, 0x7c,
  0x9a, 0x84, 0x9b, 0x84, 0xbb, 0x84, 0xbb, 0x84, 0xbc, 0x84, 0xdc, 0x8c, 0xdc, 0x8c, 0xfe, 0x8c,
  0xdc, 0x8c, 0xbd, 0x8c, 0x00, 0x00, 0x00, 0x00, 0x5f, 0xad, 0x00, 0x00, 0x00, 0x00, 0x00, 0x00,
  0x00, 0x00, 0x00, 0x00, 0x00, 0x00, 0x00, 0x00, 0x00, 0x00, 0x00, 0x00, 0x00, 0x00, 0x00, 0x00,
  0x00, 0x00, 0x00, 0x00, 0x00, 0x00, 0x00, 0x00, 0x00, 0x00, 0x00, 0x00, 0x00, 0x00, 0x00, 0x00,
  0x00, 0x00, 0x00, 0x00, 0x00, 0x00, 0x00, 0x00, 0x00, 0x00, 0x00, 0x00, 0x00, 0x00, 0x00, 0x00,
  0x00, 0x00, 0x00, 0x00, 0x00, 0x00, 0x00, 0x00, 0x00, 0x00, 0x00, 0x00, 0x00, 0x00, 0x00, 0x00,
  0x00, 0x00, 0x00, 0x00, 0x00, 0x00, 0x00, 0x00, 0x00, 0x00, 0x00, 0x00, 0x00, 0x00, 0x00, 0x00,
  0x00, 0x00, 0x00, 0x00, 0x00, 0x00, 0x00, 0x00, 0x00, 0x00, 0x00, 0x00, 0x00, 0x00, 0x00, 0x00,
  0x00, 0x00, 0x00, 0x00, 0x00, 0x00, 0x33, 0x63, 0xff, 0x07, 0xf1, 0x42, 0xf2, 0x4a, 0x12, 0x4b,
  0x33, 0x53, 0x33, 0x53, 0x54, 0x5b, 0x74, 0x5b, 0x94, 0x63, 0xb5, 0x63, 0xd6, 0x63, 0xd6, 0x6b,
  0xf7, 0x6b, 0x17, 0x6c, 0x18, 0x74, 0x38, 0x74, 0x39, 0x74, 0x59, 0x7c, 0x79, 0x7c, 0x7a, 0x7c,
  0x9a, 0x84, 0x9b, 0x84, 0x9b, 0x84, 0xbb, 0x84, 0xbc, 0x84, 0xbc, 0x8c, 0xfd, 0x8c, 0xdd, 0x8c,
  0xbc, 0x8c, 0xbd, 0x8c, 0x7e, 0x8c, 0x5f, 0xad, 0x00, 0x00, 0xbf, 0xaa, 0x00, 0x00, 0x00, 0x00,
  0x00, 0x00, 0x00, 0x00, 0x00, 0x00, 0x00, 0x00, 0x00, 0x00, 0x00, 0x00, 0x00, 0x00, 0x00, 0x00,
  0x00, 0x00, 0x00, 0x00, 0x00, 0x00, 0x00, 0x00, 0x00, 0x00, 0x00, 0x00, 0x00, 0x00, 0x00, 0x00,
  0x00, 0x00, 0x00, 0x00, 0x00, 0x00, 0x00, 0x00, 0x00, 0x00, 0x00, 0x00, 0x00, 0x00, 0x00, 0x00,
  0x00, 0x00, 0x00, 0x00, 0x00, 0x00, 0x00, 0x00, 0x00, 0x00, 0x00, 0x00, 0x00, 0x00, 0x00, 0x00,
  0x00, 0x00, 0x00, 0x00, 0x00, 0x00, 0x00, 0x00, 0x00, 0x00, 0x00, 0x00, 0x00, 0x00, 0x00, 0x00,
  0x00, 0x00, 0x00, 0x00, 0x00, 0x00, 0x00, 0x00, 0x00, 0x00, 0x00, 0x00, 0x00, 0x00, 0x00, 0x00,
  0x00, 0x00, 0x00, 0x00, 0x1f, 0x00, 0x00, 0x00, 0x00, 0x00, 0xef, 0x3a, 0x11, 0x53, 0x12, 0x4b,
  0x33, 0x53, 0x74, 0x5b, 0x74, 0x5b, 0x74, 0x5b, 0x95, 0x63, 0xb5, 0x63, 0xd6, 0x6b, 0xd6, 0x6b,
  0xf7, 0x6b, 0x17, 0x74, 0x18, 0x74, 0x38, 0x74, 0x39, 0x7c, 0x59, 0x7c, 0x5a, 0x7c, 0x7a, 0x7c,
  0x9a, 0x84, 0x9b, 0x84, 0x9b, 0x84, 0xbb, 0x84, 0xbc, 0x8c, 0xbc, 0x8c, 0xbc, 0x8c, 0xdd, 0x8c,
  0xdd, 0x8c, 0xdd, 0x8c, 0x9e, 0x94, 0x00, 0x00, 0xff, 0x7b, 0x00, 0x00, 0x1f, 0x00, 0x00, 0x00,
  0x00, 0x00, 0x00, 0x00, 0x00, 0x00, 0x00, 0x00, 0x00, 0x00, 0x00, 0x00, 0x00, 0x00, 0x00, 0x00,
  0x00, 0x00, 0x00, 0x00, 0x00, 0x00, 0x00, 0x00, 0x00, 0x00, 0x00, 0x00, 0x00, 0x00, 0x00, 0x00,
  0x00, 0x00, 0x00, 0x00, 0x00, 0x00, 0x00, 0x00, 0x00, 0x00, 0x00, 0x00, 0x00, 0x00, 0x00, 0x00,
  0x00, 0x00, 0x00, 0x00, 0x00, 0x00, 0x00, 0x00, 0x00, 0x00, 0x00, 0x00, 0x00, 0x00, 0x00, 0x00,
  0x00, 0x00, 0x00, 0x00, 0x00, 0x00, 0x00, 0x00, 0x00, 0x00, 0x00, 0x00, 0x00, 0x00, 0x00, 0x00,
  0x00, 0x00, 0x00, 0x00, 0x00, 0x00, 0x00, 0x00, 0x00, 0x00, 0x00, 0x00, 0x00, 0x00, 0x00, 0x00,
  0x00, 0x00, 0x00, 0x00, 0x00, 0x00, 0xb5, 0x52, 0xff, 0xff, 0x00, 0x00, 0xf1, 0x4a, 0x12, 0x53,
  0x33, 0x53, 0x54, 0x5b, 0x74, 0x5b, 0x74, 0x63, 0x95, 0x63, 0xb5, 0x63, 0xd6, 0x6b, 0xd7, 0x6b,
  0xf7, 0x6b, 0x18, 0x74, 0x18, 0x74, 0x38, 0x74, 0x39, 0x7c, 0x59, 0x7c, 0x5a, 0x7c, 0x7a, 0x84,
  0x7b, 0x84, 0x9b, 0x84, 0x9b, 0x84, 0x9b, 0x84, 0xbc, 0x8c, 0xbc, 0x8c, 0xbd, 0x8c, 0xdd, 0x94,
  0xdd, 0x8c, 0xdd, 0x8c, 0xde, 0x94, 0x00, 0x00, 0x00, 0x00, 0xff, 0x7b, 0x00, 0x00, 0x00, 0x00,
  0x00, 0x00, 0x00, 0x00, 0x00, 0x00, 0x00, 0x00, 0x00, 0x00, 0x00, 0x00, 0x00, 0x00, 0x00, 0x00,
  0x00, 0x00, 0x00, 0x00, 0x00, 0x00, 0x00, 0x00, 0x00, 0x00, 0x00, 0x00, 0x00, 0x00, 0x00, 0x00,
  0x00, 0x00, 0x00, 0x00, 0x00, 0x00, 0x00, 0x00, 0x00, 0x00, 0x00, 0x00, 0x00, 0x00, 0x00, 0x00,
  0x00, 0x00, 0x00, 0x00, 0x00, 0x00, 0x00, 0x00, 0x00, 0x00, 0x00, 0x00, 0x00, 0x00, 0x00, 0x00,
  0x00, 0x00, 0x00, 0x00, 0x00, 0x00, 0x00, 0x00, 0x00, 0x00, 0x00, 0x00, 0x00, 0x00, 0x00, 0x00,
  0x00, 0x00, 0x00, 0x00, 0x00, 0x00, 0x00, 0x00, 0x00, 0x00, 0x00, 0x00, 0x00, 0x00, 0x00, 0x00,
  0x00, 0x00, 0x00, 0x00, 0x00, 0x00, 0x00, 0x00, 0xb5, 0x52, 0xff, 0xff, 0xef, 0x7b, 0x33, 0x5b,
  0x33, 0x5b, 0x74, 0x63, 0x54, 0x5b, 0x74, 0x63, 0x95, 0x63, 0xb6, 0x6b, 0xb6, 0x6b, 0xd7, 0x6b,
  0xf7, 0x73, 0x18, 0x74, 0x18, 0x74, 0x39, 0x74, 0x39, 0x7c, 0x59, 0x7c, 0x5a, 0x7c, 0x7a, 0x84,
  0x7b, 0x84, 0x7b, 0x84, 0x9b, 0x84, 0x9c, 0x84, 0x9c, 0x8c, 0xbc, 0x8c, 0xbc, 0x8c, 0xbd, 0x8c,
  0xff, 0x94, 0xbd, 0x8c, 0xdd, 0x8c, 0xdd, 0x94, 0xff, 0x7b, 0x1f, 0x00, 0xff, 0x7b, 0x00, 0x00,
  0x00, 0x00, 0x00, 0x00, 0x00, 0x00, 0x00, 0x00, 0x00, 0x00, 0x00, 0x00, 0x00, 0x00, 0x00, 0x00,
  0x00, 0x00, 0x00, 0x00, 0x00, 0x00, 0x00, 0x00, 0x00, 0x00, 0x00, 0x00, 0x00, 0x00, 0x00, 0x00,
  0x00, 0x00, 0x00, 0x00, 0x00, 0x00, 0x00, 0x00, 0x00, 0x00, 0x00, 0x00, 0x00, 0x00, 0x00, 0x00,
  0x00, 0x00, 0x00, 0x00, 0x00, 0x00, 0x00, 0x00, 0x00, 0x00, 0x00, 0x00, 0x00, 0x00, 0x00, 0x00,
  0x00, 0x00, 0x00, 0x00, 0x00, 0x00, 0x00, 0x00, 0x00, 0x00, 0x00, 0x00, 0x00, 0x00, 0x00, 0x00,
  0x00, 0x00, 0x00, 0x00, 0x00, 0x00, 0x00, 0x00, 0x00, 0x00, 0x00, 0x00, 0x00, 0x00, 0x00, 0x00,
  0x00, 0x00, 0x00, 0x00, 0x00, 0x00, 0x00, 0x00, 0xef, 0x7b, 0x1f, 0x00, 0xb5, 0x52, 0x34, 0x5b,
  0x34, 0x5b, 0x54, 0x5b, 0x96, 0x63, 0x75, 0x63, 0x95, 0x63, 0xb6, 0x6b, 0xd6, 0x6b, 0xd7, 0x6b,
  0xf7, 0x73, 0x18, 0x74, 0x18, 0x74, 0x39, 0x7c, 0x39, 0x7c, 0x59, 0x7c, 0x5a, 0x7c, 0x7a, 0x84,
  0x7b, 0x84, 0x9b, 0x84, 0x9b, 0x8c, 0x9c, 0x8c, 0x9c, 0x8c, 0x9c, 0x8c, 0xbd, 0x8c, 0xbd, 0x8c,
  0xbd, 0x8c, 0xdf, 0x94, 0xbd, 0x8c, 0xdd, 0x94, 0xff, 0xbd, 0xff, 0xff, 0x1f, 0x00, 0x1f, 0x00,
  0x00, 0x00, 0x00, 0x00, 0x00, 0x00, 0x00, 0x00, 0x00, 0x00, 0x00, 0x00, 0x00, 0x00, 0x00, 0x00,
  0x00, 0x00, 0x00, 0x00, 0x00, 0x00, 0x00, 0x00, 0x00, 0x00, 0x00, 0x00, 0x00, 0x00, 0x00, 0x00,
  0x00, 0x00, 0x00, 0x00, 0x00, 0x00, 0x00, 0x00, 0x00, 0x00, 0x00, 0x00, 0x00, 0x00, 0x00, 0x00,
  0x00, 0x00, 0x00, 0x00, 0x00, 0x00, 0x00, 0x00, 0x00, 0x00, 0x00, 0x00, 0x00, 0x00, 0x00, 0x00,
  0x00, 0x00, 0x00, 0x00, 0x00, 0x00, 0x00, 0x00, 0x00, 0x00, 0x00, 0x00, 0x00, 0x00, 0x00, 0x00,
  0x00, 0x00, 0x00, 0x00, 0x00, 0x00, 0x00, 0x00, 0x00, 0x00, 0x00, 0x00, 0x00, 0x00, 0x00, 0x00,
  0x00, 0x00, 0x00, 0x00, 0x00, 0x00, 0x00, 0x00, 0x00, 0x00, 0xaf, 0x52, 0x00, 0x00, 0x00, 0x00,
  0x54, 0x5b, 0x54, 0x5b, 0x74, 0x63, 0x95, 0x63, 0x95, 0x63, 0xb6, 0x6b, 0xb6, 0x6b, 0xd7, 0x6b,
  0xd7, 0x73, 0xf8, 0x73, 0x18, 0x7c, 0x39, 0x7c, 0x39, 0x7c, 0x3a, 0x7c, 0x5a, 0x84, 0x7a, 0x84,
  0x7b, 0x84, 0x7b, 0x84, 0x9b, 0x8c, 0x9c, 0x8c, 0x9c, 0x8c, 0x9c, 0x8c, 0x9d, 0x8c, 0x9d, 0x8c,
  0xbe, 0x94, 0xbd, 0x94, 0xbe, 0x8c, 0xbe, 0x8c, 0x5c, 0x8c, 0x00, 0x00, 0xff, 0x7b, 0x1f, 0x00,
  0x00, 0x00, 0x00, 0x00, 0x00, 0x00, 0x00, 0x00, 0x00, 0x00, 0x00, 0x00, 0x00, 0x00, 0x00, 0x00,
  0x00, 0x00, 0x00, 0x00, 0x00, 0x00, 0x00, 0x00, 0x00, 0x00, 0x00, 0x00, 0x00, 0x00, 0x00, 0x00,
  0x00, 0x00, 0x00, 0x00, 0x00, 0x00, 0x00, 0x00, 0x00, 0x00, 0x00, 0x00, 0x00, 0x00, 0x00, 0x00,
  0x00, 0x00, 0x00, 0x00, 0x00, 0x00, 0x00, 0x00, 0x00, 0x00, 0x00, 0x00, 0x00, 0x00, 0x00, 0x00,
  0x00, 0x00, 0x00, 0x00, 0x00, 0x00, 0x00, 0x00, 0x00, 0x00, 0x00, 0x00, 0x00, 0x00, 0x00, 0x00,
  0x00, 0x00, 0x00, 0x00, 0x00, 0x00, 0x00, 0x00, 0x00, 0x00, 0x00, 0x00, 0x00, 0x00, 0x00, 0x00,
  0x00, 0x00, 0x00, 0x00, 0x00, 0x00, 0x00, 0x00, 0x00, 0x00, 0x00, 0x00, 0x72, 0x6b, 0x00, 0x00,
  0xef, 0x7b, 0x54, 0x63, 0x74, 0x63, 0x95, 0x63, 0x95, 0x63, 0x96, 0x6b, 0xb6, 0x6b, 0xd7, 0x6b,
  0xf7, 0x73, 0xf8, 0x73, 0x18, 0x7c, 0x19, 0x7c, 0x39, 0x7c, 0x3a, 0x7c, 0x5a, 0x84, 0x5a, 0x84,
  0x7b, 0x84, 0x7b, 0x84, 0x7b, 0x84, 0x7c, 0x8c, 0x9c, 0x8c, 0x9c, 0x8c, 0x9d, 0x8c, 0x9d, 0x8c,
  0x9d, 0x8c, 0xdf, 0x9c, 0xbe, 0x94, 0x9e, 0x94, 0x9e, 0x94, 0xff, 0x7b, 0x1f, 0x00, 0xff, 0x7b,
  0x1f, 0x00, 0x00, 0x00, 0x00, 0x00, 0x00, 0x00, 0x00, 0x00, 0x00, 0x00, 0x00, 0x00, 0x00, 0x00,
  0x00, 0x00, 0x00, 0x00, 0x00, 0x00, 0x00, 0x00, 0x00, 0x00, 0x00, 0x00, 0x00, 0x00, 0x00, 0x00,
  0x00, 0x00, 0x00, 0x00, 0x00, 0x00, 0x00, 0x00, 0x00, 0x00, 0x00, 0x00, 0x00, 0x00, 0x00, 0x00,
  0x00, 0x00, 0x00, 0x00, 0x00, 0x00, 0x00, 0x00, 0x00, 0x00, 0x00, 0x00, 0x00, 0x00, 0x00, 0x00,
  0x00, 0x00, 0x00, 0x00, 0x00, 0x00, 0x00, 0x00, 0x00, 0x00, 0x00, 0x00, 0x00, 0x00, 0x00, 0x00,
  0x00, 0x00, 0x00, 0x00, 0x00, 0x00, 0x00, 0x00, 0x00, 0x00, 0x00, 0x00, 0x00, 0x00, 0x00, 0x00,
  0x00, 0x00, 0x00, 0x00, 0x00, 0x00, 0x00, 0x00, 0x00, 0x00, 0xff, 0xff, 0x00, 0x00, 0x33, 0x63,
  0x33, 0x63, 0x94, 0x63, 0x75, 0x63, 0xb6, 0x6b, 0xb6, 0x6b, 0x96, 0x6b, 0xb7, 0x6b, 0xd7, 0x73,
  0xf8, 0x73, 0xf8, 0x73, 0xf9, 0x7b, 0x19, 0x7c, 0x39, 0x7c, 0x3a, 0x84, 0x3a, 0x84, 0x5a, 0x84,
  0x5b, 0x84, 0x7b, 0x8c, 0x7c, 0x8c, 0x7c, 0x8c, 0x9c, 0x8c, 0x9c, 0x8c, 0x9d, 0x8c, 0x9d, 0x94,
  0x9d, 0x94, 0x9d, 0x94, 0xff, 0x9c, 0x9e, 0x94, 0x9e, 0x94, 0xff, 0x9b, 0x00, 0x00, 0xff, 0xbd,
  0x00, 0x00, 0x00, 0x00, 0x00, 0x00, 0x00, 0x00, 0x00, 0x00, 0x00, 0x00, 0x00, 0x00, 0x00, 0x00,
  0x00, 0x00, 0x00, 0x00, 0x00, 0x00, 0x00, 0x00, 0x00, 0x00, 0x00, 0x00, 0x00, 0x00, 0x00, 0x00,
  0x00, 0x00, 0x00, 0x00, 0x00, 0x00, 0x00, 0x00, 0x00, 0x00, 0x00, 0x00, 0x00, 0x00, 0x00, 0x00,
  0x00, 0x00, 0x00, 0x00, 0x00, 0x00, 0x00, 0x00, 0x00, 0x00, 0x00, 0x00, 0x00, 0x00, 0x00, 0x00,
  0x00, 0x00, 0x00, 0x00, 0x00, 0x00, 0x00, 0x00, 0x00, 0x00, 0x00, 0x00, 0x00, 0x00, 0x00, 0x00,
  0x00, 0x00, 0x00, 0x00, 0x00, 0x00, 0x00, 0x00, 0x00, 0x00, 0x00, 0x00, 0x00, 0x00, 0x00, 0x00,
  0x00, 0x00, 0x00, 0x00, 0x00, 0x00, 0x00, 0x00, 0x00, 0x00, 0x00, 0x00, 0x5f, 0xad, 0x00, 0x00,
  0x00, 0x00, 0x34, 0x63, 0x75, 0x63, 0x95, 0x6b, 0xb7, 0x6b, 0xb7, 0x6b, 0xb7, 0x6b, 0xd7, 0x73,
  0xf8, 0x73, 0xf8, 0x7b, 0x19, 0x7c, 0x19, 0x7c, 0x1a, 0x7c, 0x3a, 0x84, 0x3a, 0x84, 0x5b, 0x84,
  0x5b, 0x84, 0x5b, 0x8c, 0x7c, 0x8c, 0x7c, 0x8c, 0x7c, 0x8c, 0x9d, 0x8c, 0x9d, 0x8c, 0x9d, 0x94,
  0x9d, 0x94, 0x9e, 0x94, 0x9e, 0x94, 0xbf, 0x94, 0x9e, 0x94, 0x9f, 0x94, 0x00, 0x00, 0x00, 0x00,
  0xdf, 0x9c, 0x00, 0x00, 0x00, 0x00, 0x00, 0x00, 0x00, 0x00, 0x00, 0x00, 0x00, 0x00, 0x00, 0x00,
  0x00, 0x00, 0x00, 0x00, 0x00, 0x00, 0x00, 0x00, 0x00, 0x00, 0x00, 0x00, 0x00, 0x00, 0x00, 0x00,
  0x00, 0x00, 0x00, 0x00, 0x00, 0x00, 0x00, 0x00, 0x00, 0x00, 0x00, 0x00, 0x00, 0x00, 0x00, 0x00,
  0x00, 0x00, 0x00, 0x00, 0x00, 0x00, 0x00, 0x00, 0x00, 0x00, 0x00, 0x00, 0x00, 0x00, 0x00, 0x00,
  0x00, 0x00, 0x00, 0x00, 0x00, 0x00, 0x00, 0x00, 0x00, 0x00, 0x00, 0x00, 0x00, 0x00, 0x00, 0x00,
  0x00, 0x00, 0x00, 0x00, 0x00, 0x00, 0x00, 0x00, 0x00, 0x00, 0x00, 0x00, 0x00, 0x00, 0x00, 0x00,
  0x00, 0x00, 0x00, 0x00, 0x00, 0x00, 0x00, 0x00, 0x00, 0x00, 0x00, 0x00, 0x00, 0x00, 0x39, 0x63,
  0x00, 0x00, 0x00, 0x00, 0x95, 0x63, 0x96, 0x6b, 0xb6, 0x6b, 0x96, 0x6b, 0xb7, 0x73, 0xd7, 0x73,
  0xd8, 0x73, 0xf9, 0x7b, 0xf9, 0x7b, 0x19, 0x7c, 0x1a, 0x7c, 0x3a, 0x84, 0x3b, 0x84, 0x3b, 0x84,
  0x5b, 0x84, 0x5c, 0x8c, 0x5c, 0x8c, 0x7c, 0x8c, 0x7d, 0x8c, 0x7d, 0x8c, 0x7d, 0x94, 0x9d, 0x94,
  0x9e, 0x94, 0x9e, 0x94, 0xbf, 0x94, 0xbf, 0x9c, 0x7e, 0x94, 0x7e, 0x94, 0x3e, 0x94, 0x00, 0x00,
  0x00, 0x00, 0xff, 0x7b, 0x00, 0x00, 0x00, 0x00, 0x00, 0x00, 0x00, 0x00, 0x00, 0x00, 0x00, 0x00,
  0x00, 0x00, 0x00, 0x00, 0x00, 0x00, 0x00, 0x00, 0x00, 0x00, 0x00, 0x00, 0x00, 0x00, 0x00, 0x00,
  0x00, 0x00, 0x00, 0x00, 0x00, 0x00, 0x00, 0x00, 0x00, 0x00, 0x00, 0x00, 0x00, 0x00, 0x00, 0x00,
  0x00, 0x00, 0x00, 0x00, 0x00, 0x00, 0x00, 0x00, 0x00, 0x00, 0x00, 0x00, 0x00, 0x00, 0x00, 0x00,
  0x00, 0x00, 0x00, 0x00, 0x00, 0x00, 0x00, 0x00, 0x00, 0x00, 0x00, 0x00, 0x00, 0x00, 0x00, 0x00,
  0x00, 0x00, 0x00, 0x00, 0x00, 0x00, 0x00, 0x00, 0x00, 0x00, 0x00, 0x00, 0x00, 0x00, 0x00, 0x00,
  0x00, 0x00, 0x00, 0x00, 0x00, 0x00, 0x00, 0x00, 0x00, 0x00, 0x00, 0x00, 0x1f, 0x00, 0xef, 0x7b,
  0xf7, 0x7b, 0xef, 0x7b, 0x56, 0x6b, 0x96, 0x6b, 0x96, 0x6b, 0xd8, 0x73, 0xb7, 0x73, 0xd7, 0x73,
  0xd8, 0x73, 0xf8, 0x7b, 0xf9, 0x7b, 0x19, 0x7c, 0x1a, 0x84, 0x3a, 0x84, 0x3b, 0x84, 0x3b, 0x84,
  0x5b, 0x8c, 0x5c, 0x8c, 0x5c, 0x8c, 0x5c, 0x8c, 0x7c, 0x8c, 0x7d, 0x8c, 0x7d, 0x94, 0x7d, 0x94,
  0x7d, 0x94, 0x7e, 0x94, 0x7e, 0x94, 0x9f, 0x9c, 0xbf, 0x9c, 0x7e, 0x94, 0x5e, 0x94, 0xff, 0xbb,
  0xdf, 0x9c, 0x00, 0x00, 0x00, 0x00, 0x00, 0x00, 0x00, 0x00, 0x00, 0x00, 0x00, 0x00, 0x00, 0x00,
  0x00, 0x00, 0x00, 0x00, 0x00, 0x00, 0x00, 0x00, 0x00, 0x00, 0x00, 0x00, 0x00, 0x00, 0x00, 0x00,
  0x00, 0x00, 0x00, 0x00, 0x00, 0x00, 0x00, 0x00, 0x00, 0x00, 0x00, 0x00, 0x00, 0x00, 0x00, 0x00,
  0x00, 0x00, 0x00, 0x00, 0x00, 0x00, 0x00, 0x00, 0x00, 0x00, 0x00, 0x00, 0x00, 0x00, 0x00, 0x00,
  0x00, 0x00, 0x00, 0x00, 0x00, 0x00, 0x00, 0x00, 0x00, 0x00, 0x00, 0x00, 0x00, 0x00, 0x00, 0x00,
  0x00, 0x00, 0x00, 0x00, 0x00, 0x00, 0x00, 0x00, 0x00, 0x00, 0x00, 0x00, 0x00, 0x00, 0x00, 0x00,
  0x00, 0x00, 0x00, 0x00, 0x00, 0x00, 0x00, 0x00, 0x00, 0x00, 0x00, 0x00, 0x00, 0x00, 0x1f, 0x00,
  0xb5, 0x52, 0x00, 0x00, 0x95, 0x73, 0x76, 0x6b, 0x96, 0x6b, 0x97, 0x73, 0xd8, 0x73, 0xb8, 0x73,
  0xd8, 0x73, 0xf9, 0x7b, 0xf9, 0x7b, 0xf9, 0x7b, 0x1a, 0x84, 0x3a, 0x84, 0x3b, 0x84, 0x3b, 0x84,
  0x5b, 0x8c, 0x5c, 0x8c, 0x5c, 0x8c, 0x5c, 0x8c, 0x5d, 0x8c, 0x5d, 0x8c, 0x7d, 0x94, 0x7d, 0x94,
  0x7e, 0x94, 0x7e, 0x94, 0x7e, 0x94, 0x7e, 0x94, 0x7f, 0x94, 0x7f, 0x94, 0x7f, 0x94, 0x00, 0x00,
  0x00, 0x00, 0x9f, 0x94, 0x00, 0x00, 0x00, 0x00, 0x00, 0x00, 0x00, 0x00, 0x00, 0x00, 0x00, 0x00,
  0x00, 0x00, 0x00, 0x00, 0x00, 0x00, 0x00, 0x00, 0x00, 0x00, 0x00, 0x00, 0x00, 0x00, 0x00, 0x00,
  0x00, 0x00, 0x00, 0x00, 0x00, 0x00, 0x00, 0x00, 0x00, 0x00, 0x00, 0x00, 0x00, 0x00, 0x00, 0x00,
  0x00, 0x00, 0x00, 0x00, 0x00, 0x00, 0x00, 0x00, 0x00, 0x00, 0x00, 0x00, 0x00, 0x00, 0x00, 0x00,
  0x00, 0x00, 0x00, 0x00, 0x00, 0x00, 0x00, 0x00, 0x00, 0x00, 0x00, 0x00, 0x00, 0x00, 0x00, 0x00,
  0x00, 0x00, 0x00, 0x00, 0x00, 0x00, 0x00, 0x00, 0x00, 0x00, 0x00, 0x00, 0x00, 0x00, 0x00, 0x00,
  0x00, 0x00, 0x00, 0x00, 0x00, 0x00, 0x00, 0x00, 0x00, 0x00, 0x00, 0x00, 0x00, 0x00, 0x1f, 0x00,
  0x00, 0x00, 0xaa, 0x52, 0x00, 0x00, 0x76, 0x6b, 0x76, 0x6b, 0x97, 0x6b, 0xb7, 0x73, 0xd8, 0x73,
  0xd8, 0x7b, 0xf9, 0x7b, 0xf9, 0x7b, 0xf9, 0x7b, 0x1a, 0x84, 0x1a, 0x84, 0x3b, 0x84, 0x3b, 0x8c,
  0x3b, 0x8c, 0x5c, 0x8c, 0x5c, 0x8c, 0x5c, 0x8c, 0x5d, 0x8c, 0x5d, 0x8c, 0x7d, 0x94, 0x7e, 0x94,
  0x7e, 0x94, 0x7e, 0x94, 0x7e, 0x94, 0x7e, 0x94, 0xbf, 0x9c, 0x7f, 0x94, 0x7f, 0x94, 0x7f, 0x94,
  0x00, 0x00, 0x00, 0x00, 0xff, 0xbd, 0x00, 0x00, 0x00, 0x00, 0x00, 0x00, 0x00, 0x00, 0x00, 0x00,
  0x00, 0x00, 0x00, 0x00, 0x00, 0x00, 0x00, 0x00, 0x00, 0x00, 0x00, 0x00, 0x00, 0x00, 0x00, 0x00,
  0x00, 0x00, 0x00, 0x00, 0x00, 0x00, 0x00, 0x00, 0x00, 0x00, 0x00, 0x00, 0x00, 0x00, 0x00, 0x00,
  0x00, 0x00, 0x00, 0x00, 0x00, 0x00, 0x00, 0x00, 0x00, 0x00, 0x00, 0x00, 0x00, 0x00, 0x00, 0x00,
  0x00, 0x00, 0x00, 0x00, 0x00, 0x00, 0x00, 0x00, 0x00, 0x00, 0x00, 0x00, 0x00, 0x00, 0x00, 0x00,
  0x00, 0x00, 0x00, 0x00, 0x00, 0x00, 0x00, 0x00, 0x00, 0x00, 0x00, 0x00, 0x00, 0x00, 0x00, 0x00,
  0x00, 0x00, 0x00, 0x00, 0x00, 0x00, 0x00, 0x00, 0x00, 0x00, 0x00, 0x00, 0x00, 0x00, 0x00, 0x00,
  0xff, 0x7b, 0x00, 0x00, 0xef, 0x7b, 0x97, 0x73, 0x76, 0x6b, 0x97, 0x73, 0xd8, 0x73, 0xb8, 0x73,
  0xd8, 0x7b, 0xd9, 0x7b, 0xf9, 0x7b, 0xfa, 0x83, 0xfa, 0x83, 0x1a, 0x84, 0x3b, 0x84, 0x3b, 0x8c,
  0x3b, 0x8c, 0x3c, 0x8c, 0x5c, 0x8c, 0x5c, 0x8c, 0x5d, 0x94, 0x5d, 0x94, 0x5d, 0x94, 0x7e, 0x94,
  0x5e, 0x94, 0x5e, 0x94, 0x7e, 0x94, 0x7e, 0x94, 0x5e, 0x94, 0x9f, 0x9c, 0x5e, 0x94, 0x7f, 0x94,
  0xfd, 0x8b, 0x5f, 0xad, 0xff, 0x7b, 0xff, 0xff, 0x00, 0x00, 0x00, 0x00, 0x00, 0x00, 0x00, 0x00,
  0x00, 0x00, 0x00, 0x00, 0x00, 0x00, 0x00, 0x00, 0x00, 0x00, 0x00, 0x00, 0x00, 0x00, 0x00, 0x00,
  0x00, 0x00, 0x00, 0x00, 0x00, 0x00, 0x00, 0x00, 0x00, 0x00, 0x00, 0x00, 0x00, 0x00, 0x00, 0x00,
  0x00, 0x00, 0x00, 0x00, 0x00, 0x00, 0x00, 0x00, 0x00, 0x00, 0x00, 0x00, 0x00, 0x00, 0x00, 0x00,
  0x00, 0x00, 0x00, 0x00, 0x00, 0x00, 0x00, 0x00, 0x00, 0x00, 0x00, 0x00, 0x00, 0x00, 0x00, 0x00,
  0x00, 0x00, 0x00, 0x00, 0x00, 0x00, 0x00, 0x00, 0x00, 0x00, 0x00, 0x00, 0x00, 0x00, 0x00, 0x00,
  0x00, 0x00, 0x00, 0x00, 0x00, 0x00, 0x00, 0x00, 0x00, 0x00, 0x00, 0x00, 0x00, 0x00, 0x00, 0x00,
  0x00, 0x00, 0xf7, 0x7b, 0x00, 0x00, 0x00, 0x00, 0x97, 0x73, 0x97, 0x73, 0xb8, 0x73, 0xd9, 0x7b,
  0xd8, 0x7b, 0xd9, 0x7b, 0xf9, 0x83, 0xfa, 0x83, 0xfa, 0x83, 0x1a, 0x84, 0x1b, 0x84, 0x3b, 0x8c,
  0x3c, 0x8c, 0x3c, 0x8c, 0x5c, 0x8c, 0x5c, 0x94, 0x5d, 0x94, 0x5d, 0x94, 0x5d, 0x94, 0x5e, 0x94,
  0x5e, 0x94, 0x5e, 0x94, 0x5e, 0x94, 0x5e, 0x94, 0x7f, 0x9c, 0x5f, 0x94, 0x3f, 0x94, 0x3f, 0x94,
  0x3e, 0x94, 0x00, 0x00, 0xff, 0xff, 0xbf, 0xaa, 0x00, 0x00, 0x00, 0x00, 0x00, 0x00, 0x00, 0x00,
  0x00, 0x00, 0x00, 0x00, 0x00, 0x00, 0x00, 0x00, 0x00, 0x00, 0x00, 0x00, 0x00, 0x00, 0x00, 0x00,
  0x00, 0x00, 0x00, 0x00, 0x00, 0x00, 0x00, 0x00, 0x00, 0x00, 0x00, 0x00, 0x00, 0x00, 0x00, 0x00,
  0x00, 0x00, 0x00, 0x00, 0x00, 0x00, 0x00, 0x00, 0x00, 0x00, 0x00, 0x00, 0x00, 0x00, 0x00, 0x00,
  0x00, 0x00, 0x00, 0x00, 0x00, 0x00, 0x00, 0x00, 0x00, 0x00, 0x00, 0x00, 0x00, 0x00, 0x00, 0x00,
  0x00, 0x00, 0x00, 0x00, 0x00, 0x00, 0x00, 0x00, 0x00, 0x00, 0x00, 0x00, 0x00, 0x00, 0x00, 0x00,
  0x00, 0x00, 0x00, 0x00, 0x00, 0x00, 0x00, 0x00, 0x00, 0x00, 0x00, 0x00, 0x00, 0x00, 0x00, 0x00,
  0x00, 0x00, 0x00, 0x00, 0x76, 0x6b, 0x00, 0x00, 0x00, 0x00, 0x97, 0x73, 0x98, 0x73, 0xd9, 0x7b,
  0xd9, 0x7b, 0xd9, 0x7b, 0xfa, 0x83, 0xfa, 0x83, 0xfa, 0x83, 0x1b, 0x84, 0x1b, 0x8c, 0x1b, 0x8c,
  0x3c, 0x8c, 0x3c, 0x8c, 0x3c, 0x8c, 0x5d, 0x94, 0x5d, 0x94, 0x3d, 0x94, 0x5d, 0x94, 0x5e, 0x94,
  0x5e, 0x94, 0x5e, 0x94, 0x5e, 0x94, 0x3e, 0x94, 0x5e, 0x94, 0x7f, 0x9c, 0x7f, 0x9c, 0x3f, 0x94,
  0x3f, 0x94, 0x5f, 0xad, 0x00, 0x00, 0x00, 0x00, 0x1f, 0xf8, 0x00, 0x00, 0x00, 0x00, 0x00, 0x00,
  0x00, 0x00, 0x00, 0x00, 0x00, 0x00, 0x00, 0x00, 0x00, 0x00, 0x00, 0x00, 0x00, 0x00, 0x00, 0x00,
  0x00, 0x00, 0x00, 0x00, 0x00, 0x00, 0x00, 0x00, 0x00, 0x00, 0x00, 0x00, 0x00, 0x00, 0x00, 0x00,
  0x00, 0x00, 0x00, 0x00, 0x00, 0x00, 0x00, 0x00, 0x00, 0x00, 0x00, 0x00, 0x00, 0x00, 0x00, 0x00,
  0x00, 0x00, 0x00, 0x00, 0x00, 0x00, 0x00, 0x00, 0x00, 0x00, 0x00, 0x00, 0x00, 0x00, 0x00, 0x00,
  0x00, 0x00, 0x00, 0x00, 0x00, 0x00, 0x00, 0x00, 0x00, 0x00, 0x00, 0x00, 0x00, 0x00, 0x00, 0x00,
  0x00, 0x00, 0x00, 0x00, 0x00, 0x00, 0x00, 0x00, 0x00, 0x00, 0x00, 0x00, 0x00, 0x00, 0x00, 0x00,
  0x00, 0x00, 0x00, 0x00, 0x00, 0x00, 0xb5, 0x52, 0x00, 0x00, 0x98, 0x73, 0x98, 0x7b, 0xb9, 0x7b,
  0xda, 0x83, 0xd9, 0x7b, 0xda, 0x83, 0xfa, 0x83, 0xfa, 0x83, 0x1b, 0x8c, 0x1b, 0x8c, 0x1b, 0x8c,
  0x1c, 0x8c, 0x3c, 0x8c, 0x3c, 0x94, 0x3d, 0x94, 0x3d, 0x94, 0x3d, 0x94, 0x3d, 0x94, 0x3e, 0x94,
  0x3e, 0x94, 0x3e, 0x94, 0x3e, 0x94, 0x3e, 0x94, 0x3f, 0x94, 0x3f, 0x94, 0x5f, 0x9c, 0x3f, 0x9c,
  0x1f, 0x94, 0xfe, 0x8b, 0xff, 0x07, 0xb5, 0x52, 0x00, 0x00, 0x00, 0x00, 0x00, 0x00, 0x00, 0x00,
  0x00, 0x00, 0x00, 0x00, 0x00, 0x00, 0x00, 0x00, 0x00, 0x00, 0x00, 0x00, 0x00, 0x00, 0x00, 0x00,
  0x00, 0x00, 0x00, 0x00, 0x00, 0x00, 0x00, 0x00, 0x00, 0x00, 0x00, 0x00, 0x00, 0x00, 0x00, 0x00,
  0x00, 0x00, 0x00, 0x00, 0x00, 0x00, 0x00, 0x00, 0x00, 0x00, 0x00, 0x00, 0x00, 0x00, 0x00, 0x00,
  0x00, 0x00, 0x00, 0x00, 0x00, 0x00, 0x00, 0x00, 0x00, 0x00, 0x00, 0x00, 0x00, 0x00, 0x00, 0x00,
  0x00, 0x00, 0x00, 0x00, 0x00, 0x00, 0x00, 0x00, 0x00, 0x00, 0x00, 0x00, 0x00, 0x00, 0x00, 0x00,
  0x00, 0x00, 0x00, 0x00, 0x00, 0x00, 0x00, 0x00, 0x00, 0x00, 0x00, 0x00, 0x00, 0x00, 0x00, 0x00,
  0x00, 0x00, 0x00, 0x00, 0xff, 0xff, 0x00, 0x00, 0x00, 0x00, 0xef, 0x7b, 0xd9, 0x7b, 0xb9, 0x7b,
  0xfa, 0x83, 0xfb, 0x83, 0xda, 0x83, 0xfa, 0x83, 0xfa, 0x83, 0xfb, 0x83, 0x1b, 0x8c, 0x1c, 0x8c,
  0x1c, 0x8c, 0x1c, 0x8c, 0x1d, 0x94, 0x3d, 0x94, 0x3d, 0x94, 0x3d, 0x94, 0x3e, 0x94, 0x3e, 0x94,
  0x3e, 0x94, 0x3e, 0x94, 0x3e, 0x94, 0x3f, 0x94, 0x3f, 0x94, 0x3f, 0x9c, 0x3f, 0x9c, 0x1f, 0x94,
  0x1f, 0x94, 0xff, 0x9b, 0x00, 0x00, 0x00, 0x00, 0x3f, 0x9b, 0x00, 0x00, 0x00, 0x00, 0x00, 0x00,
  0x00, 0x00, 0x00, 0x00, 0x00, 0x00, 0x00, 0x00, 0x00, 0x00, 0x00, 0x00, 0x00, 0x00, 0x00, 0x00,
  0x00, 0x00, 0x00, 0x00, 0x00, 0x00, 0x00, 0x00, 0x00, 0x00, 0x00, 0x00, 0x00, 0x00, 0x00, 0x00,
  0x00, 0x00, 0x00, 0x00, 0x00, 0x00, 0x00, 0x00, 0x00, 0x00, 0x00, 0x00, 0x00, 0x00, 0x00, 0x00,
  0x00, 0x00, 0x00, 0x00, 0x00, 0x00, 0x00, 0x00, 0x00, 0x00, 0x00, 0x00, 0x00, 0x00, 0x00, 0x00,
  0x00, 0x00, 0x00, 0x00, 0x00, 0x00, 0x00, 0x00, 0x00, 0x00, 0x00, 0x00, 0x00, 0x00, 0x00, 0x00,
  0x00, 0x00, 0x00, 0x00, 0x00, 0x00, 0x00, 0x00, 0x00, 0x00, 0x00, 0x00, 0x00, 0x00, 0x00, 0x00,
  0x00, 0x00, 0x00, 0x00, 0x00, 0x00, 0xff, 0xff, 0x00, 0x00, 0x00, 0x00, 0xf7, 0x7b, 0xb9, 0x7b,
  0xb9, 0x7b, 0xfa, 0x83, 0x1b, 0x8c, 0xfa, 0x83, 0xfb, 0x8b, 0xfb, 0x8b, 0xfb, 0x8b, 0x1c, 0x8c,
  0x1c, 0x8c, 0x1c, 0x8c, 0x1c, 0x94, 0x1d, 0x94, 0x1d, 0x94, 0x3d, 0x94, 0x3e, 0x94, 0x3e, 0x94,
  0x3e, 0x94, 0x3e, 0x94, 0x1e, 0x94, 0x1e, 0x94, 0x1f, 0x94, 0x1f, 0x94, 0x1f, 0x9c, 0x5f, 0xa4,
  0xff, 0x93, 0xff, 0x9b, 0xdf, 0x9b, 0x00, 0x00, 0x00, 0x00, 0xff, 0x79, 0x00, 0x00, 0x00, 0x00,
  0x00, 0x00, 0x00, 0x00, 0x00, 0x00, 0x00, 0x00, 0x00, 0x00, 0x00, 0x00, 0x00, 0x00, 0x00, 0x00,
  0x00, 0x00, 0x00, 0x00, 0x00, 0x00, 0x00, 0x00, 0x00, 0x00, 0x00, 0x00, 0x00, 0x00, 0x00, 0x00,
  0x00, 0x00, 0x00, 0x00, 0x00, 0x00, 0x00, 0x00, 0x00, 0x00, 0x00, 0x00, 0x00, 0x00, 0x00, 0x00,
  0x00, 0x00, 0x00, 0x00, 0x00, 0x00, 0x00, 0x00, 0x00, 0x00, 0x00, 0x00, 0x00, 0x00, 0x00, 0x00,
  0x00, 0x00, 0x00, 0x00, 0x00, 0x00, 0x00, 0x00, 0x00, 0x00, 0x00, 0x00, 0x00, 0x00, 0x00, 0x00,
  0x00, 0x00, 0x00, 0x00, 0x00, 0x00, 0x00, 0x00, 0x00, 0x00, 0x00, 0x00, 0x00, 0x00, 0x00, 0x00,
  0x00, 0x00, 0x00, 0x00, 0x00, 0x00, 0x00, 0x00, 0xff, 0xff, 0x00, 0x00, 0x00, 0x00, 0xfa, 0x7b,
  0xb9, 0x83, 0xda, 0x83, 0xfb, 0x83, 0x1b, 0x8c, 0xfb, 0x8b, 0xfb, 0x8b, 0xfb, 0x8b, 0x1c, 0x8c,
  0x1c, 0x8c, 0x1c, 0x94, 0x1d, 0x94, 0x1d, 0x94, 0x1d, 0x94, 0x1d, 0x94, 0x1e, 0x94, 0x1e, 0x94,
  0x1e, 0x94, 0x1e, 0x94, 0x1e, 0x94, 0x1e, 0x94, 0x1f, 0x94, 0x1f, 0x94, 0xff, 0x93, 0x1f, 0x9c,
  0x3f, 0xa4, 0xff, 0x9b, 0x1f, 0xa4, 0x00, 0x00, 0xff, 0xbb, 0x00, 0x00, 0x1f, 0xf8, 0x00, 0x00,
  0x00, 0x00, 0x00, 0x00, 0x00, 0x00, 0x00, 0x00, 0x00, 0x00, 0x00, 0x00, 0x00, 0x00, 0x00, 0x00,
  0x00, 0x00, 0x00, 0x00, 0x00, 0x00, 0x00, 0x00, 0x00, 0x00, 0x00, 0x00, 0x00, 0x00, 0x00, 0x00,
  0x00, 0x00, 0x00, 0x00, 0x00, 0x00, 0x00, 0x00, 0x00, 0x00, 0x00, 0x00, 0x00, 0x00, 0x00, 0x00,
  0x00, 0x00, 0x00, 0x00, 0x00, 0x00, 0x00, 0x00, 0x00, 0x00, 0x00, 0x00, 0x00, 0x00, 0x00, 0x00,
  0x00, 0x00, 0x00, 0x00, 0x00, 0x00, 0x00, 0x00, 0x00, 0x00, 0x00, 0x00, 0x00, 0x00, 0x00, 0x00,
  0x00, 0x00, 0x00, 0x00, 0x00, 0x00, 0x00, 0x00, 0x00, 0x00, 0x00, 0x00, 0x00, 0x00, 0x00, 0x00,
  0x00, 0x00, 0x00, 0x00, 0x00, 0x00, 0x00, 0x00, 0x00, 0x00, 0xff, 0xff, 0x00, 0x00, 0x00, 0x00,
  0x7b, 0x6b, 0x9b, 0x83, 0xda, 0x83, 0xfb, 0x8b, 0x1c, 0x8c, 0xfb, 0x8b, 0xfc, 0x8b, 0xfc, 0x8b,
  0xfc, 0x8b, 0x1c, 0x94, 0x1d, 0x94, 0x1d, 0x94, 0x1d, 0x94, 0x1d, 0x94, 0x1e, 0x94, 0x1e, 0x94,
  0x1e, 0x94, 0x1e, 0x94, 0x1e, 0x94, 0x1e, 0x94, 0x1f, 0x9c, 0xff, 0x9b, 0xff, 0x9b, 0xff, 0x9b,
  0xdf, 0x9b, 0xff, 0x9b, 0xdf, 0x9b, 0xff, 0xab, 0x00, 0x00, 0x3f, 0x9b, 0x1f, 0x00, 0x00, 0x00,
  0x00, 0x00, 0x00, 0x00, 0x00, 0x00, 0x00, 0x00, 0x00, 0x00, 0x00, 0x00, 0x00, 0x00, 0x00, 0x00,
  0x00, 0x00, 0x00, 0x00, 0x00, 0x00, 0x00, 0x00, 0x00, 0x00, 0x00, 0x00, 0x00, 0x00, 0x00, 0x00,
  0x00, 0x00, 0x00, 0x00, 0x00, 0x00, 0x00, 0x00, 0x00, 0x00, 0x00, 0x00, 0x00, 0x00, 0x00, 0x00,
  0x00, 0x00, 0x00, 0x00, 0x00, 0x00, 0x00, 0x00, 0x00, 0x00, 0x00, 0x00, 0x00, 0x00, 0x00, 0x00,
  0x00, 0x00, 0x00, 0x00, 0x00, 0x00, 0x00, 0x00, 0x00, 0x00, 0x00, 0x00, 0x00, 0x00, 0x00, 0x00,
  0x00, 0x00, 0x00, 0x00, 0x00, 0x00, 0x00, 0x00, 0x00, 0x00, 0x00, 0x00, 0x00, 0x00, 0x00, 0x00,
  0x00, 0x00, 0x00, 0x00, 0x00, 0x00, 0x00, 0x00, 0x00, 0x00, 0x00, 0x00, 0xff, 0xff, 0x00, 0x00,
  0xff, 0xff, 0xf7, 0x7b, 0xbb, 0x8b, 0xdb, 0x8b, 0x1c, 0x94, 0x1d, 0x94, 0xfc, 0x8b, 0xfc, 0x8b,
  0xfc, 0x93, 0xfc, 0x93, 0x1d, 0x94, 0x1d, 0x94, 0x1d, 0x94, 0x1d, 0x94, 0x1e, 0x94, 0x1e, 0x94,
  0x1e, 0x94, 0x1e, 0x94, 0xff, 0x9b, 0xff, 0x9b, 0xff, 0x93, 0xff, 0x9b, 0xff, 0x9b, 0xdf, 0x93,
  0x1f, 0xa4, 0xbf, 0x93, 0xbf, 0x93, 0xdf, 0x93, 0xbf, 0xaa, 0xff, 0x7b, 0xbf, 0x52, 0x1f, 0x00,
  0x00, 0x00, 0x00, 0x00, 0x00, 0x00, 0x00, 0x00, 0x00, 0x00, 0x00, 0x00, 0x00, 0x00, 0x00, 0x00,
  0x00, 0x00, 0x00, 0x00, 0x00, 0x00, 0x00, 0x00, 0x00, 0x00, 0x00, 0x00, 0x00, 0x00, 0x00, 0x00,
  0x00, 0x00, 0x00, 0x00, 0x00, 0x00, 0x00, 0x00, 0x00, 0x00, 0x00, 0x00, 0x00, 0x00, 0x00, 0x00,
  0x00, 0x00, 0x00, 0x00, 0x00, 0x00, 0x00, 0x00, 0x00, 0x00, 0x00, 0x00, 0x00, 0x00, 0x00, 0x00,
  0x00, 0x00, 0x00, 0x00, 0x00, 0x00, 0x00, 0x00, 0x00, 0x00, 0x00, 0x00, 0x00, 0x00, 0x00, 0x00,
  0x00, 0x00, 0x00, 0x00, 0x00, 0x00, 0x00, 0x00, 0x00, 0x00, 0x00, 0x00, 0x00, 0x00, 0x00, 0x00,
  0x00, 0x00, 0x00, 0x00, 0x00, 0x00, 0x00, 0x00, 0x00, 0x00, 0x00, 0x00, 0x00, 0x00, 0x00, 0x00,
  0x00, 0x00, 0x5f, 0xad, 0x00, 0x00, 0x79, 0x7b, 0xdb, 0x8b, 0x1d, 0x94, 0x1d, 0x94, 0xfc, 0x8b,
  0xfc, 0x93, 0xfd, 0x93, 0xfd, 0x93, 0xfd, 0x93, 0xfd, 0x93, 0xfe, 0x93, 0xfe, 0x93, 0xfe, 0x93,
  0xfe, 0x9b, 0xfe, 0x9b, 0xff, 0x9b, 0xff, 0x9b, 0xff, 0x9b, 0xdf, 0x9b, 0xdf, 0x93, 0xdf, 0x93,
  0xbf, 0x93, 0x1f, 0xa4, 0x9f, 0x93, 0xbf, 0x9b, 0x1f, 0x00, 0x00, 0x00, 0xff, 0xff, 0x1f, 0x00,
  0x00, 0x00, 0x00, 0x00, 0x00, 0x00, 0x00, 0x00, 0x00, 0x00, 0x00, 0x00, 0x00, 0x00, 0x00, 0x00,
  0x00, 0x00, 0x00, 0x00, 0x00, 0x00, 0x00, 0x00, 0x00, 0x00, 0x00, 0x00, 0x00, 0x00, 0x00, 0x00,
  0x00, 0x00, 0x00, 0x00, 0x00, 0x00, 0x00, 0x00, 0x00, 0x00, 0x00, 0x00, 0x00, 0x00, 0x00, 0x00,
  0x00, 0x00, 0x00, 0x00, 0x00, 0x00, 0x00, 0x00, 0x00, 0x00, 0x00, 0x00, 0x00, 0x00, 0x00, 0x00,
  0x00, 0x00, 0x00, 0x00, 0x00, 0x00, 0x00, 0x00, 0x00, 0x00, 0x00, 0x00, 0x00, 0x00, 0x00, 0x00,
  0x00, 0x00, 0x00, 0x00, 0x00, 0x00, 0x00, 0x00, 0x00, 0x00, 0x00, 0x00, 0x00, 0x00, 0x00, 0x00,
  0x00, 0x00, 0x00, 0x00, 0x00, 0x00, 0x00, 0x00, 0x00, 0x00, 0x00, 0x00, 0x00, 0x00, 0x00, 0x00,
  0x00, 0x00, 0x00, 0x00, 0xfa, 0x7b, 0x00, 0x00, 0xff, 0xff, 0xdb, 0x8b, 0xfc, 0x93, 0xfd, 0x93,
  0xdc, 0x93, 0xfd, 0x93, 0xfd, 0x93, 0xfd, 0x93, 0xfe, 0x93, 0xfe, 0x93, 0xfe, 0x93, 0xfe, 0x93,
  0xfe, 0x9b, 0xfe, 0x9b, 0xdf, 0x9b, 0xdf, 0x9b, 0xdf, 0x9b, 0xdf, 0x9b, 0xdf, 0x9b, 0xdf, 0x9b,
  0xbf, 0x9b, 0xbf, 0x93, 0xbf, 0x9b, 0x9f, 0x93, 0xbf, 0x9b, 0x00, 0x00, 0x00, 0x00, 0xbf, 0xaa,
  0x00, 0x00, 0x00, 0x00, 0x00, 0x00, 0x00, 0x00, 0x00, 0x00, 0x00, 0x00, 0x00, 0x00, 0x00, 0x00,
  0x00, 0x00, 0x00, 0x00, 0x00, 0x00, 0x00, 0x00, 0x00, 0x00, 0x00, 0x00, 0x00, 0x00, 0x00, 0x00,
  0x00, 0x00, 0x00, 0x00, 0x00, 0x00, 0x00, 0x00, 0x00, 0x00, 0x00, 0x00, 0x00, 0x00, 0x00, 0x00,
  0x00, 0x00, 0x00, 0x00, 0x00, 0x00, 0x00, 0x00, 0x00, 0x00, 0x00, 0x00, 0x00, 0x00, 0x00, 0x00,
  0x00, 0x00, 0x00, 0x00, 0x00, 0x00, 0x00, 0x00, 0x00, 0x00, 0x00, 0x00, 0x00, 0x00, 0x00, 0x00,
  0x00, 0x00, 0x00, 0x00, 0x00, 0x00, 0x00, 0x00, 0x00, 0x00, 0x00, 0x00, 0x00, 0x00, 0x00, 0x00,
  0x00, 0x00, 0x00, 0x00, 0x00, 0x00, 0x00, 0x00, 0x00, 0x00, 0x00, 0x00, 0x00, 0x00, 0x00, 0x00,
  0x00, 0x00, 0x00, 0x00, 0x00, 0x00, 0xfa, 0x7b, 0x00, 0x00, 0x00, 0x00, 0xdc, 0x93, 0xdc, 0x93,
  0xdc, 0x93, 0x1e, 0x9c, 0xfd, 0x93, 0xfd, 0x93, 0xfe, 0x93, 0xde, 0x93, 0xde, 0x93, 0xfe, 0x93,
  0xde, 0x93, 0xde, 0x9b, 0xdf, 0x9b, 0xdf, 0x9b, 0xdf, 0x9b, 0xdf, 0x9b, 0xbf, 0x9b, 0xbf, 0x9b,
  0xbf, 0x9b, 0xbf, 0x9b, 0xbf, 0x9b, 0x7f, 0x93, 0x9f, 0x9b, 0x9f, 0x9b, 0x5f, 0xad, 0x00, 0x00,
  0xbf, 0xaa, 0x00, 0x00, 0x00, 0x00, 0x00, 0x00, 0x00, 0x00, 0x00, 0x00, 0x00, 0x00, 0x00, 0x00,
  0x00, 0x00, 0x00, 0x00, 0x00, 0x00, 0x00, 0x00, 0x00, 0x00, 0x00, 0x00, 0x00, 0x00, 0x00, 0x00,
  0x00, 0x00, 0x00, 0x00, 0x00, 0x00, 0x00, 0x00, 0x00, 0x00, 0x00, 0x00, 0x00, 0x00, 0x00, 0x00,
  0x00, 0x00, 0x00, 0x00, 0x00, 0x00, 0x00, 0x00, 0x00, 0x00, 0x00, 0x00, 0x00, 0x00, 0x00, 0x00,
  0x00, 0x00, 0x00, 0x00, 0x00, 0x00, 0x00, 0x00, 0x00, 0x00, 0x00, 0x00, 0x00, 0x00, 0x00, 0x00,
  0x00, 0x00, 0x00, 0x00, 0x00, 0x00, 0x00, 0x00, 0x00, 0x00, 0x00, 0x00, 0x00, 0x00, 0x00, 0x00,
  0x00, 0x00, 0x00, 0x00, 0x00, 0x00, 0x00, 0x00, 0x00, 0x00, 0x00, 0x00, 0x00, 0x00, 0x00, 0x00,
  0x00, 0x00, 0x00, 0x00, 0x00, 0x00, 0x00, 0x00, 0xbf, 0x52, 0x00, 0x00, 0x00, 0x00, 0xfc, 0x9b,
  0xdd, 0x93, 0xdd, 0x93, 0x3f, 0xa4, 0xfd, 0x93, 0xde, 0x93, 0xfe, 0x93, 0xde, 0x9b, 0xde, 0x93,
  0xde, 0x93, 0xbe, 0x9b, 0xbf, 0x9b, 0xdf, 0x9b, 0xbf, 0x9b, 0xbf, 0x9b, 0xbf, 0x9b, 0xbf, 0x9b,
  0xbf, 0x9b, 0x9f, 0x93, 0x9f, 0x9b, 0x9f, 0x93, 0x7f, 0x93, 0x7f, 0xa3, 0xff, 0x7b, 0xff, 0x7b,
  0x00, 0x00, 0x1f, 0x00, 0x00, 0x00, 0x00, 0x00, 0x00, 0x00, 0x00, 0x00, 0x00, 0x00, 0x00, 0x00,
  0x00, 0x00, 0x00, 0x00, 0x00, 0x00, 0x00, 0x00, 0x00, 0x00, 0x00, 0x00, 0x00, 0x00, 0x00, 0x00,
  0x00, 0x00, 0x00, 0x00, 0x00, 0x00, 0x00, 0x00, 0x00, 0x00, 0x00, 0x00, 0x00, 0x00, 0x00, 0x00,
  0x00, 0x00, 0x00, 0x00, 0x00, 0x00, 0x00, 0x00, 0x00, 0x00, 0x00, 0x00, 0x00, 0x00, 0x00, 0x00,
  0x00, 0x00, 0x00, 0x00, 0x00, 0x00, 0x00, 0x00, 0x00, 0x00, 0x00, 0x00, 0x00, 0x00, 0x00, 0x00,
  0x00, 0x00, 0x00, 0x00, 0x00, 0x00, 0x00, 0x00, 0x00, 0x00, 0x00, 0x00, 0x00, 0x00, 0x00, 0x00,
  0x00, 0x00, 0x00, 0x00, 0x00, 0x00, 0x00, 0x00, 0x00, 0x00, 0x00, 0x00, 0x00, 0x00, 0x00, 0x00,
  0x00, 0x00, 0x00, 0x00, 0x00, 0x00, 0x00, 0x00, 0x00, 0x00, 0x1f, 0x00, 0x1f, 0xf8, 0xef, 0x7b,
  0x00, 0x00, 0xde, 0x9b, 0xdd, 0x93, 0x1f, 0x9c, 0xff, 0x9b, 0xff, 0x9b, 0xde, 0x93, 0xde, 0x9b,
  0xde, 0x9b, 0xde, 0x9b, 0xbf, 0x9b, 0xbf, 0x9b, 0xbf, 0x9b, 0xbf, 0x9b, 0xbf, 0x9b, 0xbf, 0x9b,
  0xbf, 0x9b, 0x9f, 0x9b, 0xdf, 0xa3, 0x9f, 0x9b, 0x7f, 0x93, 0x9f, 0x9b, 0x00, 0x00, 0x00, 0x00,
  0xff, 0x7b, 0x00, 0x00, 0x00, 0x00, 0x00, 0x00, 0x00, 0x00, 0x00, 0x00, 0x00, 0x00, 0x00, 0x00,
  0x00, 0x00, 0x00, 0x00, 0x00, 0x00, 0x00, 0x00, 0x00, 0x00, 0x00, 0x00, 0x00, 0x00, 0x00, 0x00,
  0x00, 0x00, 0x00, 0x00, 0x00, 0x00, 0x00, 0x00, 0x00, 0x00, 0x00, 0x00, 0x00, 0x00, 0x00, 0x00,
  0x00, 0x00, 0x00, 0x00, 0x00, 0x00, 0x00, 0x00, 0x00, 0x00, 0x00, 0x00, 0x00, 0x00, 0x00, 0x00,
  0x00, 0x00, 0x00, 0x00, 0x00, 0x00, 0x00, 0x00, 0x00, 0x00, 0x00, 0x00, 0x00, 0x00, 0x00, 0x00,
  0x00, 0x00, 0x00, 0x00, 0x00, 0x00, 0x00, 0x00, 0x00, 0x00, 0x00, 0x00, 0x00, 0x00, 0x00, 0x00,
  0x00, 0x00, 0x00, 0x00, 0x00, 0x00, 0x00, 0x00, 0x00, 0x00, 0x00, 0x00, 0x00, 0x00, 0x00, 0x00,
  0x00, 0x00, 0x00, 0x00, 0x00, 0x00, 0x00, 0x00, 0x00, 0x00, 0x00, 0x00, 0x00, 0x00, 0x1f, 0xf8,
  0xb5, 0xaa, 0x1f, 0xf8, 0x3f, 0x9b, 0xdd, 0x93, 0xde, 0x93, 0xde, 0x9b, 0xff, 0x9b, 0xde, 0x9b,
  0xdf, 0x9b, 0xdf, 0x9b, 0xdf, 0x9b, 0xbf, 0x9b, 0xbf, 0x9b, 0xbf, 0x9b, 0xbf, 0x9b, 0xbf, 0x9b,
  0x9f, 0x9b, 0x9f, 0x9b, 0xbf, 0x9b, 0xbf, 0xa3, 0x7f, 0x93, 0x7f, 0x93, 0x5f, 0x93, 0xff, 0xff,
  0x1f, 0x00, 0xff, 0x7b, 0x00, 0x00, 0x00, 0x00, 0x00, 0x00, 0x00, 0x00, 0x00, 0x00, 0x00, 0x00,
  0x00, 0x00, 0x00, 0x00, 0x00, 0x00, 0x00, 0x00, 0x00, 0x00, 0x00, 0x00, 0x00, 0x00, 0x00, 0x00,
  0x00, 0x00, 0x00, 0x00, 0x00, 0x00, 0x00, 0x00, 0x00, 0x00, 0x00, 0x00, 0x00, 0x00, 0x00, 0x00,
  0x00, 0x00, 0x00, 0x00, 0x00, 0x00, 0x00, 0x00, 0x00, 0x00, 0x00, 0x00, 0x00, 0x00, 0x00, 0x00,
  0x00, 0x00, 0x00, 0x00, 0x00, 0x00, 0x00, 0x00, 0x00, 0x00, 0x00, 0x00, 0x00, 0x00, 0x00, 0x00,
  0x00, 0x00, 0x00, 0x00, 0x00, 0x00, 0x00, 0x00, 0x00, 0x00, 0x00, 0x00, 0x00, 0x00, 0x00, 0x00,
  0x00, 0x00, 0x00, 0x00, 0x00, 0x00, 0x00, 0x00, 0x00, 0x00, 0x00, 0x00, 0x00, 0x00, 0x00, 0x00,
  0x00, 0x00, 0x00, 0x00, 0x00, 0x00, 0x00, 0x00, 0x00, 0x00, 0x00, 0x00, 0x00, 0x00, 0x00, 0x00,
  0x00, 0x00, 0x1f, 0xf8, 0xbf, 0xaa, 0x00, 0x00, 0xbd, 0x8b, 0xdd, 0x93, 0xde, 0x9b, 0xdf, 0x9b,
  0x1f, 0xac, 0xff, 0xa3, 0xdf, 0x9b, 0xbf, 0x9b, 0xbf, 0x9b, 0xbf, 0x9b, 0xbf, 0x9b, 0xbf, 0x9b,
  0x9f, 0x9b, 0x9f, 0x9b, 0xdf, 0xa3, 0xbf, 0x9b, 0x9f, 0x9b, 0x7f, 0x93, 0x9f, 0x9b, 0x00, 0x00,
  0xff, 0xff, 0x1f, 0x00, 0x00, 0x00, 0x00, 0x00, 0x00, 0x00, 0x00, 0x00, 0x00, 0x00, 0x00, 0x00,
  0x00, 0x00, 0x00, 0x00, 0x00, 0x00, 0x00, 0x00, 0x00, 0x00, 0x00, 0x00, 0x00, 0x00, 0x00, 0x00,
  0x00, 0x00, 0x00, 0x00, 0x00, 0x00, 0x00, 0x00, 0x00, 0x00, 0x00, 0x00, 0x00, 0x00, 0x00, 0x00,
  0x00, 0x00, 0x00, 0x00, 0x00, 0x00, 0x00, 0x00, 0x00, 0x00, 0x00, 0x00, 0x00, 0x00, 0x00, 0x00,
  0x00, 0x00, 0x00, 0x00, 0x00, 0x00, 0x00, 0x00, 0x00, 0x00, 0x00, 0x00, 0x00, 0x00, 0x00, 0x00,
  0x00, 0x00, 0x00, 0x00, 0x00, 0x00, 0x00, 0x00, 0x00, 0x00, 0x00, 0x00, 0x00, 0x00, 0x00, 0x00,
  0x00, 0x00, 0x00, 0x00, 0x00, 0x00, 0x00, 0x00, 0x00, 0x00, 0x00, 0x00, 0x00, 0x00, 0x00, 0x00,
  0x00, 0x00, 0x00, 0x00, 0x00, 0x00, 0x00, 0x00, 0x00, 0x00, 0x00, 0x00, 0x00, 0x00, 0x00, 0x00,
  0x00, 0x00, 0x00, 0x00, 0x00, 0x00, 0xbf, 0xaa, 0xef, 0x7b, 0x00, 0x00, 0x5f, 0xad, 0xde, 0x9b,
  0xbe, 0x9b, 0xdf, 0x9b, 0xdf, 0x9b, 0xbf, 0x9b, 0xdf, 0x9b, 0xff, 0xa3, 0xff, 0xa3, 0xff, 0xa3,
  0xdf, 0xa3, 0x9f, 0x9b, 0x7f, 0x93, 0x9f, 0x9b, 0x7f, 0x93, 0x5f, 0x93, 0x7f, 0x8b, 0x00, 0x00,
  0xff, 0xff, 0xff, 0xff, 0x1f, 0x00, 0x00, 0x00, 0x00, 0x00, 0x00, 0x00, 0x00, 0x00, 0x00, 0x00,
  0x00, 0x00, 0x00, 0x00, 0x00, 0x00, 0x00, 0x00, 0x00, 0x00, 0x00, 0x00, 0x00, 0x00, 0x00, 0x00,
  0x00, 0x00, 0x00, 0x00, 0x00, 0x00, 0x00, 0x00, 0x00, 0x00, 0x00, 0x00, 0x00, 0x00, 0x00, 0x00,
  0x00, 0x00, 0x00, 0x00, 0x00, 0x00, 0x00, 0x00, 0x00, 0x00, 0x00, 0x00, 0x00, 0x00, 0x00, 0x00,
  0x00, 0x00, 0x00, 0x00, 0x00, 0x00, 0x00, 0x00, 0x00, 0x00, 0x00, 0x00, 0x00, 0x00, 0x00, 0x00,
  0x00, 0x00, 0x00, 0x00, 0x00, 0x00, 0x00, 0x00, 0x00, 0x00, 0x00, 0x00, 0x00, 0x00, 0x00, 0x00,
  0x00, 0x00, 0x00, 0x00, 0x00, 0x00, 0x00, 0x00, 0x00, 0x00, 0x00, 0x00, 0x00, 0x00, 0x00, 0x00,
  0x00, 0x00, 0x00, 0x00, 0x00, 0x00, 0x00, 0x00, 0x00, 0x00, 0x00, 0x00, 0x00, 0x00, 0x00, 0x00,
  0x00, 0x00, 0x00, 0x00, 0x00, 0x00, 0x00, 0x00, 0x00, 0x00, 0x00, 0x00, 0x00, 0x00, 0x00, 0x00,
  0xbf, 0xaa, 0xbf, 0x9b, 0xbf, 0xa3, 0xbf, 0x9b, 0xbf, 0x9b, 0xbf, 0x9b, 0xbf, 0x9b, 0xdf, 0x9b,
  0x9f, 0x93, 0x9f, 0x93, 0x9f, 0x93, 0x9f, 0x93, 0x7f, 0x93, 0xbf, 0x9b, 0xff, 0x7b, 0xff, 0x7b,
  0x00, 0x00, 0x00, 0x00, 0x00, 0x00, 0x00, 0x00, 0x00, 0x00, 0x00, 0x00, 0x00, 0x00, 0x00, 0x00,
  0x00, 0x00, 0x00, 0x00, 0x00, 0x00, 0x00, 0x00, 0x00, 0x00, 0x00, 0x00, 0x00, 0x00, 0x00, 0x00,
  0x00, 0x00, 0x00, 0x00, 0x00, 0x00, 0x00, 0x00, 0x00, 0x00, 0x00, 0x00, 0x00, 0x00, 0x00, 0x00,
  0x00, 0x00, 0x00, 0x00, 0x00, 0x00, 0x00, 0x00, 0x00, 0x00, 0x00, 0x00, 0x00, 0x00, 0x00, 0x00,
  0x00, 0x00, 0x00, 0x00, 0x00, 0x00, 0x00, 0x00, 0x00, 0x00, 0x00, 0x00, 0x00, 0x00, 0x00, 0x00,
  0x00, 0x00, 0x00, 0x00, 0x00, 0x00, 0x00, 0x00, 0x00, 0x00, 0x00, 0x00, 0x00, 0x00, 0x00, 0x00,
  0x00, 0x00, 0x00, 0x00, 0x00, 0x00, 0x00, 0x00, 0x00, 0x00, 0x00, 0x00, 0x00, 0x00, 0x00, 0x00,
  0x00, 0x00, 0x00, 0x00, 0x00, 0x00, 0x00, 0x00, 0x00, 0x00, 0x00, 0x00, 0x00, 0x00, 0x00, 0x00,
  0x00, 0x00, 0x00, 0x00, 0x00, 0x00, 0x00, 0x00, 0x00, 0x00, 0x00, 0x00, 0x00, 0x00, 0xff, 0x7b,
  0x00, 0x00, 0x00, 0x00, 0x00, 0x00, 0x1f, 0xf8, 0x9f, 0x93, 0xbf, 0x9b, 0xbf, 0x93, 0xbf, 0x9b,
  0x9f, 0x9b, 0x7f, 0x93, 0x7f, 0x93, 0x9f, 0x93, 0x9f, 0x93, 0x7f, 0x93, 0x00, 0x00, 0x00, 0x00,
  0x00, 0x00, 0xff, 0x7b, 0x00, 0x00, 0x00, 0x00, 0x00, 0x00, 0x00, 0x00, 0x00, 0x00, 0x00, 0x00,
  0x00, 0x00, 0x00, 0x00, 0x00, 0x00, 0x00, 0x00, 0x00, 0x00, 0x00, 0x00, 0x00, 0x00, 0x00, 0x00,
  0x00, 0x00, 0x00, 0x00, 0x00, 0x00, 0x00, 0x00, 0x00, 0x00, 0x00, 0x00, 0x00, 0x00, 0x00, 0x00,
  0x00, 0x00, 0x00, 0x00, 0x00, 0x00, 0x00, 0x00, 0x00, 0x00, 0x00, 0x00, 0x00, 0x00, 0x00, 0x00,
  0x00, 0x00, 0x00, 0x00, 0x00, 0x00, 0x00, 0x00, 0x00, 0x00, 0x00, 0x00, 0x00, 0x00, 0x00, 0x00,
  0x00, 0x00, 0x00, 0x00, 0x00, 0x00, 0x00, 0x00, 0x00, 0x00, 0x00, 0x00, 0x00, 0x00, 0x00, 0x00,
  0x00, 0x00, 0x00, 0x00, 0x00, 0x00, 0x00, 0x00, 0x00, 0x00, 0x00, 0x00, 0x00, 0x00, 0x00, 0x00,
  0x00, 0x00, 0x00, 0x00, 0x00, 0x00, 0x00, 0x00, 0x00, 0x00, 0x00, 0x00, 0x00, 0x00, 0x00, 0x00,
  0x00, 0x00, 0x00, 0x00, 0x00, 0x00, 0x00, 0x00, 0x00, 0x00, 0x00, 0x00, 0x00, 0x00, 0x00, 0x00,
  0x00, 0x00, 0x1f, 0xf8, 0xff, 0x7b, 0xff, 0xab, 0xff, 0xff, 0x00, 0x00, 0x00, 0x00, 0x00, 0x00,
  0x00, 0x00, 0x00, 0x00, 0x00, 0x00, 0x00, 0x00, 0x00, 0x00, 0x00, 0x00, 0x00, 0x00, 0x3f, 0x9b,
  0x3f, 0x9b, 0xff, 0xff, 0x00, 0x00, 0x00, 0x00, 0x00, 0x00, 0x00, 0x00, 0x00, 0x00, 0x00, 0x00,
  0x00, 0x00, 0x00, 0x00, 0x00, 0x00, 0x00, 0x00, 0x00, 0x00, 0x00, 0x00, 0x00, 0x00, 0x00, 0x00,
  0x00, 0x00, 0x00, 0x00, 0x00, 0x00, 0x00, 0x00, 0x00, 0x00, 0x00, 0x00, 0x00, 0x00, 0x00, 0x00,
  0x00, 0x00, 0x00, 0x00, 0x00, 0x00, 0x00, 0x00, 0x00, 0x00, 0x00, 0x00, 0x00, 0x00, 0x00, 0x00,
  0x00, 0x00, 0x00, 0x00, 0x00, 0x00, 0x00, 0x00, 0x00, 0x00, 0x00, 0x00, 0x00, 0x00, 0x00, 0x00,
  0x00, 0x00, 0x00, 0x00, 0x00, 0x00, 0x00, 0x00, 0x00, 0x00, 0x00, 0x00, 0x00, 0x00, 0x00, 0x00,
  0x00, 0x00, 0x00, 0x00, 0x00, 0x00, 0x00, 0x00, 0x00, 0x00, 0x00, 0x00, 0x00, 0x00, 0x00, 0x00,
  0x00, 0x00, 0x00, 0x00, 0x01, 0x03, 0x04, 0x06, 0x07, 0x04, 0x00, 0x00, 0x00, 0x00, 0x00, 0x00,
  0x00, 0x00, 0x00, 0x00, 0x00, 0x00, 0x00, 0x00, 0x00, 0x00, 0x00, 0x00, 0x00, 0x01, 0x05, 0x06,
  0x05, 0x03, 0x01, 0x00, 0x00, 0x00, 0x00, 0x00, 0x00, 0x00, 0x00, 0x00, 0x00, 0x00, 0x00, 0x00,
  0x00, 0x00, 0x00, 0x00, 0x00, 0x00, 0x00, 0x00, 0x00, 0x00, 0x00, 0x00, 0x00, 0x00, 0x00, 0x00,
  0x00, 0x00, 0x00, 0x00, 0x00, 0x00, 0x00, 0x00, 0x00, 0x00, 0x00, 0x00, 0x00, 0x00, 0x00, 0x00,
  0x00, 0x00, 0x00, 0x00, 0x00, 0x00, 0x00, 0x00, 0x00, 0x00, 0x01, 0x02, 0x03, 0x02, 0x00, 0x00,
  0x00, 0x00, 0x00, 0x0e, 0x22, 0x2c, 0x34, 0x40, 0x4f, 0x55, 0x59, 0x5e, 0x5f, 0x5f, 0x5f, 0x5c,
  0x53, 0x49, 0x40, 0x33, 0x22, 0x0f, 0x00, 0x00, 0x00, 0x00, 0x00, 0x02, 0x04, 0x03, 0x01, 0x00,
  0x00, 0x00, 0x00, 0x00, 0x00, 0x00, 0x00, 0x00, 0x00, 0x00, 0x00, 0x00, 0x00, 0x00, 0x00, 0x00,
  0x00, 0x00, 0x00, 0x00, 0x00, 0x00, 0x00, 0x00, 0x00, 0x00, 0x00, 0x00, 0x00, 0x00, 0x00, 0x00,
  0x00, 0x00, 0x00, 0x00, 0x00, 0x00, 0x00, 0x00, 0x00, 0x00, 0x00, 0x00, 0x00, 0x00, 0x00, 0x00,
  0x00, 0x00, 0x00, 0x00, 0x00, 0x00, 0x00, 0x01, 0x04, 0x06, 0x0a, 0x25, 0x5a, 0x83, 0x9a, 0xad,
  0xc6, 0xe6, 0xf4, 0xfb, 0xff, 0xff, 0xff, 0xff, 0xff, 0xee, 0xda, 0xc6, 0xa9, 0x84, 0x5b, 0x3a,
  0x21, 0x0a, 0x04, 0x01, 0x00, 0x00, 0x00, 0x00, 0x00, 0x00, 0x00, 0x00, 0x00, 0x00, 0x00, 0x00,
  0x00, 0x00, 0x00, 0x00, 0x00, 0x00, 0x00, 0x00, 0x00, 0x00, 0x00, 0x00, 0x00, 0x00, 0x00, 0x00,
  0x00, 0x00, 0x00, 0x00, 0x00, 0x00, 0x00, 0x00, 0x00, 0x00, 0x00, 0x00, 0x00, 0x00, 0x00, 0x00,
  0x00, 0x00, 0x00, 0x00, 0x00, 0x00, 0x00, 0x00, 0x00, 0x00, 0x02, 0x05, 0x03, 0x00, 0x00, 0x00,
  0x28, 0x58, 0x7e, 0xa6, 0xc1, 0xd5, 0xe2, 0xec, 0xf3, 0xfd, 0xff, 0xff, 0xff, 0xff, 0xff, 0xff,
  0xff, 0xff, 0xff, 0xff, 0xfd, 0xf2, 0xe4, 0xd4, 0xc9, 0xbb, 0x90, 0x63, 0x2e, 0x00, 0x00, 0x00,
  0x02, 0x07, 0x04, 0x01, 0x00, 0x00, 0x00, 0x00, 0x00, 0x00, 0x00, 0x00, 0x00, 0x00, 0x00, 0x00,
  0x00, 0x00, 0x00, 0x00, 0x00, 0x00, 0x00, 0x00, 0x00, 0x00, 0x00, 0x00, 0x00, 0x00, 0x00, 0x00,
  0x00, 0x00, 0x00, 0x00, 0x00, 0x00, 0x00, 0x00, 0x00, 0x00, 0x00, 0x00, 0x00, 0x00, 0x00, 0x00,
  0x00, 0x01, 0x01, 0x00, 0x00, 0x00, 0x13, 0x2d, 0x52, 0x89, 0xb9, 0xe2, 0xff, 0xff, 0xff, 0xff,
  0xff, 0xff, 0xff, 0xfb, 0xf9, 0xf8, 0xf6, 0xf6, 0xf6, 0xf7, 0xf8, 0xfa, 0xfd, 0xff, 0xff, 0xff,
  0xff, 0xff, 0xff, 0xf2, 0xc6, 0x8f, 0x50, 0x31, 0x1d, 0x01, 0x00, 0x00, 0x00, 0x01, 0x01, 0x00,
  0x00, 0x00, 0x00, 0x00, 0x00, 0x00, 0x00, 0x00, 0x00, 0x00, 0x00, 0x00, 0x00, 0x00, 0x00, 0x00,
  0x00, 0x00, 0x00, 0x00, 0x00, 0x00, 0x00, 0x00, 0x00, 0x00, 0x00, 0x00, 0x00, 0x00, 0x00, 0x00,
  0x00, 0x00, 0x00, 0x00, 0x00, 0x00, 0x00, 0x00, 0x00, 0x00, 0x02, 0x02, 0x00, 0x00, 0x17, 0x62,
  0xb3, 0xe8, 0xf6, 0xf9, 0xff, 0xff, 0xff, 0xff, 0xff, 0xff, 0xff, 0xff, 0xfe, 0xfe, 0xfe, 0xfe,
  0xfe, 0xff, 0xff, 0xff, 0xfe, 0xff, 0xff, 0xff, 0xff, 0xff, 0xff, 0xff, 0xff, 0xfc, 0xf7, 0xe3,
  0xbf, 0x80, 0x29, 0x00, 0x00, 0x04, 0x02, 0x01, 0x00, 0x00, 0x00, 0x00, 0x00, 0x00, 0x00, 0x00,
  0x00, 0x00, 0x00, 0x00, 0x00, 0x00, 0x00, 0x00, 0x00, 0x00, 0x00, 0x00, 0x00, 0x00, 0x00, 0x00,
  0x00, 0x00, 0x00, 0x00, 0x00, 0x00, 0x00, 0x00, 0x00, 0x00, 0x00, 0x00, 0x00, 0x00, 0x00, 0x00,
  0x00, 0x05, 0x02, 0x00, 0x00, 0x0e, 0x55, 0x99, 0xc9, 0xf6, 0xff, 0xff, 0xff, 0xff, 0xfb, 0xf9,
  0xfa, 0xfb, 0xfc, 0xfc, 0xfd, 0xfe, 0xfe, 0xfe, 0xff, 0xff, 0xfe, 0xff, 0xff, 0xfe, 0xfe, 0xfd,
  0xfc, 0xfb, 0xfb, 0xfa, 0xfa, 0xfe, 0xff, 0xff, 0xff, 0xff, 0xd9, 0xa5, 0x6e, 0x39, 0x09, 0x00,
  0x00, 0x06, 0x02, 0x00, 0x00, 0x00, 0x00, 0x00, 0x00, 0x00, 0x00, 0x00, 0x00, 0x00, 0x00, 0x00,
  0x00, 0x00, 0x00, 0x00, 0x00, 0x00, 0x00, 0x00, 0x00, 0x00, 0x00, 0x00, 0x00, 0x00, 0x00, 0x00,
  0x00, 0x00, 0x00, 0x00, 0x00, 0x00, 0x00, 0x00, 0x00, 0x00, 0x00, 0x00, 0x08, 0x1e, 0x5d, 0xc4,
  0xff, 0xff, 0xfd, 0xf9, 0xfa, 0xfc, 0xfd, 0xfe, 0xfe, 0xfe, 0xfe, 0xfe, 0xfe, 0xfe, 0xff, 0xff,
  0xff, 0xff, 0xff, 0xfe, 0xff, 0xff, 0xff, 0xff, 0xff, 0xfe, 0xfe, 0xff, 0xff, 0xff, 0xfd, 0xfc,
  0xfb, 0xfa, 0xfe, 0xff, 0xff, 0xe9, 0x9c, 0x49, 0x0e, 0x00, 0x00, 0x00, 0x01, 0x00, 0x00, 0x00,
  0x00, 0x00, 0x00, 0x00, 0x00, 0x00, 0x00, 0x00, 0x00, 0x00, 0x00, 0x00, 0x00, 0x00, 0x00, 0x00,
  0x00, 0x00, 0x00, 0x00, 0x00, 0x00, 0x00, 0x00, 0x00, 0x00, 0x00, 0x00, 0x00, 0x00, 0x00, 0x00,
  0x01, 0x02, 0x04, 0x00, 0x05, 0x4d, 0xa0, 0xe0, 0xf9, 0xff, 0xff, 0xff, 0xfe, 0xfe, 0xfe, 0xff,
  0xfe, 0xfe, 0xff, 0xff, 0xfe, 0xfe, 0xfe, 0xff, 0xff, 0xff, 0xfe, 0xfe, 0xff, 0xfe, 0xfe, 0xfe,
  0xfe, 0xff, 0xff, 0xff, 0xfe, 0xfe, 0xff, 0xff, 0xfe, 0xfd, 0xfd, 0xff, 0xff, 0xff, 0xff, 0xef,
  0xc3, 0x6d, 0x1a, 0x00, 0x00, 0x06, 0x01, 0x00, 0x00, 0x00, 0x00, 0x00, 0x00, 0x00, 0x00, 0x00,
  0x00, 0x00, 0x00, 0x00, 0x00, 0x00, 0x00, 0x00, 0x00, 0x00, 0x00, 0x00, 0x00, 0x00, 0x00, 0x00,
  0x00, 0x00, 0x00, 0x00, 0x00, 0x00, 0x00, 0x00, 0x01, 0x04, 0x00, 0x00, 0x24, 0x68, 0xb2, 0xf2,
  0xff, 0xff, 0xf6, 0xfa, 0xfc, 0xff, 0xff, 0xff, 0xff, 0xfe, 0xfe, 0xff, 0xff, 0xfe, 0xfe, 0xfe,
  0xff, 0xff, 0xff, 0xfe, 0xfe, 0xff, 0xfe, 0xfe, 0xfe, 0xfe, 0xff, 0xff, 0xff, 0xfe, 0xfe, 0xfe,
  0xff, 0xff, 0xfe, 0xfe, 0xfc, 0xfb, 0xf7, 0xfd, 0xff, 0xff, 0xcc, 0x8a, 0x43, 0x04, 0x00, 0x02,
  0x01, 0x00, 0x00, 0x00, 0x00, 0x00, 0x00, 0x00, 0x00, 0x00, 0x00, 0x00, 0x00, 0x00, 0x00, 0x00,
  0x00, 0x00, 0x00, 0x00, 0x00, 0x00, 0x00, 0x00, 0x00, 0x00, 0x00, 0x00, 0x00, 0x00, 0x00, 0x00,
  0x01, 0x00, 0x01, 0x00, 0x1a, 0x84, 0xe5, 0xff, 0xfe, 0xfd, 0xfd, 0xfe, 0xfe, 0xfe, 0xfe, 0xff,
  0xff, 0xff, 0xfe, 0xfe, 0xfe, 0xfe, 0xfe, 0xfe, 0xfe, 0xfe, 0xfe, 0xfe, 0xfe, 0xfe, 0xfe, 0xff,
  0xff, 0xfe, 0xfe, 0xff, 0xfe, 0xfe, 0xfe, 0xfe, 0xfe, 0xff, 0xff, 0xff, 0xfe, 0xfe, 0xfe, 0xfe,
  0xfe, 0xfe, 0xff, 0xff, 0xff, 0xbf, 0x3c, 0x01, 0x01, 0x00, 0x01, 0x00, 0x00, 0x00, 0x00, 0x00,
  0x00, 0x00, 0x00, 0x00, 0x00, 0x00, 0x00, 0x00, 0x00, 0x00, 0x00, 0x00, 0x00, 0x00, 0x00, 0x00,
  0x00, 0x00, 0x00, 0x00, 0x00, 0x00, 0x00, 0x00, 0x00, 0x05, 0x01, 0x00, 0x26, 0x93, 0xe0, 0xff,
  0xff, 0xff, 0xfb, 0xfc, 0xfe, 0xfe, 0xfe, 0xfe, 0xfe, 0xfe, 0xfe, 0xfe, 0xfe, 0xff, 0xff, 0xff,
  0xff, 0xff, 0xfe, 0xfe, 0xfe, 0xfe, 0xfe, 0xfe, 0xfe, 0xfe, 0xfe, 0xff, 0xff, 0xfe, 0xfe, 0xff,
  0xff, 0xff, 0xff, 0xff, 0xff, 0xfe, 0xfe, 0xff, 0xff, 0xfd, 0xfc, 0xfe, 0xff, 0xff, 0xf9, 0xb8,
  0x4e, 0x00, 0x00, 0x07, 0x01, 0x01, 0x00, 0x00, 0x00, 0x00, 0x00, 0x00, 0x00, 0x00, 0x00, 0x00,
  0x00, 0x00, 0x00, 0x00, 0x00, 0x00, 0x00, 0x00, 0x00, 0x00, 0x00, 0x00, 0x00, 0x00, 0x00, 0x00,
  0x00, 0x02, 0x00, 0x00, 0x23, 0x84, 0xf1, 0xff, 0xf9, 0xfa, 0xfc, 0xfe, 0xfe, 0xfe, 0xfe, 0xfe,
  0xfe, 0xfe, 0xfe, 0xfe, 0xfe, 0xfe, 0xff, 0xff, 0xff, 0xff, 0xff, 0xfe, 0xfe, 0xfe, 0xfe, 0xfe,
  0xfe, 0xfe, 0xfe, 0xfe, 0xff, 0xff, 0xfe, 0xfe, 0xff, 0xff, 0xff, 0xff, 0xff, 0xff, 0xfe, 0xfe,
  0xff, 0xff, 0xfe, 0xfe, 0xfd, 0xfb, 0xf6, 0xff, 0xff, 0xb2, 0x40, 0x09, 0x00, 0x00, 0x02, 0x00,
  0x00, 0x00, 0x00, 0x00, 0x00, 0x00, 0x00, 0x00, 0x00, 0x00, 0x00, 0x00, 0x00, 0x00, 0x00, 0x00,
  0x00, 0x00, 0x00, 0x00, 0x00, 0x00, 0x00, 0x00, 0x01, 0x00, 0x04, 0x00, 0x1c, 0x98, 0xf1, 0xff,
  0xff, 0xfd, 0xfe, 0xfe, 0xff, 0xfe, 0xfe, 0xfe, 0xff, 0xff, 0xfe, 0xfe, 0xfe, 0xff, 0xff, 0xff,
  0xfe, 0xfe, 0xff, 0xff, 0xfe, 0xfe, 0xfe, 0xfe, 0xfe, 0xff, 0xfe, 0xfe, 0xfe, 0xff, 0xff, 0xfe,
  0xfe, 0xfe, 0xfe, 0xfe, 0xfe, 0xff, 0xff, 0xfe, 0xfe, 0xff, 0xff, 0xfe, 0xfe, 0xfe, 0xff, 0xfc,
  0xff, 0xff, 0xf8, 0xc2, 0x45, 0x00, 0x01, 0x02, 0x01, 0x00, 0x00, 0x00, 0x00, 0x00, 0x00, 0x00,
  0x00, 0x00, 0x00, 0x00, 0x00, 0x00, 0x00, 0x00, 0x00, 0x00, 0x00, 0x00, 0x00, 0x00, 0x00, 0x00,
  0x00, 0x04, 0x01, 0x00, 0x2c, 0x8d, 0xe8, 0xff, 0xff, 0xfa, 0xfd, 0xfe, 0xfe, 0xff, 0xfe, 0xfe,
  0xfe, 0xff, 0xff, 0xfe, 0xfe, 0xff, 0xff, 0xff, 0xfe, 0xfe, 0xfe, 0xfe, 0xfe, 0xfe, 0xff, 0xff,
  0xfe, 0xfe, 0xfe, 0xfe, 0xfe, 0xfe, 0xfe, 0xff, 0xfe, 0xfe, 0xfe, 0xfe, 0xfe, 0xfe, 0xff, 0xff,
  0xfe, 0xfe, 0xff, 0xff, 0xff, 0xfe, 0xfe, 0xff, 0xfe, 0xfd, 0xfa, 0xff, 0xff, 0xab, 0x44, 0x01,
  0x00, 0x03, 0x00, 0x00, 0x00, 0x00, 0x00, 0x00, 0x00, 0x00, 0x00, 0x00, 0x00, 0x00, 0x00, 0x00,
  0x00, 0x00, 0x00, 0x00, 0x00, 0x00, 0x00, 0x00, 0x00, 0x00, 0x03, 0x00, 0x07, 0x7c, 0xf7, 0xff,
  0xf7, 0xfe, 0xfe, 0xfe, 0xfe, 0xfe, 0xfe, 0xfe, 0xfe, 0xfe, 0xfe, 0xfe, 0xfe, 0xfe, 0xff, 0xff,
  0xff, 0xfe, 0xfe, 0xff, 0xfe, 0xfe, 0xfe, 0xff, 0xff, 0xfe, 0xfe, 0xfe, 0xfe, 0xfe, 0xfe, 0xfe,
  0xff, 0xff, 0xff, 0xfe, 0xff, 0xff, 0xfe, 0xfe, 0xff, 0xfe, 0xfe, 0xff, 0xff, 0xff, 0xfe, 0xfe,
  0xff, 0xfe, 0xfe, 0xfe, 0xfc, 0xfe, 0xfa, 0xa8, 0x24, 0x02, 0x02, 0x00, 0x00, 0x00, 0x00, 0x00,
  0x00, 0x00, 0x00, 0x00, 0x00, 0x00, 0x00, 0x00, 0x00, 0x00, 0x00, 0x00, 0x00, 0x00, 0x00, 0x00,
  0x00, 0x02, 0x00, 0x00, 0x07, 0x4f, 0xbe, 0xff, 0xff, 0xf8, 0xfe, 0xfe, 0xfe, 0xfe, 0xfe, 0xfe,
  0xfe, 0xfe, 0xfe, 0xfe, 0xfe, 0xfe, 0xfe, 0xfe, 0xfe, 0xfe, 0xfe, 0xff, 0xff, 0xfe, 0xfe, 0xfe,
  0xfe, 0xfe, 0xfe, 0xfe, 0xff, 0xfe, 0xfe, 0xff, 0xff, 0xff, 0xff, 0xff, 0xfe, 0xfe, 0xfe, 0xfe,
  0xfe, 0xfe, 0xfe, 0xfe, 0xfe, 0xfe, 0xfe, 0xfe, 0xfe, 0xfe, 0xfe, 0xfe, 0xfe, 0xfc, 0xff, 0xff,
  0xe0, 0x76, 0x21, 0x01, 0x02, 0x04, 0x00, 0x00, 0x00, 0x00, 0x00, 0x00, 0x00, 0x00, 0x00, 0x00,
  0x00, 0x00, 0x00, 0x00, 0x00, 0x00, 0x00, 0x00, 0x00, 0x01, 0x02, 0x02, 0x06, 0x32, 0xaa, 0xea,
  0xfb, 0xfc, 0xfc, 0xfe, 0xfe, 0xfe, 0xfe, 0xfe, 0xfe, 0xfe, 0xfe, 0xfe, 0xfe, 0xfe, 0xfe, 0xfe,
  0xfe, 0xfe, 0xfe, 0xfe, 0xff, 0xff, 0xfe, 0xfe, 0xfe, 0xfe, 0xfe, 0xfe, 0xfe, 0xff, 0xfe, 0xfe,
  0xff, 0xff, 0xff, 0xff, 0xff, 0xfe, 0xfe, 0xfe, 0xfe, 0xfe, 0xfe, 0xfe, 0xfe, 0xfe, 0xfe, 0xfe,
  0xfe, 0xfe, 0xfe, 0xfe, 0xfe, 0xfe, 0xfc, 0xfd, 0xf9, 0xf7, 0xcb, 0x55, 0x00, 0x00, 0x04, 0x00,
  0x00, 0x00, 0x00, 0x00, 0x00, 0x00, 0x00, 0x00, 0x00, 0x00, 0x00, 0x00, 0x00, 0x00, 0x00, 0x00,
  0x00, 0x00, 0x03, 0x00, 0x00, 0x28, 0x84, 0xed, 0xff, 0xfd, 0xfe, 0xff, 0xfe, 0xff, 0xff, 0xfe,
  0xfe, 0xff, 0xff, 0xff, 0xfe, 0xfe, 0xfe, 0xfe, 0xfe, 0xfe, 0xff, 0xff, 0xfe, 0xfe, 0xff, 0xfe,
  0xfe, 0xfe, 0xfe, 0xfe, 0xff, 0xff, 0xfe, 0xfe, 0xfe, 0xfe, 0xfe, 0xfe, 0xfe, 0xfe, 0xff, 0xfe,
  0xfe, 0xff, 0xff, 0xff, 0xff, 0xff, 0xfe, 0xfe, 0xfe, 0xfe, 0xfe, 0xfe, 0xfe, 0xfe, 0xfe, 0xfe,
  0xfe, 0xf8, 0xff, 0xfe, 0x9b, 0x27, 0x01, 0x00, 0x00, 0x01, 0x00, 0x00, 0x00, 0x00, 0x00, 0x00,
  0x00, 0x00, 0x00, 0x00, 0x00, 0x00, 0x00, 0x00, 0x00, 0x00, 0x00, 0x07, 0x00, 0x00, 0x60, 0xda,
  0xff, 0xff, 0xfc, 0xfd, 0xff, 0xff, 0xff, 0xfe, 0xfe, 0xfe, 0xfe, 0xfe, 0xfe, 0xff, 0xff, 0xfe,
  0xfe, 0xfe, 0xff, 0xff, 0xfe, 0xfe, 0xfe, 0xff, 0xfe, 0xfe, 0xfe, 0xfe, 0xfe, 0xff, 0xff, 0xfe,
  0xfe, 0xfe, 0xff, 0xff, 0xfe, 0xfe, 0xfe, 0xfe, 0xfe, 0xfe, 0xfe, 0xfe, 0xff, 0xfe, 0xfe, 0xff,
  0xff, 0xfe, 0xfe, 0xfe, 0xfe, 0xff, 0xff, 0xff, 0xff, 0xff, 0xfa, 0xff, 0xff, 0xe3, 0x88, 0x18,
  0x00, 0x00, 0x02, 0x00, 0x00, 0x00, 0x00, 0x00, 0x00, 0x00, 0x00, 0x00, 0x00, 0x00, 0x00, 0x00,
  0x00, 0x00, 0x00, 0x00, 0x06, 0x04, 0x12, 0x9e, 0xff, 0xfd, 0xfa, 0xfd, 0xfd, 0xfe, 0xff, 0xff,
  0xfe, 0xfe, 0xfe, 0xfe, 0xfe, 0xfe, 0xff, 0xff, 0xfe, 0xfe, 0xfe, 0xff, 0xff, 0xfe, 0xfe, 0xff,
  0xff, 0xfe, 0xfe, 0xfe, 0xfe, 0xfe, 0xff, 0xff, 0xfe, 0xfe, 0xfe, 0xff, 0xff, 0xfe, 0xfe, 0xfe,
  0xfe, 0xfe, 0xfe, 0xfe, 0xfe, 0xfe, 0xfe, 0xfe, 0xff, 0xff, 0xfe, 0xfe, 0xfe, 0xfe, 0xff, 0xff,
  0xff, 0xff, 0xff, 0xfe, 0xfd, 0xf9, 0xff, 0xda, 0x4a, 0x08, 0x00, 0x02, 0x01, 0x00, 0x00, 0x00,
  0x00, 0x00, 0x00, 0x00, 0x00, 0x00, 0x00, 0x00, 0x00, 0x00, 0x00, 0x02, 0x00, 0x02, 0x1b, 0x68,
  0xd2, 0xff, 0xff, 0xfb, 0xfe, 0xfe, 0xfe, 0xfe, 0xff, 0xff, 0xff, 0xfe, 0xfe, 0xff, 0xff, 0xfe,
  0xfe, 0xfe, 0xfe, 0xfe, 0xff, 0xfe, 0xfe, 0xff, 0xff, 0xfe, 0xfe, 0xfe, 0xff, 0xfe, 0xfe, 0xff,
  0xff, 0xfe, 0xff, 0xff, 0xfe, 0xfe, 0xfe, 0xfe, 0xfe, 0xfe, 0xfe, 0xfe, 0xfe, 0xfe, 0xfe, 0xfe,
  0xfe, 0xfe, 0xfe, 0xfe, 0xfe, 0xfe, 0xfe, 0xfe, 0xfe, 0xfe, 0xff, 0xff, 0xfe, 0xfd, 0xfb, 0xff,
  0xf3, 0x92, 0x35, 0x01, 0x01, 0x03, 0x00, 0x00, 0x00, 0x00, 0x00, 0x00, 0x00, 0x00, 0x00, 0x00,
  0x00, 0x00, 0x00, 0x00, 0x05, 0x00, 0x00, 0x2f, 0xb3, 0xf2, 0xfb, 0xff, 0xfc, 0xfe, 0xff, 0xff,
  0xfe, 0xff, 0xff, 0xff, 0xfe, 0xfe, 0xff, 0xff, 0xfe, 0xfe, 0xfe, 0xfe, 0xfe, 0xff, 0xfe, 0xfe,
  0xff, 0xff, 0xfe, 0xfd, 0xfc, 0xfc, 0xfa, 0xf9, 0xfa, 0xf9, 0xf9, 0xfa, 0xfb, 0xfa, 0xfc, 0xfe,
  0xfe, 0xfe, 0xff, 0xfe, 0xfe, 0xff, 0xff, 0xfe, 0xff, 0xff, 0xfe, 0xfe, 0xfe, 0xfe, 0xfe, 0xfe,
  0xfe, 0xfe, 0xfe, 0xfe, 0xfe, 0xfe, 0xfd, 0xfd, 0xfa, 0xfa, 0xd9, 0x6e, 0x00, 0x00, 0x05, 0x00,
  0x00, 0x00, 0x00, 0x00, 0x00, 0x00, 0x00, 0x00, 0x00, 0x00, 0x00, 0x00, 0x00, 0x06, 0x00, 0x02,
  0x4f, 0xe1, 0xff, 0xfb, 0xff, 0xfe, 0xfe, 0xff, 0xff, 0xfe, 0xfe, 0xfe, 0xff, 0xff, 0xff, 0xfe,
  0xfe, 0xfe, 0xfe, 0xfe, 0xfe, 0xfe, 0xff, 0xfe, 0xfe, 0xfe, 0xfe, 0xfe, 0xff, 0xff, 0xff, 0xff,
  0xff, 0xff, 0xff, 0xff, 0xff, 0xff, 0xff, 0xff, 0xff, 0xff, 0xff, 0xff, 0xfe, 0xfe, 0xff, 0xff,
  0xff, 0xff, 0xff, 0xfe, 0xfe, 0xfe, 0xfe, 0xfe, 0xfe, 0xff, 0xff, 0xfe, 0xfe, 0xfe, 0xfe, 0xfe,
  0xfe, 0xfa, 0xff, 0xff, 0xa2, 0x13, 0x01, 0x05, 0x00, 0x00, 0x00, 0x00, 0x00, 0x00, 0x00, 0x00,
  0x00, 0x00, 0x00, 0x00, 0x01, 0x01, 0x02, 0x04, 0x24, 0x86, 0xfa, 0xff, 0xf9, 0xfe, 0xfe, 0xfe,
  0xfe, 0xfe, 0xfe, 0xfe, 0xfe, 0xff, 0xff, 0xff, 0xff, 0xff, 0xfe, 0xfe, 0xfe, 0xff, 0xff, 0xfe,
  0xff, 0xff, 0xfe, 0xfc, 0xf9, 0xfd, 0xff, 0xff, 0xff, 0xff, 0xff, 0xff, 0xff, 0xff, 0xff, 0xff,
  0xff, 0xfa, 0xf9, 0xfc, 0xfe, 0xfe, 0xfe, 0xfe, 0xfe, 0xff, 0xfe, 0xfe, 0xfe, 0xfe, 0xfe, 0xff,
  0xff, 0xff, 0xfe, 0xfe, 0xfe, 0xff, 0xff, 0xfe, 0xfe, 0xfe, 0xf9, 0xff, 0xff, 0xc7, 0x4f, 0x10,
  0x01, 0x00, 0x02, 0x00, 0x00, 0x00, 0x00, 0x00, 0x00, 0x00, 0x00, 0x00, 0x00, 0x02, 0x03, 0x00,
  0x06, 0x56, 0xbe, 0xfe, 0xfe, 0xfa, 0xfe, 0xfe, 0xfe, 0xfe, 0xfe, 0xfe, 0xfe, 0xfe, 0xff, 0xff,
  0xff, 0xff, 0xff, 0xfe, 0xfe, 0xfe, 0xff, 0xff, 0xfe, 0xff, 0xfe, 0xfc, 0xff, 0xff, 0xff, 0xf3,
  0xdf, 0xcb, 0xbc, 0xb4, 0xb3, 0xb3, 0xbe, 0xc7, 0xd3, 0xee, 0xff, 0xff, 0xff, 0xfd, 0xfc, 0xfe,
  0xfe, 0xfe, 0xff, 0xfe, 0xfe, 0xfe, 0xfe, 0xfe, 0xff, 0xff, 0xff, 0xfe, 0xfe, 0xfe, 0xff, 0xff,
  0xfe, 0xfe, 0xfe, 0xfb, 0xff, 0xfd, 0xe1, 0x8a, 0x24, 0x00, 0x00, 0x04, 0x00, 0x00, 0x00, 0x00,
  0x00, 0x00, 0x00, 0x00, 0x00, 0x00, 0x02, 0x03, 0x00, 0x10, 0x8d, 0xe9, 0xfe, 0xff, 0xfd, 0xff,
  0xff, 0xff, 0xfe, 0xfe, 0xfe, 0xfe, 0xfe, 0xfe, 0xfe, 0xff, 0xff, 0xff, 0xfe, 0xfe, 0xfe, 0xfe,
  0xfe, 0xff, 0xfe, 0xfe, 0xfa, 0xff, 0xff, 0xdf, 0xb1, 0x7e, 0x49, 0x22, 0x0d, 0x09, 0x09, 0x27,
  0x3f, 0x5b, 0xa3, 0xee, 0xff, 0xff, 0xfd, 0xfc, 0xfe, 0xfe, 0xff, 0xff, 0xfe, 0xfe, 0xff, 0xff,
  0xff, 0xfe, 0xfe, 0xfe, 0xfe, 0xfe, 0xfe, 0xfe, 0xfe, 0xff, 0xff, 0xff, 0xfd, 0xff, 0xff, 0xf8,
  0xb9, 0x3a, 0x01, 0x00, 0x05, 0x00, 0x00, 0x00, 0x00, 0x00, 0x00, 0x00, 0x00, 0x00, 0x01, 0x01,
  0x03, 0x00, 0x26, 0xbe, 0xfc, 0xfe, 0xfc, 0xfe, 0xfe, 0xfe, 0xff, 0xfe, 0xfe, 0xfe, 0xff, 0xff,
  0xff, 0xff, 0xfe, 0xfe, 0xfe, 0xff, 0xfe, 0xfe, 0xfe, 0xff, 0xff, 0xfa, 0xff, 0xff, 0xf1, 0xb1,
  0x66, 0x3d, 0x23, 0x0a, 0x00, 0x00, 0x00, 0x00, 0x00, 0x03, 0x13, 0x36, 0x60, 0x9a, 0xda, 0xff,
  0xff, 0xfa, 0xfe, 0xff, 0xff, 0xfe, 0xfe, 0xff, 0xff, 0xff, 0xfe, 0xfe, 0xfe, 0xfe, 0xfe, 0xff,
  0xfe, 0xfe, 0xff, 0xff, 0xff, 0xfe, 0xfe, 0xfb, 0xff, 0xe8, 0x50, 0x00, 0x00, 0x05, 0x00, 0x00,
  0x00, 0x00, 0x00, 0x00, 0x00, 0x00, 0x00, 0x01, 0x00, 0x02, 0x01, 0x40, 0xd7, 0xff, 0xff, 0xfa,
  0xfe, 0xfe, 0xfe, 0xfe, 0xfe, 0xfe, 0xfe, 0xff, 0xff, 0xff, 0xff, 0xfe, 0xfe, 0xfe, 0xff, 0xfe,
  0xfe, 0xff, 0xff, 0xfe, 0xff, 0xfe, 0xe2, 0xa0, 0x4b, 0x04, 0x00, 0x00, 0x02, 0x04, 0x06, 0x07,
  0x07, 0x03, 0x01, 0x00, 0x00, 0x00, 0x2a, 0x80, 0xce, 0xf6, 0xff, 0xff, 0xfe, 0xff, 0xfe, 0xfe,
  0xfe, 0xfe, 0xfe, 0xfe, 0xfe, 0xfe, 0xfe, 0xfe, 0xff, 0xff, 0xfe, 0xff, 0xff, 0xff, 0xff, 0xfe,
  0xf8, 0xff, 0xff, 0x6e, 0x07, 0x00, 0x03, 0x00, 0x00, 0x00, 0x00, 0x00, 0x00, 0x00, 0x00, 0x00,
  0x02, 0x00, 0x00, 0x0f, 0x5d, 0xde, 0xff, 0xfe, 0xfb, 0xfe, 0xff, 0xff, 0xfe, 0xff, 0xff, 0xfe,
  0xfe, 0xfe, 0xfe, 0xfe, 0xff, 0xfe, 0xfe, 0xff, 0xff, 0xfe, 0xff, 0xfe, 0xfd, 0xff, 0xe1, 0x6c,
  0x1f, 0x0a, 0x00, 0x00, 0x00, 0x00, 0x00, 0x01, 0x01, 0x01, 0x00, 0x00, 0x00, 0x00, 0x00, 0x03,
  0x14, 0x47, 0xb8, 0xff, 0xff, 0xfb, 0xff, 0xff, 0xff, 0xfe, 0xfe, 0xfe, 0xfe, 0xfe, 0xfe, 0xfe,
  0xfe, 0xfe, 0xff, 0xff, 0xfe, 0xfe, 0xfe, 0xff, 0xfe, 0xf9, 0xff, 0xff, 0x97, 0x2f, 0x04, 0x01,
  0x02, 0x01, 0x00, 0x00, 0x00, 0x00, 0x00, 0x00, 0x00, 0x03, 0x00, 0x00, 0x26, 0x80, 0xe4, 0xfe,
  0xfe, 0xfc, 0xfe, 0xff, 0xff, 0xff, 0xff, 0xff, 0xfe, 0xfe, 0xfe, 0xfe, 0xfe, 0xff, 0xfe, 0xfe,
  0xff, 0xff, 0xfe, 0xfc, 0xfd, 0xff, 0xe8, 0x9d, 0x1e, 0x00, 0x00, 0x03, 0x05, 0x03, 0x01, 0x01,
  0x00, 0x00, 0x00, 0x01, 0x01, 0x02, 0x05, 0x06, 0x00, 0x00, 0x00, 0x6b, 0xdb, 0xfe, 0xfd, 0xfe,
  0xfe, 0xff, 0xfe, 0xfe, 0xfe, 0xfe, 0xfe, 0xfe, 0xfe, 0xfe, 0xfe, 0xfe, 0xff, 0xfe, 0xfe, 0xfe,
  0xff, 0xfe, 0xfb, 0xff, 0xfc, 0xb5, 0x52, 0x08, 0x00, 0x02, 0x01, 0x00, 0x00, 0x00, 0x00, 0x00,
  0x00, 0x00, 0x05, 0x00, 0x00, 0x40, 0xa7, 0xf1, 0xff, 0xfe, 0xfc, 0xfe, 0xfe, 0xff, 0xff, 0xfe,
  0xfe, 0xfe, 0xff, 0xff, 0xfe, 0xfe, 0xfe, 0xfe, 0xfe, 0xff, 0xff, 0xfe, 0xfa, 0xff, 0xff, 0xaf,
  0x49, 0x08, 0x02, 0x02, 0x01, 0x00, 0x00, 0x00, 0x00, 0x00, 0x00, 0x00, 0x00, 0x00, 0x00, 0x00,
  0x00, 0x04, 0x02, 0x01, 0x2b, 0x86, 0xe9, 0xff, 0xfd, 0xfc, 0xfe, 0xfe, 0xfe, 0xfe, 0xfe, 0xfe,
  0xfe, 0xfe, 0xfe, 0xfe, 0xfe, 0xfe, 0xfe, 0xfe, 0xfe, 0xfe, 0xfe, 0xfb, 0xff, 0xfe, 0xc7, 0x67,
  0x0b, 0x00, 0x02, 0x01, 0x00, 0x00, 0x00, 0x00, 0x00, 0x00, 0x00, 0x06, 0x00, 0x00, 0x54, 0xc6,
  0xf9, 0xff, 0xfe, 0xfd, 0xfe, 0xfe, 0xfe, 0xfe, 0xff, 0xff, 0xfe, 0xff, 0xff, 0xfe, 0xfe, 0xff,
  0xff, 0xff, 0xff, 0xff, 0xff, 0xfa, 0xff, 0xf9, 0x72, 0x0e, 0x00, 0x06, 0x02, 0x01, 0x00, 0x00,
  0x00, 0x00, 0x00, 0x00, 0x00, 0x00, 0x00, 0x00, 0x00, 0x00, 0x02, 0x03, 0x01, 0x06, 0x33, 0xb7,
  0xf9, 0xfd, 0xfe, 0xfd, 0xfe, 0xfe, 0xfe, 0xfe, 0xfe, 0xfe, 0xfe, 0xfe, 0xff, 0xff, 0xff, 0xfe,
  0xfe, 0xff, 0xfe, 0xfe, 0xfc, 0xff, 0xfe, 0xd5, 0x78, 0x0e, 0x00, 0x03, 0x02, 0x00, 0x00, 0x00,
  0x00, 0x00, 0x00, 0x00, 0x06, 0x00, 0x00, 0x62, 0xdc, 0xfe, 0xfe, 0xfe, 0xfd, 0xfe, 0xfe, 0xfe,
  0xfe, 0xff, 0xff, 0xfe, 0xff, 0xff, 0xfe, 0xfe, 0xff, 0xff, 0xff, 0xff, 0xfd, 0xff, 0xfc, 0xf5,
  0xc3, 0x3f, 0x00, 0x01, 0x06, 0x00, 0x00, 0x00, 0x00, 0x00, 0x00, 0x00, 0x00, 0x00, 0x00, 0x00,
  0x00, 0x00, 0x00, 0x00, 0x02, 0x03, 0x00, 0x0c, 0x84, 0xe2, 0xfe, 0xff, 0xfb, 0xfe, 0xfe, 0xfe,
  0xfe, 0xfe, 0xfe, 0xfe, 0xfe, 0xff, 0xff, 0xff, 0xfe, 0xfe, 0xff, 0xfe, 0xfe, 0xfd, 0xff, 0xfe,
  0xe8, 0x8e, 0x11, 0x00, 0x03, 0x02, 0x00, 0x00, 0x00, 0x00, 0x00, 0x00, 0x00, 0x07, 0x00, 0x00,
  0x6f, 0xef, 0xff, 0xfb, 0xff, 0xfe, 0xfe, 0xfe, 0xfe, 0xfe, 0xfe, 0xfe, 0xfe, 0xff, 0xff, 0xfe,
  0xfe, 0xff, 0xfe, 0xfe, 0xfe, 0xfb, 0xff, 0xff, 0xd6, 0x6d, 0x19, 0x00, 0x00, 0x03, 0x00, 0x00,
  0x00, 0x00, 0x00, 0x00, 0x00, 0x00, 0x00, 0x00, 0x00, 0x00, 0x00, 0x00, 0x00, 0x01, 0x01, 0x00,
  0x09, 0x56, 0xbb, 0xff, 0xff, 0xfa, 0xfe, 0xff, 0xff, 0xfe, 0xfe, 0xfe, 0xfe, 0xfe, 0xfe, 0xfe,
  0xfe, 0xfe, 0xfe, 0xfe, 0xfe, 0xfe, 0xfe, 0xfe, 0xff, 0xfd, 0xaa, 0x15, 0x00, 0x04, 0x02, 0x00,
  0x00, 0x00, 0x00, 0x00, 0x00, 0x00, 0x08, 0x00, 0x00, 0x7d, 0xfb, 0xff, 0xf8, 0xff, 0xfe, 0xfe,
  0xfe, 0xfe, 0xfe, 0xfe, 0xfe, 0xfe, 0xfe, 0xfe, 0xfe, 0xfe, 0xfe, 0xfe, 0xfe, 0xfe, 0xfa, 0xff,
  0xff, 0xc7, 0x43, 0x05, 0x02, 0x00, 0x02, 0x00, 0x00, 0x00, 0x00, 0x00, 0x00, 0x00, 0x00, 0x00,
  0x00, 0x00, 0x00, 0x00, 0x00, 0x00, 0x00, 0x00, 0x02, 0x06, 0x23, 0x93, 0xff, 0xff, 0xf9, 0xfe,
  0xfe, 0xfe, 0xff, 0xff, 0xfe, 0xfe, 0xfe, 0xfe, 0xfe, 0xfe, 0xff, 0xff, 0xfe, 0xff, 0xff, 0xfe,
  0xfd, 0xfe, 0xff, 0xb7, 0x16, 0x00, 0x04, 0x02, 0x00, 0x00, 0x00, 0x00, 0x00, 0x00, 0x00, 0x08,
  0x00, 0x00, 0x85, 0xff, 0xff, 0xf7, 0xff, 0xfe, 0xfe, 0xfe, 0xfe, 0xfe, 0xfe, 0xfe, 0xfe, 0xfe,
  0xfe, 0xfe, 0xfe, 0xfe, 0xfe, 0xfe, 0xfe, 0xf9, 0xff, 0xff, 0xbe, 0x2f, 0x00, 0x02, 0x00, 0x01,
  0x00, 0x00, 0x00, 0x00, 0x00, 0x00, 0x00, 0x00, 0x00, 0x00, 0x00, 0x00, 0x00, 0x00, 0x00, 0x00,
  0x00, 0x03, 0x00, 0x02, 0x76, 0xff, 0xff, 0xf8, 0xfe, 0xfe, 0xfe, 0xff, 0xff, 0xfe, 0xfe, 0xfe,
  0xfe, 0xfe, 0xfe, 0xff, 0xff, 0xfe, 0xff, 0xff, 0xfe, 0xfb, 0xfe, 0xfe, 0xbd, 0x17, 0x00, 0x04,
  0x02, 0x00, 0x00, 0x00, 0x00, 0x00, 0x00, 0x00, 0x08, 0x00, 0x00, 0x86, 0xff, 0xff, 0xf7, 0xff,
  0xfe, 0xfe, 0xfe, 0xfe, 0xfe, 0xfe, 0xfe, 0xfe, 0xfe, 0xfe, 0xff, 0xff, 0xfe, 0xfe, 0xfe, 0xfe,
  0xf8, 0xff, 0xff, 0xb0, 0x0e, 0x00, 0x06, 0x01, 0x00, 0x00, 0x00, 0x00, 0x00, 0x00, 0x00, 0x00,
  0x00, 0x00, 0x00, 0x00, 0x00, 0x00, 0x00, 0x00, 0x00, 0x00, 0x06, 0x00, 0x00, 0x68, 0xff, 0xff,
  0xf7, 0xfe, 0xff, 0xff, 0xfe, 0xfe, 0xfe, 0xfe, 0xfe, 0xff, 0xff, 0xfe, 0xff, 0xff, 0xff, 0xff,
  0xff, 0xfe, 0xf9, 0xff, 0xff, 0xc8, 0x1a, 0x00, 0x04, 0x02, 0x00, 0x00, 0x00, 0x00, 0x00, 0x00,
  0x00, 0x08, 0x00, 0x00, 0x85, 0xfe, 0xff, 0xf7, 0xff, 0xfe, 0xfe, 0xfe, 0xfe, 0xfe, 0xfe, 0xfe,
  0xfe, 0xfe, 0xfe, 0xff, 0xff, 0xfe, 0xfe, 0xfe, 0xfe, 0xf8, 0xff, 0xff, 0xaa, 0x00, 0x01, 0x08,
  0x01, 0x00, 0x00, 0x00, 0x00, 0x00, 0x00, 0x00, 0x00, 0x00, 0x00, 0x00, 0x00, 0x00, 0x00, 0x00,
  0x00, 0x00, 0x00, 0x08, 0x00, 0x00, 0x61, 0xff, 0xff, 0xf6, 0xfe, 0xff, 0xff, 0xfe, 0xfe, 0xfe,
  0xfe, 0xfe, 0xff, 0xff, 0xfe, 0xfe, 0xfe, 0xff, 0xff, 0xfe, 0xfe, 0xf9, 0xff, 0xff, 0xca, 0x1a,
  0x00, 0x04, 0x02, 0x00, 0x00, 0x00, 0x00, 0x00, 0x00, 0x00, 0x08, 0x00, 0x00, 0x84, 0xff, 0xff,
  0xf7, 0xfe, 0xfe, 0xfe, 0xfe, 0xfe, 0xfe, 0xfe, 0xfe, 0xff, 0xff, 0xfe, 0xfe, 0xfe, 0xfe, 0xff,
  0xff, 0xfe, 0xf8, 0xff, 0xff, 0xad, 0x06, 0x00, 0x07, 0x01, 0x00, 0x00, 0x00, 0x00, 0x00, 0x00,
  0x00, 0x00, 0x00, 0x00, 0x00, 0x00, 0x00, 0x00, 0x00, 0x00, 0x00, 0x00, 0x07, 0x00, 0x00, 0x65,
  0xff, 0xff, 0xf6, 0xfe, 0xfe, 0xfe, 0xff, 0xff, 0xfe, 0xfe, 0xfe, 0xfe, 0xfe, 0xfe, 0xfe, 0xfe,
  0xff, 0xff, 0xfe, 0xfe, 0xfa, 0xff, 0xff, 0xc9, 0x19, 0x00, 0x04, 0x02, 0x00, 0x00, 0x00, 0x00,
  0x00, 0x00, 0x00, 0x08, 0x00, 0x00, 0x7d, 0xff, 0xff, 0xf8, 0xfe, 0xfe, 0xff, 0xfe, 0xfe, 0xff,
  0xfe, 0xfe, 0xff, 0xff, 0xfe, 0xfe, 0xfe, 0xfe, 0xfe, 0xfe, 0xfe, 0xf8, 0xff, 0xff, 0xb3, 0x15,
  0x00, 0x05, 0x00, 0x01, 0x00, 0x00, 0x00, 0x00, 0x00, 0x00, 0x00, 0x00, 0x00, 0x00, 0x00, 0x00,
  0x00, 0x00, 0x00, 0x01, 0x01, 0x02, 0x00, 0x0d, 0x7b, 0xff, 0xff, 0xf7, 0xfe, 0xfe, 0xfe, 0xfe,
  0xfe, 0xff, 0xfe, 0xfe, 0xff, 0xff, 0xfe, 0xff, 0xff, 0xfe, 0xff, 0xff, 0xfe, 0xfa, 0xff, 0xfe,
  0xcb, 0x19, 0x00, 0x04, 0x02, 0x00, 0x00, 0x00, 0x00, 0x00, 0x00, 0x00, 0x08, 0x00, 0x00, 0x79,
  0xff, 0xff, 0xfa, 0xfe, 0xfe, 0xff, 0xfe, 0xfe, 0xff, 0xfe, 0xfe, 0xff, 0xff, 0xfe, 0xfe, 0xfe,
  0xfe, 0xfe, 0xfe, 0xfe, 0xfa, 0xff, 0xff, 0xc0, 0x35, 0x05, 0x03, 0x00, 0x01, 0x00, 0x00, 0x00,
  0x00, 0x00, 0x00, 0x00, 0x00, 0x00, 0x00, 0x00, 0x00, 0x00, 0x00, 0x00, 0x01, 0x01, 0x00, 0x01,
  0x1a, 0x8e, 0xff, 0xff, 0xf8, 0xfe, 0xfe, 0xfe, 0xfe, 0xfe, 0xff, 0xfe, 0xfe, 0xff, 0xff, 0xfe,
  0xff, 0xff, 0xfe, 0xff, 0xff, 0xfe, 0xfb, 0xff, 0xff, 0xc4, 0x18, 0x00, 0x04, 0x02, 0x00, 0x00,
  0x00, 0x00, 0x00, 0x00, 0x00, 0x07, 0x00, 0x00, 0x72, 0xf5, 0xff, 0xfc, 0xff, 0xfe, 0xfe, 0xff,
  0xff, 0xfe, 0xff, 0xff, 0xff, 0xfe, 0xfe, 0xfe, 0xfe, 0xfe, 0xff, 0xff, 0xff, 0xfc, 0xff, 0xff,
  0xd6, 0x6a, 0x1b, 0x02, 0x00, 0x03, 0x00, 0x00, 0x00, 0x00, 0x00, 0x00, 0x00, 0x00, 0x00, 0x00,
  0x00, 0x00, 0x00, 0x00, 0x00, 0x01, 0x01, 0x01, 0x07, 0x37, 0xa3, 0xff, 0xff, 0xf9, 0xfe, 0xff,
  0xff, 0xff, 0xff, 0xff, 0xff, 0xff, 0xff, 0xff, 0xfe, 0xfe, 0xfe, 0xff, 0xff, 0xfe, 0xfd, 0xfd,
  0xfe, 0xff, 0xb0, 0x15, 0x00, 0x04, 0x02, 0x00, 0x00, 0x00, 0x00, 0x00, 0x00, 0x00, 0x06, 0x00,
  0x00, 0x62, 0xdb, 0xfc, 0xfe, 0xfe, 0xfd, 0xfe, 0xff, 0xff, 0xfe, 0xff, 0xff, 0xff, 0xfe, 0xff,
  0xff, 0xff, 0xfe, 0xff, 0xff, 0xff, 0xfc, 0xff, 0xff, 0xed, 0x9d, 0x2b, 0x00, 0x01, 0x05, 0x00,
  0x00, 0x00, 0x00, 0x00, 0x00, 0x00, 0x00, 0x00, 0x00, 0x00, 0x00, 0x00, 0x00, 0x00, 0x02, 0x03,
  0x00, 0x0a, 0x7c, 0xd7, 0xff, 0xff, 0xfb, 0xff, 0xff, 0xff, 0xff, 0xff, 0xff, 0xff, 0xff, 0xff,
  0xff, 0xff, 0xfe, 0xfe, 0xff, 0xff, 0xff, 0xfc, 0xfe, 0xfe, 0xf8, 0x9f, 0x13, 0x00, 0x03, 0x02,
  0x00, 0x00, 0x00, 0x00, 0x00, 0x00, 0x00, 0x06, 0x00, 0x00, 0x4f, 0xbf, 0xf7, 0xff, 0xfe, 0xfd,
  0xff, 0xfe, 0xfe, 0xff, 0xfe, 0xfe, 0xff, 0xff, 0xff, 0xff, 0xff, 0xfe, 0xff, 0xff, 0xfe, 0xfc,
  0xff, 0xfe, 0xfc, 0xcd, 0x50, 0x04, 0x00, 0x05, 0x00, 0x00, 0x00, 0x00, 0x00, 0x00, 0x00, 0x00,
  0x00, 0x00, 0x00, 0x00, 0x00, 0x00, 0x00, 0x03, 0x01, 0x01, 0x26, 0xc4, 0xff, 0xfe, 0xff, 0xfe,
  0xff, 0xff, 0xff, 0xff, 0xff, 0xff, 0xff, 0xff, 0xff, 0xff, 0xff, 0xfe, 0xfe, 0xff, 0xff, 0xff,
  0xfc, 0xff, 0xfe, 0xe8, 0x8e, 0x11, 0x00, 0x03, 0x02, 0x00, 0x00, 0x00, 0x00, 0x00, 0x00, 0x00,
  0x05, 0x00, 0x00, 0x43, 0xab, 0xf1, 0xff, 0xff, 0xfd, 0xfe, 0xfe, 0xff, 0xff, 0xfe, 0xfe, 0xff,
  0xff, 0xfe, 0xfe, 0xfe, 0xfe, 0xfe, 0xfe, 0xfe, 0xfe, 0xff, 0xfb, 0xff, 0xf7, 0x97, 0x32, 0x06,
  0x06, 0x04, 0x02, 0x00, 0x00, 0x00, 0x00, 0x00, 0x00, 0x00, 0x00, 0x00, 0x00, 0x00, 0x00, 0x05,
  0x06, 0x02, 0x1c, 0x69, 0xe6, 0xff, 0xfe, 0xfd, 0xff, 0xff, 0xff, 0xff, 0xff, 0xff, 0xff, 0xff,
  0xff, 0xff, 0xff, 0xff, 0xff, 0xff, 0xff, 0xfe, 0xfe, 0xfb, 0xff, 0xfe, 0xd2, 0x73, 0x0d, 0x00,
  0x03, 0x01, 0x00, 0x00, 0x00, 0x00, 0x00, 0x00, 0x00, 0x04, 0x00, 0x00, 0x35, 0x99, 0xeb, 0xff,
  0xff, 0xfd, 0xfe, 0xfe, 0xff, 0xff, 0xfe, 0xfe, 0xff, 0xff, 0xfe, 0xfe, 0xfe, 0xfe, 0xfe, 0xfe,
  0xfe, 0xff, 0xff, 0xfb, 0xfe, 0xff, 0xda, 0x80, 0x13, 0x00, 0x00, 0x02, 0x03, 0x02, 0x01, 0x01,
  0x00, 0x00, 0x00, 0x00, 0x01, 0x01, 0x03, 0x03, 0x00, 0x00, 0x00, 0x52, 0xbf, 0xf5, 0xfb, 0xfe,
  0xfd, 0xff, 0xff, 0xff, 0xff, 0xff, 0xff, 0xff, 0xff, 0xff, 0xff, 0xff, 0xff, 0xff, 0xff, 0xff,
  0xfe, 0xfe, 0xfb, 0xff, 0xfd, 0xb5, 0x53, 0x08, 0x00, 0x02, 0x01, 0x00, 0x00, 0x00, 0x00, 0x00,
  0x00, 0x00, 0x03, 0x00, 0x00, 0x21, 0x77, 0xe3, 0xff, 0xfe, 0xfb, 0xfe, 0xfe, 0xff, 0xff, 0xfe,
  0xfe, 0xfe, 0xfe, 0xfe, 0xff, 0xff, 0xfe, 0xfe, 0xfe, 0xfe, 0xfe, 0xfe, 0xfe, 0xfe, 0xfe, 0xff,
  0xce, 0x4b, 0x03, 0x00, 0x01, 0x02, 0x00, 0x00, 0x00, 0x00, 0x00, 0x00, 0x00, 0x00, 0x00, 0x02,
  0x01, 0x01, 0x00, 0x25, 0x9e, 0xfe, 0xff, 0xfb, 0xff, 0xff, 0xff, 0xff, 0xff, 0xff, 0xff, 0xff,
  0xff, 0xff, 0xff, 0xff, 0xff, 0xff, 0xff, 0xff, 0xff, 0xff, 0xff, 0xfa, 0xff, 0xfd, 0x95, 0x2e,
  0x02, 0x00, 0x01, 0x01, 0x00, 0x00, 0x00, 0x00, 0x00, 0x00, 0x00, 0x02, 0x00, 0x02, 0x0a, 0x45,
  0xda, 0xff, 0xff, 0xfa, 0xfe, 0xfe, 0xfe, 0xfe, 0xfe, 0xfe, 0xff, 0xff, 0xfe, 0xfe, 0xfe, 0xfe,
  0xfe, 0xfe, 0xff, 0xfe, 0xfe, 0xff, 0xff, 0xfd, 0xff, 0xf8, 0xbd, 0x75, 0x2e, 0x00, 0x00, 0x00,
  0x01, 0x02, 0x06, 0x08, 0x08, 0x05, 0x02, 0x00, 0x00, 0x00, 0x17, 0x59, 0xa3, 0xe6, 0xff, 0xff,
  0xfd, 0xff, 0xff, 0xff, 0xff, 0xff, 0xff, 0xff, 0xff, 0xff, 0xff, 0xff, 0xff, 0xff, 0xff, 0xff,
  0xff, 0xff, 0xff, 0xfe, 0xf8, 0xff, 0xff, 0x7e, 0x0e, 0x00, 0x01, 0x01, 0x00, 0x00, 0x00, 0x00,
  0x00, 0x00, 0x00, 0x00, 0x01, 0x01, 0x03, 0x00, 0x1f, 0xc5, 0xfe, 0xff, 0xfb, 0xfe, 0xfe, 0xfe,
  0xfe, 0xfe, 0xfe, 0xff, 0xff, 0xfe, 0xfe, 0xfe, 0xfe, 0xfe, 0xfe, 0xff, 0xfe, 0xfe, 0xff, 0xff,
  0xfe, 0xfa, 0xff, 0xff, 0xdf, 0x8d, 0x42, 0x1f, 0x0b, 0x04, 0x00, 0x00, 0x00, 0x00, 0x00, 0x00,
  0x0d, 0x16, 0x25, 0x6b, 0xc1, 0xff, 0xff, 0xfa, 0xfe, 0xff, 0xff, 0xff, 0xff, 0xff, 0xff, 0xff,
  0xff, 0xff, 0xff, 0xff, 0xff, 0xff, 0xff, 0xff, 0xff, 0xff, 0xff, 0xff, 0xfe, 0xf9, 0xff, 0xf5,
  0x67, 0x00, 0x00, 0x03, 0x01, 0x00, 0x00, 0x00, 0x00, 0x00, 0x00, 0x00, 0x00, 0x00, 0x02, 0x03,
  0x00, 0x12, 0x9b, 0xf0, 0xfe, 0xfe, 0xfc, 0xfe, 0xff, 0xff, 0xfe, 0xfe, 0xff, 0xfe, 0xfe, 0xff,
  0xff, 0xfe, 0xfe, 0xfe, 0xfe, 0xff, 0xff, 0xfe, 0xfe, 0xfe, 0xfe, 0xff, 0xff, 0xff, 0xf1, 0xdc,
  0xa3, 0x50, 0x29, 0x14, 0x00, 0x00, 0x00, 0x00, 0x19, 0x4c, 0x7c, 0xab, 0xe1, 0xfa, 0xff, 0xff,
  0xfe, 0xff, 0xff, 0xff, 0xff, 0xff, 0xff, 0xff, 0xff, 0xff, 0xff, 0xff, 0xff, 0xff, 0xff, 0xff,
  0xff, 0xff, 0xff, 0xff, 0xfd, 0xff, 0xfe, 0xfa, 0xca, 0x44, 0x00, 0x00, 0x05, 0x00, 0x00, 0x00,
  0x00, 0x00, 0x00, 0x00, 0x00, 0x00, 0x00, 0x02, 0x03, 0x00, 0x0c, 0x71, 0xd4, 0xfd, 0xff, 0xfc,
  0xfe, 0xff, 0xff, 0xfe, 0xfe, 0xff, 0xfe, 0xff, 0xff, 0xff, 0xfe, 0xfe, 0xfe, 0xfe, 0xff, 0xff,
  0xfe, 0xfe, 0xfe, 0xff, 0xfd, 0xfa, 0xff, 0xff, 0xff, 0xf1, 0xb9, 0x9d, 0x8f, 0x7a, 0x75, 0x75,
  0x7e, 0x92, 0xb6, 0xd7, 0xf6, 0xff, 0xff, 0xfc, 0xfb, 0xff, 0xff, 0xff, 0xff, 0xff, 0xff, 0xff,
  0xff, 0xff, 0xff, 0xff, 0xff, 0xff, 0xff, 0xff, 0xff, 0xff, 0xff, 0xff, 0xff, 0xfc, 0xff, 0xfe,
  0xe9, 0x94, 0x26, 0x00, 0x00, 0x04, 0x00, 0x00, 0x00, 0x00, 0x00, 0x00, 0x00, 0x00, 0x00, 0x00,
  0x01, 0x02, 0x00, 0x06, 0x42, 0xa7, 0xfe, 0xff, 0xfb, 0xfe, 0xfe, 0xfe, 0xfe, 0xfe, 0xfe, 0xff,
  0xff, 0xfe, 0xfe, 0xfe, 0xfe, 0xfe, 0xfe, 0xff, 0xff, 0xfe, 0xfe, 0xfe, 0xfe, 0xfe, 0xfe, 0xfe,
  0xfd, 0xfb, 0xfe, 0xff, 0xff, 0xff, 0xff, 0xff, 0xff, 0xff, 0xff, 0xff, 0xff, 0xfe, 0xfd, 0xfd,
  0xfe, 0xfe, 0xff, 0xff, 0xff, 0xff, 0xff, 0xff, 0xff, 0xff, 0xff, 0xff, 0xff, 0xff, 0xff, 0xff,
  0xff, 0xff, 0xff, 0xff, 0xff, 0xff, 0xfb, 0xff, 0xff, 0xc8, 0x54, 0x10, 0x01, 0x00, 0x02, 0x00,
  0x00, 0x00, 0x00, 0x00, 0x00, 0x00, 0x00, 0x00, 0x00, 0x00, 0x00, 0x03, 0x01, 0x0e, 0x73, 0xfa,
  0xff, 0xf9, 0xfe, 0xfe, 0xff, 0xfe, 0xfe, 0xfe, 0xfe, 0xfe, 0xfe, 0xfe, 0xfe, 0xfe, 0xfe, 0xff,
  0xfe, 0xfe, 0xff, 0xff, 0xfe, 0xfe, 0xfe, 0xfe, 0xfe, 0xfe, 0xfd, 0xff, 0xff, 0xff, 0xff, 0xff,
  0xff, 0xff, 0xff, 0xff, 0xff, 0xff, 0xff, 0xfd, 0xfd, 0xfe, 0xff, 0xff, 0xff, 0xff, 0xff, 0xff,
  0xff, 0xff, 0xff, 0xff, 0xff, 0xff, 0xff, 0xff, 0xff, 0xff, 0xff, 0xff, 0xff, 0xff, 0xff, 0xfc,
  0xff, 0xff, 0x9c, 0x12, 0x02, 0x05, 0x00, 0x00, 0x00, 0x00, 0x00, 0x00, 0x00, 0x00, 0x00, 0x00,
  0x00, 0x00, 0x00, 0x00, 0x04, 0x00, 0x00, 0x46, 0xd3, 0xf9, 0xfa, 0xfe, 0xfd, 0xff, 0xfe, 0xfe,
  0xfe, 0xfe, 0xfe, 0xfe, 0xfe, 0xfe, 0xfe, 0xfe, 0xff, 0xfe, 0xfe, 0xff, 0xff, 0xfe, 0xfe, 0xfe,
  0xfe, 0xfe, 0xff, 0xfe, 0xfd, 0xf9, 0xf8, 0xf7, 0xf6, 0xf6, 0xf6, 0xf6, 0xf7, 0xf9, 0xfb, 0xfd,
  0xfe, 0xfe, 0xff, 0xff, 0xff, 0xff, 0xff, 0xff, 0xff, 0xff, 0xff, 0xff, 0xff, 0xff, 0xff, 0xff,
  0xff, 0xff, 0xff, 0xff, 0xff, 0xff, 0xff, 0xfe, 0xfd, 0xfd, 0xe9, 0x72, 0x00, 0x00, 0x07, 0x00,
  0x00, 0x00, 0x00, 0x00, 0x00, 0x00, 0x00, 0x00, 0x00, 0x00, 0x00, 0x00, 0x00, 0x03, 0x00, 0x00,
  0x22, 0x84, 0xdd, 0xfe, 0xff, 0xfc, 0xff, 0xfe, 0xfe, 0xfe, 0xff, 0xff, 0xfe, 0xfe, 0xfe, 0xfe,
  0xfe, 0xfe, 0xfe, 0xfe, 0xfe, 0xfe, 0xfe, 0xfe, 0xfe, 0xff, 0xff, 0xfe, 0xfe, 0xfe, 0xfe, 0xfe,
  0xfe, 0xfe, 0xfe, 0xfe, 0xfe, 0xfe, 0xfe, 0xfe, 0xff, 0xff, 0xff, 0xff, 0xff, 0xff, 0xff, 0xff,
  0xff, 0xff, 0xff, 0xff, 0xff, 0xff, 0xff, 0xff, 0xff, 0xff, 0xff, 0xff, 0xff, 0xff, 0xff, 0xfe,
  0xfd, 0xfe, 0xf4, 0xaa, 0x46, 0x00, 0x00, 0x04, 0x00, 0x00, 0x00, 0x00, 0x00, 0x00, 0x00, 0x00,
  0x00, 0x00, 0x00, 0x00, 0x00, 0x00, 0x01, 0x00, 0x05, 0x09, 0x34, 0xba, 0xff, 0xfe, 0xfa, 0xff,
  0xff, 0xfe, 0xfe, 0xff, 0xff, 0xfe, 0xfe, 0xfe, 0xfe, 0xfe, 0xfe, 0xff, 0xff, 0xfe, 0xfe, 0xff,
  0xff, 0xff, 0xff, 0xff, 0xff, 0xfe, 0xfe, 0xfe, 0xff, 0xff, 0xfe, 0xfe, 0xfe, 0xfe, 0xfe, 0xff,
  0xfe, 0xff, 0xff, 0xff, 0xff, 0xff, 0xff, 0xff, 0xff, 0xff, 0xff, 0xff, 0xff, 0xff, 0xff, 0xff,
  0xff, 0xff, 0xff, 0xff, 0xff, 0xff, 0xff, 0xff, 0xfe, 0xfc, 0xff, 0xea, 0x62, 0x16, 0x02, 0x01,
  0x01, 0x00, 0x00, 0x00, 0x00, 0x00, 0x00, 0x00, 0x00, 0x00, 0x00, 0x00, 0x00, 0x00, 0x00, 0x00,
  0x00, 0x05, 0x00, 0x06, 0x78, 0xe5, 0xff, 0xfe, 0xfd, 0xff, 0xff, 0xfe, 0xfe, 0xfe, 0xfe, 0xfe,
  0xfe, 0xfe, 0xfe, 0xfe, 0xff, 0xff, 0xfe, 0xfe, 0xff, 0xff, 0xff, 0xff, 0xff, 0xff, 0xff, 0xff,
  0xfe, 0xff, 0xff, 0xfe, 0xfe, 0xfe, 0xfe, 0xfe, 0xff, 0xff, 0xff, 0xff, 0xff, 0xff, 0xff, 0xff,
  0xff, 0xff, 0xff, 0xff, 0xff, 0xff, 0xff, 0xff, 0xff, 0xff, 0xff, 0xff, 0xff, 0xff, 0xff, 0xff,
  0xfd, 0xfe, 0xfe, 0xfa, 0xc5, 0x2e, 0x00, 0x00, 0x02, 0x00, 0x00, 0x00, 0x00, 0x00, 0x00, 0x00,
  0x00, 0x00, 0x00, 0x00, 0x00, 0x00, 0x00, 0x00, 0x00, 0x00, 0x03, 0x00, 0x00, 0x22, 0x84, 0xf3,
  0xff, 0xfb, 0xfd, 0xff, 0xfe, 0xfe, 0xfe, 0xfe, 0xfe, 0xfe, 0xfe, 0xfe, 0xfe, 0xfe, 0xff, 0xff,
  0xff, 0xfe, 0xfe, 0xfe, 0xfe, 0xfe, 0xfe, 0xff, 0xff, 0xff, 0xff, 0xff, 0xfe, 0xfe, 0xff, 0xfe,
  0xfe, 0xff, 0xff, 0xff, 0xff, 0xff, 0xff, 0xff, 0xff, 0xff, 0xff, 0xff, 0xff, 0xff, 0xff, 0xff,
  0xff, 0xff, 0xff, 0xff, 0xff, 0xff, 0xff, 0xff, 0xff, 0xfb, 0xfe, 0xfe, 0xd5, 0x7e, 0x14, 0x00,
  0x00, 0x02, 0x00, 0x00, 0x00, 0x00, 0x00, 0x00, 0x00, 0x00, 0x00, 0x00, 0x00, 0x00, 0x00, 0x00,
  0x00, 0x00, 0x00, 0x01, 0x02, 0x01, 0x00, 0x36, 0xc1, 0xf5, 0xfd, 0xfc, 0xfd, 0xfe, 0xfe, 0xfe,
  0xfe, 0xfe, 0xff, 0xfe, 0xfe, 0xfe, 0xfe, 0xff, 0xff, 0xff, 0xfe, 0xfe, 0xfe, 0xfe, 0xfe, 0xfe,
  0xff, 0xff, 0xff, 0xff, 0xff, 0xfe, 0xfe, 0xff, 0xfe, 0xfe, 0xfe, 0xfe, 0xff, 0xff, 0xff, 0xff,
  0xff, 0xff, 0xff, 0xff, 0xff, 0xff, 0xff, 0xff, 0xff, 0xff, 0xff, 0xff, 0xff, 0xff, 0xff, 0xff,
  0xff, 0xff, 0xfb, 0xff, 0xfd, 0xa6, 0x37, 0x08, 0x02, 0x00, 0x01, 0x00, 0x00, 0x00, 0x00, 0x00,
  0x00, 0x00, 0x00, 0x00, 0x00, 0x00, 0x00, 0x00, 0x00, 0x00, 0x00, 0x00, 0x00, 0x02, 0x00, 0x01,
  0x12, 0x6d, 0xcd, 0xff, 0xff, 0xfa, 0xfe, 0xfe, 0xfe, 0xfe, 0xfe, 0xff, 0xfe, 0xfe, 0xfe, 0xfe,
  0xfe, 0xfe, 0xfe, 0xff, 0xfe, 0xfe, 0xff, 0xff, 0xfe, 0xfe, 0xfe, 0xfe, 0xff, 0xff, 0xfe, 0xfe,
  0xff, 0xfe, 0xfe, 0xfe, 0xfe, 0xff, 0xff, 0xff, 0xff, 0xff, 0xff, 0xff, 0xff, 0xff, 0xff, 0xff,
  0xff, 0xff, 0xff, 0xff, 0xff, 0xff, 0xff, 0xff, 0xff, 0xfe, 0xff, 0xfd, 0xff, 0xe7, 0x72, 0x0b,
  0x00, 0x02, 0x00, 0x00, 0x00, 0x00, 0x00, 0x00, 0x00, 0x00, 0x00, 0x00, 0x00, 0x00, 0x00, 0x00,
  0x00, 0x00, 0x00, 0x00, 0x00, 0x00, 0x01, 0x00, 0x03, 0x01, 0x1a, 0x8b, 0xf7, 0xff, 0xf7, 0xfd,
  0xfd, 0xfe, 0xfe, 0xfe, 0xfe, 0xfe, 0xfe, 0xfe, 0xfe, 0xfe, 0xfe, 0xfe, 0xfe, 0xfe, 0xfe, 0xff,
  0xff, 0xff, 0xfe, 0xfe, 0xfe, 0xfe, 0xfe, 0xff, 0xff, 0xfe, 0xff, 0xff, 0xff, 0xff, 0xff, 0xff,
  0xff, 0xff, 0xff, 0xff, 0xff, 0xff, 0xff, 0xff, 0xff, 0xff, 0xff, 0xff, 0xff, 0xff, 0xff, 0xff,
  0xff, 0xff, 0xfc, 0xff, 0xfb, 0xf2, 0xb4, 0x41, 0x00, 0x00, 0x04, 0x00, 0x00, 0x00, 0x00, 0x00,
  0x00, 0x00, 0x00, 0x00, 0x00, 0x00, 0x00, 0x00, 0x00, 0x00, 0x00, 0x00, 0x00, 0x00, 0x00, 0x00,
  0x00, 0x04, 0x00, 0x00, 0x3f, 0xab, 0xf5, 0xff, 0xff, 0xfc, 0xfe, 0xfe, 0xfe, 0xfe, 0xfe, 0xfe,
  0xfe, 0xfe, 0xfe, 0xfe, 0xfe, 0xfe, 0xfe, 0xfe, 0xff, 0xff, 0xff, 0xfe, 0xfe, 0xfe, 0xfe, 0xfe,
  0xff, 0xff, 0xfe, 0xff, 0xff, 0xff, 0xff, 0xff, 0xff, 0xff, 0xff, 0xff, 0xff, 0xff, 0xff, 0xff,
  0xff, 0xff, 0xff, 0xff, 0xff, 0xff, 0xff, 0xff, 0xff, 0xff, 0xff, 0xfc, 0xff, 0xff, 0xd8, 0x62,
  0x1b, 0x03, 0x01, 0x03, 0x00, 0x00, 0x00, 0x00, 0x00, 0x00, 0x00, 0x00, 0x00, 0x00, 0x00, 0x00,
  0x00, 0x00, 0x00, 0x00, 0x00, 0x00, 0x00, 0x00, 0x00, 0x00, 0x01, 0x00, 0x00, 0x04, 0x37, 0xb7,
  0xff, 0xfe, 0xfc, 0xfe, 0xff, 0xff, 0xff, 0xfe, 0xfe, 0xff, 0xff, 0xff, 0xfe, 0xfe, 0xfe, 0xfe,
  0xfe, 0xfe, 0xfe, 0xff, 0xff, 0xff, 0xfe, 0xff, 0xff, 0xfe, 0xfe, 0xfe, 0xfe, 0xfe, 0xff, 0xff,
  0xff, 0xff, 0xff, 0xff, 0xff, 0xff, 0xff, 0xff, 0xff, 0xff, 0xff, 0xff, 0xff, 0xff, 0xff, 0xff,
  0xff, 0xff, 0xff, 0xfe, 0xfe, 0xff, 0xff, 0xa8, 0x12, 0x01, 0x05, 0x01, 0x00, 0x00, 0x00, 0x00,
  0x00, 0x00, 0x00, 0x00, 0x00, 0x00, 0x00, 0x00, 0x00, 0x00, 0x00, 0x00, 0x00, 0x00, 0x00, 0x00,
  0x00, 0x00, 0x00, 0x00, 0x00, 0x04, 0x00, 0x02, 0x46, 0xab, 0xfd, 0xff, 0xf8, 0xfb, 0xfd, 0xff,
  0xfe, 0xfe, 0xfe, 0xfe, 0xfe, 0xff, 0xff, 0xff, 0xfe, 0xfe, 0xfe, 0xfe, 0xfe, 0xff, 0xff, 0xfe,
  0xff, 0xff, 0xfe, 0xfe, 0xfe, 0xfe, 0xfe, 0xff, 0xff, 0xff, 0xff, 0xff, 0xff, 0xff, 0xff, 0xff,
  0xff, 0xff, 0xff, 0xff, 0xff, 0xff, 0xff, 0xff, 0xff, 0xff, 0xff, 0xfe, 0xfc, 0xfd, 0xfc, 0xcf,
  0x65, 0x00, 0x00, 0x04, 0x01, 0x00, 0x00, 0x00, 0x00, 0x00, 0x00, 0x00, 0x00, 0x00, 0x00, 0x00,
  0x00, 0x00, 0x00, 0x00, 0x00, 0x00, 0x00, 0x00, 0x00, 0x00, 0x00, 0x00, 0x00, 0x00, 0x01, 0x03,
  0x01, 0x00, 0x3f, 0xbc, 0xf7, 0xff, 0xff, 0xff, 0xff, 0xfe, 0xfe, 0xfe, 0xfe, 0xfe, 0xff, 0xff,
  0xff, 0xfe, 0xfe, 0xfe, 0xfe, 0xfe, 0xff, 0xff, 0xfe, 0xfe, 0xfe, 0xfe, 0xfe, 0xfe, 0xff, 0xff,
  0xff, 0xff, 0xff, 0xff, 0xff, 0xff, 0xff, 0xff, 0xff, 0xff, 0xff, 0xff, 0xff, 0xff, 0xff, 0xff,
  0xff, 0xff, 0xff, 0xff, 0xfe, 0xfb, 0xff, 0xf8, 0x85, 0x27, 0x04, 0x02, 0x01, 0x01, 0x00, 0x00,
  0x00, 0x00, 0x00, 0x00, 0x00, 0x00, 0x00, 0x00, 0x00, 0x00, 0x00, 0x00, 0x00, 0x00, 0x00, 0x00,
  0x00, 0x00, 0x00, 0x00, 0x00, 0x00, 0x00, 0x00, 0x02, 0x00, 0x00, 0x07, 0x3b, 0xaf, 0xff, 0xff,
  0xfc, 0xfa, 0xfd, 0xff, 0xff, 0xff, 0xff, 0xfe, 0xfe, 0xfe, 0xfe, 0xfe, 0xfe, 0xfe, 0xff, 0xff,
  0xff, 0xff, 0xfe, 0xfe, 0xff, 0xff, 0xff, 0xff, 0xff, 0xff, 0xff, 0xff, 0xff, 0xff, 0xff, 0xff,
  0xff, 0xff, 0xff, 0xff, 0xff, 0xff, 0xff, 0xff, 0xff, 0xff, 0xff, 0xff, 0xff, 0xff, 0xfb, 0xff,
  0xe4, 0x4b, 0x04, 0x01, 0x05, 0x00, 0x00, 0x00, 0x00, 0x00, 0x00, 0x00, 0x00, 0x00, 0x00, 0x00,
  0x00, 0x00, 0x00, 0x00, 0x00, 0x00, 0x00, 0x00, 0x00, 0x00, 0x00, 0x00, 0x00, 0x00, 0x00, 0x00,
  0x00, 0x01, 0x01, 0x07, 0x00, 0x00, 0x4a, 0xa5, 0xd3, 0xf8, 0xff, 0xff, 0xfb, 0xfc, 0xfd, 0xfe,
  0xfe, 0xfe, 0xfe, 0xfe, 0xfe, 0xfe, 0xfe, 0xff, 0xff, 0xff, 0xff, 0xfe, 0xfe, 0xff, 0xff, 0xff,
  0xff, 0xff, 0xff, 0xff, 0xff, 0xff, 0xff, 0xff, 0xff, 0xff, 0xff, 0xff, 0xff, 0xff, 0xff, 0xff,
  0xff, 0xff, 0xff, 0xff, 0xfe, 0xfc, 0xff, 0xfc, 0xed, 0xa8, 0x25, 0x00, 0x00, 0x05, 0x00, 0x00,
  0x00, 0x00, 0x00, 0x00, 0x00, 0x00, 0x00, 0x00, 0x00, 0x00, 0x00, 0x00, 0x00, 0x00, 0x00, 0x00,
  0x00, 0x00, 0x00, 0x00, 0x00, 0x00, 0x00, 0x00, 0x00, 0x00, 0x00, 0x00, 0x01, 0x00, 0x01, 0x00,
  0x1a, 0x6b, 0xc6, 0xfe, 0xff, 0xfc, 0xff, 0xfe, 0xfe, 0xfe, 0xfe, 0xfe, 0xfe, 0xfe, 0xfe, 0xfe,
  0xfe, 0xfe, 0xfe, 0xfe, 0xfe, 0xfe, 0xfe, 0xfe, 0xff, 0xff, 0xff, 0xff, 0xff, 0xff, 0xff, 0xff,
  0xff, 0xff, 0xff, 0xff, 0xff, 0xff, 0xff, 0xff, 0xff, 0xff, 0xff, 0xff, 0xff, 0xfe, 0xf9, 0xff,
  0xff, 0xc1, 0x53, 0x0e, 0x00, 0x00, 0x02, 0x00, 0x00, 0x00, 0x00, 0x00, 0x00, 0x00, 0x00, 0x00,
  0x00, 0x00, 0x00, 0x00, 0x00, 0x00, 0x00, 0x00, 0x00, 0x00, 0x00, 0x00, 0x00, 0x00, 0x00, 0x00,
  0x00, 0x00, 0x00, 0x00, 0x00, 0x00, 0x01, 0x01, 0x00, 0x00, 0x18, 0x52, 0xa2, 0xe7, 0xff, 0xff,
  0xff, 0xfa, 0xf8, 0xfa, 0xfc, 0xfd, 0xfe, 0xfe, 0xff, 0xff, 0xfe, 0xfe, 0xfe, 0xfe, 0xfe, 0xfe,
  0xfe, 0xff, 0xff, 0xff, 0xff, 0xff, 0xff, 0xff, 0xff, 0xff, 0xff, 0xff, 0xff, 0xff, 0xff, 0xff,
  0xff, 0xff, 0xff, 0xff, 0xfe, 0xff, 0xff, 0xfa, 0xff, 0xff, 0x97, 0x12, 0x02, 0x06, 0x00, 0x00,
  0x00, 0x00, 0x00, 0x00, 0x00, 0x00, 0x00, 0x00, 0x00, 0x00, 0x00, 0x00, 0x00, 0x00, 0x00, 0x00,
  0x00, 0x00, 0x00, 0x00, 0x00, 0x00, 0x00, 0x00, 0x00, 0x00, 0x00, 0x00, 0x00, 0x00, 0x00, 0x00,
  0x01, 0x07, 0x03, 0x00, 0x03, 0x3c, 0x8a, 0xc1, 0xe6, 0xfc, 0xff, 0xff, 0xff, 0xff, 0xfd, 0xfd,
  0xfc, 0xfe, 0xfe, 0xfd, 0xfe, 0xfe, 0xfe, 0xfe, 0xfe, 0xfe, 0xff, 0xff, 0xff, 0xff, 0xff, 0xff,
  0xff, 0xff, 0xff, 0xff, 0xff, 0xff, 0xff, 0xff, 0xff, 0xff, 0xff, 0xff, 0xff, 0xfe, 0xfd, 0xff,
  0xfd, 0xfd, 0xdb, 0x61, 0x00, 0x00, 0x07, 0x00, 0x00, 0x00, 0x00, 0x00, 0x00, 0x00, 0x00, 0x00,
  0x00, 0x00, 0x00, 0x00, 0x00, 0x00, 0x00, 0x00, 0x00, 0x00, 0x00, 0x00, 0x00, 0x00, 0x00, 0x00,
  0x00, 0x00, 0x00, 0x00, 0x00, 0x00, 0x00, 0x00, 0x00, 0x00, 0x01, 0x00, 0x00, 0x00, 0x04, 0x0f,
  0x2a, 0x82, 0xcc, 0xf6, 0xff, 0xff, 0xfe, 0xfb, 0xfb, 0xfa, 0xfb, 0xfc, 0xfc, 0xfd, 0xfe, 0xfe,
  0xfe, 0xff, 0xff, 0xff, 0xff, 0xff, 0xff, 0xff, 0xff, 0xff, 0xff, 0xff, 0xff, 0xff, 0xff, 0xff,
  0xff, 0xff, 0xff, 0xff, 0xfe, 0xfe, 0xfe, 0xfb, 0xfd, 0xfe, 0xe8, 0x7e, 0x21, 0x00, 0x00, 0x04,
  0x00, 0x00, 0x00, 0x00, 0x00, 0x00, 0x00, 0x00, 0x00, 0x00, 0x00, 0x00, 0x00, 0x00, 0x00, 0x00,
  0x00, 0x00, 0x00, 0x00, 0x00, 0x00, 0x00, 0x00, 0x00, 0x00, 0x00, 0x00, 0x00, 0x00, 0x00, 0x00,
  0x00, 0x00, 0x00, 0x00, 0x01, 0x03, 0x03, 0x00, 0x00, 0x00, 0x28, 0x55, 0x73, 0xa5, 0xcf, 0xf2,
  0xff, 0xff, 0xff, 0xff, 0xff, 0xff, 0xff, 0xfe, 0xfe, 0xfe, 0xff, 0xff, 0xff, 0xff, 0xff, 0xff,
  0xff, 0xff, 0xff, 0xff, 0xff, 0xff, 0xff, 0xff, 0xff, 0xff, 0xff, 0xff, 0xff, 0xfe, 0xfe, 0xfe,
  0xfc, 0xfb, 0xff, 0xcb, 0x35, 0x03, 0x03, 0x02, 0x01, 0x00, 0x00, 0x00, 0x00, 0x00, 0x00, 0x00,
  0x00, 0x00, 0x00, 0x00, 0x00, 0x00, 0x00, 0x00, 0x00, 0x00, 0x00, 0x00, 0x00, 0x00, 0x00, 0x00,
  0x00, 0x00, 0x00, 0x00, 0x00, 0x00, 0x00, 0x00, 0x00, 0x00, 0x00, 0x00, 0x00, 0x00, 0x00, 0x00,
  0x02, 0x04, 0x04, 0x00, 0x00, 0x00, 0x30, 0x70, 0xa7, 0xd8, 0xed, 0xf1, 0xf3, 0xf9, 0xfd, 0xff,
  0xff, 0xff, 0xfe, 0xff, 0xff, 0xff, 0xff, 0xff, 0xff, 0xff, 0xff, 0xff, 0xff, 0xff, 0xff, 0xff,
  0xff, 0xff, 0xfe, 0xfe, 0xfe, 0xfe, 0xfe, 0xfe, 0xfb, 0xff, 0xff, 0xe4, 0x87, 0x11, 0x01, 0x02,
  0x02, 0x00, 0x00, 0x00, 0x00, 0x00, 0x00, 0x00, 0x00, 0x00, 0x00, 0x00, 0x00, 0x00, 0x00, 0x00,
  0x00, 0x00, 0x00, 0x00, 0x00, 0x00, 0x00, 0x00, 0x00, 0x00, 0x00, 0x00, 0x00, 0x00, 0x00, 0x00,
  0x00, 0x00, 0x00, 0x00, 0x00, 0x00, 0x00, 0x00, 0x00, 0x01, 0x01, 0x01, 0x00, 0x00, 0x00, 0x03,
  0x15, 0x25, 0x40, 0x5b, 0x77, 0x97, 0xb9, 0xd4, 0xec, 0xfd, 0xff, 0xff, 0xff, 0xff, 0xff, 0xff,
  0xff, 0xff, 0xff, 0xff, 0xfe, 0xfe, 0xff, 0xff, 0xff, 0xff, 0xff, 0xfe, 0xfe, 0xfe, 0xfe, 0xfe,
  0xfe, 0xf8, 0xff, 0xff, 0x96, 0x21, 0x00, 0x01, 0x01, 0x01, 0x00, 0x00, 0x00, 0x00, 0x00, 0x00,
  0x00, 0x00, 0x00, 0x00, 0x00, 0x00, 0x00, 0x00, 0x00, 0x00, 0x00, 0x00, 0x00, 0x00, 0x00, 0x00,
  0x00, 0x00, 0x00, 0x00, 0x00, 0x00, 0x00, 0x00, 0x00, 0x00, 0x00, 0x00, 0x00, 0x00, 0x00, 0x00,
  0x00, 0x00, 0x00, 0x00, 0x01, 0x03, 0x06, 0x06, 0x00, 0x00, 0x00, 0x00, 0x01, 0x1a, 0x38, 0x55,
  0x6d, 0x8a, 0xc3, 0xf1, 0xff, 0xff, 0xfe, 0xff, 0xff, 0xff, 0xff, 0xff, 0xff, 0xfe, 0xfe, 0xff,
  0xff, 0xff, 0xff, 0xff, 0xfe, 0xfe, 0xfe, 0xfe, 0xfe, 0xfe, 0xf9, 0xfc, 0xeb, 0x59, 0x00, 0x00,
  0x05, 0x00, 0x00, 0x00, 0x00, 0x00, 0x00, 0x00, 0x00, 0x00, 0x00, 0x00, 0x00, 0x00, 0x00, 0x00,
  0x00, 0x00, 0x00, 0x00, 0x00, 0x00, 0x00, 0x00, 0x00, 0x00, 0x00, 0x00, 0x00, 0x00, 0x00, 0x00,
  0x00, 0x00, 0x00, 0x00, 0x00, 0x00, 0x00, 0x00, 0x00, 0x00, 0x00, 0x00, 0x00, 0x00, 0x00, 0x00,
  0x00, 0x00, 0x00, 0x00, 0x00, 0x00, 0x00, 0x04, 0x01, 0x02, 0x23, 0x90, 0xe3, 0xff, 0xff, 0xfc,
  0xfe, 0xfe, 0xfe, 0xfe, 0xfe, 0xff, 0xff, 0xff, 0xff, 0xff, 0xff, 0xfe, 0xfe, 0xfe, 0xfe, 0xfe,
  0xff, 0xfc, 0xff, 0xff, 0xec, 0xa5, 0x35, 0x00, 0x00, 0x04, 0x00, 0x00, 0x00, 0x00, 0x00, 0x00,
  0x00, 0x00, 0x00, 0x00, 0x00, 0x00, 0x00, 0x00, 0x00, 0x00, 0x00, 0x00, 0x00, 0x00, 0x00, 0x00,
  0x00, 0x00, 0x00, 0x00, 0x00, 0x00, 0x00, 0x00, 0x00, 0x00, 0x00, 0x00, 0x00, 0x00, 0x00, 0x00,
  0x00, 0x00, 0x00, 0x00, 0x00, 0x00, 0x00, 0x00, 0x00, 0x00, 0x01, 0x02, 0x03, 0x02, 0x00, 0x00,
  0x00, 0x00, 0x00, 0x2c, 0xc3, 0xf2, 0xfc, 0xfe, 0xfd, 0xfe, 0xff, 0xff, 0xff, 0xff, 0xff, 0xff,
  0xff, 0xff, 0xff, 0xfe, 0xfe, 0xfe, 0xfe, 0xfe, 0xfe, 0xff, 0xf9, 0xff, 0xff, 0xd1, 0x4e, 0x0f,
  0x04, 0x00, 0x02, 0x00, 0x00, 0x00, 0x00, 0x00, 0x00, 0x00, 0x00, 0x00, 0x00, 0x00, 0x00, 0x00,
  0x00, 0x00, 0x00, 0x00, 0x00, 0x00, 0x00, 0x00, 0x00, 0x00, 0x00, 0x00, 0x00, 0x00, 0x00, 0x00,
  0x00, 0x00, 0x00, 0x00, 0x00, 0x00, 0x00, 0x00, 0x00, 0x00, 0x00, 0x00, 0x00, 0x00, 0x00, 0x00,
  0x00, 0x00, 0x00, 0x00, 0x00, 0x00, 0x00, 0x01, 0x04, 0x04, 0x03, 0x13, 0x78, 0xff, 0xff, 0xfa,
  0xfd, 0xff, 0xfe, 0xff, 0xff, 0xff, 0xff, 0xff, 0xfe, 0xfe, 0xff, 0xff, 0xfe, 0xfe, 0xfe, 0xfe,
  0xfe, 0xfe, 0xfe, 0xfa, 0xfe, 0xfa, 0xa7, 0x13, 0x00, 0x04, 0x00, 0x00, 0x00, 0x00, 0x00, 0x00,
  0x00, 0x00, 0x00, 0x00, 0x00, 0x00, 0x00, 0x00, 0x00, 0x00, 0x00, 0x00, 0x00, 0x00, 0x00, 0x00,
  0x00, 0x00, 0x00, 0x00, 0x00, 0x00, 0x00, 0x00, 0x00, 0x00, 0x00, 0x00, 0x00, 0x00, 0x00, 0x00,
  0x00, 0x00, 0x00, 0x00, 0x00, 0x00, 0x00, 0x00, 0x00, 0x00, 0x00, 0x00, 0x00, 0x00, 0x00, 0x00,
  0x01, 0x04, 0x02, 0x04, 0x54, 0xbb, 0xfe, 0xff, 0xfb, 0xfe, 0xff, 0xff, 0xfe, 0xfe, 0xff, 0xff,
  0xfe, 0xfe, 0xfe, 0xff, 0xff, 0xfe, 0xfe, 0xfe, 0xfe, 0xff, 0xfe, 0xfc, 0xfd, 0xf9, 0xd2, 0x6e,
  0x02, 0x00, 0x04, 0x01, 0x00, 0x00, 0x00, 0x00, 0x00, 0x00, 0x00, 0x00, 0x00, 0x00, 0x00, 0x00,
  0x00, 0x00, 0x00, 0x00, 0x00, 0x00, 0x00, 0x00, 0x00, 0x00, 0x00, 0x00, 0x00, 0x00, 0x00, 0x00,
  0x00, 0x00, 0x00, 0x00, 0x00, 0x00, 0x00, 0x00, 0x00, 0x00, 0x00, 0x00, 0x00, 0x00, 0x00, 0x00,
  0x00, 0x00, 0x00, 0x00, 0x00, 0x00, 0x00, 0x00, 0x00, 0x01, 0x05, 0x00, 0x0f, 0x97, 0xed, 0xfc,
  0xfb, 0xfd, 0xfe, 0xfe, 0xff, 0xfe, 0xfe, 0xfe, 0xfe, 0xfe, 0xff, 0xff, 0xfe, 0xff, 0xff, 0xfe,
  0xfe, 0xfe, 0xff, 0xfd, 0xfa, 0xff, 0xfb, 0x8f, 0x2a, 0x01, 0x02, 0x03, 0x01, 0x00, 0x00, 0x00,
  0x00, 0x00, 0x00, 0x00, 0x00, 0x00, 0x00, 0x00, 0x00, 0x00, 0x00, 0x00, 0x00, 0x00, 0x00, 0x00,
  0x00, 0x00, 0x00, 0x00, 0x00, 0x00, 0x00, 0x00, 0x00, 0x00, 0x00, 0x00, 0x00, 0x00, 0x00, 0x00,
  0x00, 0x00, 0x00, 0x00, 0x00, 0x00, 0x00, 0x00, 0x00, 0x00, 0x00, 0x00, 0x00, 0x00, 0x00, 0x00,
  0x00, 0x01, 0x00, 0x00, 0x03, 0x42, 0xcb, 0xff, 0xff, 0xf9, 0xfe, 0xfe, 0xfe, 0xfe, 0xff, 0xff,
  0xfe, 0xfe, 0xfe, 0xff, 0xff, 0xfe, 0xff, 0xff, 0xfe, 0xfe, 0xfe, 0xfe, 0xfc, 0xfb, 0xff, 0xe8,
  0x4c, 0x00, 0x00, 0x01, 0x01, 0x00, 0x00, 0x00, 0x00, 0x00, 0x00, 0x00, 0x00, 0x00, 0x00, 0x00,
  0x00, 0x00, 0x00, 0x00, 0x00, 0x00, 0x00, 0x00, 0x00, 0x00, 0x00, 0x00, 0x00, 0x00, 0x00, 0x00,
  0x00, 0x00, 0x00, 0x00, 0x00, 0x00, 0x00, 0x00, 0x00, 0x00, 0x00, 0x00, 0x00, 0x00, 0x00, 0x00,
  0x00, 0x00, 0x00, 0x00, 0x00, 0x00, 0x00, 0x00, 0x00, 0x00, 0x05, 0x00, 0x00, 0x2f, 0xa1, 0xf3,
  0xff, 0xff, 0xfb, 0xfe, 0xff, 0xff, 0xfe, 0xfe, 0xfe, 0xff, 0xff, 0xfe, 0xfe, 0xfe, 0xff, 0xff,
  0xfe, 0xfe, 0xfe, 0xfe, 0xfc, 0xfd, 0xfd, 0xf0, 0xb0, 0x27, 0x00, 0x00, 0x03, 0x00, 0x00, 0x00,
  0x00, 0x00, 0x00, 0x00, 0x00, 0x00, 0x00, 0x00, 0x00, 0x00, 0x00, 0x00, 0x00, 0x00, 0x00, 0x00,
  0x00, 0x00, 0x00, 0x00, 0x00, 0x00, 0x00, 0x00, 0x00, 0x00, 0x00, 0x00, 0x00, 0x00, 0x00, 0x00,
  0x00, 0x00, 0x00, 0x00, 0x00, 0x00, 0x00, 0x00, 0x00, 0x00, 0x00, 0x00, 0x00, 0x00, 0x00, 0x00,
  0x00, 0x00, 0x00, 0x05, 0x01, 0x0b, 0x6a, 0xe7, 0xff, 0xfb, 0xff, 0xfe, 0xfe, 0xff, 0xff, 0xfe,
  0xfe, 0xfe, 0xff, 0xff, 0xfe, 0xfe, 0xfe, 0xff, 0xff, 0xfe, 0xfe, 0xfe, 0xfe, 0xfc, 0xff, 0xff,
  0xc5, 0x5e, 0x12, 0x03, 0x00, 0x03, 0x00, 0x00, 0x00, 0x00, 0x00, 0x00, 0x00, 0x00, 0x00, 0x00,
  0x00, 0x00, 0x00, 0x00, 0x00, 0x00, 0x00, 0x00, 0x00, 0x00, 0x00, 0x00, 0x00, 0x00, 0x00, 0x00,
  0x00, 0x00, 0x00, 0x00, 0x00, 0x00, 0x00, 0x00, 0x00, 0x00, 0x00, 0x00, 0x00, 0x00, 0x00, 0x00,
  0x00, 0x00, 0x00, 0x00, 0x00, 0x00, 0x00, 0x00, 0x00, 0x00, 0x01, 0x01, 0x01, 0x08, 0x3f, 0xa9,
  0xff, 0xff, 0xf9, 0xfe, 0xfe, 0xfe, 0xfe, 0xfe, 0xfe, 0xfe, 0xfe, 0xff, 0xff, 0xfe, 0xfe, 0xfe,
  0xfe, 0xfe, 0xfe, 0xfe, 0xfe, 0xff, 0xfd, 0xff, 0xee, 0x83, 0x15, 0x00, 0x02, 0x00, 0x01, 0x00,
  0x00, 0x00, 0x00, 0x00, 0x00, 0x00, 0x00, 0x00, 0x00, 0x00, 0x00, 0x00, 0x00, 0x00, 0x00, 0x00,
  0x00, 0x00, 0x00, 0x00, 0x00, 0x00, 0x00, 0x00, 0x00, 0x00, 0x00, 0x00, 0x00, 0x00, 0x00, 0x00,
  0x00, 0x00, 0x00, 0x00, 0x00, 0x00, 0x00, 0x00, 0x00, 0x00, 0x00, 0x00, 0x00, 0x00, 0x00, 0x00,
  0x00, 0x00, 0x00, 0x03, 0x01, 0x00, 0x10, 0x8c, 0xe6, 0xff, 0xfe, 0xfa, 0xff, 0xfe, 0xfe, 0xfe,
  0xfe, 0xfe, 0xfe, 0xfe, 0xfe, 0xff, 0xff, 0xfe, 0xfe, 0xfe, 0xfe, 0xfe, 0xfe, 0xfd, 0xff, 0xfc,
  0xf6, 0xc2, 0x4d, 0x00, 0x00, 0x04, 0x00, 0x00, 0x00, 0x00, 0x00, 0x00, 0x00, 0x00, 0x00, 0x00,
  0x00, 0x00, 0x00, 0x00, 0x00, 0x00, 0x00, 0x00, 0x00, 0x00, 0x00, 0x00, 0x00, 0x00, 0x00, 0x00,
  0x00, 0x00, 0x00, 0x00, 0x00, 0x00, 0x00, 0x00, 0x00, 0x00, 0x00, 0x00, 0x00, 0x00, 0x00, 0x00,
  0x00, 0x00, 0x00, 0x00, 0x00, 0x00, 0x00, 0x00, 0x00, 0x00, 0x00, 0x00, 0x03, 0x01, 0x02, 0x2d,
  0xcb, 0xff, 0xfc, 0xfe, 0xfe, 0xff, 0xfe, 0xfe, 0xff, 0xff, 0xfe, 0xfe, 0xfe, 0xfe, 0xff, 0xff,
  0xfe, 0xfe, 0xfe, 0xfe, 0xfe, 0xfe, 0xfc, 0xff, 0xff, 0xe3, 0x7b, 0x26, 0x02, 0x01, 0x04, 0x00,
  0x00, 0x00, 0x00, 0x00, 0x00, 0x00, 0x00, 0x00, 0x00, 0x00, 0x00, 0x00, 0x00, 0x00, 0x00, 0x00,
  0x00, 0x00, 0x00, 0x00, 0x00, 0x00, 0x00, 0x00, 0x00, 0x00, 0x00, 0x00, 0x00, 0x00, 0x00, 0x00,
  0x00, 0x00, 0x00, 0x00, 0x00, 0x00, 0x00, 0x00, 0x00, 0x00, 0x00, 0x00, 0x00, 0x00, 0x00, 0x00,
  0x00, 0x00, 0x00, 0x00, 0x02, 0x01, 0x03, 0x1b, 0x6a, 0xe8, 0xff, 0xfd, 0xfd, 0xff, 0xfe, 0xfe,
  0xfe, 0xff, 0xff, 0xfe, 0xfe, 0xfe, 0xfe, 0xff, 0xff, 0xfe, 0xfe, 0xff, 0xff, 0xff, 0xfe, 0xfe,
  0xfe, 0xff, 0xbe, 0x30, 0x04, 0x02, 0x01, 0x01, 0x00, 0x00, 0x00, 0x00, 0x00, 0x00, 0x00, 0x00,
  0x00, 0x00, 0x00, 0x00, 0x00, 0x00, 0x00, 0x00, 0x00, 0x00, 0x00, 0x00, 0x00, 0x00, 0x00, 0x00,
  0x00, 0x00, 0x00, 0x00, 0x00, 0x00, 0x00, 0x00, 0x00, 0x00, 0x00, 0x00, 0x00, 0x00, 0x00, 0x00,
  0x00, 0x00, 0x00, 0x00, 0x00, 0x00, 0x00, 0x00, 0x00, 0x00, 0x00, 0x00, 0x00, 0x06, 0x00, 0x00,
  0x4c, 0xbd, 0xf6, 0xfc, 0xfe, 0xfd, 0xff, 0xfe, 0xfe, 0xff, 0xff, 0xff, 0xfe, 0xff, 0xff, 0xff,
  0xff, 0xff, 0xfe, 0xfe, 0xff, 0xff, 0xff, 0xfc, 0xfe, 0xfe, 0xde, 0x7c, 0x0b, 0x00, 0x04, 0x01,
  0x00, 0x00, 0x00, 0x00, 0x00, 0x00, 0x00, 0x00, 0x00, 0x00, 0x00, 0x00, 0x00, 0x00, 0x00, 0x00,
  0x00, 0x00, 0x00, 0x00, 0x00, 0x00, 0x00, 0x00, 0x00, 0x00, 0x00, 0x00, 0x00, 0x00, 0x00, 0x00,
  0x00, 0x00, 0x00, 0x00, 0x00, 0x00, 0x00, 0x00, 0x00, 0x00, 0x00, 0x00, 0x00, 0x00, 0x00, 0x00,
  0x00, 0x00, 0x00, 0x00, 0x00, 0x00, 0x07, 0x00, 0x02, 0x87, 0xfc, 0xff, 0xfc, 0xff, 0xfe, 0xfe,
  0xfe, 0xff, 0xff, 0xff, 0xff, 0xfe, 0xff, 0xff, 0xff, 0xff, 0xfe, 0xfe, 0xfe, 0xfe, 0xff, 0xfe,
  0xfa, 0xff, 0xfb, 0x98, 0x33, 0x04, 0x01, 0x02, 0x01, 0x00, 0x00, 0x00, 0x00, 0x00, 0x00, 0x00,
  0x00, 0x00, 0x00, 0x00, 0x00, 0x00, 0x00, 0x00, 0x00, 0x00, 0x00, 0x00, 0x00, 0x00, 0x00, 0x00,
  0x00, 0x00, 0x00, 0x00, 0x00, 0x00, 0x00, 0x00, 0x00, 0x00, 0x00, 0x00, 0x00, 0x00, 0x00, 0x00,
  0x00, 0x00, 0x00, 0x00, 0x00, 0x00, 0x00, 0x00, 0x00, 0x00, 0x00, 0x00, 0x00, 0x01, 0x00, 0x05,
  0x0a, 0x32, 0xb4, 0xff, 0xff, 0xfa, 0xfe, 0xfe, 0xfe, 0xff, 0xff, 0xfe, 0xfe, 0xfe, 0xfe, 0xfe,
  0xfe, 0xfe, 0xfe, 0xfe, 0xfe, 0xfe, 0xfe, 0xfe, 0xfe, 0xfa, 0xff, 0xee, 0x5c, 0x08, 0x00, 0x04,
  0x00, 0x00, 0x00, 0x00, 0x00, 0x00, 0x00, 0x00, 0x00, 0x00, 0x00, 0x00, 0x00, 0x00, 0x00, 0x00,
  0x00, 0x00, 0x00, 0x00, 0x00, 0x00, 0x00, 0x00, 0x00, 0x00, 0x00, 0x00, 0x00, 0x00, 0x00, 0x00,
  0x00, 0x00, 0x00, 0x00, 0x00, 0x00, 0x00, 0x00, 0x00, 0x00, 0x00, 0x00, 0x00, 0x00, 0x00, 0x00,
  0x00, 0x00, 0x00, 0x00, 0x00, 0x00, 0x03, 0x00, 0x00, 0x19, 0x82, 0xdb, 0xfb, 0xfe, 0xfb, 0xfe,
  0xfe, 0xfe, 0xff, 0xff, 0xfe, 0xfe, 0xfe, 0xfe, 0xfe, 0xfe, 0xfe, 0xfe, 0xfe, 0xfe, 0xfe, 0xfe,
  0xfc, 0xfe, 0xfc, 0xf5, 0xbb, 0x31, 0x00, 0x00, 0x05, 0x00, 0x00, 0x00, 0x00, 0x00, 0x00, 0x00,
  0x00, 0x00, 0x00, 0x00, 0x00, 0x00, 0x00, 0x00, 0x00, 0x00, 0x00, 0x00, 0x00, 0x00, 0x00, 0x00,
  0x00, 0x00, 0x00, 0x00, 0x00, 0x00, 0x00, 0x00, 0x00, 0x00, 0x00, 0x00, 0x00, 0x00, 0x00, 0x00,
  0x00, 0x00, 0x00, 0x00, 0x00, 0x00, 0x00, 0x00, 0x00, 0x00, 0x00, 0x00, 0x00, 0x00, 0x00, 0x05,
  0x00, 0x00, 0x3d, 0xd0, 0xfd, 0xfb, 0xff, 0xfd, 0xfe, 0xff, 0xff, 0xfe, 0xfe, 0xfe, 0xfe, 0xfe,
  0xfe, 0xfe, 0xfe, 0xfe, 0xfe, 0xfe, 0xff, 0xff, 0xff, 0xfb, 0xff, 0xfd, 0xce, 0x65, 0x13, 0x00,
  0x00, 0x02, 0x00, 0x00, 0x00, 0x00, 0x00, 0x00, 0x00, 0x00, 0x00, 0x00, 0x00, 0x00, 0x00, 0x00,
  0x00, 0x00, 0x00, 0x00, 0x00, 0x00, 0x00, 0x00, 0x00, 0x00, 0x00, 0x00, 0x00, 0x00, 0x00, 0x00,
  0x00, 0x00, 0x00, 0x00, 0x00, 0x00, 0x00, 0x00, 0x00, 0x00, 0x00, 0x00, 0x00, 0x00, 0x00, 0x00,
  0x00, 0x00, 0x00, 0x00, 0x00, 0x00, 0x01, 0x02, 0x04, 0x02, 0x24, 0x7e, 0xf7, 0xff, 0xfa, 0xfe,
  0xfe, 0xfe, 0xff, 0xff, 0xfe, 0xfe, 0xfe, 0xfe, 0xfe, 0xfe, 0xfe, 0xfe, 0xfe, 0xfe, 0xfe, 0xfe,
  0xff, 0xff, 0xfa, 0xff, 0xff, 0xa7, 0x1c, 0x04, 0x05, 0x00, 0x00, 0x00, 0x00, 0x00, 0x00, 0x00,
  0x00, 0x00, 0x00, 0x00, 0x00, 0x00, 0x00, 0x00, 0x00, 0x00, 0x00, 0x00, 0x00, 0x00, 0x00, 0x00,
  0x00, 0x00, 0x00, 0x00, 0x00, 0x00, 0x00, 0x00, 0x00, 0x00, 0x00, 0x00, 0x00, 0x00, 0x00, 0x00,
  0x00, 0x00, 0x00, 0x00, 0x00, 0x00, 0x00, 0x00, 0x00, 0x00, 0x00, 0x00, 0x00, 0x00, 0x00, 0x01,
  0x03, 0x00, 0x09, 0x64, 0xc6, 0xfc, 0xfe, 0xfb, 0xfe, 0xfe, 0xfe, 0xfe, 0xfe, 0xfe, 0xfe, 0xfe,
  0xfe, 0xfe, 0xfe, 0xfe, 0xfe, 0xfe, 0xfe, 0xfe, 0xfe, 0xfe, 0xfe, 0xfc, 0xff, 0xed, 0x75, 0x00,
  0x00, 0x07, 0x00, 0x00, 0x00, 0x00, 0x00, 0x00, 0x00, 0x00, 0x00, 0x00, 0x00, 0x00, 0x00, 0x00,
  0x00, 0x00, 0x00, 0x00, 0x00, 0x00, 0x00, 0x00, 0x00, 0x00, 0x00, 0x00, 0x00, 0x00, 0x00, 0x00,
  0x00, 0x00, 0x00, 0x00, 0x00, 0x00, 0x00, 0x00, 0x00, 0x00, 0x00, 0x00, 0x00, 0x00, 0x00, 0x00,
  0x00, 0x00, 0x00, 0x00, 0x00, 0x00, 0x00, 0x01, 0x00, 0x03, 0x00, 0x21, 0xa1, 0xf7, 0xff, 0xfe,
  0xfe, 0xff, 0xff, 0xfe, 0xfe, 0xfe, 0xff, 0xff, 0xfe, 0xfe, 0xfe, 0xff, 0xff, 0xff, 0xff, 0xff,
  0xff, 0xff, 0xfd, 0xfc, 0xfd, 0xf4, 0xa0, 0x38, 0x00, 0x00, 0x04, 0x00, 0x00, 0x00, 0x00, 0x00,
  0x00, 0x00, 0x00, 0x00, 0x00, 0x00, 0x00, 0x00, 0x00, 0x00, 0x00, 0x00, 0x00, 0x00, 0x00, 0x00,
  0x00, 0x00, 0x00, 0x00, 0x00, 0x00, 0x00, 0x00, 0x00, 0x00, 0x00, 0x00, 0x00, 0x00, 0x00, 0x00,
  0x00, 0x00, 0x00, 0x00, 0x00, 0x00, 0x00, 0x00, 0x00, 0x00, 0x00, 0x00, 0x00, 0x00, 0x00, 0x00,
  0x02, 0x00, 0x02, 0x12, 0x59, 0xd0, 0xff, 0xfe, 0xfd, 0xfe, 0xff, 0xff, 0xfe, 0xfe, 0xfe, 0xff,
  0xff, 0xfe, 0xfe, 0xfe, 0xff, 0xff, 0xff, 0xff, 0xff, 0xff, 0xff, 0xfd, 0xfb, 0xff, 0xd8, 0x50,
  0x10, 0x03, 0x02, 0x01, 0x00, 0x00, 0x00, 0x00, 0x00, 0x00, 0x00, 0x00, 0x00, 0x00, 0x00, 0x00,
  0x00, 0x00, 0x00, 0x00, 0x00, 0x00, 0x00, 0x00, 0x00, 0x00, 0x00, 0x00, 0x00, 0x00, 0x00, 0x00,
  0x00, 0x00, 0x00, 0x00, 0x00, 0x00, 0x00, 0x00, 0x00, 0x00, 0x00, 0x00, 0x00, 0x00, 0x00, 0x00,
  0x00, 0x00, 0x00, 0x00, 0x00, 0x00, 0x00, 0x00, 0x00, 0x04, 0x00, 0x00, 0x3b, 0xa3, 0xee, 0xff,
  0xff, 0xfc, 0xfe, 0xfe, 0xfe, 0xfe, 0xfe, 0xfe, 0xfe, 0xff, 0xff, 0xfe, 0xfe, 0xfe, 0xfe, 0xfe,
  0xff, 0xff, 0xfe, 0xfd, 0xff, 0xfe, 0xef, 0x9d, 0x1b, 0x00, 0x01, 0x03, 0x00, 0x00, 0x00, 0x00,
  0x00, 0x00, 0x00, 0x00, 0x00, 0x00, 0x00, 0x00, 0x00, 0x00, 0x00, 0x00, 0x00, 0x00, 0x00, 0x00,
  0x00, 0x00, 0x00, 0x00, 0x00, 0x00, 0x00, 0x00, 0x00, 0x00, 0x00, 0x00, 0x00, 0x00, 0x00, 0x00,
  0x00, 0x00, 0x00, 0x00, 0x00, 0x00, 0x00, 0x00, 0x00, 0x00, 0x00, 0x00, 0x00, 0x00, 0x00, 0x00,
  0x00, 0x00, 0x07, 0x00, 0x00, 0x59, 0xdb, 0xfd, 0xfc, 0xfe, 0xfd, 0xff, 0xff, 0xff, 0xff, 0xff,
  0xff, 0xfe, 0xff, 0xff, 0xfe, 0xfe, 0xfe, 0xfe, 0xfe, 0xff, 0xff, 0xfe, 0xf9, 0xff, 0xff, 0xbd,
  0x4d, 0x03, 0x00, 0x00, 0x02, 0x00, 0x00, 0x00, 0x00, 0x00, 0x00, 0x00, 0x00, 0x00, 0x00, 0x00,
  0x00, 0x00, 0x00, 0x00, 0x00, 0x00, 0x00, 0x00, 0x00, 0x00, 0x00, 0x00, 0x00, 0x00, 0x00, 0x00,
  0x00, 0x00, 0x00, 0x00, 0x00, 0x00, 0x00, 0x00, 0x00, 0x00, 0x00, 0x00, 0x00, 0x00, 0x00, 0x00,
  0x00, 0x00, 0x00, 0x00, 0x00, 0x00, 0x00, 0x00, 0x00, 0x00, 0x00, 0x06, 0x00, 0x09, 0x79, 0xf6,
  0xff, 0xfb, 0xfe, 0xfe, 0xff, 0xff, 0xff, 0xff, 0xff, 0xff, 0xfe, 0xff, 0xff, 0xfe, 0xfe, 0xfe,
  0xfe, 0xfe, 0xff, 0xff, 0xfe, 0xfa, 0xfe, 0xf4, 0x7e, 0x14, 0x01, 0x03, 0x00, 0x00, 0x00, 0x00,
  0x00, 0x00, 0x00, 0x00, 0x00, 0x00, 0x00, 0x00, 0x00, 0x00, 0x00, 0x00, 0x00, 0x00, 0x00, 0x00,
  0x00, 0x00, 0x00, 0x00, 0x00, 0x00, 0x00, 0x00, 0x00, 0x00, 0x00, 0x00, 0x00, 0x00, 0x00, 0x00,
  0x00, 0x00, 0x00, 0x00, 0x00, 0x00, 0x00, 0x00, 0x00, 0x00, 0x00, 0x00, 0x00, 0x00, 0x00, 0x00,
  0x00, 0x00, 0x01, 0x00, 0x01, 0x02, 0x28, 0x9f, 0xff, 0xff, 0xf8, 0xfe, 0xfe, 0xfe, 0xfe, 0xfe,
  0xfe, 0xfe, 0xfe, 0xfe, 0xfe, 0xfe, 0xfe, 0xfe, 0xff, 0xfe, 0xfe, 0xfe, 0xfc, 0xff, 0xfd, 0xf2,
  0xb7, 0x44, 0x00, 0x00, 0x05, 0x00, 0x00, 0x00, 0x00, 0x00, 0x00, 0x00, 0x00, 0x00, 0x00, 0x00,
  0x00, 0x00, 0x00, 0x00, 0x00, 0x00, 0x00, 0x00, 0x00, 0x00, 0x00, 0x00, 0x00, 0x00, 0x00, 0x00,
  0x00, 0x00, 0x00, 0x00, 0x00, 0x00, 0x00, 0x00, 0x00, 0x00, 0x00, 0x00, 0x00, 0x00, 0x00, 0x00,
  0x00, 0x00, 0x00, 0x00, 0x00, 0x00, 0x00, 0x00, 0x00, 0x00, 0x00, 0x01, 0x00, 0x00, 0x04, 0x39,
  0xae, 0xff, 0xff, 0xf8, 0xff, 0xff, 0xfe, 0xfe, 0xfe, 0xfe, 0xff, 0xff, 0xfe, 0xfe, 0xff, 0xff,
  0xff, 0xff, 0xfe, 0xfe, 0xfe, 0xfa, 0xff, 0xff, 0xdd, 0x62, 0x15, 0x00, 0x00, 0x04, 0x00, 0x00,
  0x00, 0x00, 0x00, 0x00, 0x00, 0x00, 0x00, 0x00, 0x00, 0x00, 0x00, 0x00, 0x00, 0x00, 0x00, 0x00,
  0x00, 0x00, 0x00, 0x00, 0x00, 0x00, 0x00, 0x00, 0x00, 0x00, 0x00, 0x00, 0x00, 0x00, 0x00, 0x00,
  0x00, 0x00, 0x00, 0x00, 0x00, 0x00, 0x00, 0x00, 0x00, 0x00, 0x00, 0x00, 0x00, 0x00, 0x00, 0x00,
  0x00, 0x00, 0x00, 0x00, 0x01, 0x00, 0x00, 0x06, 0x3e, 0xae, 0xff, 0xff, 0xf9, 0xff, 0xff, 0xff,
  0xff, 0xfe, 0xfe, 0xff, 0xff, 0xfe, 0xfe, 0xff, 0xff, 0xff, 0xfe, 0xfe, 0xfe, 0xfe, 0xfa, 0xff,
  0xfd, 0xb7, 0x1f, 0x00, 0x04, 0x00, 0x01, 0x00, 0x00, 0x00, 0x00, 0x00, 0x00, 0x00, 0x00, 0x00,
  0x00, 0x00, 0x00, 0x00, 0x00, 0x00, 0x00, 0x00, 0x00, 0x00, 0x00, 0x00, 0x00, 0x00, 0x00, 0x00,
  0x00, 0x00, 0x00, 0x00, 0x00, 0x00, 0x00, 0x00, 0x00, 0x00, 0x00, 0x00, 0x00, 0x00, 0x00, 0x00,
  0x00, 0x00, 0x00, 0x00, 0x00, 0x00, 0x00, 0x00, 0x00, 0x00, 0x00, 0x00, 0x00, 0x01, 0x00, 0x00,
  0x07, 0x42, 0xaf, 0xfd, 0xff, 0xfa, 0xff, 0xfe, 0xfe, 0xff, 0xff, 0xfe, 0xfe, 0xfe, 0xff, 0xff,
  0xfe, 0xfe, 0xfe, 0xfe, 0xfe, 0xfd, 0xfd, 0xfd, 0xfa, 0xdf, 0x81, 0x06, 0x00, 0x05, 0x01, 0x00,
  0x00, 0x00, 0x00, 0x00, 0x00, 0x00, 0x00, 0x00, 0x00, 0x00, 0x00, 0x00, 0x00, 0x00, 0x00, 0x00,
  0x00, 0x00, 0x00, 0x00, 0x00, 0x00, 0x00, 0x00, 0x00, 0x00, 0x00, 0x00, 0x00, 0x00, 0x00, 0x00,
  0x00, 0x00, 0x00, 0x00, 0x00, 0x00, 0x00, 0x00, 0x00, 0x00, 0x00, 0x00, 0x00, 0x00, 0x00, 0x00,
  0x00, 0x00, 0x00, 0x00, 0x00, 0x00, 0x01, 0x00, 0x01, 0x04, 0x2e, 0xa8, 0xff, 0xff, 0xf8, 0xff,
  0xfe, 0xfe, 0xff, 0xff, 0xfe, 0xfe, 0xfe, 0xff, 0xff, 0xfe, 0xfe, 0xfe, 0xfe, 0xfe, 0xfc, 0xfa,
  0xff, 0xfe, 0xa2, 0x3b, 0x03, 0x02, 0x03, 0x01, 0x00, 0x00, 0x00, 0x00, 0x00, 0x00, 0x00, 0x00,
  0x00, 0x00, 0x00, 0x00, 0x00, 0x00, 0x00, 0x00, 0x00, 0x00, 0x00, 0x00, 0x00, 0x00, 0x00, 0x00,
  0x00, 0x00, 0x00, 0x00, 0x00, 0x00, 0x00, 0x00, 0x00, 0x00, 0x00, 0x00, 0x00, 0x00, 0x00, 0x00,
  0x00, 0x00, 0x00, 0x00, 0x00, 0x00, 0x00, 0x00, 0x00, 0x00, 0x00, 0x00, 0x00, 0x00, 0x00, 0x01,
  0x00, 0x03, 0x00, 0x10, 0x93, 0xff, 0xff, 0xf7, 0xfe, 0xfe, 0xfe, 0xff, 0xff, 0xfe, 0xff, 0xff,
  0xff, 0xfe, 0xfe, 0xff, 0xff, 0xff, 0xfe, 0xfc, 0xf9, 0xff, 0xf2, 0x5c, 0x01, 0x00, 0x01, 0x01,
  0x00, 0x00, 0x00, 0x00, 0x00, 0x00, 0x00, 0x00, 0x00, 0x00, 0x00, 0x00, 0x00, 0x00, 0x00, 0x00,
  0x00, 0x00, 0x00, 0x00, 0x00, 0x00, 0x00, 0x00, 0x00, 0x00, 0x00, 0x00, 0x00, 0x00, 0x00, 0x00,
  0x00, 0x00, 0x00, 0x00, 0x00, 0x00, 0x00, 0x00, 0x00, 0x00, 0x00, 0x00, 0x00, 0x00, 0x00, 0x00,
  0x00, 0x00, 0x00, 0x00, 0x00, 0x00, 0x00, 0x00, 0x00, 0x00, 0x06, 0x00, 0x01, 0x73, 0xee, 0xfe,
  0xfa, 0xfe, 0xff, 0xff, 0xfe, 0xfe, 0xfe, 0xff, 0xff, 0xfe, 0xfe, 0xfe, 0xff, 0xff, 0xfe, 0xfc,
  0xfd, 0xfa, 0xf5, 0xc2, 0x32, 0x00, 0x00, 0x03, 0x00, 0x00, 0x00, 0x00, 0x00, 0x00, 0x00, 0x00,
  0x00, 0x00, 0x00, 0x00, 0x00, 0x00, 0x00, 0x00, 0x00, 0x00, 0x00, 0x00, 0x00, 0x00, 0x00, 0x00,
  0x00, 0x00, 0x00, 0x00, 0x00, 0x00, 0x00, 0x00, 0x00, 0x00, 0x00, 0x00, 0x00, 0x00, 0x00, 0x00,
  0x00, 0x00, 0x00, 0x00, 0x00, 0x00, 0x00, 0x00, 0x00, 0x00, 0x00, 0x00, 0x00, 0x00, 0x00, 0x00,
  0x00, 0x00, 0x00, 0x06, 0x00, 0x00, 0x44, 0xb8, 0xfc, 0xff, 0xff, 0xfd, 0xff, 0xfe, 0xfe, 0xfe,
  0xff, 0xff, 0xfe, 0xfe, 0xfe, 0xff, 0xff, 0xfe, 0xfa, 0xff, 0xff, 0xd5, 0x71, 0x19, 0x03, 0x00,
  0x03, 0x00, 0x00, 0x00, 0x00, 0x00, 0x00, 0x00, 0x00, 0x00, 0x00, 0x00, 0x00, 0x00, 0x00, 0x00,
  0x00, 0x00, 0x00, 0x00, 0x00, 0x00, 0x00, 0x00, 0x00, 0x00, 0x00, 0x00, 0x00, 0x00, 0x00, 0x00,
  0x00, 0x00, 0x00, 0x00, 0x00, 0x00, 0x00, 0x00, 0x00, 0x00, 0x00, 0x00, 0x00, 0x00, 0x00, 0x00,
  0x00, 0x00, 0x00, 0x00, 0x00, 0x00, 0x00, 0x00, 0x00, 0x00, 0x00, 0x00, 0x03, 0x00, 0x00, 0x12,
  0x65, 0xe2, 0xff, 0xfc, 0xf9, 0xff, 0xfe, 0xfe, 0xfe, 0xfe, 0xfe, 0xfe, 0xfe, 0xfe, 0xff, 0xfe,
  0xfe, 0xf9, 0xfd, 0xfa, 0x97, 0x21, 0x02, 0x02, 0x00, 0x01, 0x00, 0x00, 0x00, 0x00, 0x00, 0x00,
  0x00, 0x00, 0x00, 0x00, 0x00, 0x00, 0x00, 0x00, 0x00, 0x00, 0x00, 0x00, 0x00, 0x00, 0x00, 0x00,
  0x00, 0x00, 0x00, 0x00, 0x00, 0x00, 0x00, 0x00, 0x00, 0x00, 0x00, 0x00, 0x00, 0x00, 0x00, 0x00,
  0x00, 0x00, 0x00, 0x00, 0x00, 0x00, 0x00, 0x00, 0x00, 0x00, 0x00, 0x00, 0x00, 0x00, 0x00, 0x00,
  0x00, 0x00, 0x00, 0x00, 0x00, 0x01, 0x01, 0x02, 0x00, 0x23, 0x9f, 0xed, 0xff, 0xfb, 0xf7, 0xfb,
  0xfe, 0xfe, 0xfe, 0xfe, 0xfe, 0xfd, 0xfd, 0xfd, 0xf9, 0xfb, 0xff, 0xff, 0xbb, 0x4a, 0x00, 0x00,
  0x02, 0x00, 0x00, 0x00, 0x00, 0x00, 0x00, 0x00, 0x00, 0x00, 0x00, 0x00, 0x00, 0x00, 0x00, 0x00,
  0x00, 0x00, 0x00, 0x00, 0x00, 0x00, 0x00, 0x00, 0x00, 0x00, 0x00, 0x00, 0x00, 0x00, 0x00, 0x00,
  0x00, 0x00, 0x00, 0x00, 0x00, 0x00, 0x00, 0x00, 0x00, 0x00, 0x00, 0x00, 0x00, 0x00, 0x00, 0x00,
  0x00, 0x00, 0x00, 0x00, 0x00, 0x00, 0x00, 0x00, 0x00, 0x00, 0x00, 0x00, 0x00, 0x00, 0x00, 0x01,
  0x03, 0x01, 0x05, 0x49, 0xaa, 0xf6, 0xff, 0xfe, 0xff, 0xff, 0xff, 0xfe, 0xfe, 0xfe, 0xfe, 0xff,
  0xff, 0xff, 0xff, 0xfb, 0xd5, 0x5c, 0x11, 0x01, 0x01, 0x02, 0x00, 0x00, 0x00, 0x00, 0x00, 0x00,
  0x00, 0x00, 0x00, 0x00, 0x00, 0x00, 0x00, 0x00, 0x00, 0x00, 0x00, 0x00, 0x00, 0x00, 0x00, 0x00,
  0x00, 0x00, 0x00, 0x00, 0x00, 0x00, 0x00, 0x00, 0x00, 0x00, 0x00, 0x00, 0x00, 0x00, 0x00, 0x00,
  0x00, 0x00, 0x00, 0x00, 0x00, 0x00, 0x00, 0x00, 0x00, 0x00, 0x00, 0x00, 0x00, 0x00, 0x00, 0x00,
  0x00, 0x00, 0x00, 0x00, 0x00, 0x00, 0x00, 0x00, 0x00, 0x01, 0x03, 0x00, 0x0d, 0x43, 0xa9, 0xf9,
  0xff, 0xff, 0xfc, 0xfd, 0xf8, 0xf6, 0xf8, 0xfa, 0xfe, 0xff, 0xff, 0xff, 0xbd, 0x60, 0x14, 0x00,
  0x01, 0x01, 0x00, 0x00, 0x00, 0x00, 0x00, 0x00, 0x00, 0x00, 0x00, 0x00, 0x00, 0x00, 0x00, 0x00,
  0x00, 0x00, 0x00, 0x00, 0x00, 0x00, 0x00, 0x00, 0x00, 0x00, 0x00, 0x00, 0x00, 0x00, 0x00, 0x00,
  0x00, 0x00, 0x00, 0x00, 0x00, 0x00, 0x00, 0x00, 0x00, 0x00, 0x00, 0x00, 0x00, 0x00, 0x00, 0x00,
  0x00, 0x00, 0x00, 0x00, 0x00, 0x00, 0x00, 0x00, 0x00, 0x00, 0x00, 0x00, 0x00, 0x00, 0x00, 0x00,
  0x00, 0x00, 0x00, 0x03, 0x02, 0x00, 0x06, 0x48, 0x98, 0xcb, 0xeb, 0xf9, 0xff, 0xff, 0xff, 0xff,
  0xff, 0xff, 0xec, 0xd5, 0xaf, 0x5a, 0x10, 0x00, 0x01, 0x01, 0x01, 0x00, 0x00, 0x00, 0x00, 0x00,
  0x00, 0x00, 0x00, 0x00, 0x00, 0x00, 0x00, 0x00, 0x00, 0x00, 0x00, 0x00, 0x00, 0x00, 0x00, 0x00,
  0x00, 0x00, 0x00, 0x00, 0x00, 0x00, 0x00, 0x00, 0x00, 0x00, 0x00, 0x00, 0x00, 0x00, 0x00, 0x00,
  0x00, 0x00, 0x00, 0x00, 0x00, 0x00, 0x00, 0x00, 0x00, 0x00, 0x00, 0x00, 0x00, 0x00, 0x00, 0x00,
  0x00, 0x00, 0x00, 0x00, 0x00, 0x00, 0x00, 0x00, 0x00, 0x00, 0x00, 0x00, 0x00, 0x00, 0x00, 0x00,
  0x03, 0x0d, 0x3e, 0x96, 0xc6, 0xdb, 0xfd, 0xff, 0xfb, 0xec, 0xd2, 0xa1, 0x59, 0x18, 0x04, 0x02,
  0x00, 0x00, 0x00, 0x00, 0x00, 0x00, 0x00, 0x00, 0x00, 0x00, 0x00, 0x00, 0x00, 0x00, 0x00, 0x00,
  0x00, 0x00, 0x00, 0x00, 0x00, 0x00, 0x00, 0x00, 0x00, 0x00, 0x00, 0x00, 0x00, 0x00, 0x00, 0x00,
  0x00, 0x00, 0x00, 0x00, 0x00, 0x00, 0x00, 0x00, 0x00, 0x00, 0x00, 0x00, 0x00, 0x00, 0x00, 0x00,
  0x00, 0x00, 0x00, 0x00, 0x00, 0x00, 0x00, 0x00, 0x00, 0x00, 0x00, 0x00, 0x00, 0x00, 0x00, 0x00,
  0x00, 0x00, 0x00, 0x00, 0x00, 0x00, 0x00, 0x02, 0x00, 0x00, 0x00, 0x01, 0x2a, 0x41, 0x4a, 0x5a,
  0x5f, 0x59, 0x52, 0x46, 0x2f, 0x0e, 0x00, 0x00, 0x00, 0x02, 0x00, 0x00, 0x00, 0x00, 0x00, 0x00,
  0x00, 0x00, 0x00, 0x00, 0x00, 0x00, 0x00, 0x00, 0x00, 0x00, 0x00, 0x00, 0x00, 0x00, 0x00, 0x00,
  0x00, 0x00, 0x00, 0x00, 0x00, 0x00, 0x00, 0x00, 0x00, 0x00, 0x00, 0x00, 0x00, 0x00, 0x00, 0x00,
  0x00, 0x00, 0x00, 0x00, 0x00, 0x00, 0x00, 0x00, 0x00, 0x00, 0x00, 0x00, 0x00, 0x00, 0x00, 0x00,
  0x00, 0x00, 0x00, 0x00, 0x00, 0x00, 0x00, 0x00, 0x00, 0x00, 0x00, 0x00, 0x00, 0x00, 0x00, 0x00,
  0x00, 0x01, 0x04, 0x06, 0x01, 0x00, 0x00, 0x00, 0x00, 0x00, 0x00, 0x00, 0x00, 0x00, 0x00, 0x05,
  0x05, 0x01, 0x00, 0x00, 0x00, 0x00, 0x00, 0x00, 0x00, 0x00, 0x00, 0x00, 0x00, 0x00, 0x00, 0x00,
  0x00, 0x00, 0x00, 0x00, 0x00, 0x00, 0x00, 0x00, 0x00, 0x00, 0x00, 0x00, 0x00, 0x00, 0x00, 0x00,
  0x00, 0x00, 0x00, 0x00, 0x00, 0x00, 0x00, 0x00, 0x00, 0x00, 0x00, 0x00
};

const lv_image_dsc_t velaguard_img_icon_rainbow_rain_blue_9 =
{
  .header.magic = LV_IMAGE_HEADER_MAGIC,
  .header.cf = LV_COLOR_FORMAT_RGB565A8,
  .header.flags = 0,
  .header.w = 89,
  .header.h = 116,
  .header.stride = 178,
  .data_size = sizeof(velaguard_img_icon_rainbow_rain_blue_9_data),
  .data = velaguard_img_icon_rainbow_rain_blue_9_data,
};
