#include <lvgl.h>

static const uint8_t velaguard_img_icon_rainbow_rain_blue_0_data[] =
{
  0x00, 0x00, 0x00, 0x00, 0x00, 0x00, 0x00, 0x00, 0x00, 0x00, 0x00, 0x00, 0x00, 0x00, 0x00, 0x00,
  0x00, 0x00, 0x00, 0x00, 0x00, 0x00, 0x00, 0x00, 0x00, 0x00, 0x00, 0x00, 0x00, 0x00, 0x00, 0x00,
  0x00, 0x00, 0x00, 0x00, 0x00, 0x00, 0x00, 0x00, 0x00, 0x00, 0x00, 0x00, 0x00, 0x00, 0x00, 0x00,
  0x00, 0x00, 0x00, 0x00, 0x00, 0x00, 0xff, 0x07, 0xff, 0x7f, 0xff, 0x67, 0xdf, 0x6e, 0xbf, 0x7e,
  0xff, 0x7f, 0x00, 0x00, 0x00, 0x00, 0x00, 0x00, 0x00, 0x00, 0x00, 0x00, 0x00, 0x00, 0x00, 0x00,
  0x00, 0x00, 0x00, 0x00, 0x00, 0x00, 0x00, 0x00, 0x00, 0x00, 0x00, 0x00, 0x00, 0x00, 0x00, 0x00,
  0x00, 0x00, 0x00, 0x00, 0x00, 0x00, 0x00, 0x00, 0x00, 0x00, 0x00, 0x00, 0x00, 0x00, 0x00, 0x00,
  0xff, 0x7f, 0xff, 0x7e, 0xff, 0x7f, 0x7f, 0x66, 0xff, 0xaf, 0xff, 0xff, 0x00, 0x00, 0x00, 0x00,
  0x00, 0x00, 0x00, 0x00, 0x00, 0x00, 0x00, 0x00, 0x00, 0x00, 0x00, 0x00, 0x00, 0x00, 0x00, 0x00,
  0x00, 0x00, 0x00, 0x00, 0x00, 0x00, 0x00, 0x00, 0x00, 0x00, 0x00, 0x00, 0x00, 0x00, 0x00, 0x00,
  0x00, 0x00, 0x00, 0x00, 0x00, 0x00, 0x00, 0x00, 0x00, 0x00, 0x00, 0x00, 0x00, 0x00, 0x00, 0x00,
  0x00, 0x00, 0x00, 0x00, 0x00, 0x00, 0x00, 0x00, 0x00, 0x00, 0x00, 0x00, 0x00, 0x00, 0x00, 0x00,
  0x00, 0x00, 0x00, 0x00, 0x00, 0x00, 0x00, 0x00, 0x00, 0x00, 0x00, 0x00, 0x00, 0x00, 0x00, 0x00,
  0x00, 0x00, 0x00, 0x00, 0x00, 0x00, 0x00, 0x00, 0x00, 0x00, 0x00, 0x00, 0x00, 0x00, 0x00, 0x00,
  0x00, 0x00, 0xff, 0xff, 0xff, 0x57, 0xff, 0x7f, 0x5f, 0x55, 0x00, 0x00, 0x00, 0x00, 0x00, 0x00,
  0x00, 0x00, 0x00, 0x00, 0x3f, 0x77, 0x5f, 0x77, 0x5f, 0x7f, 0x3f, 0x7f, 0x5f, 0x7f, 0x3f, 0x7f,
  0x5f, 0x7f, 0x5f, 0x7f, 0x7f, 0x7f, 0x7f, 0x7f, 0x5f, 0x7f, 0x5f, 0x7f, 0x5f, 0x7f, 0x7f, 0x7f,
  0x7f, 0x7f, 0x5f, 0x7f, 0x5f, 0x7f, 0x3f, 0x7f, 0x5f, 0x7f, 0x5f, 0x7f, 0x5f, 0x7f, 0x7f, 0x7f,
  0x5f, 0x8f, 0x00, 0x00, 0x00, 0x00, 0x00, 0x00, 0x00, 0x00, 0x00, 0x00, 0x00, 0x00, 0xff, 0x7d,
  0xff, 0x7f, 0x1f, 0x00, 0x00, 0x00, 0x00, 0x00, 0x00, 0x00, 0x00, 0x00, 0x00, 0x00, 0x00, 0x00,
  0x00, 0x00, 0x00, 0x00, 0x00, 0x00, 0x00, 0x00, 0x00, 0x00, 0x00, 0x00, 0x00, 0x00, 0x00, 0x00,
  0x00, 0x00, 0x00, 0x00, 0x00, 0x00, 0x00, 0x00, 0x00, 0x00, 0x00, 0x00, 0x00, 0x00, 0x00, 0x00,
  0x00, 0x00, 0x00, 0x00, 0x00, 0x00, 0x00, 0x00, 0x00, 0x00, 0x00, 0x00, 0x00, 0x00, 0x00, 0x00,
  0x00, 0x00, 0x00, 0x00, 0x00, 0x00, 0x00, 0x00, 0x00, 0x00, 0x00, 0x00, 0x00, 0x00, 0x00, 0x00,
  0x00, 0x00, 0x00, 0x00, 0x00, 0x00, 0x00, 0x00, 0x00, 0x00, 0x00, 0x00, 0x00, 0x00, 0x00, 0x00,
  0x00, 0x00, 0x00, 0x00, 0x00, 0x00, 0x00, 0x00, 0x00, 0x00, 0x00, 0x00, 0xff, 0x07, 0x7f, 0x66,
  0x1f, 0x77, 0xff, 0x7e, 0x3f, 0x7f, 0x7f, 0x77, 0x7f, 0x7f, 0x5f, 0x7f, 0x3f, 0x7f, 0x5f, 0x7f,
  0x5f, 0x7f, 0x5f, 0x7f, 0x5f, 0x7f, 0xbf, 0x87, 0xbf, 0x87, 0x9f, 0x7f, 0x9f, 0x7f, 0x9f, 0x7f,
  0xbf, 0x87, 0xbf, 0x87, 0x5f, 0x7f, 0x5f, 0x7f, 0x5f, 0x7f, 0x5f, 0x7f, 0x5f, 0x7f, 0x5f, 0x7f,
  0x5f, 0x7f, 0x5f, 0x7f, 0x7f, 0x87, 0x1f, 0x77, 0xdf, 0x6e, 0xff, 0x7f, 0xff, 0x7f, 0x00, 0x00,
  0x00, 0x00, 0x00, 0x00, 0x00, 0x00, 0x00, 0x00, 0x00, 0x00, 0x00, 0x00, 0x00, 0x00, 0x00, 0x00,
  0x00, 0x00, 0x00, 0x00, 0x00, 0x00, 0x00, 0x00, 0x00, 0x00, 0x00, 0x00, 0x00, 0x00, 0x00, 0x00,
  0x00, 0x00, 0x00, 0x00, 0x00, 0x00, 0x00, 0x00, 0x00, 0x00, 0x00, 0x00, 0x00, 0x00, 0x00, 0x00,
  0x00, 0x00, 0x00, 0x00, 0x00, 0x00, 0x00, 0x00, 0x00, 0x00, 0x00, 0x00, 0x00, 0x00, 0x00, 0x00,
  0x00, 0x00, 0x00, 0x00, 0x00, 0x00, 0x00, 0x00, 0x00, 0x00, 0x00, 0x00, 0x00, 0x00, 0x00, 0x00,
  0x00, 0x00, 0x00, 0x00, 0x00, 0x00, 0x00, 0x00, 0x00, 0x00, 0x00, 0x00, 0x00, 0x00, 0x00, 0x00,
  0xff, 0x7f, 0xff, 0x9f, 0xff, 0x67, 0x00, 0x00, 0x00, 0x00, 0x00, 0x00, 0x00, 0x00, 0x5f, 0x7f,
  0x5f, 0x7f, 0x3f, 0x7f, 0x5f, 0x7f, 0x5f, 0x7f, 0x5f, 0x7f, 0x5f, 0x7f, 0x5f, 0x7f, 0x5f, 0x7f,
  0x5f, 0x7f, 0x9f, 0x7f, 0xbf, 0x7f, 0xdf, 0x87, 0xff, 0x87, 0xff, 0x87, 0xff, 0x87, 0xff, 0x87,
  0xff, 0x87, 0xff, 0x87, 0xff, 0x87, 0xdf, 0x87, 0x9f, 0x7f, 0x9f, 0x7f, 0x7f, 0x7f, 0x5f, 0x7f,
  0x5f, 0x7f, 0x3f, 0x7f, 0x3f, 0x7f, 0x7f, 0x7f, 0x5f, 0x7f, 0x3f, 0x7f, 0x3f, 0x7f, 0x3f, 0x77,
  0xff, 0x7f, 0x00, 0x00, 0x00, 0x00, 0xff, 0x57, 0xdf, 0x6e, 0x7f, 0x66, 0xff, 0x7f, 0x00, 0x00,
  0x00, 0x00, 0x00, 0x00, 0x00, 0x00, 0x00, 0x00, 0x00, 0x00, 0x00, 0x00, 0x00, 0x00, 0x00, 0x00,
  0x00, 0x00, 0x00, 0x00, 0x00, 0x00, 0x00, 0x00, 0x00, 0x00, 0x00, 0x00, 0x00, 0x00, 0x00, 0x00,
  0x00, 0x00, 0x00, 0x00, 0x00, 0x00, 0x00, 0x00, 0x00, 0x00, 0x00, 0x00, 0x00, 0x00, 0x00, 0x00,
  0x00, 0x00, 0x00, 0x00, 0x00, 0x00, 0x00, 0x00, 0x00, 0x00, 0x00, 0x00, 0x00, 0x00, 0x00, 0x00,
  0x00, 0x00, 0x00, 0x00, 0x00, 0x00, 0x00, 0x00, 0x00, 0x00, 0x00, 0x00, 0x00, 0x00, 0xff, 0xff,
  0xff, 0xff, 0x00, 0x00, 0x00, 0x00, 0x00, 0x00, 0x1f, 0x77, 0x5f, 0x7f, 0x5f, 0x7f, 0x7f, 0x77,
  0x5f, 0x7f, 0x5f, 0x7f, 0x5f, 0x7f, 0xbf, 0x87, 0xdf, 0x87, 0xdf, 0x87, 0xbf, 0x87, 0x9f, 0x7f,
  0x7f, 0x7f, 0x5f, 0x7f, 0x5f, 0x7f, 0x5f, 0x7f, 0x5f, 0x7f, 0x5f, 0x7f, 0x5f, 0x7f, 0x5f, 0x7f,
  0x5f, 0x7f, 0x5f, 0x7f, 0x5f, 0x7f, 0x5f, 0x7f, 0x5f, 0x7f, 0x5f, 0x7f, 0x5f, 0x7f, 0x5f, 0x7f,
  0x5f, 0x7f, 0x7f, 0x7f, 0x9f, 0x87, 0xbf, 0x87, 0xff, 0x8f, 0xff, 0x87, 0x3f, 0x7f, 0x3f, 0x7f,
  0x1f, 0x7f, 0x3f, 0x7f, 0x3f, 0x7f, 0x1f, 0x7f, 0xff, 0x07, 0x00, 0x00, 0x00, 0x00, 0x00, 0x00,
  0xff, 0x7b, 0xff, 0xff, 0x00, 0x00, 0x00, 0x00, 0x00, 0x00, 0x00, 0x00, 0x00, 0x00, 0x00, 0x00,
  0x00, 0x00, 0x00, 0x00, 0x00, 0x00, 0x00, 0x00, 0x00, 0x00, 0x00, 0x00, 0x00, 0x00, 0x00, 0x00,
  0x00, 0x00, 0x00, 0x00, 0x00, 0x00, 0x00, 0x00, 0x00, 0x00, 0x00, 0x00, 0x00, 0x00, 0x00, 0x00,
  0x00, 0x00, 0x00, 0x00, 0x00, 0x00, 0x00, 0x00, 0x00, 0x00, 0x00, 0x00, 0x00, 0x00, 0x00, 0x00,
  0x00, 0x00, 0x00, 0x00, 0x00, 0x00, 0x00, 0x00, 0x00, 0x00, 0x00, 0x00, 0x00, 0x00, 0x00, 0x00,
  0xff, 0x7f, 0x5f, 0x55, 0xff, 0xff, 0x00, 0x00, 0xbf, 0x7e, 0x3f, 0x7f, 0x5f, 0x7f, 0x5f, 0x7f,
  0x5f, 0x7f, 0x5f, 0x7f, 0x5f, 0x7f, 0x7f, 0x7f, 0x7f, 0x7f, 0x7f, 0x7f, 0x7f, 0x7f, 0x7f, 0x7f,
  0x5f, 0x7f, 0x5f, 0x7f, 0x5f, 0x7f, 0x5f, 0x7f, 0x5f, 0x7f, 0x5f, 0x7f, 0x5f, 0x7f, 0x5f, 0x7f,
  0x5f, 0x7f, 0x5f, 0x7f, 0x5f, 0x7f, 0x5f, 0x7f, 0x5f, 0x7f, 0x5f, 0x7f, 0x3f, 0x7f, 0x5f, 0x7f,
  0x5f, 0x7f, 0x5f, 0x7f, 0x5f, 0x7f, 0x5f, 0x7f, 0x5f, 0x7f, 0x5f, 0x7f, 0x5f, 0x7f, 0x3f, 0x7f,
  0x1f, 0x7f, 0x1f, 0x7f, 0x1f, 0x7f, 0x3f, 0x7f, 0x3f, 0x7f, 0xbf, 0x7e, 0x00, 0x00, 0x00, 0x00,
  0x5f, 0x55, 0x5f, 0x55, 0xff, 0x7f, 0x00, 0x00, 0x00, 0x00, 0x00, 0x00, 0x00, 0x00, 0x00, 0x00,
  0x00, 0x00, 0x00, 0x00, 0x00, 0x00, 0x00, 0x00, 0x00, 0x00, 0x00, 0x00, 0x00, 0x00, 0x00, 0x00,
  0x00, 0x00, 0x00, 0x00, 0x00, 0x00, 0x00, 0x00, 0x00, 0x00, 0x00, 0x00, 0x00, 0x00, 0x00, 0x00,
  0x00, 0x00, 0x00, 0x00, 0x00, 0x00, 0x00, 0x00, 0x00, 0x00, 0x00, 0x00, 0x00, 0x00, 0x00, 0x00,
  0x00, 0x00, 0x00, 0x00, 0x00, 0x00, 0x00, 0x00, 0x00, 0x00, 0x00, 0x00, 0xff, 0x07, 0xff, 0x7f,
  0xff, 0xaf, 0x00, 0x00, 0x00, 0x00, 0x5f, 0x77, 0x3f, 0x7f, 0x5f, 0x7f, 0x7f, 0x7f, 0x5f, 0x7f,
  0xbf, 0x87, 0xff, 0x87, 0xdf, 0x87, 0x7f, 0x7f, 0x5f, 0x7f, 0x5f, 0x7f, 0x5f, 0x7f, 0x5f, 0x7f,
  0x5f, 0x7f, 0x5f, 0x7f, 0x5f, 0x7f, 0x5f, 0x7f, 0x5f, 0x7f, 0x5f, 0x7f, 0x5f, 0x7f, 0x5f, 0x7f,
  0x5f, 0x7f, 0x5f, 0x7f, 0x5f, 0x7f, 0x5f, 0x7f, 0x5f, 0x7f, 0x5f, 0x7f, 0x3f, 0x7f, 0x3f, 0x7f,
  0x3f, 0x7f, 0x3f, 0x7f, 0x3f, 0x7f, 0x3f, 0x7f, 0x3f, 0x7f, 0x1f, 0x7f, 0x1f, 0x7f, 0x1f, 0x7f,
  0x1f, 0x7f, 0x5f, 0x87, 0x7f, 0x87, 0x9f, 0x87, 0x3f, 0x7f, 0x1f, 0x7f, 0x1f, 0x7f, 0x1f, 0x7f,
  0xff, 0x7e, 0x1f, 0x7f, 0x00, 0x00, 0x00, 0x00, 0xff, 0xaf, 0xff, 0x7f, 0xff, 0x07, 0x00, 0x00,
  0x00, 0x00, 0x00, 0x00, 0x00, 0x00, 0x00, 0x00, 0x00, 0x00, 0x00, 0x00, 0x00, 0x00, 0x00, 0x00,
  0x00, 0x00, 0x00, 0x00, 0x00, 0x00, 0x00, 0x00, 0x00, 0x00, 0x00, 0x00, 0x00, 0x00, 0x00, 0x00,
  0x00, 0x00, 0x00, 0x00, 0x00, 0x00, 0x00, 0x00, 0x00, 0x00, 0x00, 0x00, 0x00, 0x00, 0x00, 0x00,
  0x00, 0x00, 0x00, 0x00, 0x00, 0x00, 0x00, 0x00, 0x00, 0x00, 0x00, 0x00, 0x00, 0x00, 0x00, 0x00,
  0x00, 0x00, 0x00, 0x00, 0x1f, 0x77, 0x3f, 0x77, 0x5f, 0x7f, 0x5f, 0x7f, 0x7f, 0x7f, 0xdf, 0x87,
  0x5f, 0x7f, 0x5f, 0x7f, 0x5f, 0x7f, 0x5f, 0x7f, 0x5f, 0x7f, 0x5f, 0x7f, 0x5f, 0x7f, 0x5f, 0x7f,
  0x5f, 0x7f, 0x5f, 0x7f, 0x5f, 0x7f, 0x5f, 0x7f, 0x5f, 0x7f, 0x5f, 0x7f, 0x5f, 0x7f, 0x5f, 0x7f,
  0x5f, 0x7f, 0x5f, 0x7f, 0x3f, 0x7f, 0x3f, 0x7f, 0x3f, 0x7f, 0x3f, 0x7f, 0x3f, 0x7f, 0x3f, 0x7f,
  0x3f, 0x7f, 0x3f, 0x7f, 0x3f, 0x7f, 0x3f, 0x7f, 0x3f, 0x7f, 0x3f, 0x7f, 0x1f, 0x7f, 0x1f, 0x7f,
  0x1f, 0x7f, 0x1f, 0x7f, 0x1f, 0x7f, 0x1f, 0x7f, 0x1f, 0x7f, 0x1f, 0x7f, 0x3f, 0x87, 0x7f, 0x87,
  0xff, 0x7e, 0xff, 0x7e, 0x1f, 0x7f, 0xff, 0x7e, 0x1f, 0x77, 0x00, 0x00, 0x00, 0x00, 0x00, 0x00,
  0x00, 0x00, 0x00, 0x00, 0x00, 0x00, 0x00, 0x00, 0x00, 0x00, 0x00, 0x00, 0x00, 0x00, 0x00, 0x00,
  0x00, 0x00, 0x00, 0x00, 0x00, 0x00, 0x00, 0x00, 0x00, 0x00, 0x00, 0x00, 0x00, 0x00, 0x00, 0x00,
  0x00, 0x00, 0x00, 0x00, 0x00, 0x00, 0x00, 0x00, 0x00, 0x00, 0x00, 0x00, 0x00, 0x00, 0x00, 0x00,
  0x00, 0x00, 0x00, 0x00, 0x00, 0x00, 0x00, 0x00, 0x00, 0x00, 0x00, 0x00, 0xff, 0x7f, 0xff, 0x7f,
  0xff, 0x7f, 0x00, 0x00, 0xff, 0xff, 0x3f, 0x77, 0x5f, 0x7f, 0x5f, 0x7f, 0x5f, 0x7f, 0x9f, 0x7f,
  0x9f, 0x7f, 0x7f, 0x7f, 0x5f, 0x7f, 0x5f, 0x7f, 0x5f, 0x7f, 0x5f, 0x7f, 0x5f, 0x7f, 0x5f, 0x7f,
  0x5f, 0x7f, 0x5f, 0x7f, 0x5f, 0x7f, 0x5f, 0x7f, 0x5f, 0x7f, 0x5f, 0x7f, 0x5f, 0x7f, 0x5f, 0x7f,
  0x5f, 0x7f, 0x5f, 0x7f, 0x3f, 0x7f, 0x3f, 0x7f, 0x3f, 0x7f, 0x3f, 0x7f, 0x3f, 0x7f, 0x3f, 0x7f,
  0x3f, 0x7f, 0x3f, 0x7f, 0x3f, 0x7f, 0x3f, 0x7f, 0x1f, 0x7f, 0x1f, 0x7f, 0x1f, 0x7f, 0x1f, 0x7f,
  0x1f, 0x7f, 0x1f, 0x7f, 0x1f, 0x7f, 0x1f, 0x7f, 0xff, 0x7e, 0xff, 0x7e, 0x1f, 0x7f, 0x3f, 0x87,
  0x3f, 0x87, 0x1f, 0x87, 0xff, 0x7e, 0xff, 0x7e, 0xff, 0x7e, 0xff, 0x7e, 0xff, 0x7f, 0x00, 0x00,
  0x5f, 0xad, 0xff, 0x7d, 0xff, 0x7f, 0x00, 0x00, 0x00, 0x00, 0x00, 0x00, 0x00, 0x00, 0x00, 0x00,
  0x00, 0x00, 0x00, 0x00, 0x00, 0x00, 0x00, 0x00, 0x00, 0x00, 0x00, 0x00, 0x00, 0x00, 0x00, 0x00,
  0x00, 0x00, 0x00, 0x00, 0x00, 0x00, 0x00, 0x00, 0x00, 0x00, 0x00, 0x00, 0x00, 0x00, 0x00, 0x00,
  0x00, 0x00, 0x00, 0x00, 0x00, 0x00, 0x00, 0x00, 0x00, 0x00, 0x00, 0x00, 0x5f, 0x55, 0x00, 0x00,
  0x00, 0x00, 0x00, 0x00, 0x3f, 0x77, 0x5f, 0x7f, 0x7f, 0x7f, 0x5f, 0x7f, 0xbf, 0x87, 0x7f, 0x7f,
  0x5f, 0x7f, 0x5f, 0x7f, 0x5f, 0x7f, 0x5f, 0x7f, 0x5f, 0x7f, 0x5f, 0x7f, 0x5f, 0x7f, 0x5f, 0x7f,
  0x5f, 0x7f, 0x5f, 0x7f, 0x5f, 0x7f, 0x5f, 0x7f, 0x5f, 0x7f, 0x5f, 0x7f, 0x5f, 0x7f, 0x5f, 0x7f,
  0x3f, 0x7f, 0x3f, 0x7f, 0x3f, 0x7f, 0x3f, 0x7f, 0x3f, 0x7f, 0x3f, 0x7f, 0x3f, 0x7f, 0x3f, 0x7f,
  0x3f, 0x7f, 0x1f, 0x7f, 0x1f, 0x7f, 0x1f, 0x7f, 0x1f, 0x7f, 0x1f, 0x7f, 0x1f, 0x7f, 0x1f, 0x7f,
  0x1f, 0x7f, 0x1f, 0x7f, 0x1f, 0x7f, 0xff, 0x7e, 0xff, 0x7e, 0xff, 0x7e, 0xff, 0x7e, 0xff, 0x7e,
  0xff, 0x7e, 0xff, 0x7e, 0xff, 0x7e, 0x3f, 0x87, 0x7f, 0x87, 0xff, 0x7e, 0xdf, 0x7e, 0xff, 0x7e,
  0x9f, 0x76, 0x00, 0x00, 0x00, 0x00, 0x00, 0x00, 0x5f, 0x55, 0x00, 0x00, 0x00, 0x00, 0x00, 0x00,
  0x00, 0x00, 0x00, 0x00, 0x00, 0x00, 0x00, 0x00, 0x00, 0x00, 0x00, 0x00, 0x00, 0x00, 0x00, 0x00,
  0x00, 0x00, 0x00, 0x00, 0x00, 0x00, 0x00, 0x00, 0x00, 0x00, 0x00, 0x00, 0x00, 0x00, 0x00, 0x00,
  0x00, 0x00, 0x00, 0x00, 0x00, 0x00, 0x00, 0x00, 0x00, 0x00, 0x00, 0x00, 0x00, 0x00, 0xff, 0x7b,
  0x00, 0x00, 0xff, 0xff, 0x7f, 0x7f, 0x7f, 0x7f, 0x5f, 0x7f, 0xbf, 0x87, 0x5f, 0x7f, 0x5f, 0x7f,
  0x5f, 0x7f, 0x5f, 0x7f, 0x5f, 0x7f, 0x5f, 0x7f, 0x5f, 0x7f, 0x5f, 0x7f, 0x5f, 0x7f, 0x5f, 0x7f,
  0x5f, 0x7f, 0x5f, 0x7f, 0x5f, 0x7f, 0x3f, 0x7f, 0x3f, 0x7f, 0x3f, 0x7f, 0x3f, 0x7f, 0x3f, 0x7f,
  0x3f, 0x7f, 0x3f, 0x7f, 0x3f, 0x7f, 0x3f, 0x7f, 0x3f, 0x7f, 0x3f, 0x7f, 0x1f, 0x7f, 0x3f, 0x7f,
  0x3f, 0x7f, 0x1f, 0x7f, 0x1f, 0x7f, 0x1f, 0x7f, 0x1f, 0x7f, 0x1f, 0x7f, 0x1f, 0x7f, 0x1f, 0x7f,
  0x1f, 0x7f, 0xff, 0x7e, 0xff, 0x7e, 0xff, 0x7e, 0xff, 0x7e, 0xff, 0x7e, 0xff, 0x7e, 0xff, 0x7e,
  0xff, 0x7e, 0xff, 0x7e, 0xff, 0x7e, 0xff, 0x7e, 0xdf, 0x7e, 0xdf, 0x7e, 0xdf, 0x7e, 0xdf, 0x7e,
  0xdf, 0x7e, 0xdf, 0x7e, 0xff, 0x7e, 0xff, 0xaf, 0x00, 0x00, 0xff, 0x7f, 0x00, 0x00, 0x00, 0x00,
  0x00, 0x00, 0x00, 0x00, 0x00, 0x00, 0x00, 0x00, 0x00, 0x00, 0x00, 0x00, 0x00, 0x00, 0x00, 0x00,
  0x00, 0x00, 0x00, 0x00, 0x00, 0x00, 0x00, 0x00, 0x00, 0x00, 0x00, 0x00, 0x00, 0x00, 0x00, 0x00,
  0x00, 0x00, 0x00, 0x00, 0x00, 0x00, 0x00, 0x00, 0x00, 0x00, 0x00, 0x00, 0x7f, 0x9e, 0x5f, 0x55,
  0x00, 0x00, 0x5f, 0x77, 0x3f, 0x7f, 0x5f, 0x7f, 0x9f, 0x7f, 0xbf, 0x87, 0xbf, 0x87, 0x5f, 0x7f,
  0x5f, 0x7f, 0x5f, 0x7f, 0x5f, 0x7f, 0x5f, 0x7f, 0x5f, 0x7f, 0x5f, 0x7f, 0x5f, 0x7f, 0x5f, 0x7f,
  0x5f, 0x7f, 0x5f, 0x7f, 0x5f, 0x7f, 0x3f, 0x7f, 0x3f, 0x7f, 0x3f, 0x7f, 0x3f, 0x7f, 0x3f, 0x7f,
  0x3f, 0x7f, 0x3f, 0x7f, 0x3f, 0x7f, 0x3f, 0x7f, 0x3f, 0x7f, 0x3f, 0x7f, 0x1f, 0x7f, 0x1f, 0x7f,
  0x1f, 0x7f, 0x1f, 0x7f, 0x1f, 0x7f, 0x1f, 0x7f, 0x1f, 0x7f, 0x1f, 0x7f, 0x1f, 0x7f, 0x1f, 0x7f,
  0x1f, 0x7f, 0x1f, 0x7f, 0xff, 0x7e, 0xff, 0x7e, 0xff, 0x7e, 0xff, 0x7e, 0xff, 0x7e, 0xff, 0x7e,
  0xff, 0x7e, 0xff, 0x7e, 0xdf, 0x7e, 0xdf, 0x7e, 0xdf, 0x7e, 0xdf, 0x7e, 0xdf, 0x7e, 0xdf, 0x7e,
  0x1f, 0x87, 0xff, 0x86, 0x1f, 0x87, 0xbf, 0x7e, 0xdf, 0x7e, 0x5f, 0x7e, 0x00, 0x00, 0x5f, 0x55,
  0x7f, 0x9e, 0x00, 0x00, 0x00, 0x00, 0x00, 0x00, 0x00, 0x00, 0x00, 0x00, 0x00, 0x00, 0x00, 0x00,
  0x00, 0x00, 0x00, 0x00, 0x00, 0x00, 0x00, 0x00, 0x00, 0x00, 0x00, 0x00, 0x00, 0x00, 0x00, 0x00,
  0x00, 0x00, 0x00, 0x00, 0x00, 0x00, 0x00, 0x00, 0x00, 0x00, 0xff, 0x07, 0xff, 0x07, 0x00, 0x00,
  0x00, 0x00, 0x5f, 0x77, 0x3f, 0x7f, 0x5f, 0x7f, 0x7f, 0x7f, 0xdf, 0x87, 0x5f, 0x7f, 0x5f, 0x7f,
  0x5f, 0x7f, 0x5f, 0x7f, 0x5f, 0x7f, 0x5f, 0x7f, 0x5f, 0x7f, 0x5f, 0x7f, 0x5f, 0x7f, 0x5f, 0x7f,
  0x5f, 0x7f, 0x3f, 0x7f, 0x3f, 0x7f, 0x3f, 0x7f, 0x3f, 0x7f, 0x3f, 0x7f, 0x3f, 0x7f, 0x3f, 0x7f,
  0x3f, 0x7f, 0x3f, 0x7f, 0x3f, 0x7f, 0x1f, 0x7f, 0x1f, 0x7f, 0x1f, 0x7f, 0x1f, 0x7f, 0x1f, 0x7f,
  0x1f, 0x7f, 0x1f, 0x7f, 0x1f, 0x7f, 0x1f, 0x7f, 0x1f, 0x7f, 0x1f, 0x7f, 0xff, 0x7e, 0xff, 0x7e,
  0xff, 0x7e, 0xff, 0x7e, 0xff, 0x7e, 0xff, 0x7e, 0xff, 0x7e, 0xff, 0x7e, 0xff, 0x7e, 0xff, 0x7e,
  0xff, 0x7e, 0xff, 0x7e, 0xdf, 0x7e, 0xdf, 0x7e, 0xdf, 0x7e, 0xdf, 0x7e, 0xdf, 0x7e, 0xdf, 0x7e,
  0xdf, 0x7e, 0xbf, 0x7e, 0xbf, 0x7e, 0x3f, 0x87, 0xdf, 0x7e, 0xbf, 0x7e, 0x9f, 0x7e, 0xbf, 0x8e,
  0x00, 0x00, 0x00, 0x00, 0x00, 0x00, 0xff, 0x07, 0x00, 0x00, 0x00, 0x00, 0x00, 0x00, 0x00, 0x00,
  0x00, 0x00, 0x00, 0x00, 0x00, 0x00, 0x00, 0x00, 0x00, 0x00, 0x00, 0x00, 0x00, 0x00, 0x00, 0x00,
  0x00, 0x00, 0x00, 0x00, 0x00, 0x00, 0x00, 0x00, 0x00, 0x00, 0x00, 0x00, 0xff, 0x7f, 0xff, 0x7b,
  0x00, 0x00, 0xff, 0x7e, 0x5f, 0x7f, 0x3f, 0x7f, 0x5f, 0x7f, 0x9f, 0x87, 0x5f, 0x7f, 0x5f, 0x7f,
  0x5f, 0x7f, 0x5f, 0x7f, 0x5f, 0x7f, 0x5f, 0x7f, 0x5f, 0x7f, 0x3f, 0x7f, 0x3f, 0x7f, 0x3f, 0x7f,
  0x3f, 0x7f, 0x3f, 0x7f, 0x3f, 0x7f, 0x3f, 0x7f, 0x3f, 0x7f, 0x3f, 0x7f, 0x3f, 0x7f, 0x3f, 0x7f,
  0x3f, 0x7f, 0x1f, 0x7f, 0x1f, 0x7f, 0x1f, 0x7f, 0x1f, 0x7f, 0x1f, 0x7f, 0x1f, 0x7f, 0x1f, 0x7f,
  0x1f, 0x7f, 0x1f, 0x7f, 0x1f, 0x7f, 0xff, 0x7e, 0xff, 0x7e, 0xff, 0x7e, 0xff, 0x7e, 0xff, 0x7e,
  0xff, 0x7e, 0xff, 0x7e, 0xff, 0x7e, 0xff, 0x7e, 0xdf, 0x7e, 0xdf, 0x7e, 0xdf, 0x7e, 0xdf, 0x7e,
  0xdf, 0x7e, 0xdf, 0x7e, 0xdf, 0x7e, 0xdf, 0x7e, 0xdf, 0x7e, 0xdf, 0x7e, 0xdf, 0x7e, 0xdf, 0x7e,
  0xbf, 0x7e, 0xbf, 0x7e, 0xbf, 0x7e, 0xbf, 0x7e, 0xbf, 0x7e, 0x1f, 0x87, 0xdf, 0x86, 0x9f, 0x7e,
  0x9f, 0x7e, 0xff, 0x7e, 0x00, 0x00, 0xff, 0xff, 0xff, 0x7f, 0x00, 0x00, 0x00, 0x00, 0x00, 0x00,
  0x00, 0x00, 0x00, 0x00, 0x00, 0x00, 0x00, 0x00, 0x00, 0x00, 0x00, 0x00, 0x00, 0x00, 0x00, 0x00,
  0x00, 0x00, 0x00, 0x00, 0x00, 0x00, 0x00, 0x00, 0x00, 0x00, 0x00, 0x00, 0x5f, 0x55, 0xff, 0x7f,
  0x00, 0x00, 0x3f, 0x7f, 0xff, 0x76, 0x5f, 0x7f, 0x9f, 0x7f, 0x9f, 0x87, 0x7f, 0x7f, 0x5f, 0x7f,
  0x5f, 0x7f, 0x5f, 0x7f, 0x5f, 0x7f, 0x5f, 0x7f, 0x5f, 0x7f, 0x5f, 0x7f, 0x3f, 0x7f, 0x3f, 0x7f,
  0x3f, 0x7f, 0x3f, 0x7f, 0x3f, 0x7f, 0x3f, 0x7f, 0x3f, 0x7f, 0x3f, 0x7f, 0x3f, 0x7f, 0x3f, 0x7f,
  0x1f, 0x7f, 0x1f, 0x7f, 0x1f, 0x7f, 0x1f, 0x7f, 0x1f, 0x7f, 0x1f, 0x7f, 0x1f, 0x7f, 0x1f, 0x7f,
  0xff, 0x7e, 0xff, 0x7e, 0x1f, 0x7f, 0x1f, 0x7f, 0xff, 0x7e, 0xff, 0x7e, 0xff, 0x7e, 0xff, 0x7e,
  0xff, 0x7e, 0xdf, 0x7e, 0xdf, 0x7e, 0xdf, 0x7e, 0xdf, 0x7e, 0xdf, 0x7e, 0xdf, 0x7e, 0xdf, 0x7e,
  0xdf, 0x7e, 0xdf, 0x7e, 0xdf, 0x7e, 0xdf, 0x7e, 0xdf, 0x7e, 0xdf, 0x7e, 0xdf, 0x7e, 0xdf, 0x7e,
  0xbf, 0x7e, 0xbf, 0x7e, 0xbf, 0x7e, 0xbf, 0x7e, 0xbf, 0x7e, 0x9f, 0x7e, 0xdf, 0x86, 0xff, 0x86,
  0xdf, 0x86, 0x9f, 0x86, 0x5f, 0x7e, 0x7f, 0x7e, 0x00, 0x00, 0xff, 0xaf, 0x5f, 0x55, 0x00, 0x00,
  0x00, 0x00, 0x00, 0x00, 0x00, 0x00, 0x00, 0x00, 0x00, 0x00, 0x00, 0x00, 0x00, 0x00, 0x00, 0x00,
  0x00, 0x00, 0x00, 0x00, 0x00, 0x00, 0x00, 0x00, 0x00, 0x00, 0x00, 0x00, 0x00, 0x00, 0xff, 0x7d,
  0x00, 0x00, 0xff, 0x57, 0x5f, 0x7f, 0x5f, 0x7f, 0x5f, 0x7f, 0xbf, 0x87, 0x5f, 0x7f, 0x5f, 0x7f,
  0x5f, 0x7f, 0x5f, 0x7f, 0x3f, 0x7f, 0x3f, 0x7f, 0x3f, 0x7f, 0x3f, 0x7f, 0x3f, 0x7f, 0x3f, 0x7f,
  0x3f, 0x7f, 0x3f, 0x7f, 0x3f, 0x7f, 0x3f, 0x7f, 0x1f, 0x7f, 0x1f, 0x7f, 0x1f, 0x7f, 0x1f, 0x7f,
  0x1f, 0x7f, 0x1f, 0x7f, 0x1f, 0x7f, 0x1f, 0x7f, 0x1f, 0x7f, 0x1f, 0x7f, 0x1f, 0x7f, 0xff, 0x7e,
  0xff, 0x7e, 0xff, 0x7e, 0xff, 0x7e, 0xff, 0x7e, 0xff, 0x7e, 0xff, 0x7e, 0xff, 0x7e, 0xff, 0x7e,
  0xff, 0x7e, 0xff, 0x7e, 0xdf, 0x7e, 0xdf, 0x7e, 0xdf, 0x7e, 0xdf, 0x7e, 0xdf, 0x7e, 0xdf, 0x7e,
  0xdf, 0x7e, 0xdf, 0x7e, 0xdf, 0x7e, 0xbf, 0x7e, 0xbf, 0x7e, 0xbf, 0x7e, 0xbf, 0x7e, 0xbf, 0x7e,
  0xbf, 0x7e, 0xbf, 0x7e, 0xbf, 0x7e, 0xbf, 0x7e, 0xbf, 0x7e, 0xbf, 0x7e, 0x9f, 0x7e, 0x9f, 0x7e,
  0xbf, 0x7e, 0xdf, 0x86, 0x9f, 0x86, 0x9f, 0x86, 0x9f, 0x7e, 0xff, 0x07, 0x00, 0x00, 0xff, 0x7d,
  0x00, 0x00, 0x00, 0x00, 0x00, 0x00, 0x00, 0x00, 0x00, 0x00, 0x00, 0x00, 0x00, 0x00, 0x00, 0x00,
  0x00, 0x00, 0x00, 0x00, 0x00, 0x00, 0x00, 0x00, 0x00, 0x00, 0x00, 0x00, 0xff, 0x7f, 0x1f, 0x00,
  0x7f, 0x66, 0xff, 0x7f, 0x7f, 0x7f, 0x5f, 0x7f, 0xbf, 0x87, 0x9f, 0x87, 0x5f, 0x7f, 0x5f, 0x7f,
  0x5f, 0x7f, 0x5f, 0x7f, 0x3f, 0x7f, 0x3f, 0x7f, 0x3f, 0x7f, 0x3f, 0x7f, 0x3f, 0x7f, 0x3f, 0x7f,
  0x3f, 0x7f, 0x1f, 0x7f, 0x3f, 0x7f, 0x1f, 0x7f, 0x1f, 0x7f, 0x1f, 0x7f, 0x1f, 0x7f, 0x1f, 0x7f,
  0x1f, 0x7f, 0x1f, 0x7f, 0x1f, 0x7f, 0x1f, 0x7f, 0x1f, 0x7f, 0xff, 0x7e, 0xff, 0x7e, 0xff, 0x7e,
  0xff, 0x7e, 0xff, 0x7e, 0xff, 0x7e, 0xff, 0x7e, 0xff, 0x7e, 0xff, 0x7e, 0xdf, 0x7e, 0xdf, 0x7e,
  0xdf, 0x7e, 0xff, 0x7e, 0xdf, 0x7e, 0xdf, 0x7e, 0xdf, 0x7e, 0xdf, 0x7e, 0xdf, 0x7e, 0xdf, 0x7e,
  0xdf, 0x7e, 0xbf, 0x7e, 0xbf, 0x7e, 0xbf, 0x7e, 0xbf, 0x7e, 0xbf, 0x7e, 0xbf, 0x7e, 0xbf, 0x7e,
  0xbf, 0x7e, 0xbf, 0x7e, 0x9f, 0x7e, 0x9f, 0x7e, 0x9f, 0x7e, 0xbf, 0x86, 0x9f, 0x86, 0x9f, 0x86,
  0x9f, 0x86, 0x9f, 0x86, 0x9f, 0x86, 0xdf, 0x86, 0xff, 0x86, 0x7f, 0x7e, 0xbf, 0x76, 0x00, 0x00,
  0x7f, 0x9e, 0x1f, 0x00, 0xff, 0x7b, 0x00, 0x00, 0x00, 0x00, 0x00, 0x00, 0x00, 0x00, 0x00, 0x00,
  0x00, 0x00, 0x00, 0x00, 0x00, 0x00, 0x00, 0x00, 0x00, 0x00, 0x00, 0x00, 0x00, 0x00, 0xff, 0x7f,
  0x00, 0x00, 0x00, 0x00, 0x3f, 0x7f, 0x5f, 0x7f, 0x7f, 0x7f, 0xbf, 0x87, 0x7f, 0x7f, 0x3f, 0x7f,
  0x5f, 0x7f, 0x3f, 0x7f, 0x3f, 0x7f, 0x3f, 0x7f, 0x3f, 0x7f, 0x3f, 0x7f, 0x3f, 0x7f, 0x3f, 0x7f,
  0x3f, 0x7f, 0x1f, 0x7f, 0x1f, 0x7f, 0x1f, 0x7f, 0x1f, 0x7f, 0x1f, 0x7f, 0x1f, 0x7f, 0x1f, 0x7f,
  0x1f, 0x7f, 0x1f, 0x7f, 0x1f, 0x7f, 0x1f, 0x7f, 0x1f, 0x7f, 0xff, 0x7e, 0xff, 0x7e, 0xff, 0x7e,
  0xff, 0x7e, 0xff, 0x7e, 0xff, 0x7e, 0xff, 0x7e, 0xff, 0x7e, 0xff, 0x7e, 0xdf, 0x7e, 0xdf, 0x7e,
  0xdf, 0x7e, 0xdf, 0x7e, 0xdf, 0x7e, 0xdf, 0x7e, 0xdf, 0x7e, 0xdf, 0x7e, 0xdf, 0x7e, 0xdf, 0x7e,
  0xdf, 0x7e, 0xbf, 0x7e, 0xbf, 0x7e, 0xbf, 0x7e, 0xbf, 0x7e, 0xbf, 0x7e, 0xbf, 0x7e, 0xbf, 0x7e,
  0xbf, 0x7e, 0xbf, 0x7e, 0x9f, 0x7e, 0x9f, 0x7e, 0x9f, 0x7e, 0x9f, 0x7e, 0x9f, 0x86, 0x9f, 0x86,
  0x9f, 0x86, 0x9f, 0x86, 0x9f, 0x86, 0x7f, 0x86, 0x9f, 0x86, 0xff, 0x8e, 0x9f, 0x86, 0x9f, 0x86,
  0x9f, 0x7e, 0x00, 0x00, 0x00, 0x00, 0x5f, 0xad, 0x00, 0x00, 0x00, 0x00, 0x00, 0x00, 0x00, 0x00,
  0x00, 0x00, 0x00, 0x00, 0x00, 0x00, 0x00, 0x00, 0x00, 0x00, 0x00, 0x00, 0x00, 0x00, 0xff, 0x07,
  0xff, 0xff, 0x00, 0x00, 0xbf, 0x56, 0x3f, 0x7f, 0x3f, 0x7f, 0x7f, 0x7f, 0x5f, 0x7f, 0x3f, 0x7f,
  0x3f, 0x7f, 0x3f, 0x7f, 0x3f, 0x7f, 0x3f, 0x7f, 0x3f, 0x7f, 0x3f, 0x7f, 0x3f, 0x7f, 0x1f, 0x7f,
  0x1f, 0x7f, 0x1f, 0x7f, 0x1f, 0x7f, 0x1f, 0x7f, 0x1f, 0x7f, 0x1f, 0x7f, 0x1f, 0x7f, 0x1f, 0x7f,
  0x1f, 0x7f, 0x1f, 0x7f, 0x1f, 0x7f, 0x1f, 0x7f, 0xff, 0x7e, 0xff, 0x7e, 0xff, 0x7e, 0xff, 0x7e,
  0xff, 0x7e, 0xff, 0x7e, 0xdf, 0x7e, 0xdf, 0x7e, 0xdf, 0x7e, 0xdf, 0x7e, 0xdf, 0x7e, 0xdf, 0x7e,
  0xdf, 0x7e, 0xdf, 0x7e, 0xdf, 0x7e, 0xbf, 0x7e, 0xdf, 0x7e, 0xdf, 0x7e, 0xbf, 0x7e, 0xbf, 0x7e,
  0xbf, 0x7e, 0xbf, 0x7e, 0xbf, 0x7e, 0xbf, 0x7e, 0xbf, 0x7e, 0xbf, 0x7e, 0xbf, 0x7e, 0x9f, 0x7e,
  0x9f, 0x7e, 0x9f, 0x86, 0x9f, 0x86, 0x9f, 0x7e, 0x9f, 0x86, 0x9f, 0x86, 0x9f, 0x7e, 0x9f, 0x7e,
  0x9f, 0x7e, 0x7f, 0x7e, 0x7f, 0x7e, 0x7f, 0x86, 0x7f, 0x86, 0x7f, 0x86, 0x9f, 0x86, 0xdf, 0x86,
  0x7f, 0x86, 0x5f, 0x86, 0x5f, 0x55, 0x00, 0x00, 0xff, 0x7b, 0x1f, 0x00, 0x00, 0x00, 0x00, 0x00,
  0x00, 0x00, 0x00, 0x00, 0x00, 0x00, 0x00, 0x00, 0x00, 0x00, 0x00, 0x00, 0x00, 0x00, 0xff, 0xff,
  0xff, 0x57, 0x00, 0x00, 0xff, 0x57, 0x5f, 0x7f, 0x3f, 0x7f, 0x3f, 0x7f, 0x7f, 0x7f, 0x3f, 0x7f,
  0x3f, 0x7f, 0x3f, 0x7f, 0x3f, 0x7f, 0x3f, 0x7f, 0x3f, 0x7f, 0x1f, 0x7f, 0x1f, 0x7f, 0x1f, 0x7f,
  0x1f, 0x7f, 0x1f, 0x7f, 0x1f, 0x7f, 0x1f, 0x7f, 0x1f, 0x7f, 0x1f, 0x7f, 0x1f, 0x7f, 0x1f, 0x7f,
  0xff, 0x7e, 0xff, 0x7e, 0xff, 0x7e, 0xff, 0x7e, 0xff, 0x7e, 0xff, 0x7e, 0xff, 0x7e, 0xff, 0x7e,
  0xff, 0x7e, 0xff, 0x7e, 0xdf, 0x7e, 0xdf, 0x7e, 0xdf, 0x7e, 0xdf, 0x7e, 0xdf, 0x7e, 0xdf, 0x7e,
  0xdf, 0x7e, 0xdf, 0x7e, 0xdf, 0x7e, 0xbf, 0x7e, 0xbf, 0x7e, 0xbf, 0x7e, 0xbf, 0x7e, 0xbf, 0x7e,
  0xbf, 0x7e, 0xbf, 0x7e, 0xbf, 0x7e, 0xbf, 0x7e, 0xbf, 0x7e, 0xbf, 0x7e, 0xbf, 0x7e, 0xbf, 0x86,
  0x9f, 0x7e, 0x9f, 0x7e, 0x9f, 0x7e, 0x9f, 0x7e, 0x9f, 0x7e, 0x9f, 0x86, 0x9f, 0x86, 0x9f, 0x86,
  0x9f, 0x7e, 0x7f, 0x7e, 0x7f, 0x86, 0x7f, 0x7e, 0x7f, 0x86, 0x7f, 0x86, 0x7f, 0x86, 0x7f, 0x86,
  0xbf, 0x86, 0x9f, 0x86, 0x3f, 0x7e, 0x3f, 0x86, 0xff, 0xff, 0x00, 0x00, 0x5f, 0xad, 0xff, 0xff,
  0x00, 0x00, 0x00, 0x00, 0x00, 0x00, 0x00, 0x00, 0x00, 0x00, 0x00, 0x00, 0x00, 0x00, 0x00, 0x00,
  0xff, 0x7f, 0xff, 0xaf, 0xff, 0x7f, 0x7f, 0x7f, 0x3f, 0x7f, 0x5f, 0x7f, 0x3f, 0x7f, 0x3f, 0x7f,
  0x3f, 0x7f, 0x3f, 0x7f, 0x3f, 0x7f, 0x3f, 0x7f, 0x1f, 0x7f, 0x1f, 0x7f, 0x1f, 0x7f, 0x1f, 0x7f,
  0x1f, 0x7f, 0x1f, 0x7f, 0x1f, 0x7f, 0x1f, 0x7f, 0x1f, 0x7f, 0x1f, 0x7f, 0x1f, 0x7f, 0xff, 0x7e,
  0xff, 0x7e, 0xff, 0x7e, 0xff, 0x7e, 0xff, 0x7e, 0xff, 0x7e, 0xff, 0x7e, 0xff, 0x7e, 0xdf, 0x7e,
  0xdf, 0x7e, 0xdf, 0x7e, 0xdf, 0x7e, 0xdf, 0x7e, 0xdf, 0x7e, 0xdf, 0x7e, 0xdf, 0x7e, 0xdf, 0x7e,
  0xdf, 0x7e, 0xdf, 0x7e, 0xbf, 0x7e, 0xbf, 0x7e, 0xbf, 0x7e, 0xbf, 0x7e, 0xbf, 0x7e, 0xbf, 0x7e,
  0xbf, 0x7e, 0xbf, 0x7e, 0xbf, 0x7e, 0x9f, 0x7e, 0x9f, 0x7e, 0x9f, 0x7e, 0x9f, 0x7e, 0x9f, 0x7e,
  0x9f, 0x86, 0x9f, 0x86, 0x9f, 0x7e, 0x9f, 0x7e, 0x9f, 0x7e, 0x7f, 0x7e, 0x7f, 0x86, 0x7f, 0x86,
  0x7f, 0x86, 0x7f, 0x86, 0x7f, 0x86, 0x7f, 0x86, 0x7f, 0x86, 0x7f, 0x86, 0x7f, 0x86, 0x7f, 0x86,
  0x7f, 0x86, 0x5f, 0x86, 0x5f, 0x7e, 0x7f, 0x86, 0x5f, 0x86, 0x9f, 0x86, 0xff, 0xaf, 0xff, 0xaf,
  0xff, 0x7b, 0x00, 0x00, 0x00, 0x00, 0x00, 0x00, 0x00, 0x00, 0x00, 0x00, 0x00, 0x00, 0x00, 0x00,
  0xff, 0x7f, 0xff, 0x07, 0xff, 0x7f, 0x9f, 0x7f, 0x3f, 0x7f, 0x3f, 0x7f, 0xbf, 0x87, 0x3f, 0x7f,
  0x1f, 0x7f, 0x1f, 0x7f, 0x1f, 0x7f, 0x1f, 0x7f, 0x1f, 0x7f, 0x1f, 0x7f, 0x1f, 0x7f, 0x1f, 0x7f,
  0x1f, 0x7f, 0x1f, 0x7f, 0x1f, 0x7f, 0xff, 0x7e, 0xff, 0x7e, 0xff, 0x7e, 0xff, 0x7e, 0xff, 0x7e,
  0xff, 0x7e, 0xff, 0x7e, 0xff, 0x7e, 0xff, 0x7e, 0xff, 0x7e, 0xdf, 0x7e, 0xdf, 0x7e, 0xdf, 0x7e,
  0xdf, 0x7e, 0xdf, 0x7e, 0xdf, 0x7e, 0xdf, 0x7e, 0xdf, 0x7e, 0xdf, 0x7e, 0xdf, 0x7e, 0xbf, 0x7e,
  0xbf, 0x7e, 0xbf, 0x7e, 0xbf, 0x7e, 0xbf, 0x7e, 0xbf, 0x7e, 0xbf, 0x7e, 0xbf, 0x7e, 0xbf, 0x7e,
  0xbf, 0x7e, 0x9f, 0x7e, 0x9f, 0x7e, 0x9f, 0x7e, 0x9f, 0x7e, 0x9f, 0x7e, 0x9f, 0x86, 0x9f, 0x7e,
  0x9f, 0x7e, 0x9f, 0x7e, 0x7f, 0x7e, 0x7f, 0x7e, 0x7f, 0x86, 0x7f, 0x86, 0x7f, 0x7e, 0x7f, 0x86,
  0x7f, 0x86, 0x7f, 0x86, 0x7f, 0x86, 0x7f, 0x86, 0x7f, 0x86, 0x5f, 0x86, 0x5f, 0x86, 0x5f, 0x86,
  0x5f, 0x86, 0x5f, 0x86, 0x5f, 0x86, 0x5f, 0x86, 0xbf, 0x8e, 0x5f, 0x86, 0x7f, 0x86, 0x7f, 0x86,
  0x5f, 0xad, 0xff, 0x07, 0xff, 0xff, 0x00, 0x00, 0x00, 0x00, 0x00, 0x00, 0x00, 0x00, 0x00, 0x00,
  0x00, 0x00, 0xbf, 0x56, 0x00, 0x00, 0x00, 0x00, 0x5f, 0x7f, 0x3f, 0x7f, 0x3f, 0x7f, 0x7f, 0x87,
  0x1f, 0x7f, 0x1f, 0x7f, 0x1f, 0x7f, 0x1f, 0x7f, 0x1f, 0x7f, 0x1f, 0x7f, 0x1f, 0x7f, 0x1f, 0x7f,
  0x1f, 0x7f, 0x1f, 0x7f, 0x1f, 0x7f, 0xff, 0x7e, 0xff, 0x7e, 0xff, 0x7e, 0xff, 0x7e, 0xff, 0x7e,
  0xff, 0x7e, 0xff, 0x7e, 0xff, 0x7e, 0xdf, 0x7e, 0xdf, 0x7e, 0xff, 0x7e, 0xdf, 0x7e, 0xdf, 0x7e,
  0xdf, 0x7e, 0xdf, 0x7e, 0xdf, 0x7e, 0xdf, 0x7e, 0xdf, 0x7e, 0xdf, 0x7e, 0xdf, 0x7e, 0xdf, 0x7e,
  0xbf, 0x7e, 0xbf, 0x7e, 0xbf, 0x7e, 0xbf, 0x7e, 0xbf, 0x7e, 0xbf, 0x7e, 0xbf, 0x7e, 0xbf, 0x7e,
  0xbf, 0x7e, 0x9f, 0x7e, 0x9f, 0x7e, 0x9f, 0x86, 0x9f, 0x86, 0x9f, 0x86, 0x9f, 0x86, 0x9f, 0x86,
  0x9f, 0x7e, 0x9f, 0x7e, 0x7f, 0x7e, 0x7f, 0x7e, 0x7f, 0x7e, 0x7f, 0x86, 0x7f, 0x86, 0x7f, 0x7e,
  0x7f, 0x86, 0x7f, 0x86, 0x5f, 0x86, 0x5f, 0x86, 0x5f, 0x86, 0x5f, 0x86, 0x5f, 0x86, 0x5f, 0x86,
  0x5f, 0x86, 0x5f, 0x86, 0x5f, 0x86, 0x5f, 0x86, 0x5f, 0x86, 0x7f, 0x86, 0x7f, 0x86, 0x5f, 0x86,
  0x5f, 0x86, 0x00, 0x00, 0x00, 0x00, 0x7f, 0x9e, 0x00, 0x00, 0x00, 0x00, 0x00, 0x00, 0x00, 0x00,
  0x00, 0x00, 0x00, 0x00, 0xdf, 0x6e, 0x00, 0x00, 0x5f, 0x55, 0x3f, 0x7f, 0x3f, 0x7f, 0x5f, 0x7f,
  0x1f, 0x7f, 0x1f, 0x7f, 0x1f, 0x7f, 0x1f, 0x7f, 0x1f, 0x7f, 0x1f, 0x7f, 0x1f, 0x7f, 0x1f, 0x7f,
  0x1f, 0x7f, 0xff, 0x7e, 0xff, 0x7e, 0xff, 0x7e, 0xff, 0x7e, 0xff, 0x7e, 0xff, 0x7e, 0xff, 0x7e,
  0xff, 0x7e, 0xdf, 0x7e, 0xdf, 0x7e, 0xdf, 0x7e, 0xdf, 0x7e, 0xdf, 0x7e, 0xdf, 0x7e, 0xdf, 0x7e,
  0xdf, 0x7e, 0xdf, 0x7e, 0xdf, 0x7e, 0xbf, 0x7e, 0xbf, 0x7e, 0xdf, 0x7e, 0xdf, 0x7e, 0xdf, 0x86,
  0xdf, 0x86, 0xdf, 0x86, 0xdf, 0x86, 0xdf, 0x86, 0xdf, 0x86, 0xdf, 0x86, 0xbf, 0x86, 0xbf, 0x86,
  0xbf, 0x86, 0xbf, 0x86, 0x9f, 0x86, 0x9f, 0x86, 0x9f, 0x86, 0x9f, 0x86, 0x9f, 0x86, 0x9f, 0x86,
  0x7f, 0x86, 0x9f, 0x86, 0x9f, 0x86, 0x7f, 0x86, 0x7f, 0x86, 0x7f, 0x86, 0x7f, 0x86, 0x7f, 0x86,
  0x7f, 0x86, 0x7f, 0x86, 0x5f, 0x86, 0x5f, 0x86, 0x5f, 0x86, 0x5f, 0x86, 0x5f, 0x86, 0x5f, 0x86,
  0x5f, 0x86, 0x5f, 0x86, 0x5f, 0x86, 0x5f, 0x86, 0x3f, 0x86, 0x3f, 0x86, 0x3f, 0x86, 0x7f, 0x86,
  0x5f, 0x86, 0x3f, 0x86, 0xff, 0x5d, 0xff, 0x07, 0x7f, 0x9e, 0x00, 0x00, 0x00, 0x00, 0x00, 0x00,
  0x00, 0x00, 0x1f, 0xf8, 0x00, 0x00, 0xff, 0x7d, 0xff, 0x97, 0xff, 0x7e, 0x1f, 0x7f, 0x7f, 0x87,
  0x5f, 0x87, 0x1f, 0x7f, 0x1f, 0x7f, 0x1f, 0x7f, 0x1f, 0x7f, 0x1f, 0x7f, 0x1f, 0x7f, 0x1f, 0x7f,
  0xff, 0x7e, 0xff, 0x7e, 0xff, 0x7e, 0xff, 0x7e, 0xff, 0x7e, 0xff, 0x7e, 0xff, 0x7e, 0xff, 0x7e,
  0xdf, 0x7e, 0xdf, 0x7e, 0xdf, 0x7e, 0xdf, 0x7e, 0xdf, 0x7e, 0xdf, 0x7e, 0xdf, 0x7e, 0xdf, 0x7e,
  0xdf, 0x7e, 0xdf, 0x7e, 0xdf, 0x7e, 0xbf, 0x7e, 0xbf, 0x7e, 0xbf, 0x7e, 0xdf, 0x86, 0xff, 0x86,
  0x3f, 0x87, 0x5f, 0x8f, 0x5f, 0x8f, 0x5f, 0x8f, 0x5f, 0x8f, 0x5f, 0x8f, 0x5f, 0x8f, 0x3f, 0x8f,
  0x1f, 0x8f, 0xff, 0x86, 0xbf, 0x86, 0x9f, 0x86, 0x9f, 0x86, 0x9f, 0x86, 0x9f, 0x86, 0x7f, 0x7e,
  0x7f, 0x7e, 0x7f, 0x86, 0x7f, 0x86, 0x7f, 0x86, 0x7f, 0x86, 0x7f, 0x86, 0x7f, 0x86, 0x7f, 0x86,
  0x7f, 0x86, 0x7f, 0x86, 0x5f, 0x86, 0x5f, 0x86, 0x5f, 0x86, 0x5f, 0x86, 0x5f, 0x86, 0x5f, 0x86,
  0x5f, 0x86, 0x3f, 0x86, 0x5f, 0x86, 0x5f, 0x86, 0x3f, 0x86, 0x3f, 0x86, 0x3f, 0x86, 0x3f, 0x86,
  0x7f, 0x86, 0x7f, 0x8e, 0x1f, 0x86, 0x1f, 0x86, 0x5f, 0x96, 0xff, 0x7f, 0x00, 0x00, 0xff, 0xff,
  0x00, 0x00, 0x00, 0x00, 0x5f, 0xad, 0x00, 0x00, 0x00, 0x00, 0x3f, 0x7f, 0xff, 0x7e, 0x1f, 0x7f,
  0x3f, 0x7f, 0x3f, 0x7f, 0x1f, 0x7f, 0x1f, 0x7f, 0xff, 0x7e, 0xff, 0x7e, 0xff, 0x7e, 0xff, 0x7e,
  0xff, 0x7e, 0xff, 0x7e, 0xff, 0x7e, 0xff, 0x7e, 0xff, 0x7e, 0xff, 0x7e, 0xdf, 0x7e, 0xdf, 0x7e,
  0xdf, 0x7e, 0xdf, 0x7e, 0xdf, 0x7e, 0xdf, 0x7e, 0xdf, 0x7e, 0xdf, 0x7e, 0xdf, 0x7e, 0xdf, 0x7e,
  0xbf, 0x7e, 0xbf, 0x7e, 0xbf, 0x7e, 0xbf, 0x7e, 0xff, 0x86, 0x3f, 0x87, 0xdf, 0x86, 0xbf, 0x7e,
  0xbf, 0x86, 0xbf, 0x7e, 0xbf, 0x7e, 0xbf, 0x7e, 0x9f, 0x7e, 0xbf, 0x86, 0xbf, 0x86, 0x9f, 0x7e,
  0x9f, 0x7e, 0x9f, 0x86, 0x9f, 0x7e, 0x9f, 0x86, 0xbf, 0x86, 0xff, 0x8e, 0xdf, 0x86, 0x9f, 0x86,
  0x7f, 0x7e, 0x7f, 0x7e, 0x7f, 0x86, 0x7f, 0x86, 0x7f, 0x86, 0x7f, 0x86, 0x5f, 0x86, 0x5f, 0x86,
  0x5f, 0x86, 0x5f, 0x86, 0x5f, 0x86, 0x5f, 0x86, 0x5f, 0x86, 0x5f, 0x86, 0x5f, 0x86, 0x5f, 0x86,
  0x5f, 0x86, 0x5f, 0x86, 0x3f, 0x86, 0x3f, 0x86, 0x3f, 0x86, 0x3f, 0x86, 0x3f, 0x86, 0x3f, 0x86,
  0x3f, 0x86, 0x3f, 0x86, 0x3f, 0x86, 0x3f, 0x86, 0x1f, 0x86, 0xff, 0x85, 0x00, 0x00, 0x00, 0x00,
  0xff, 0xaf, 0x00, 0x00, 0x00, 0x00, 0xff, 0x7d, 0x00, 0x00, 0x00, 0x00, 0xff, 0x76, 0x1f, 0x7f,
  0x3f, 0x87, 0x1f, 0x7f, 0x1f, 0x7f, 0xff, 0x7e, 0xff, 0x7e, 0xff, 0x7e, 0xff, 0x7e, 0xff, 0x7e,
  0xff, 0x7e, 0xff, 0x7e, 0xdf, 0x7e, 0xdf, 0x7e, 0xdf, 0x7e, 0xdf, 0x7e, 0xdf, 0x7e, 0xdf, 0x7e,
  0xdf, 0x7e, 0xdf, 0x7e, 0xdf, 0x7e, 0xdf, 0x7e, 0xdf, 0x7e, 0xbf, 0x7e, 0xbf, 0x7e, 0xbf, 0x7e,
  0xbf, 0x7e, 0xbf, 0x7e, 0xbf, 0x7e, 0xbf, 0x7e, 0xbf, 0x7e, 0xdf, 0x86, 0xdf, 0x86, 0xbf, 0x7e,
  0xbf, 0x7e, 0xbf, 0x7e, 0x9f, 0x7e, 0x7f, 0x7e, 0x7f, 0x76, 0x1f, 0x7e, 0x3f, 0x76, 0x3f, 0x76,
  0x1f, 0x7e, 0x7f, 0x7e, 0x9f, 0x7e, 0x9f, 0x7e, 0x9f, 0x7e, 0x7f, 0x86, 0x9f, 0x86, 0xbf, 0x86,
  0x7f, 0x86, 0x7f, 0x86, 0x7f, 0x7e, 0x7f, 0x86, 0x7f, 0x86, 0x5f, 0x86, 0x5f, 0x86, 0x5f, 0x86,
  0x5f, 0x86, 0x5f, 0x86, 0x5f, 0x86, 0x5f, 0x86, 0x5f, 0x86, 0x5f, 0x86, 0x5f, 0x86, 0x3f, 0x86,
  0x3f, 0x86, 0x3f, 0x86, 0x3f, 0x86, 0x3f, 0x86, 0x3f, 0x86, 0x3f, 0x86, 0x3f, 0x86, 0x3f, 0x86,
  0x3f, 0x86, 0x1f, 0x86, 0x1f, 0x86, 0x1f, 0x86, 0x7f, 0x8e, 0x1f, 0x86, 0x1f, 0x86, 0x00, 0x00,
  0x00, 0x00, 0xff, 0x7d, 0x00, 0x00, 0xff, 0x07, 0xff, 0x7b, 0x00, 0x00, 0x3f, 0x7f, 0x1f, 0x7f,
  0xff, 0x7e, 0x9f, 0x87, 0xff, 0x7e, 0xff, 0x7e, 0xff, 0x7e, 0xff, 0x7e, 0xff, 0x7e, 0xff, 0x7e,
  0xff, 0x7e, 0xff, 0x7e, 0xdf, 0x7e, 0xdf, 0x7e, 0xdf, 0x7e, 0xdf, 0x7e, 0xdf, 0x7e, 0xdf, 0x7e,
  0xdf, 0x7e, 0xdf, 0x7e, 0xdf, 0x7e, 0xdf, 0x7e, 0xdf, 0x7e, 0xbf, 0x7e, 0xbf, 0x7e, 0xbf, 0x7e,
  0xbf, 0x7e, 0xbf, 0x7e, 0xbf, 0x7e, 0xdf, 0x86, 0x1f, 0x87, 0xbf, 0x7e, 0xbf, 0x86, 0x9f, 0x7e,
  0x9f, 0x7e, 0x9f, 0x7e, 0x9f, 0x86, 0xff, 0x5d, 0x00, 0x00, 0x00, 0x00, 0x00, 0x00, 0x00, 0x00,
  0x00, 0x00, 0x00, 0x00, 0x00, 0x00, 0x3f, 0x76, 0x3f, 0x7e, 0x7f, 0x7e, 0x9f, 0x86, 0x7f, 0x7e,
  0x9f, 0x86, 0x7f, 0x86, 0xbf, 0x86, 0x9f, 0x86, 0x5f, 0x86, 0x5f, 0x86, 0x5f, 0x86, 0x5f, 0x86,
  0x5f, 0x86, 0x5f, 0x86, 0x5f, 0x86, 0x5f, 0x86, 0x5f, 0x86, 0x3f, 0x86, 0x3f, 0x86, 0x5f, 0x86,
  0x3f, 0x86, 0x3f, 0x86, 0x3f, 0x86, 0x3f, 0x86, 0x3f, 0x86, 0x3f, 0x86, 0x1f, 0x86, 0x3f, 0x86,
  0x3f, 0x86, 0x1f, 0x86, 0x1f, 0x86, 0x1f, 0x86, 0x1f, 0x86, 0xbf, 0x96, 0x1f, 0x86, 0x1f, 0x86,
  0xff, 0x7f, 0x00, 0x00, 0xff, 0x7b, 0xff, 0x07, 0xff, 0x3d, 0x00, 0x00, 0xff, 0x7f, 0x1f, 0x87,
  0xdf, 0x7e, 0xff, 0x7e, 0x5f, 0x87, 0xff, 0x7e, 0xff, 0x7e, 0xff, 0x7e, 0xff, 0x7e, 0xdf, 0x7e,
  0xdf, 0x7e, 0xdf, 0x7e, 0xdf, 0x7e, 0xdf, 0x7e, 0xdf, 0x7e, 0xdf, 0x7e, 0xdf, 0x7e, 0xdf, 0x7e,
  0xdf, 0x7e, 0xdf, 0x7e, 0xdf, 0x7e, 0xbf, 0x7e, 0xbf, 0x7e, 0xbf, 0x7e, 0xbf, 0x7e, 0xbf, 0x7e,
  0xbf, 0x7e, 0x9f, 0x7e, 0xbf, 0x86, 0xdf, 0x86, 0xbf, 0x86, 0x9f, 0x7e, 0xbf, 0x7e, 0x9f, 0x7e,
  0xff, 0xff, 0x00, 0x00, 0x00, 0x00, 0x00, 0x00, 0xff, 0x07, 0xff, 0x7d, 0x7f, 0x66, 0xff, 0x9f,
  0xdf, 0x6e, 0xdf, 0x6e, 0xbf, 0x7e, 0xff, 0x7f, 0x00, 0x00, 0x00, 0x00, 0x00, 0x00, 0x00, 0x00,
  0xff, 0x7f, 0x5f, 0x7e, 0x7f, 0x7e, 0x5f, 0x86, 0x9f, 0x86, 0x9f, 0x86, 0x5f, 0x86, 0x5f, 0x86,
  0x5f, 0x86, 0x5f, 0x86, 0x3f, 0x86, 0x3f, 0x86, 0x3f, 0x86, 0x3f, 0x86, 0x3f, 0x86, 0x3f, 0x86,
  0x3f, 0x86, 0x3f, 0x86, 0x3f, 0x86, 0x3f, 0x86, 0x3f, 0x86, 0x1f, 0x86, 0x1f, 0x86, 0x1f, 0x86,
  0x1f, 0x86, 0x1f, 0x86, 0x1f, 0x86, 0x1f, 0x86, 0x1f, 0x86, 0x1f, 0x86, 0x7f, 0x8e, 0x1f, 0x86,
  0xff, 0x85, 0x1f, 0x86, 0x00, 0x00, 0x00, 0x00, 0x5f, 0x55, 0x7f, 0x9e, 0x00, 0x00, 0xff, 0x9f,
  0xdf, 0x7e, 0xdf, 0x7e, 0xdf, 0x7e, 0x1f, 0x87, 0xff, 0x7e, 0xff, 0x7e, 0xdf, 0x7e, 0xdf, 0x7e,
  0xdf, 0x7e, 0xdf, 0x7e, 0xdf, 0x7e, 0xdf, 0x7e, 0xdf, 0x7e, 0xdf, 0x7e, 0xdf, 0x7e, 0xbf, 0x7e,
  0xbf, 0x7e, 0xbf, 0x7e, 0xbf, 0x7e, 0xbf, 0x7e, 0xbf, 0x7e, 0xbf, 0x7e, 0xbf, 0x7e, 0xbf, 0x7e,
  0xbf, 0x7e, 0x9f, 0x7e, 0x9f, 0x7e, 0xff, 0x86, 0x1f, 0x8f, 0xbf, 0x86, 0x9f, 0x7e, 0xbf, 0x86,
  0x9f, 0x8e, 0x00, 0x00, 0x00, 0x00, 0x00, 0x00, 0x00, 0x00, 0x00, 0x00, 0x00, 0x00, 0x00, 0x00,
  0x00, 0x00, 0xff, 0xff, 0xff, 0xff, 0xff, 0x07, 0x00, 0x00, 0x00, 0x00, 0x00, 0x00, 0x00, 0x00,
  0x00, 0x00, 0x00, 0x00, 0xdf, 0x6e, 0x9f, 0x86, 0x7f, 0x86, 0x7f, 0x86, 0xbf, 0x8e, 0x9f, 0x86,
  0x3f, 0x86, 0x3f, 0x86, 0x3f, 0x86, 0x3f, 0x86, 0x3f, 0x86, 0x3f, 0x86, 0x1f, 0x86, 0x1f, 0x86,
  0x1f, 0x86, 0x3f, 0x86, 0x3f, 0x86, 0x1f, 0x86, 0x3f, 0x86, 0x1f, 0x86, 0x1f, 0x86, 0x1f, 0x86,
  0x1f, 0x86, 0x1f, 0x86, 0x1f, 0x86, 0x1f, 0x86, 0xff, 0x85, 0xff, 0x85, 0xff, 0x85, 0x1f, 0x86,
  0xff, 0x85, 0xff, 0x85, 0xff, 0x85, 0xff, 0x7d, 0x00, 0x00, 0x7f, 0x9e, 0xff, 0x7e, 0x00, 0x00,
  0xff, 0x07, 0xdf, 0x7e, 0x3f, 0x87, 0xff, 0x7e, 0xff, 0x7e, 0xdf, 0x7e, 0xdf, 0x7e, 0xdf, 0x7e,
  0xdf, 0x7e, 0xdf, 0x7e, 0xdf, 0x7e, 0xdf, 0x7e, 0xdf, 0x7e, 0xdf, 0x7e, 0xdf, 0x7e, 0xdf, 0x7e,
  0xbf, 0x7e, 0xbf, 0x7e, 0xbf, 0x7e, 0xbf, 0x7e, 0xbf, 0x7e, 0xbf, 0x7e, 0xbf, 0x7e, 0xbf, 0x7e,
  0xbf, 0x86, 0x9f, 0x7e, 0xbf, 0x86, 0xff, 0x86, 0xdf, 0x86, 0xbf, 0x86, 0x9f, 0x86, 0x7f, 0x86,
  0x00, 0x00, 0x00, 0x00, 0xff, 0x7f, 0xdf, 0x96, 0xff, 0x7f, 0xff, 0xaf, 0xff, 0x7b, 0xff, 0x07,
  0x00, 0x00, 0x00, 0x00, 0x00, 0x00, 0x00, 0x00, 0x00, 0x00, 0xff, 0xff, 0xff, 0x7b, 0x5f, 0x55,
  0x7f, 0x66, 0xdf, 0x96, 0xff, 0x7d, 0x00, 0x00, 0x00, 0x00, 0x9f, 0x8e, 0x3f, 0x86, 0x5f, 0x86,
  0x7f, 0x86, 0x9f, 0x8e, 0x5f, 0x86, 0x3f, 0x86, 0x3f, 0x86, 0x3f, 0x86, 0x1f, 0x86, 0x1f, 0x86,
  0x1f, 0x86, 0x1f, 0x86, 0x1f, 0x86, 0x1f, 0x86, 0x1f, 0x86, 0x1f, 0x86, 0x1f, 0x86, 0x1f, 0x86,
  0xff, 0x85, 0xff, 0x85, 0xff, 0x85, 0xff, 0x85, 0xff, 0x85, 0xff, 0x85, 0xff, 0x85, 0xff, 0x85,
  0xff, 0x85, 0xff, 0x85, 0xff, 0x85, 0xdf, 0x85, 0x3f, 0x8e, 0x00, 0x00, 0xbf, 0x95, 0xff, 0x7e,
  0x00, 0x00, 0x7f, 0x7e, 0xdf, 0x7e, 0xbf, 0x8f, 0x1f, 0x87, 0xdf, 0x7e, 0xdf, 0x7e, 0xdf, 0x7e,
  0xdf, 0x7e, 0xdf, 0x7e, 0xdf, 0x7e, 0xdf, 0x7e, 0xbf, 0x7e, 0xbf, 0x7e, 0xbf, 0x7e, 0xbf, 0x7e,
  0xbf, 0x7e, 0xbf, 0x7e, 0xbf, 0x7e, 0xbf, 0x7e, 0xbf, 0x7e, 0xbf, 0x7e, 0xbf, 0x7e, 0x9f, 0x7e,
  0x9f, 0x7e, 0x9f, 0x86, 0xbf, 0x86, 0xbf, 0x86, 0x1f, 0x8f, 0x9f, 0x7e, 0x9f, 0x86, 0x00, 0x00,
  0x00, 0x00, 0xff, 0x7b, 0xff, 0xff, 0x00, 0x00, 0x00, 0x00, 0x00, 0x00, 0x00, 0x00, 0x00, 0x00,
  0x00, 0x00, 0x00, 0x00, 0x00, 0x00, 0x00, 0x00, 0x00, 0x00, 0x00, 0x00, 0x00, 0x00, 0x00, 0x00,
  0x00, 0x00, 0x00, 0x00, 0x00, 0x00, 0x00, 0x00, 0xff, 0x7f, 0xff, 0xff, 0x00, 0x00, 0x00, 0x00,
  0x5f, 0x86, 0x3f, 0x86, 0xbf, 0x8e, 0x5f, 0x86, 0x3f, 0x86, 0x3f, 0x86, 0x1f, 0x86, 0x1f, 0x86,
  0x1f, 0x86, 0x1f, 0x86, 0x1f, 0x86, 0x1f, 0x86, 0x1f, 0x86, 0x1f, 0x86, 0x1f, 0x86, 0x1f, 0x86,
  0xff, 0x85, 0xff, 0x85, 0xff, 0x85, 0xff, 0x85, 0xff, 0x85, 0xff, 0x85, 0xff, 0x85, 0xff, 0x85,
  0xff, 0x85, 0xff, 0x85, 0xff, 0x85, 0x3f, 0x8e, 0xdf, 0x85, 0x7f, 0x85, 0x00, 0x00, 0x7f, 0x9e,
  0xff, 0x7f, 0xff, 0x7b, 0xdf, 0x86, 0xff, 0x7e, 0x9f, 0x8f, 0xff, 0x86, 0xdf, 0x7e, 0xdf, 0x7e,
  0xdf, 0x7e, 0xdf, 0x7e, 0xbf, 0x7e, 0xbf, 0x7e, 0xbf, 0x7e, 0xbf, 0x7e, 0xbf, 0x7e, 0xbf, 0x7e,
  0xbf, 0x7e, 0xbf, 0x7e, 0x9f, 0x7e, 0x9f, 0x7e, 0x9f, 0x7e, 0x9f, 0x7e, 0x9f, 0x7e, 0x9f, 0x7e,
  0x9f, 0x7e, 0x9f, 0x7e, 0x9f, 0x86, 0xdf, 0x86, 0xbf, 0x86, 0xdf, 0x86, 0x7f, 0x7e, 0x00, 0x00,
  0x00, 0x00, 0x00, 0x00, 0xff, 0x7b, 0xff, 0x7f, 0x00, 0x00, 0x00, 0x00, 0x00, 0x00, 0x00, 0x00,
  0x00, 0x00, 0x00, 0x00, 0x00, 0x00, 0x00, 0x00, 0x00, 0x00, 0x00, 0x00, 0x00, 0x00, 0x00, 0x00,
  0x00, 0x00, 0x00, 0x00, 0x00, 0x00, 0x00, 0x00, 0x00, 0x00, 0xff, 0x7b, 0xff, 0xff, 0x00, 0x00,
  0x00, 0x00, 0x00, 0x00, 0x3f, 0x86, 0x5f, 0x8e, 0x3f, 0x86, 0x5f, 0x8e, 0x3f, 0x86, 0x1f, 0x86,
  0x1f, 0x86, 0x1f, 0x86, 0x1f, 0x86, 0x1f, 0x86, 0x1f, 0x86, 0x1f, 0x86, 0x1f, 0x86, 0x1f, 0x86,
  0x1f, 0x86, 0x3f, 0x86, 0x3f, 0x86, 0x3f, 0x86, 0x1f, 0x86, 0x1f, 0x86, 0x1f, 0x86, 0xff, 0x85,
  0xff, 0x85, 0xdf, 0x85, 0xdf, 0x85, 0xff, 0x85, 0x5f, 0x8e, 0xdf, 0x85, 0xdf, 0x85, 0xff, 0x7b,
  0xff, 0xff, 0x00, 0x00, 0xbf, 0x76, 0xdf, 0x86, 0xdf, 0x7e, 0x3f, 0x87, 0xdf, 0x7e, 0xdf, 0x7e,
  0xbf, 0x7e, 0xbf, 0x7e, 0xbf, 0x7e, 0xbf, 0x7e, 0xbf, 0x7e, 0xbf, 0x7e, 0xbf, 0x7e, 0xbf, 0x7e,
  0xbf, 0x7e, 0xbf, 0x7e, 0xbf, 0x7e, 0x9f, 0x7e, 0x9f, 0x7e, 0x9f, 0x7e, 0x9f, 0x7e, 0x9f, 0x7e,
  0x9f, 0x86, 0x9f, 0x86, 0x9f, 0x7e, 0x9f, 0x86, 0xdf, 0x86, 0x7f, 0x86, 0x7f, 0x7e, 0x7f, 0x86,
  0xff, 0xff, 0xbf, 0x6d, 0x7f, 0x9e, 0x00, 0x00, 0x00, 0x00, 0x00, 0x00, 0x00, 0x00, 0x00, 0x00,
  0x00, 0x00, 0x00, 0x00, 0x00, 0x00, 0x00, 0x00, 0x00, 0x00, 0x00, 0x00, 0x00, 0x00, 0x00, 0x00,
  0x00, 0x00, 0x00, 0x00, 0x00, 0x00, 0x00, 0x00, 0x00, 0x00, 0x00, 0x00, 0x00, 0x00, 0x00, 0x00,
  0x7f, 0x9e, 0xbf, 0x95, 0xff, 0xff, 0x7f, 0x8e, 0xff, 0x85, 0x1f, 0x86, 0x7f, 0x8e, 0x1f, 0x86,
  0x1f, 0x86, 0x1f, 0x86, 0x1f, 0x86, 0xff, 0x85, 0xff, 0x85, 0x1f, 0x86, 0x1f, 0x86, 0x1f, 0x86,
  0x1f, 0x86, 0x3f, 0x86, 0x3f, 0x86, 0x3f, 0x86, 0x3f, 0x86, 0x3f, 0x86, 0x3f, 0x86, 0x1f, 0x86,
  0x1f, 0x86, 0xff, 0x85, 0xff, 0x85, 0xdf, 0x85, 0xff, 0x85, 0x3f, 0x8e, 0xdf, 0x85, 0xff, 0x85,
  0xdf, 0x75, 0x00, 0x00, 0x00, 0x00, 0xdf, 0x7e, 0xdf, 0x7e, 0xdf, 0x7e, 0x1f, 0x87, 0xdf, 0x7e,
  0xbf, 0x7e, 0xbf, 0x7e, 0xbf, 0x7e, 0xbf, 0x7e, 0xbf, 0x7e, 0xbf, 0x7e, 0xbf, 0x7e, 0xbf, 0x7e,
  0x9f, 0x7e, 0x9f, 0x7e, 0x9f, 0x86, 0x9f, 0x86, 0x9f, 0x7e, 0x9f, 0x86, 0x9f, 0x86, 0x9f, 0x7e,
  0x9f, 0x7e, 0x7f, 0x86, 0x7f, 0x86, 0x9f, 0x86, 0x9f, 0x86, 0x9f, 0x86, 0x9f, 0x86, 0x5f, 0x7e,
  0xff, 0x07, 0x00, 0x00, 0x5f, 0x55, 0x00, 0x00, 0x00, 0x00, 0x00, 0x00, 0x00, 0x00, 0x00, 0x00,
  0x00, 0x00, 0x00, 0x00, 0x00, 0x00, 0x00, 0x00, 0x00, 0x00, 0x00, 0x00, 0x00, 0x00, 0x00, 0x00,
  0x00, 0x00, 0x00, 0x00, 0x00, 0x00, 0x00, 0x00, 0x00, 0x00, 0x00, 0x00, 0x00, 0x00, 0x00, 0x00,
  0x00, 0x00, 0x00, 0x00, 0xff, 0x7d, 0x00, 0x00, 0xff, 0xff, 0xff, 0x7d, 0x1f, 0x86, 0x1f, 0x86,
  0x1f, 0x86, 0x1f, 0x86, 0x1f, 0x86, 0x1f, 0x86, 0xff, 0x85, 0xff, 0x85, 0x1f, 0x86, 0x1f, 0x86,
  0x1f, 0x86, 0x1f, 0x86, 0x1f, 0x86, 0x1f, 0x86, 0x1f, 0x86, 0x1f, 0x86, 0x1f, 0x86, 0x1f, 0x86,
  0x1f, 0x86, 0x1f, 0x86, 0x1f, 0x86, 0xff, 0x85, 0xff, 0x85, 0xdf, 0x85, 0x1f, 0x8e, 0xbf, 0x85,
  0xff, 0x85, 0x3f, 0x7e, 0x00, 0x00, 0x00, 0x00, 0xdf, 0x7e, 0xbf, 0x7e, 0xbf, 0x7e, 0xdf, 0x86,
  0xbf, 0x86, 0xbf, 0x7e, 0xbf, 0x7e, 0xbf, 0x7e, 0xbf, 0x7e, 0xbf, 0x86, 0xbf, 0x86, 0xbf, 0x7e,
  0x9f, 0x7e, 0x9f, 0x7e, 0x9f, 0x7e, 0x9f, 0x86, 0x9f, 0x86, 0x9f, 0x7e, 0x9f, 0x86, 0x9f, 0x86,
  0x9f, 0x7e, 0x7f, 0x7e, 0x7f, 0x86, 0x7f, 0x86, 0xdf, 0x86, 0xdf, 0x8e, 0x7f, 0x7e, 0x7f, 0x86,
  0xff, 0x57, 0x00, 0x00, 0xff, 0x07, 0xff, 0x7b, 0x00, 0x00, 0x00, 0x00, 0x00, 0x00, 0x00, 0x00,
  0x00, 0x00, 0x00, 0x00, 0x00, 0x00, 0x00, 0x00, 0x00, 0x00, 0x00, 0x00, 0x00, 0x00, 0x00, 0x00,
  0x00, 0x00, 0x00, 0x00, 0x00, 0x00, 0x00, 0x00, 0x00, 0x00, 0x00, 0x00, 0x00, 0x00, 0x00, 0x00,
  0x00, 0x00, 0x00, 0x00, 0x00, 0x00, 0x5f, 0x55, 0xff, 0x07, 0x00, 0x00, 0xff, 0x7d, 0xff, 0x85,
  0xff, 0x85, 0x5f, 0x8e, 0x3f, 0x8e, 0xff, 0x85, 0xff, 0x85, 0xff, 0x85, 0xff, 0x85, 0xff, 0x85,
  0xff, 0x85, 0x1f, 0x86, 0xff, 0x85, 0xff, 0x85, 0xff, 0x85, 0xff, 0x85, 0xff, 0x85, 0xff, 0x85,
  0xff, 0x85, 0xff, 0x85, 0xff, 0x85, 0xff, 0x85, 0xff, 0x85, 0xdf, 0x85, 0xdf, 0x85, 0xff, 0x8d,
  0xbf, 0x85, 0xdf, 0x85, 0xdf, 0x85, 0x00, 0x00, 0x00, 0x00, 0xbf, 0x7e, 0x9f, 0x7e, 0xbf, 0x7e,
  0xdf, 0x86, 0xbf, 0x86, 0xbf, 0x7e, 0x9f, 0x7e, 0xbf, 0x7e, 0xbf, 0x7e, 0xbf, 0x86, 0x9f, 0x86,
  0x9f, 0x86, 0x9f, 0x7e, 0x9f, 0x7e, 0x9f, 0x7e, 0x9f, 0x7e, 0x9f, 0x7e, 0x7f, 0x7e, 0x7f, 0x86,
  0x7f, 0x86, 0x7f, 0x86, 0x7f, 0x86, 0x7f, 0x86, 0x7f, 0x86, 0xbf, 0x86, 0xbf, 0x86, 0x7f, 0x86,
  0xbf, 0xae, 0xff, 0x07, 0xff, 0x9f, 0x00, 0x00, 0x1f, 0x00, 0x00, 0x00, 0x00, 0x00, 0x00, 0x00,
  0x00, 0x00, 0x00, 0x00, 0x00, 0x00, 0x00, 0x00, 0x00, 0x00, 0x00, 0x00, 0x00, 0x00, 0x00, 0x00,
  0x00, 0x00, 0x00, 0x00, 0x00, 0x00, 0x00, 0x00, 0x00, 0x00, 0x00, 0x00, 0x00, 0x00, 0x00, 0x00,
  0x00, 0x00, 0x00, 0x00, 0x00, 0x00, 0x00, 0x00, 0x1f, 0x00, 0x00, 0x00, 0x7f, 0x9e, 0x00, 0x00,
  0xff, 0x7d, 0x1f, 0x86, 0x5f, 0x8e, 0x5f, 0x8e, 0xff, 0x85, 0xff, 0x85, 0xff, 0x85, 0xff, 0x85,
  0xff, 0x85, 0xff, 0x85, 0xff, 0x85, 0xff, 0x85, 0xff, 0x85, 0xdf, 0x85, 0xdf, 0x85, 0xdf, 0x85,
  0xdf, 0x85, 0xdf, 0x85, 0xdf, 0x85, 0xdf, 0x85, 0xdf, 0x85, 0xdf, 0x85, 0xdf, 0x85, 0xdf, 0x85,
  0xdf, 0x85, 0xbf, 0x85, 0xbf, 0x85, 0x9f, 0x8d, 0x00, 0x00, 0x00, 0x00, 0x9f, 0x7e, 0x9f, 0x7e,
  0xdf, 0x86, 0xbf, 0x7e, 0xbf, 0x7e, 0x9f, 0x86, 0x9f, 0x86, 0x9f, 0x86, 0x9f, 0x86, 0x9f, 0x86,
  0x9f, 0x86, 0x9f, 0x86, 0x7f, 0x7e, 0x9f, 0x7e, 0x7f, 0x7e, 0x7f, 0x7e, 0x7f, 0x7e, 0x7f, 0x86,
  0x7f, 0x86, 0x7f, 0x86, 0x7f, 0x86, 0x7f, 0x86, 0x7f, 0x86, 0x7f, 0x86, 0x7f, 0x86, 0x9f, 0x86,
  0x7f, 0x86, 0x00, 0x00, 0x00, 0x00, 0x7f, 0x9e, 0x00, 0x00, 0x00, 0x00, 0x00, 0x00, 0x00, 0x00,
  0x00, 0x00, 0x00, 0x00, 0x00, 0x00, 0x00, 0x00, 0x00, 0x00, 0x00, 0x00, 0x00, 0x00, 0x00, 0x00,
  0x00, 0x00, 0x00, 0x00, 0x00, 0x00, 0x00, 0x00, 0x00, 0x00, 0x00, 0x00, 0x00, 0x00, 0x00, 0x00,
  0x00, 0x00, 0x00, 0x00, 0x00, 0x00, 0x00, 0x00, 0x00, 0x00, 0x00, 0x00, 0x00, 0x00, 0x5f, 0x7d,
  0x00, 0x00, 0x00, 0x00, 0xff, 0x85, 0xff, 0x85, 0xff, 0x85, 0xdf, 0x85, 0xdf, 0x85, 0xdf, 0x85,
  0xdf, 0x85, 0xdf, 0x85, 0xdf, 0x85, 0xdf, 0x85, 0xdf, 0x85, 0xdf, 0x85, 0xdf, 0x85, 0xdf, 0x85,
  0xdf, 0x85, 0xbf, 0x85, 0xbf, 0x85, 0xbf, 0x85, 0xbf, 0x85, 0xbf, 0x85, 0xbf, 0x85, 0xbf, 0x85,
  0xbf, 0x85, 0xbf, 0x85, 0xbf, 0x8d, 0xbf, 0x85, 0x9e, 0x85, 0x00, 0x00, 0x00, 0x00, 0xbf, 0x7e,
  0x9f, 0x7e, 0xdf, 0x86, 0x9f, 0x7e, 0x9f, 0x7e, 0x9f, 0x86, 0x9f, 0x86, 0x9f, 0x86, 0x9f, 0x86,
  0x9f, 0x86, 0x7f, 0x86, 0x7f, 0x86, 0x7f, 0x7e, 0x7f, 0x7e, 0x7f, 0x7e, 0x7f, 0x7e, 0x7f, 0x7e,
  0x7f, 0x86, 0x7f, 0x86, 0x7f, 0x86, 0x7f, 0x86, 0x7f, 0x86, 0x7f, 0x86, 0x9f, 0x86, 0x5f, 0x86,
  0x5f, 0x86, 0x7f, 0x86, 0xff, 0x7f, 0xff, 0x07, 0xdf, 0x64, 0x00, 0x00, 0x00, 0x00, 0x00, 0x00,
  0x00, 0x00, 0x00, 0x00, 0x00, 0x00, 0x00, 0x00, 0x00, 0x00, 0x00, 0x00, 0x00, 0x00, 0x00, 0x00,
  0x00, 0x00, 0x00, 0x00, 0x00, 0x00, 0x00, 0x00, 0x00, 0x00, 0x00, 0x00, 0x00, 0x00, 0x00, 0x00,
  0x00, 0x00, 0x00, 0x00, 0x00, 0x00, 0x00, 0x00, 0x00, 0x00, 0x00, 0x00, 0x00, 0x00, 0x00, 0x00,
  0x7f, 0x9e, 0xff, 0xff, 0x5f, 0x55, 0xdf, 0x85, 0xdf, 0x85, 0xdf, 0x85, 0xff, 0x85, 0xbf, 0x85,
  0xbf, 0x85, 0xbf, 0x85, 0xbf, 0x85, 0xbf, 0x85, 0xbf, 0x85, 0xbf, 0x85, 0xbf, 0x85, 0xbf, 0x85,
  0xbf, 0x85, 0xbf, 0x85, 0xbf, 0x85, 0xbf, 0x85, 0xbf, 0x85, 0xbf, 0x85, 0xbf, 0x85, 0xbf, 0x85,
  0x9f, 0x85, 0x9f, 0x85, 0x9f, 0x85, 0xdf, 0x8d, 0x9f, 0x85, 0x9f, 0x85, 0x00, 0x00, 0x00, 0x00,
  0xbf, 0x7e, 0x9f, 0x7e, 0xdf, 0x86, 0x9f, 0x86, 0x9f, 0x86, 0x9f, 0x86, 0x9f, 0x86, 0x9f, 0x86,
  0x9f, 0x86, 0x7f, 0x7e, 0x7f, 0x86, 0x7f, 0x86, 0x7f, 0x86, 0x7f, 0x86, 0x7f, 0x86, 0x7f, 0x86,
  0x7f, 0x86, 0x7f, 0x86, 0x7f, 0x86, 0x5f, 0x86, 0x5f, 0x86, 0x5f, 0x86, 0x5f, 0x86, 0xbf, 0x8e,
  0x5f, 0x86, 0x3f, 0x86, 0x9f, 0x86, 0x00, 0x00, 0x00, 0x00, 0x5f, 0x55, 0x00, 0x00, 0x00, 0x00,
  0x00, 0x00, 0x00, 0x00, 0x00, 0x00, 0x00, 0x00, 0x00, 0x00, 0x00, 0x00, 0x00, 0x00, 0x00, 0x00,
  0x00, 0x00, 0x00, 0x00, 0x00, 0x00, 0x00, 0x00, 0x00, 0x00, 0x00, 0x00, 0x00, 0x00, 0x00, 0x00,
  0x00, 0x00, 0x00, 0x00, 0x00, 0x00, 0x00, 0x00, 0x00, 0x00, 0x00, 0x00, 0x00, 0x00, 0x00, 0x00,
  0x00, 0x00, 0xff, 0xaf, 0x00, 0x00, 0x00, 0x00, 0xff, 0x8d, 0xdf, 0x85, 0xbf, 0x85, 0xff, 0x8d,
  0xbf, 0x85, 0xbf, 0x85, 0xbf, 0x85, 0x9f, 0x85, 0x9f, 0x85, 0x9f, 0x85, 0x9f, 0x85, 0x9f, 0x85,
  0x9f, 0x85, 0x9f, 0x85, 0x9f, 0x85, 0x9f, 0x85, 0x9f, 0x85, 0x9f, 0x85, 0x9f, 0x85, 0x9f, 0x85,
  0x9f, 0x85, 0x9f, 0x85, 0x9f, 0x85, 0x9f, 0x85, 0xdf, 0x8d, 0x7f, 0x85, 0x7f, 0x85, 0x00, 0x00,
  0x00, 0x00, 0xbf, 0x7e, 0xbf, 0x86, 0x1f, 0x8f, 0x7f, 0x7e, 0x9f, 0x86, 0x7f, 0x86, 0x7f, 0x86,
  0x7f, 0x86, 0x7f, 0x86, 0x7f, 0x7e, 0x7f, 0x86, 0x7f, 0x86, 0x7f, 0x86, 0x7f, 0x86, 0x7f, 0x86,
  0x7f, 0x86, 0x7f, 0x86, 0x7f, 0x86, 0x5f, 0x86, 0x5f, 0x86, 0x5f, 0x86, 0x5f, 0x86, 0x5f, 0x86,
  0xdf, 0x8e, 0x5f, 0x86, 0x5f, 0x86, 0xff, 0x7c, 0x00, 0x00, 0x00, 0x00, 0xff, 0x7b, 0x00, 0x00,
  0x00, 0x00, 0x00, 0x00, 0x00, 0x00, 0x00, 0x00, 0x00, 0x00, 0x00, 0x00, 0x00, 0x00, 0x00, 0x00,
  0x00, 0x00, 0x00, 0x00, 0x00, 0x00, 0x00, 0x00, 0x00, 0x00, 0x00, 0x00, 0x00, 0x00, 0x00, 0x00,
  0x00, 0x00, 0x00, 0x00, 0x00, 0x00, 0x00, 0x00, 0x00, 0x00, 0x00, 0x00, 0x00, 0x00, 0x00, 0x00,
  0x00, 0x00, 0x00, 0x00, 0xff, 0xff, 0x00, 0x00, 0xff, 0xff, 0x7f, 0x7e, 0x9f, 0x85, 0x9f, 0x85,
  0x1f, 0x96, 0x9f, 0x85, 0x9f, 0x85, 0x9f, 0x85, 0x9f, 0x85, 0x9f, 0x85, 0x9f, 0x85, 0x9f, 0x85,
  0x9f, 0x85, 0x7f, 0x85, 0x7f, 0x85, 0x7f, 0x85, 0x7f, 0x85, 0x7f, 0x85, 0x7f, 0x85, 0x7f, 0x85,
  0x7f, 0x85, 0x7f, 0x85, 0x7f, 0x85, 0x7f, 0x85, 0x7f, 0x85, 0xdf, 0x95, 0x7f, 0x8d, 0x5e, 0x85,
  0x00, 0x00, 0x00, 0x00, 0x9f, 0x86, 0xdf, 0x86, 0x1f, 0x8f, 0x7f, 0x7e, 0x7f, 0x86, 0x7f, 0x86,
  0x7f, 0x86, 0x7f, 0x86, 0x7f, 0x86, 0x7f, 0x86, 0x7f, 0x86, 0x7f, 0x86, 0x5f, 0x86, 0x5f, 0x86,
  0x5f, 0x86, 0x5f, 0x86, 0x5f, 0x86, 0x5f, 0x86, 0x5f, 0x86, 0x5f, 0x86, 0x5f, 0x86, 0x5f, 0x86,
  0x5f, 0x86, 0xff, 0x8e, 0x5f, 0x86, 0x5f, 0x8e, 0x00, 0x00, 0xff, 0x7f, 0x00, 0x00, 0xff, 0xff,
  0x00, 0x00, 0x00, 0x00, 0x00, 0x00, 0x00, 0x00, 0x00, 0x00, 0x00, 0x00, 0x00, 0x00, 0x00, 0x00,
  0x00, 0x00, 0x00, 0x00, 0x00, 0x00, 0x00, 0x00, 0x00, 0x00, 0x00, 0x00, 0x00, 0x00, 0x00, 0x00,
  0x00, 0x00, 0x00, 0x00, 0x00, 0x00, 0x00, 0x00, 0x00, 0x00, 0x00, 0x00, 0x00, 0x00, 0x00, 0x00,
  0x00, 0x00, 0x00, 0x00, 0x00, 0x00, 0xff, 0x07, 0x00, 0x00, 0x5f, 0x55, 0x00, 0x00, 0xfc, 0x7c,
  0x7f, 0x85, 0x1f, 0x96, 0x7f, 0x8d, 0x7f, 0x85, 0x7f, 0x85, 0x7f, 0x85, 0x7f, 0x85, 0x7f, 0x85,
  0x7f, 0x85, 0x7f, 0x85, 0x7f, 0x85, 0x7f, 0x85, 0x7f, 0x8d, 0x5f, 0x85, 0x5f, 0x85, 0x5f, 0x85,
  0x5f, 0x8d, 0x5f, 0x8d, 0x5f, 0x8d, 0x5f, 0x85, 0x5f, 0x85, 0x5f, 0x85, 0xdf, 0x95, 0x9f, 0x8d,
  0x3e, 0x85, 0x00, 0x00, 0x00, 0x00, 0x7f, 0x7e, 0xbf, 0x86, 0x1f, 0x8f, 0x7f, 0x86, 0x7f, 0x86,
  0x7f, 0x86, 0x7f, 0x86, 0x7f, 0x86, 0x7f, 0x86, 0x5f, 0x86, 0x5f, 0x86, 0x5f, 0x86, 0x5f, 0x86,
  0x5f, 0x86, 0x5f, 0x86, 0x5f, 0x86, 0x5f, 0x86, 0x5f, 0x86, 0x5f, 0x86, 0x3f, 0x86, 0x3f, 0x86,
  0x3f, 0x86, 0x3f, 0x86, 0xff, 0x96, 0x3f, 0x86, 0x3f, 0x8e, 0x00, 0x00, 0x7f, 0x66, 0xff, 0x7f,
  0x00, 0x00, 0x00, 0x00, 0x00, 0x00, 0x00, 0x00, 0x00, 0x00, 0x00, 0x00, 0x00, 0x00, 0x00, 0x00,
  0x00, 0x00, 0x00, 0x00, 0x00, 0x00, 0x00, 0x00, 0x00, 0x00, 0x00, 0x00, 0x00, 0x00, 0x00, 0x00,
  0x00, 0x00, 0x00, 0x00, 0x00, 0x00, 0x00, 0x00, 0x00, 0x00, 0x00, 0x00, 0x00, 0x00, 0x00, 0x00,
  0x00, 0x00, 0x00, 0x00, 0x00, 0x00, 0x00, 0x00, 0x00, 0x00, 0xff, 0xff, 0x39, 0x63, 0x00, 0x00,
  0x79, 0x6c, 0x5f, 0x85, 0xff, 0x95, 0x5f, 0x8d, 0x5f, 0x8d, 0x5f, 0x8d, 0x5f, 0x8d, 0x5f, 0x8d,
  0x5f, 0x8d, 0x5f, 0x8d, 0x5f, 0x8d, 0x5f, 0x8d, 0x5f, 0x8d, 0x5f, 0x8d, 0x5f, 0x8d, 0x5f, 0x8d,
  0x3f, 0x8d, 0x5f, 0x8d, 0x5f, 0x8d, 0x5f, 0x8d, 0x3f, 0x8d, 0x3f, 0x8d, 0x3f, 0x8d, 0xbf, 0x95,
  0x7f, 0x8d, 0xfe, 0x84, 0x00, 0x00, 0x00, 0x00, 0x7f, 0x7e, 0xbf, 0x86, 0x1f, 0x8f, 0x7f, 0x86,
  0x7f, 0x86, 0x7f, 0x86, 0x5f, 0x86, 0x7f, 0x86, 0x5f, 0x86, 0x5f, 0x86, 0x5f, 0x86, 0x5f, 0x86,
  0x5f, 0x86, 0x5f, 0x86, 0x5f, 0x86, 0x5f, 0x86, 0x5f, 0x86, 0x5f, 0x86, 0x5f, 0x86, 0x3f, 0x86,
  0x3f, 0x86, 0x3f, 0x86, 0x3f, 0x86, 0xff, 0x96, 0x3f, 0x86, 0x5f, 0x86, 0xff, 0x07, 0x7f, 0x66,
  0xff, 0x7f, 0x00, 0x00, 0x00, 0x00, 0x00, 0x00, 0x00, 0x00, 0x00, 0x00, 0x00, 0x00, 0x00, 0x00,
  0x00, 0x00, 0x00, 0x00, 0x00, 0x00, 0x00, 0x00, 0x00, 0x00, 0x00, 0x00, 0x00, 0x00, 0x00, 0x00,
  0x00, 0x00, 0x00, 0x00, 0x00, 0x00, 0x00, 0x00, 0x00, 0x00, 0x00, 0x00, 0x00, 0x00, 0x00, 0x00,
  0x00, 0x00, 0x00, 0x00, 0x00, 0x00, 0x00, 0x00, 0x00, 0x00, 0x00, 0x00, 0xff, 0x7b, 0x56, 0x6a,
  0xff, 0xff, 0xf7, 0x63, 0x3f, 0x85, 0xdf, 0x9d, 0x5f, 0x8d, 0x3f, 0x8d, 0x5f, 0x8d, 0x5f, 0x8d,
  0x3f, 0x8d, 0x3f, 0x8d, 0x3f, 0x8d, 0x3f, 0x8d, 0x3f, 0x8d, 0x3f, 0x8d, 0x3f, 0x8d, 0x3f, 0x8d,
  0x3f, 0x8d, 0x3f, 0x8d, 0x3f, 0x8d, 0x3f, 0x8d, 0x3f, 0x8d, 0x3f, 0x8d, 0x1f, 0x8d, 0x1f, 0x8d,
  0xbf, 0x95, 0x5f, 0x8d, 0xdd, 0x84, 0x00, 0x00, 0x00, 0x00, 0x7f, 0x86, 0xbf, 0x86, 0xff, 0x8e,
  0x7f, 0x86, 0x7f, 0x86, 0x5f, 0x86, 0x5f, 0x86, 0x5f, 0x86, 0x5f, 0x86, 0x5f, 0x86, 0x5f, 0x86,
  0x5f, 0x86, 0x5f, 0x86, 0x5f, 0x86, 0x5f, 0x86, 0x3f, 0x86, 0x3f, 0x86, 0x3f, 0x86, 0x3f, 0x86,
  0x3f, 0x86, 0x3f, 0x86, 0x3f, 0x86, 0x3f, 0x86, 0xdf, 0x96, 0x3f, 0x86, 0x5f, 0x7e, 0x00, 0x00,
  0x7f, 0x66, 0xff, 0x7f, 0x00, 0x00, 0x00, 0x00, 0x00, 0x00, 0x00, 0x00, 0x00, 0x00, 0x00, 0x00,
  0x00, 0x00, 0x00, 0x00, 0x00, 0x00, 0x00, 0x00, 0x00, 0x00, 0x00, 0x00, 0x00, 0x00, 0x00, 0x00,
  0x00, 0x00, 0x00, 0x00, 0x00, 0x00, 0x00, 0x00, 0x00, 0x00, 0x00, 0x00, 0x00, 0x00, 0x00, 0x00,
  0x00, 0x00, 0x00, 0x00, 0x00, 0x00, 0x00, 0x00, 0x00, 0x00, 0x00, 0x00, 0x00, 0x00, 0xb5, 0x52,
  0xb1, 0x52, 0x00, 0x00, 0x53, 0x53, 0x1f, 0x85, 0xdf, 0x9d, 0x3f, 0x8d, 0x1f, 0x8d, 0x3f, 0x8d,
  0x3f, 0x8d, 0x1f, 0x8d, 0x1f, 0x8d, 0x1f, 0x8d, 0x1f, 0x8d, 0x1f, 0x8d, 0x1f, 0x8d, 0x1f, 0x8d,
  0x1f, 0x8d, 0x1f, 0x8d, 0x1f, 0x8d, 0x1f, 0x8d, 0x1f, 0x8d, 0x1f, 0x8d, 0x1f, 0x8d, 0x1f, 0x8d,
  0x1f, 0x8d, 0x9f, 0x95, 0x3f, 0x8d, 0xbd, 0x7c, 0x00, 0x00, 0x00, 0x00, 0x5f, 0x7e, 0x9f, 0x86,
  0xff, 0x8e, 0x5f, 0x86, 0x5f, 0x86, 0x5f, 0x86, 0x5f, 0x86, 0x5f, 0x86, 0x5f, 0x86, 0x5f, 0x86,
  0x5f, 0x86, 0x5f, 0x86, 0x5f, 0x86, 0x5f, 0x86, 0x5f, 0x86, 0x3f, 0x86, 0x3f, 0x86, 0x3f, 0x86,
  0x3f, 0x86, 0x3f, 0x86, 0x1f, 0x86, 0x1f, 0x86, 0x3f, 0x86, 0xdf, 0x96, 0x1f, 0x86, 0x3f, 0x86,
  0x00, 0x00, 0x7f, 0x66, 0xff, 0x7f, 0x00, 0x00, 0x00, 0x00, 0x00, 0x00, 0x00, 0x00, 0x00, 0x00,
  0x00, 0x00, 0x00, 0x00, 0x00, 0x00, 0x00, 0x00, 0x00, 0x00, 0x00, 0x00, 0x00, 0x00, 0x00, 0x00,
  0x00, 0x00, 0x00, 0x00, 0x00, 0x00, 0x00, 0x00, 0x00, 0x00, 0x00, 0x00, 0x00, 0x00, 0x00, 0x00,
  0x00, 0x00, 0x00, 0x00, 0x00, 0x00, 0x00, 0x00, 0x00, 0x00, 0x00, 0x00, 0x00, 0x00, 0x00, 0x00,
  0xef, 0x39, 0x6f, 0x4a, 0x00, 0x00, 0x11, 0x4b, 0xfe, 0x84, 0xbf, 0x9d, 0x1f, 0x8d, 0x1f, 0x8d,
  0x1f, 0x8d, 0x1f, 0x8d, 0x1f, 0x8d, 0x1f, 0x8d, 0x1f, 0x8d, 0x1f, 0x8d, 0x1f, 0x8d, 0xff, 0x8c,
  0xff, 0x8c, 0xff, 0x8c, 0xff, 0x8c, 0xff, 0x8c, 0xff, 0x8c, 0xff, 0x8c, 0xff, 0x8c, 0xff, 0x8c,
  0xff, 0x8c, 0xff, 0x8c, 0x7f, 0x9d, 0x1f, 0x8d, 0x7c, 0x7c, 0x00, 0x00, 0x00, 0x00, 0x5f, 0x7e,
  0x9f, 0x86, 0xff, 0x8e, 0x5f, 0x86, 0x5f, 0x86, 0x5f, 0x86, 0x5f, 0x86, 0x5f, 0x86, 0x5f, 0x86,
  0x3f, 0x86, 0x3f, 0x86, 0x3f, 0x86, 0x3f, 0x86, 0x3f, 0x86, 0x3f, 0x86, 0x3f, 0x86, 0x3f, 0x86,
  0x3f, 0x86, 0x1f, 0x86, 0x1f, 0x86, 0x1f, 0x86, 0x1f, 0x86, 0x1f, 0x86, 0xbf, 0x96, 0x1f, 0x86,
  0xff, 0x85, 0x00, 0x00, 0x7f, 0x66, 0xff, 0x7f, 0x00, 0x00, 0x00, 0x00, 0x00, 0x00, 0x00, 0x00,
  0x00, 0x00, 0x00, 0x00, 0x00, 0x00, 0x00, 0x00, 0x00, 0x00, 0x00, 0x00, 0x00, 0x00, 0x00, 0x00,
  0x00, 0x00, 0x00, 0x00, 0x00, 0x00, 0x00, 0x00, 0x00, 0x00, 0x00, 0x00, 0x00, 0x00, 0x00, 0x00,
  0x00, 0x00, 0x00, 0x00, 0x00, 0x00, 0x00, 0x00, 0x00, 0x00, 0x00, 0x00, 0x00, 0x00, 0x00, 0x00,
  0x00, 0x00, 0x4a, 0x29, 0x2e, 0x42, 0x00, 0x00, 0xd1, 0x42, 0xde, 0x84, 0x9f, 0x9d, 0xff, 0x8c,
  0xff, 0x8c, 0xff, 0x8c, 0xff, 0x8c, 0xff, 0x8c, 0xff, 0x8c, 0xff, 0x8c, 0xff, 0x8c, 0xff, 0x8c,
  0xff, 0x8c, 0xff, 0x8c, 0xff, 0x8c, 0xff, 0x8c, 0xdf, 0x8c, 0xff, 0x8c, 0xff, 0x8c, 0xdf, 0x8c,
  0xdf, 0x8c, 0xdf, 0x8c, 0xdf, 0x8c, 0x5f, 0x9d, 0xff, 0x8c, 0x3b, 0x74, 0x00, 0x00, 0x00, 0x00,
  0x5f, 0x86, 0x9f, 0x86, 0xff, 0x8e, 0x5f, 0x86, 0x5f, 0x86, 0x3f, 0x86, 0x3f, 0x86, 0x3f, 0x86,
  0x3f, 0x86, 0x3f, 0x86, 0x3f, 0x86, 0x3f, 0x86, 0x1f, 0x86, 0x1f, 0x86, 0x1f, 0x86, 0x1f, 0x86,
  0x1f, 0x86, 0x1f, 0x86, 0x1f, 0x86, 0x1f, 0x86, 0x1f, 0x86, 0x1f, 0x86, 0x1f, 0x86, 0xbf, 0x96,
  0x1f, 0x86, 0xff, 0x85, 0x00, 0x00, 0x7f, 0x66, 0xff, 0x7f, 0x00, 0x00, 0x00, 0x00, 0x00, 0x00,
  0x00, 0x00, 0x00, 0x00, 0x00, 0x00, 0x00, 0x00, 0x00, 0x00, 0x00, 0x00, 0x00, 0x00, 0x00, 0x00,
  0x00, 0x00, 0x00, 0x00, 0x00, 0x00, 0x00, 0x00, 0x00, 0x00, 0x00, 0x00, 0x00, 0x00, 0x00, 0x00,
  0x00, 0x00, 0x00, 0x00, 0x00, 0x00, 0x00, 0x00, 0x00, 0x00, 0x00, 0x00, 0x00, 0x00, 0x00, 0x00,
  0x00, 0x00, 0x00, 0x00, 0x29, 0x21, 0xcc, 0x39, 0x00, 0x00, 0x6f, 0x42, 0xbd, 0x84, 0x7f, 0x95,
  0xff, 0x8c, 0xdf, 0x8c, 0xdf, 0x8c, 0xdf, 0x8c, 0xdf, 0x8c, 0xdf, 0x8c, 0xdf, 0x8c, 0xdf, 0x8c,
  0xdf, 0x8c, 0xdf, 0x8c, 0xdf, 0x8c, 0xdf, 0x8c, 0xdf, 0x8c, 0xdf, 0x8c, 0xdf, 0x8c, 0xdf, 0x8c,
  0xdf, 0x8c, 0xbf, 0x8c, 0xbf, 0x8c, 0xbf, 0x8c, 0x3f, 0x95, 0xdf, 0x8c, 0x1a, 0x74, 0x00, 0x00,
  0x00, 0x00, 0x3f, 0x86, 0x7f, 0x86, 0xdf, 0x8e, 0x5f, 0x86, 0x3f, 0x86, 0x3f, 0x86, 0x3f, 0x86,
  0x3f, 0x86, 0x3f, 0x86, 0x3f, 0x86, 0x3f, 0x86, 0x3f, 0x86, 0x1f, 0x86, 0x1f, 0x86, 0x1f, 0x86,
  0x1f, 0x86, 0x1f, 0x86, 0x1f, 0x86, 0x1f, 0x86, 0x1f, 0x86, 0xff, 0x85, 0xff, 0x85, 0x1f, 0x86,
  0xbf, 0x96, 0xff, 0x85, 0xff, 0x85, 0x00, 0x00, 0x7f, 0x66, 0xff, 0x7f, 0x00, 0x00, 0x00, 0x00,
  0x00, 0x00, 0x00, 0x00, 0x00, 0x00, 0x00, 0x00, 0x00, 0x00, 0x00, 0x00, 0x00, 0x00, 0x00, 0x00,
  0x00, 0x00, 0x00, 0x00, 0x00, 0x00, 0x00, 0x00, 0x00, 0x00, 0x00, 0x00, 0x00, 0x00, 0x00, 0x00,
  0x00, 0x00, 0x00, 0x00, 0x00, 0x00, 0x00, 0x00, 0x00, 0x00, 0x00, 0x00, 0x00, 0x00, 0x00, 0x00,
  0x00, 0x00, 0x00, 0x00, 0x00, 0x00, 0x29, 0x21, 0xa9, 0x21, 0x00, 0x00, 0x6f, 0x42, 0x9c, 0x7c,
  0x5f, 0x95, 0xdf, 0x8c, 0xdf, 0x8c, 0xdf, 0x8c, 0xdf, 0x8c, 0xbf, 0x8c, 0xbf, 0x8c, 0xbf, 0x8c,
  0xbf, 0x8c, 0xbf, 0x8c, 0xbf, 0x8c, 0xbf, 0x8c, 0xbf, 0x8c, 0xbf, 0x8c, 0xbf, 0x8c, 0xbf, 0x8c,
  0xbf, 0x8c, 0xbf, 0x8c, 0xbf, 0x8c, 0xbf, 0x8c, 0xbf, 0x8c, 0x1f, 0x95, 0xbe, 0x84, 0xd8, 0x6b,
  0x00, 0x00, 0x00, 0x00, 0x3f, 0x86, 0x7f, 0x86, 0xdf, 0x8e, 0x3f, 0x86, 0x3f, 0x86, 0x3f, 0x86,
  0x3f, 0x86, 0x3f, 0x86, 0x3f, 0x86, 0x3f, 0x86, 0x1f, 0x86, 0x1f, 0x86, 0x1f, 0x86, 0x1f, 0x86,
  0x1f, 0x86, 0x1f, 0x86, 0x1f, 0x86, 0x1f, 0x86, 0x1f, 0x86, 0xff, 0x85, 0xff, 0x85, 0xff, 0x85,
  0x1f, 0x86, 0xbf, 0x96, 0xff, 0x85, 0xff, 0x85, 0x00, 0x00, 0x7f, 0x66, 0xff, 0x7f, 0x00, 0x00,
  0x00, 0x00, 0x00, 0x00, 0x00, 0x00, 0x00, 0x00, 0x00, 0x00, 0x00, 0x00, 0x00, 0x00, 0x00, 0x00,
  0x00, 0x00, 0x00, 0x00, 0x00, 0x00, 0x00, 0x00, 0x00, 0x00, 0x00, 0x00, 0x00, 0x00, 0x00, 0x00,
  0x00, 0x00, 0x00, 0x00, 0x00, 0x00, 0x00, 0x00, 0x00, 0x00, 0x00, 0x00, 0x00, 0x00, 0x00, 0x00,
  0x00, 0x00, 0x00, 0x00, 0x00, 0x00, 0x00, 0x00, 0x29, 0x21, 0x67, 0x19, 0x00, 0x00, 0x4d, 0x42,
  0x7a, 0x74, 0x3f, 0x8d, 0xbf, 0x8c, 0xbf, 0x8c, 0xbf, 0x8c, 0xbf, 0x8c, 0xbf, 0x8c, 0x9f, 0x8c,
  0xbf, 0x8c, 0xbf, 0x8c, 0x9f, 0x8c, 0xbf, 0x8c, 0xbf, 0x8c, 0x9f, 0x8c, 0x9f, 0x8c, 0x9f, 0x8c,
  0x9f, 0x8c, 0x9f, 0x8c, 0x9f, 0x8c, 0x9f, 0x8c, 0x9f, 0x8c, 0x9f, 0x8c, 0xff, 0x94, 0x9c, 0x7c,
  0xb6, 0x63, 0x00, 0x00, 0x00, 0x00, 0x3f, 0x86, 0x7f, 0x8e, 0xdf, 0x8e, 0x3f, 0x86, 0x1f, 0x86,
  0x1f, 0x86, 0x1f, 0x86, 0x1f, 0x86, 0x1f, 0x86, 0x1f, 0x86, 0x1f, 0x86, 0x1f, 0x86, 0x1f, 0x86,
  0x1f, 0x86, 0x1f, 0x86, 0xff, 0x85, 0xff, 0x85, 0xff, 0x85, 0xff, 0x85, 0xff, 0x85, 0xff, 0x85,
  0xff, 0x85, 0xff, 0x85, 0x9f, 0x96, 0xff, 0x85, 0xff, 0x85, 0x00, 0x00, 0x7f, 0x66, 0xff, 0x7f,
  0x00, 0x00, 0x00, 0x00, 0x00, 0x00, 0x00, 0x00, 0x00, 0x00, 0x00, 0x00, 0x00, 0x00, 0x00, 0x00,
  0x00, 0x00, 0x00, 0x00, 0x00, 0x00, 0x00, 0x00, 0x00, 0x00, 0x00, 0x00, 0x00, 0x00, 0x00, 0x00,
  0x00, 0x00, 0x00, 0x00, 0x00, 0x00, 0x00, 0x00, 0x00, 0x00, 0x00, 0x00, 0x00, 0x00, 0x00, 0x00,
  0x00, 0x00, 0x00, 0x00, 0x00, 0x00, 0x00, 0x00, 0x00, 0x00, 0xe7, 0x18, 0x67, 0x19, 0x00, 0x00,
  0x0b, 0x32, 0x58, 0x6c, 0x1e, 0x85, 0x9f, 0x8c, 0x9f, 0x8c, 0x9f, 0x8c, 0x9f, 0x8c, 0x9f, 0x8c,
  0x9f, 0x8c, 0x9f, 0x8c, 0x9f, 0x8c, 0x9f, 0x8c, 0x9f, 0x8c, 0x9f, 0x8c, 0x9f, 0x8c, 0x9f, 0x8c,
  0x9f, 0x8c, 0x9f, 0x8c, 0x9f, 0x8c, 0x7f, 0x8c, 0x7f, 0x8c, 0x7f, 0x8c, 0x7f, 0x8c, 0xdf, 0x8c,
  0x7b, 0x7c, 0x95, 0x5b, 0x00, 0x00, 0x00, 0x00, 0x3f, 0x86, 0x7f, 0x8e, 0xdf, 0x96, 0x1f, 0x86,
  0x1f, 0x86, 0x1f, 0x86, 0x1f, 0x86, 0x1f, 0x86, 0x1f, 0x86, 0x1f, 0x86, 0x1f, 0x86, 0x1f, 0x86,
  0xff, 0x85, 0xff, 0x85, 0xff, 0x85, 0xff, 0x85, 0xff, 0x85, 0xff, 0x85, 0xff, 0x85, 0xff, 0x85,
  0xff, 0x85, 0xff, 0x85, 0xff, 0x85, 0x9f, 0x96, 0xff, 0x85, 0xff, 0x85, 0x00, 0x00, 0x7f, 0x66,
  0xff, 0x7f, 0x00, 0x00, 0x00, 0x00, 0x00, 0x00, 0x00, 0x00, 0x00, 0x00, 0x00, 0x00, 0x00, 0x00,
  0x00, 0x00, 0x00, 0x00, 0x00, 0x00, 0x00, 0x00, 0x00, 0x00, 0x00, 0x00, 0x00, 0x00, 0x00, 0x00,
  0x00, 0x00, 0x00, 0x00, 0x00, 0x00, 0x00, 0x00, 0x00, 0x00, 0x00, 0x00, 0x00, 0x00, 0x00, 0x00,
  0x00, 0x00, 0x00, 0x00, 0x00, 0x00, 0x00, 0x00, 0x00, 0x00, 0x00, 0x00, 0xe7, 0x18, 0x67, 0x19,
  0x00, 0x00, 0x0b, 0x32, 0x59, 0x6c, 0xfd, 0x7c, 0x5c, 0x7c, 0x7e, 0x84, 0x7f, 0x94, 0x7f, 0x8c,
  0x7f, 0x8c, 0x7f, 0x8c, 0x7f, 0x8c, 0x7f, 0x8c, 0x7f, 0x8c, 0x7f, 0x8c, 0x7f, 0x8c, 0x7f, 0x8c,
  0x7f, 0x8c, 0x7f, 0x8c, 0x7f, 0x8c, 0x7f, 0x8c, 0x7f, 0x8c, 0x7f, 0x94, 0x5f, 0x8c, 0x3d, 0x84,
  0x9d, 0x84, 0x5a, 0x74, 0x95, 0x5b, 0x00, 0x00, 0x00, 0x00, 0x1f, 0x86, 0x5f, 0x8e, 0xbf, 0x96,
  0x1f, 0x86, 0x1f, 0x86, 0x1f, 0x86, 0x1f, 0x86, 0x1f, 0x86, 0x1f, 0x86, 0x1f, 0x86, 0xff, 0x85,
  0xff, 0x85, 0xff, 0x85, 0xff, 0x85, 0xff, 0x85, 0xff, 0x85, 0xff, 0x85, 0xff, 0x85, 0xff, 0x85,
  0xff, 0x85, 0xdf, 0x85, 0xdf, 0x85, 0xff, 0x85, 0x9f, 0x96, 0xff, 0x85, 0xff, 0x85, 0x00, 0x00,
  0x7f, 0x66, 0xff, 0x7f, 0x00, 0x00, 0x00, 0x00, 0x00, 0x00, 0x00, 0x00, 0x00, 0x00, 0x00, 0x00,
  0x00, 0x00, 0x00, 0x00, 0x00, 0x00, 0x00, 0x00, 0x00, 0x00, 0x00, 0x00, 0x00, 0x00, 0x00, 0x00,
  0x00, 0x00, 0x00, 0x00, 0x00, 0x00, 0x00, 0x00, 0x00, 0x00, 0x00, 0x00, 0x00, 0x00, 0x00, 0x00,
  0x00, 0x00, 0x00, 0x00, 0x00, 0x00, 0x00, 0x00, 0x00, 0x00, 0x00, 0x00, 0x00, 0x00, 0xe7, 0x18,
  0x88, 0x21, 0x00, 0x00, 0x2c, 0x32, 0x59, 0x6c, 0xdc, 0x7c, 0x39, 0x6c, 0x3b, 0x7c, 0x5f, 0x8c,
  0x7f, 0x8c, 0x7f, 0x94, 0x5f, 0x8c, 0x5f, 0x8c, 0x5f, 0x8c, 0x5f, 0x8c, 0x5f, 0x8c, 0x5f, 0x8c,
  0x5f, 0x8c, 0x5f, 0x8c, 0x5f, 0x8c, 0x5f, 0x8c, 0x5f, 0x94, 0x5f, 0x8c, 0x5f, 0x8c, 0x3d, 0x84,
  0xf9, 0x73, 0x7b, 0x74, 0x5b, 0x74, 0x96, 0x63, 0x00, 0x00, 0x00, 0x00, 0x1f, 0x86, 0x5f, 0x8e,
  0xbf, 0x96, 0x1f, 0x86, 0x1f, 0x86, 0x1f, 0x86, 0x1f, 0x86, 0x1f, 0x86, 0x1f, 0x86, 0xff, 0x85,
  0xff, 0x85, 0xff, 0x85, 0xff, 0x85, 0xff, 0x85, 0xff, 0x85, 0xff, 0x85, 0xdf, 0x85, 0xdf, 0x85,
  0xdf, 0x85, 0xff, 0x85, 0xdf, 0x85, 0xdf, 0x85, 0xdf, 0x85, 0x9f, 0x96, 0xdf, 0x85, 0xff, 0x85,
  0x00, 0x00, 0xdf, 0x64, 0xff, 0x7f, 0x00, 0x00, 0x00, 0x00, 0x00, 0x00, 0x00, 0x00, 0x00, 0x00,
  0x00, 0x00, 0x00, 0x00, 0x00, 0x00, 0x00, 0x00, 0x00, 0x00, 0x00, 0x00, 0x00, 0x00, 0x00, 0x00,
  0x00, 0x00, 0x00, 0x00, 0x00, 0x00, 0x00, 0x00, 0x00, 0x00, 0x00, 0x00, 0x00, 0x00, 0x00, 0x00,
  0x00, 0x00, 0x00, 0x00, 0x00, 0x00, 0x00, 0x00, 0x00, 0x00, 0x00, 0x00, 0x00, 0x00, 0x00, 0x00,
  0x29, 0x21, 0xa9, 0x21, 0x00, 0x00, 0x4d, 0x3a, 0x7a, 0x74, 0xdd, 0x7c, 0x18, 0x6c, 0xf8, 0x6b,
  0x1b, 0x7c, 0x5f, 0x8c, 0x5f, 0x94, 0x5f, 0x94, 0x5f, 0x94, 0x3f, 0x8c, 0x3f, 0x8c, 0x3f, 0x8c,
  0x3f, 0x8c, 0x3f, 0x8c, 0x3f, 0x8c, 0x3f, 0x94, 0x5f, 0x94, 0x5f, 0x94, 0x3f, 0x94, 0x1c, 0x84,
  0xd9, 0x6b, 0xd8, 0x63, 0x7b, 0x74, 0x5b, 0x7c, 0xb7, 0x6b, 0x00, 0x00, 0x00, 0x00, 0x1f, 0x86,
  0x5f, 0x8e, 0x9f, 0x96, 0x1f, 0x86, 0xff, 0x85, 0xff, 0x85, 0xff, 0x85, 0xff, 0x85, 0xff, 0x85,
  0xff, 0x85, 0xff, 0x85, 0xff, 0x85, 0xff, 0x85, 0xff, 0x85, 0xff, 0x85, 0xdf, 0x85, 0xdf, 0x85,
  0xdf, 0x85, 0xdf, 0x85, 0xdf, 0x85, 0xdf, 0x85, 0xdf, 0x85, 0xdf, 0x85, 0x7f, 0x96, 0xdf, 0x85,
  0xff, 0x85, 0x00, 0x00, 0xdf, 0x64, 0xff, 0x7f, 0x00, 0x00, 0x00, 0x00, 0x00, 0x00, 0x00, 0x00,
  0x00, 0x00, 0x00, 0x00, 0x00, 0x00, 0x00, 0x00, 0x00, 0x00, 0x00, 0x00, 0x00, 0x00, 0x00, 0x00,
  0x00, 0x00, 0x00, 0x00, 0x00, 0x00, 0x00, 0x00, 0x00, 0x00, 0x00, 0x00, 0x00, 0x00, 0x00, 0x00,
  0x00, 0x00, 0x00, 0x00, 0x00, 0x00, 0x00, 0x00, 0x00, 0x00, 0x00, 0x00, 0x00, 0x00, 0x00, 0x00,
  0x00, 0x00, 0x4a, 0x29, 0xea, 0x29, 0x00, 0x00, 0x6e, 0x42, 0x7a, 0x74, 0xfd, 0x7c, 0x39, 0x6c,
  0xd6, 0x63, 0xd7, 0x6b, 0xfb, 0x7b, 0x1d, 0x84, 0x1e, 0x8c, 0x3f, 0x8c, 0x3f, 0x94, 0x3f, 0x94,
  0x3f, 0x94, 0x3f, 0x94, 0x3f, 0x94, 0x3f, 0x94, 0x3f, 0x94, 0x1e, 0x8c, 0x1d, 0x84, 0xfc, 0x7b,
  0xd9, 0x6b, 0xb7, 0x63, 0xd8, 0x63, 0x7c, 0x7c, 0x7b, 0x7c, 0xd8, 0x6b, 0x00, 0x00, 0x00, 0x00,
  0xff, 0x85, 0x3f, 0x8e, 0x9f, 0x96, 0xff, 0x85, 0xff, 0x85, 0xff, 0x85, 0xff, 0x85, 0xff, 0x85,
  0xff, 0x85, 0xff, 0x85, 0xdf, 0x85, 0xdf, 0x85, 0xdf, 0x85, 0xdf, 0x85, 0xdf, 0x85, 0xdf, 0x85,
  0xdf, 0x85, 0xdf, 0x85, 0xdf, 0x85, 0xdf, 0x85, 0xdf, 0x85, 0xdf, 0x85, 0xdf, 0x85, 0x7f, 0x96,
  0xdf, 0x85, 0xff, 0x85, 0x00, 0x00, 0xdf, 0x9c, 0xff, 0x7f, 0x00, 0x00, 0x00, 0x00, 0x00, 0x00,
  0x00, 0x00, 0x00, 0x00, 0x00, 0x00, 0x00, 0x00, 0x00, 0x00, 0x00, 0x00, 0x00, 0x00, 0x00, 0x00,
  0x00, 0x00, 0x00, 0x00, 0x00, 0x00, 0x00, 0x00, 0x00, 0x00, 0x00, 0x00, 0x00, 0x00, 0x00, 0x00,
  0x00, 0x00, 0x00, 0x00, 0x00, 0x00, 0x00, 0x00, 0x00, 0x00, 0x00, 0x00, 0x00, 0x00, 0x00, 0x00,
  0x00, 0x00, 0x00, 0x00, 0x8c, 0x31, 0x2b, 0x2a, 0x00, 0x00, 0x8f, 0x42, 0x7b, 0x74, 0xfe, 0x84,
  0x39, 0x6c, 0xf8, 0x6b, 0xd7, 0x63, 0xb6, 0x63, 0xb7, 0x6b, 0xda, 0x73, 0xfc, 0x83, 0xfe, 0x8b,
  0x1f, 0x8c, 0x1f, 0x94, 0x1f, 0x94, 0x1f, 0x94, 0xff, 0x8b, 0xfd, 0x83, 0xdb, 0x7b, 0xb9, 0x73,
  0x97, 0x63, 0x97, 0x63, 0xb7, 0x63, 0xd8, 0x6b, 0x9d, 0x7c, 0x7c, 0x7c, 0xf9, 0x6b, 0x00, 0x00,
  0x00, 0x00, 0xff, 0x85, 0x3f, 0x8e, 0x9f, 0x96, 0xff, 0x85, 0xff, 0x85, 0xff, 0x85, 0xff, 0x85,
  0xff, 0x85, 0xff, 0x85, 0xdf, 0x85, 0xdf, 0x85, 0xdf, 0x85, 0xdf, 0x85, 0xdf, 0x85, 0xdf, 0x85,
  0xdf, 0x85, 0xdf, 0x85, 0xdf, 0x85, 0xdf, 0x85, 0xbf, 0x85, 0xbf, 0x85, 0xbf, 0x85, 0xbf, 0x85,
  0x5f, 0x96, 0xbf, 0x85, 0x9f, 0x85, 0x00, 0x00, 0xdf, 0x9c, 0xff, 0x7f, 0x00, 0x00, 0x00, 0x00,
  0x00, 0x00, 0x00, 0x00, 0x00, 0x00, 0x00, 0x00, 0x00, 0x00, 0x00, 0x00, 0x00, 0x00, 0x00, 0x00,
  0x00, 0x00, 0x00, 0x00, 0x00, 0x00, 0x00, 0x00, 0x00, 0x00, 0x00, 0x00, 0x00, 0x00, 0x00, 0x00,
  0x00, 0x00, 0x00, 0x00, 0x00, 0x00, 0x00, 0x00, 0x00, 0x00, 0x00, 0x00, 0x00, 0x00, 0x00, 0x00,
  0x00, 0x00, 0x00, 0x00, 0x00, 0x00, 0xef, 0x39, 0x6c, 0x32, 0x00, 0x00, 0xf1, 0x52, 0x9b, 0x74,
  0x1e, 0x85, 0x5a, 0x74, 0x19, 0x6c, 0xf7, 0x63, 0xb6, 0x5b, 0xb6, 0x63, 0xb7, 0x63, 0xb8, 0x6b,
  0xb9, 0x6b, 0xb9, 0x73, 0xb9, 0x73, 0xba, 0x73, 0xb9, 0x73, 0xb9, 0x73, 0x98, 0x6b, 0x98, 0x6b,
  0x96, 0x63, 0x96, 0x63, 0xb7, 0x63, 0xd8, 0x6b, 0xf9, 0x73, 0x9d, 0x84, 0x9d, 0x84, 0x19, 0x74,
  0x00, 0x00, 0x00, 0x00, 0xff, 0x85, 0x3f, 0x8e, 0x7f, 0x96, 0xff, 0x85, 0xff, 0x85, 0xff, 0x85,
  0xff, 0x85, 0xdf, 0x85, 0xdf, 0x85, 0xdf, 0x85, 0xdf, 0x85, 0xdf, 0x85, 0xdf, 0x85, 0xdf, 0x85,
  0xdf, 0x85, 0xdf, 0x85, 0xdf, 0x85, 0xbf, 0x85, 0xbf, 0x85, 0xbf, 0x85, 0xbf, 0x85, 0xbf, 0x85,
  0xbf, 0x85, 0x5f, 0x96, 0xbf, 0x85, 0x9f, 0x85, 0x00, 0x00, 0xdf, 0x9c, 0xff, 0x7f, 0x00, 0x00,
  0x00, 0x00, 0x00, 0x00, 0x00, 0x00, 0x00, 0x00, 0x00, 0x00, 0x00, 0x00, 0x00, 0x00, 0x00, 0x00,
  0x00, 0x00, 0x00, 0x00, 0x00, 0x00, 0x00, 0x00, 0x00, 0x00, 0x00, 0x00, 0x00, 0x00, 0x00, 0x00,
  0x00, 0x00, 0x00, 0x00, 0x00, 0x00, 0x00, 0x00, 0x00, 0x00, 0x00, 0x00, 0x00, 0x00, 0x00, 0x00,
  0x00, 0x00, 0x00, 0x00, 0x00, 0x00, 0x00, 0x00, 0xb5, 0x52, 0xae, 0x3a, 0x00, 0x00, 0x74, 0x53,
  0x9c, 0x7c, 0x3f, 0x85, 0x7b, 0x74, 0x39, 0x74, 0xf9, 0x6b, 0xf8, 0x6b, 0xd7, 0x63, 0xb6, 0x63,
  0x95, 0x5b, 0x95, 0x5b, 0x75, 0x5b, 0x75, 0x5b, 0x75, 0x5b, 0x75, 0x5b, 0x75, 0x5b, 0x75, 0x5b,
  0x96, 0x63, 0xb7, 0x63, 0xb7, 0x6b, 0xd8, 0x6b, 0xf9, 0x6b, 0x1a, 0x74, 0xbe, 0x84, 0x9d, 0x84,
  0x1a, 0x74, 0x00, 0x00, 0x00, 0x00, 0xdf, 0x85, 0x1f, 0x8e, 0x7f, 0x96, 0xdf, 0x85, 0xdf, 0x85,
  0xdf, 0x85, 0xdf, 0x85, 0xdf, 0x85, 0xdf, 0x85, 0xdf, 0x85, 0xdf, 0x85, 0xdf, 0x85, 0xbf, 0x85,
  0xbf, 0x85, 0xbf, 0x85, 0xbf, 0x85, 0xbf, 0x85, 0xbf, 0x85, 0xbf, 0x85, 0xbf, 0x85, 0x9f, 0x85,
  0xbf, 0x85, 0xbf, 0x85, 0x5f, 0x96, 0xbf, 0x85, 0x9f, 0x85, 0x00, 0x00, 0xdf, 0x9c, 0xff, 0x7f,
  0x00, 0x00, 0x00, 0x00, 0x00, 0x00, 0x00, 0x00, 0x00, 0x00, 0x00, 0x00, 0x00, 0x00, 0x00, 0x00,
  0x00, 0x00, 0x00, 0x00, 0x00, 0x00, 0x00, 0x00, 0x00, 0x00, 0x00, 0x00, 0x00, 0x00, 0x00, 0x00,
  0x00, 0x00, 0x00, 0x00, 0x00, 0x00, 0x00, 0x00, 0x00, 0x00, 0x00, 0x00, 0x00, 0x00, 0x00, 0x00,
  0x00, 0x00, 0x00, 0x00, 0x00, 0x00, 0x00, 0x00, 0x00, 0x00, 0xff, 0x7b, 0x72, 0x4b, 0x00, 0x00,
  0x75, 0x5b, 0xbd, 0x7c, 0x3f, 0x8d, 0x9b, 0x7c, 0x3a, 0x74, 0x19, 0x74, 0xf8, 0x6b, 0xd8, 0x6b,
  0xd7, 0x63, 0xb6, 0x63, 0x96, 0x63, 0x96, 0x63, 0x96, 0x63, 0x96, 0x5b, 0x96, 0x63, 0x96, 0x63,
  0x96, 0x63, 0xb7, 0x63, 0xb7, 0x63, 0xd8, 0x6b, 0xf9, 0x6b, 0x1a, 0x74, 0x3b, 0x7c, 0xdf, 0x8c,
  0xbe, 0x84, 0x5b, 0x7c, 0x00, 0x00, 0x00, 0x00, 0xdf, 0x85, 0x1f, 0x8e, 0x7f, 0x96, 0xdf, 0x85,
  0xdf, 0x85, 0xdf, 0x85, 0xdf, 0x85, 0xdf, 0x85, 0xdf, 0x85, 0xdf, 0x85, 0xbf, 0x85, 0xbf, 0x85,
  0xbf, 0x85, 0xbf, 0x85, 0xbf, 0x85, 0xbf, 0x85, 0xbf, 0x85, 0xbf, 0x85, 0xbf, 0x85, 0xbf, 0x85,
  0x9f, 0x85, 0x9f, 0x85, 0xbf, 0x8d, 0x3f, 0x96, 0x9f, 0x85, 0x9f, 0x85, 0x00, 0x00, 0xdf, 0x9c,
  0xff, 0x7f, 0x00, 0x00, 0x00, 0x00, 0x00, 0x00, 0x00, 0x00, 0x00, 0x00, 0x00, 0x00, 0x00, 0x00,
  0x00, 0x00, 0x00, 0x00, 0x00, 0x00, 0x00, 0x00, 0x00, 0x00, 0x00, 0x00, 0x00, 0x00, 0x00, 0x00,
  0x00, 0x00, 0x00, 0x00, 0x00, 0x00, 0x00, 0x00, 0x00, 0x00, 0x00, 0x00, 0x00, 0x00, 0x00, 0x00,
  0x00, 0x00, 0x00, 0x00, 0x00, 0x00, 0x00, 0x00, 0x00, 0x00, 0x00, 0x00, 0xff, 0x7b, 0x72, 0x4b,
  0x00, 0x00, 0xb7, 0x63, 0xdd, 0x84, 0x5f, 0x95, 0x9c, 0x7c, 0x7b, 0x74, 0x3a, 0x74, 0x19, 0x74,
  0xf9, 0x6b, 0xf8, 0x6b, 0xd8, 0x6b, 0xb7, 0x6b, 0xb7, 0x63, 0xb7, 0x63, 0xb7, 0x63, 0xb7, 0x6b,
  0xb7, 0x6b, 0xb8, 0x6b, 0xb8, 0x6b, 0xd8, 0x6b, 0xf9, 0x73, 0x1a, 0x74, 0x3b, 0x74, 0x5c, 0x7c,
  0xff, 0x8c, 0xbf, 0x8c, 0x5c, 0x7c, 0x00, 0x00, 0x00, 0x00, 0xdf, 0x85, 0x1f, 0x8e, 0x5f, 0x96,
  0xdf, 0x85, 0xdf, 0x85, 0xdf, 0x85, 0xdf, 0x85, 0xbf, 0x85, 0xbf, 0x85, 0xbf, 0x85, 0xbf, 0x85,
  0xbf, 0x85, 0xbf, 0x85, 0xbf, 0x85, 0xbf, 0x85, 0xbf, 0x85, 0xbf, 0x85, 0x9f, 0x85, 0x9f, 0x85,
  0x9f, 0x85, 0x9f, 0x85, 0x9f, 0x85, 0x9f, 0x8d, 0x3f, 0x96, 0x9f, 0x85, 0x9f, 0x85, 0x00, 0x00,
  0xdf, 0x9c, 0xff, 0x7f, 0x00, 0x00, 0x00, 0x00, 0x00, 0x00, 0x00, 0x00, 0x00, 0x00, 0x00, 0x00,
  0x00, 0x00, 0x00, 0x00, 0x00, 0x00, 0x00, 0x00, 0x00, 0x00, 0x00, 0x00, 0x00, 0x00, 0x00, 0x00,
  0x00, 0x00, 0x00, 0x00, 0x00, 0x00, 0x00, 0x00, 0x00, 0x00, 0x00, 0x00, 0x00, 0x00, 0x00, 0x00,
  0x00, 0x00, 0x00, 0x00, 0x00, 0x00, 0x00, 0x00, 0x00, 0x00, 0x00, 0x00, 0x00, 0x00, 0xb5, 0x52,
  0xfa, 0x53, 0x00, 0x00, 0xf9, 0x6b, 0xde, 0x84, 0x5f, 0x95, 0xbd, 0x84, 0x9c, 0x7c, 0x5b, 0x7c,
  0x3a, 0x74, 0x1a, 0x74, 0x19, 0x74, 0xf9, 0x6b, 0xd8, 0x6b, 0xd8, 0x6b, 0xd8, 0x6b, 0xb8, 0x6b,
  0xb8, 0x6b, 0xd8, 0x6b, 0xd8, 0x6b, 0xd9, 0x6b, 0xf9, 0x73, 0x1a, 0x74, 0x3b, 0x7c, 0x5c, 0x7c,
  0x7c, 0x7c, 0xff, 0x94, 0xbf, 0x8c, 0x7d, 0x84, 0x00, 0x00, 0x00, 0x00, 0xdf, 0x85, 0xff, 0x8d,
  0x5f, 0x96, 0xbf, 0x85, 0xbf, 0x85, 0xbf, 0x85, 0xbf, 0x85, 0xbf, 0x85, 0xbf, 0x85, 0xbf, 0x85,
  0xbf, 0x85, 0xbf, 0x85, 0xbf, 0x85, 0xbf, 0x85, 0xbf, 0x85, 0x9f, 0x85, 0x9f, 0x85, 0x9f, 0x85,
  0x9f, 0x85, 0x9f, 0x85, 0x9f, 0x85, 0x9f, 0x85, 0x9f, 0x85, 0x3f, 0x96, 0x9f, 0x85, 0x9f, 0x85,
  0x00, 0x00, 0xdf, 0x9c, 0xff, 0x7b, 0x00, 0x00, 0x00, 0x00, 0x00, 0x00, 0x00, 0x00, 0x00, 0x00,
  0x00, 0x00, 0x00, 0x00, 0x00, 0x00, 0x00, 0x00, 0x00, 0x00, 0x00, 0x00, 0x00, 0x00, 0x00, 0x00,
  0x00, 0x00, 0x00, 0x00, 0x00, 0x00, 0x00, 0x00, 0x00, 0x00, 0x00, 0x00, 0x00, 0x00, 0x00, 0x00,
  0x00, 0x00, 0x00, 0x00, 0x00, 0x00, 0x00, 0x00, 0x00, 0x00, 0x00, 0x00, 0x00, 0x00, 0x00, 0x00,
  0xff, 0x7b, 0xdf, 0x9c, 0x00, 0x00, 0x5c, 0x7c, 0xff, 0x84, 0x7f, 0x95, 0xde, 0x84, 0xbd, 0x7c,
  0x9c, 0x7c, 0x7c, 0x7c, 0x5b, 0x7c, 0x3b, 0x74, 0x1a, 0x74, 0xf9, 0x73, 0xf9, 0x73, 0xf9, 0x73,
  0xf9, 0x73, 0xf9, 0x73, 0xf9, 0x73, 0xfa, 0x73, 0x1a, 0x74, 0x1b, 0x74, 0x3b, 0x7c, 0x5c, 0x7c,
  0x7c, 0x84, 0x7d, 0x84, 0x1f, 0x95, 0xdf, 0x8c, 0x9e, 0x84, 0x00, 0x00, 0x00, 0x00, 0xdf, 0x85,
  0xff, 0x8d, 0x5f, 0x96, 0xbf, 0x85, 0xbf, 0x85, 0xbf, 0x85, 0xbf, 0x85, 0xbf, 0x85, 0xbf, 0x85,
  0xbf, 0x85, 0xbf, 0x85, 0xbf, 0x85, 0x9f, 0x85, 0x9f, 0x85, 0x9f, 0x85, 0x9f, 0x85, 0x9f, 0x85,
  0x9f, 0x85, 0x9f, 0x85, 0x9f, 0x85, 0x7f, 0x85, 0x9f, 0x85, 0x9f, 0x85, 0x1f, 0x96, 0x9f, 0x85,
  0x9f, 0x85, 0x00, 0x00, 0xdf, 0x9c, 0xff, 0x7b, 0x00, 0x00, 0x00, 0x00, 0x00, 0x00, 0x00, 0x00,
  0x00, 0x00, 0x00, 0x00, 0x00, 0x00, 0x00, 0x00, 0x00, 0x00, 0x00, 0x00, 0x00, 0x00, 0x00, 0x00,
  0x00, 0x00, 0x00, 0x00, 0x00, 0x00, 0x00, 0x00, 0x00, 0x00, 0x00, 0x00, 0x00, 0x00, 0x00, 0x00,
  0x00, 0x00, 0x00, 0x00, 0x00, 0x00, 0x00, 0x00, 0x00, 0x00, 0x00, 0x00, 0x00, 0x00, 0x00, 0x00,
  0x00, 0x00, 0xff, 0x7b, 0xdf, 0x9c, 0x00, 0x00, 0xbe, 0x8c, 0xff, 0x8c, 0x7f, 0x9d, 0xdf, 0x84,
  0xbe, 0x84, 0xbd, 0x84, 0x9d, 0x7c, 0x7c, 0x7c, 0x5c, 0x7c, 0x5b, 0x7c, 0x3b, 0x74, 0x1a, 0x74,
  0x1a, 0x74, 0x1a, 0x74, 0x1a, 0x74, 0x1b, 0x74, 0x3b, 0x7c, 0x3b, 0x7c, 0x5c, 0x7c, 0x5c, 0x7c,
  0x7d, 0x84, 0x7d, 0x84, 0x9e, 0x84, 0x1f, 0x95, 0xdf, 0x94, 0xbf, 0x8c, 0x00, 0x00, 0x00, 0x00,
  0xbf, 0x85, 0xff, 0x8d, 0x3f, 0x96, 0xbf, 0x85, 0xbf, 0x85, 0xbf, 0x85, 0xbf, 0x85, 0x9f, 0x85,
  0x9f, 0x85, 0x9f, 0x85, 0x9f, 0x85, 0x9f, 0x85, 0x9f, 0x85, 0x9f, 0x85, 0x9f, 0x85, 0x9f, 0x85,
  0x7f, 0x85, 0x7f, 0x85, 0x7f, 0x85, 0x7f, 0x85, 0x7f, 0x8d, 0x7f, 0x8d, 0x7f, 0x8d, 0x1f, 0x96,
  0x7f, 0x85, 0x9f, 0x85, 0x00, 0x00, 0xdf, 0x9c, 0xff, 0x7b, 0x00, 0x00, 0x00, 0x00, 0x00, 0x00,
  0x00, 0x00, 0x00, 0x00, 0x00, 0x00, 0x00, 0x00, 0x00, 0x00, 0x00, 0x00, 0x00, 0x00, 0x00, 0x00,
  0x00, 0x00, 0x00, 0x00, 0x00, 0x00, 0x00, 0x00, 0x00, 0x00, 0x00, 0x00, 0x00, 0x00, 0x00, 0x00,
  0x00, 0x00, 0x00, 0x00, 0x00, 0x00, 0x00, 0x00, 0x00, 0x00, 0x00, 0x00, 0x00, 0x00, 0x00, 0x00,
  0x00, 0x00, 0x00, 0x00, 0xff, 0x7b, 0xdf, 0x9c, 0x00, 0x00, 0xdf, 0x84, 0xff, 0x8c, 0x7f, 0x9d,
  0xff, 0x8c, 0xde, 0x8c, 0xbe, 0x84, 0xbe, 0x84, 0x9d, 0x84, 0x9d, 0x84, 0x7c, 0x7c, 0x5c, 0x7c,
  0x5c, 0x7c, 0x5c, 0x7c, 0x5c, 0x7c, 0x5c, 0x7c, 0x5c, 0x7c, 0x5c, 0x7c, 0x5d, 0x84, 0x7d, 0x84,
  0x7d, 0x84, 0x9e, 0x84, 0x9e, 0x8c, 0x9f, 0x8c, 0x1f, 0x9d, 0xdf, 0x94, 0xbf, 0x8c, 0x00, 0x00,
  0x00, 0x00, 0xbf, 0x85, 0xff, 0x8d, 0x3f, 0x96, 0x9f, 0x85, 0xbf, 0x85, 0xbf, 0x85, 0xbf, 0x85,
  0x9f, 0x85, 0x9f, 0x85, 0x9f, 0x85, 0x9f, 0x85, 0x9f, 0x85, 0x9f, 0x85, 0x9f, 0x85, 0x9f, 0x85,
  0x7f, 0x85, 0x7f, 0x85, 0x7f, 0x85, 0x7f, 0x85, 0x7f, 0x8d, 0x7f, 0x8d, 0x5f, 0x8d, 0x7f, 0x8d,
  0x1f, 0x9e, 0x7f, 0x85, 0x9f, 0x85, 0x00, 0x00, 0xdf, 0x9c, 0xff, 0x7b, 0x00, 0x00, 0x00, 0x00,
  0x00, 0x00, 0x00, 0x00, 0x00, 0x00, 0x00, 0x00, 0x00, 0x00, 0x00, 0x00, 0x00, 0x00, 0x00, 0x00,
  0x00, 0x00, 0x00, 0x00, 0x00, 0x00, 0x00, 0x00, 0x00, 0x00, 0x00, 0x00, 0x00, 0x00, 0x00, 0x00,
  0x00, 0x00, 0x00, 0x00, 0x00, 0x00, 0x00, 0x00, 0x00, 0x00, 0x00, 0x00, 0x00, 0x00, 0x00, 0x00,
  0x00, 0x00, 0x00, 0x00, 0x00, 0x00, 0xff, 0x7b, 0xdf, 0x9c, 0x00, 0x00, 0xdf, 0x84, 0xff, 0x8c,
  0x7f, 0x9d, 0xff, 0x8c, 0xdf, 0x8c, 0xdf, 0x8c, 0xde, 0x8c, 0xbe, 0x84, 0x9e, 0x84, 0x9e, 0x84,
  0x9d, 0x84, 0x7d, 0x84, 0x7d, 0x84, 0x7d, 0x84, 0x7d, 0x84, 0x7d, 0x84, 0x7d, 0x84, 0x7e, 0x84,
  0x9e, 0x84, 0x9e, 0x8c, 0x9f, 0x8c, 0xbf, 0x8c, 0x9f, 0x8c, 0x1f, 0x9d, 0xdf, 0x94, 0xbf, 0x8c,
  0x00, 0x00, 0x00, 0x00, 0xbf, 0x85, 0xdf, 0x8d, 0x3f, 0x96, 0x9f, 0x85, 0x9f, 0x85, 0x9f, 0x85,
  0x9f, 0x85, 0x9f, 0x85, 0x9f, 0x85, 0x9f, 0x85, 0x9f, 0x85, 0x9f, 0x85, 0x7f, 0x85, 0x7f, 0x85,
  0x7f, 0x85, 0x7f, 0x85, 0x7f, 0x85, 0x7f, 0x8d, 0x7f, 0x8d, 0x7f, 0x8d, 0x7f, 0x85, 0x5f, 0x85,
  0x7f, 0x8d, 0xff, 0x9d, 0x7f, 0x8d, 0x9f, 0x85, 0x00, 0x00, 0xdf, 0x9c, 0xff, 0x7b, 0x00, 0x00,
  0x00, 0x00, 0x00, 0x00, 0x00, 0x00, 0x00, 0x00, 0x00, 0x00, 0x00, 0x00, 0x00, 0x00, 0x00, 0x00,
  0x00, 0x00, 0x00, 0x00, 0x00, 0x00, 0x00, 0x00, 0x00, 0x00, 0x00, 0x00, 0x00, 0x00, 0x00, 0x00,
  0x00, 0x00, 0x00, 0x00, 0x00, 0x00, 0x00, 0x00, 0x00, 0x00, 0x00, 0x00, 0x00, 0x00, 0x00, 0x00,
  0x00, 0x00, 0x00, 0x00, 0x00, 0x00, 0x00, 0x00, 0xff, 0x7b, 0xdf, 0x9c, 0x00, 0x00, 0xdf, 0x94,
  0xff, 0x8c, 0x7f, 0x9d, 0xff, 0x8c, 0xdf, 0x8c, 0xdf, 0x8c, 0xdf, 0x8c, 0xbf, 0x8c, 0xbe, 0x8c,
  0xbe, 0x84, 0x9e, 0x84, 0x9e, 0x84, 0x9e, 0x84, 0x9e, 0x84, 0x9e, 0x84, 0x9e, 0x84, 0x9e, 0x8c,
  0x9e, 0x8c, 0x9f, 0x8c, 0x9f, 0x8c, 0x9f, 0x8c, 0xbf, 0x8c, 0x9f, 0x8c, 0x1f, 0x9d, 0xdf, 0x94,
  0xbf, 0x8c, 0x00, 0x00, 0x00, 0x00, 0xbf, 0x85, 0xdf, 0x8d, 0x3f, 0x96, 0x9f, 0x85, 0x9f, 0x85,
  0x9f, 0x85, 0x9f, 0x85, 0x7f, 0x85, 0x7f, 0x85, 0x7f, 0x85, 0x7f, 0x85, 0x7f, 0x85, 0x7f, 0x8d,
  0x7f, 0x8d, 0x7f, 0x85, 0x5f, 0x85, 0x5f, 0x85, 0x7f, 0x8d, 0x7f, 0x8d, 0x5f, 0x8d, 0x5f, 0x8d,
  0x5f, 0x8d, 0x7f, 0x8d, 0xff, 0x9d, 0x5f, 0x8d, 0x3f, 0x85, 0x00, 0x00, 0xdf, 0x9c, 0xff, 0x7b,
  0x00, 0x00, 0x00, 0x00, 0x00, 0x00, 0x00, 0x00, 0x00, 0x00, 0x00, 0x00, 0x00, 0x00, 0x00, 0x00,
  0x00, 0x00, 0x00, 0x00, 0x00, 0x00, 0x00, 0x00, 0x00, 0x00, 0x00, 0x00, 0x00, 0x00, 0x00, 0x00,
  0x00, 0x00, 0x00, 0x00, 0x00, 0x00, 0x00, 0x00, 0x00, 0x00, 0x00, 0x00, 0x00, 0x00, 0x00, 0x00,
  0x00, 0x00, 0x00, 0x00, 0x00, 0x00, 0x00, 0x00, 0x00, 0x00, 0xff, 0x7b, 0xdf, 0x9c, 0x00, 0x00,
  0xdf, 0x94, 0xdf, 0x8c, 0x7f, 0x9d, 0xdf, 0x8c, 0xdf, 0x8c, 0xdf, 0x8c, 0xdf, 0x8c, 0xdf, 0x8c,
  0xbf, 0x8c, 0xbf, 0x8c, 0xbf, 0x8c, 0xbf, 0x8c, 0xbf, 0x8c, 0xbf, 0x8c, 0x9f, 0x8c, 0x9f, 0x8c,
  0x9f, 0x8c, 0x9f, 0x8c, 0x9f, 0x8c, 0x9f, 0x8c, 0x9f, 0x8c, 0x9f, 0x8c, 0x9f, 0x8c, 0xff, 0x9c,
  0xbf, 0x94, 0x7f, 0x8c, 0x00, 0x00, 0x00, 0x00, 0x9f, 0x85, 0xbf, 0x8d, 0x1f, 0x96, 0x9f, 0x85,
  0x9f, 0x85, 0x9f, 0x85, 0x9f, 0x85, 0x7f, 0x85, 0x7f, 0x85, 0x7f, 0x85, 0x7f, 0x85, 0x7f, 0x85,
  0x7f, 0x8d, 0x7f, 0x8d, 0x7f, 0x85, 0x5f, 0x85, 0x5f, 0x85, 0x5f, 0x8d, 0x5f, 0x8d, 0x5f, 0x8d,
  0x5f, 0x8d, 0x5f, 0x8d, 0x7f, 0x8d, 0xff, 0x9d, 0x5f, 0x8d, 0x3f, 0x85, 0x00, 0x00, 0xdf, 0x9c,
  0xff, 0x7b, 0x00, 0x00, 0x00, 0x00, 0x00, 0x00, 0x00, 0x00, 0x00, 0x00, 0x00, 0x00, 0x00, 0x00,
  0x00, 0x00, 0x00, 0x00, 0x00, 0x00, 0x00, 0x00, 0x00, 0x00, 0x00, 0x00, 0x00, 0x00, 0x00, 0x00,
  0x00, 0x00, 0x00, 0x00, 0x00, 0x00, 0x00, 0x00, 0x00, 0x00, 0x00, 0x00, 0x00, 0x00, 0x00, 0x00,
  0x00, 0x00, 0x00, 0x00, 0x00, 0x00, 0x00, 0x00, 0x00, 0x00, 0x00, 0x00, 0xff, 0x7b, 0xdf, 0x9c,
  0x00, 0x00, 0xdf, 0x94, 0xdf, 0x8c, 0x5f, 0x9d, 0xdf, 0x8c, 0xdf, 0x8c, 0xdf, 0x8c, 0xbf, 0x8c,
  0xbf, 0x8c, 0xbf, 0x8c, 0xbf, 0x8c, 0xbf, 0x8c, 0xbf, 0x8c, 0xbf, 0x8c, 0xbf, 0x8c, 0x9f, 0x8c,
  0x9f, 0x8c, 0x9f, 0x8c, 0x9f, 0x8c, 0x9f, 0x8c, 0x9f, 0x8c, 0x9f, 0x8c, 0x9f, 0x8c, 0x9f, 0x8c,
  0xff, 0x9c, 0xbf, 0x94, 0x7f, 0x8c, 0x00, 0x00, 0x00, 0x00, 0x9f, 0x85, 0xbf, 0x8d, 0x1f, 0x96,
  0x7f, 0x85, 0x7f, 0x85, 0x7f, 0x85, 0x7f, 0x85, 0x7f, 0x85, 0x7f, 0x85, 0x7f, 0x85, 0x7f, 0x85,
  0x5f, 0x85, 0x5f, 0x8d, 0x5f, 0x8d, 0x5f, 0x85, 0x5f, 0x8d, 0x5f, 0x8d, 0x5f, 0x8d, 0x5f, 0x8d,
  0x5f, 0x8d, 0x5f, 0x8d, 0x5f, 0x8d, 0x5f, 0x8d, 0xdf, 0x9d, 0x3f, 0x85, 0x3f, 0x85, 0x00, 0x00,
  0xdf, 0x9c, 0xff, 0x7b, 0x00, 0x00, 0x00, 0x00, 0x00, 0x00, 0x00, 0x00, 0x00, 0x00, 0x00, 0x00,
  0x00, 0x00, 0x00, 0x00, 0x00, 0x00, 0x00, 0x00, 0x00, 0x00, 0x00, 0x00, 0x00, 0x00, 0x00, 0x00,
  0x00, 0x00, 0x00, 0x00, 0x00, 0x00, 0x00, 0x00, 0x00, 0x00, 0x00, 0x00, 0x00, 0x00, 0x00, 0x00,
  0x00, 0x00, 0x00, 0x00, 0x00, 0x00, 0x00, 0x00, 0x00, 0x00, 0x00, 0x00, 0x00, 0x00, 0xff, 0x7b,
  0xdf, 0x9c, 0x00, 0x00, 0xdf, 0x94, 0xbf, 0x8c, 0x5f, 0x9d, 0xdf, 0x8c, 0xdf, 0x8c, 0xbf, 0x8c,
  0xbf, 0x8c, 0xbf, 0x8c, 0xbf, 0x8c, 0xbf, 0x8c, 0xbf, 0x8c, 0xbf, 0x8c, 0x9f, 0x8c, 0x9f, 0x8c,
  0x9f, 0x8c, 0x9f, 0x8c, 0x9f, 0x8c, 0x9f, 0x8c, 0x9f, 0x8c, 0x9f, 0x8c, 0x9f, 0x8c, 0x9f, 0x8c,
  0x9f, 0x8c, 0xff, 0x9c, 0x9f, 0x94, 0x7f, 0x8c, 0x00, 0x00, 0x00, 0x00, 0x9f, 0x85, 0xbf, 0x8d,
  0xff, 0x95, 0x7f, 0x85, 0x7f, 0x85, 0x7f, 0x85, 0x7f, 0x85, 0x7f, 0x8d, 0x7f, 0x8d, 0x7f, 0x8d,
  0x5f, 0x8d, 0x5f, 0x8d, 0x5f, 0x8d, 0x5f, 0x8d, 0x5f, 0x8d, 0x5f, 0x8d, 0x5f, 0x8d, 0x5f, 0x8d,
  0x5f, 0x8d, 0x5f, 0x8d, 0x5f, 0x8d, 0x5f, 0x8d, 0x5f, 0x8d, 0xdf, 0x9d, 0x3f, 0x8d, 0x3f, 0x85,
  0x00, 0x00, 0xdf, 0x9c, 0xff, 0x7b, 0x00, 0x00, 0x00, 0x00, 0x00, 0x00, 0x00, 0x00, 0x00, 0x00,
  0x00, 0x00, 0x00, 0x00, 0x00, 0x00, 0x00, 0x00, 0x00, 0x00, 0x00, 0x00, 0x00, 0x00, 0x00, 0x00,
  0x00, 0x00, 0x00, 0x00, 0x00, 0x00, 0x00, 0x00, 0x00, 0x00, 0x00, 0x00, 0x00, 0x00, 0x00, 0x00,
  0x00, 0x00, 0x00, 0x00, 0x00, 0x00, 0x00, 0x00, 0x00, 0x00, 0x00, 0x00, 0x00, 0x00, 0x00, 0x00,
  0xff, 0x7b, 0xdf, 0x9c, 0x00, 0x00, 0xdf, 0x94, 0xbf, 0x8c, 0x5f, 0x9d, 0xdf, 0x8c, 0xbf, 0x8c,
  0xbf, 0x8c, 0xbf, 0x8c, 0xbf, 0x8c, 0xbf, 0x8c, 0xbf, 0x8c, 0xbf, 0x8c, 0x9f, 0x8c, 0x9f, 0x8c,
  0x9f, 0x8c, 0x9f, 0x8c, 0x9f, 0x8c, 0x9f, 0x8c, 0x9f, 0x8c, 0x9f, 0x8c, 0x9f, 0x8c, 0x7f, 0x8c,
  0x7f, 0x8c, 0x9f, 0x8c, 0xff, 0x9c, 0x9f, 0x94, 0x7f, 0x8c, 0x00, 0x00, 0x00, 0x00, 0x9f, 0x85,
  0xbf, 0x8d, 0xff, 0x95, 0x7f, 0x85, 0x7f, 0x85, 0x7f, 0x85, 0x7f, 0x85, 0x5f, 0x8d, 0x5f, 0x8d,
  0x5f, 0x8d, 0x5f, 0x8d, 0x5f, 0x8d, 0x5f, 0x8d, 0x5f, 0x8d, 0x5f, 0x8d, 0x5f, 0x8d, 0x5f, 0x8d,
  0x5f, 0x8d, 0x5f, 0x8d, 0x3f, 0x8d, 0x3f, 0x8d, 0x3f, 0x8d, 0x3f, 0x8d, 0xdf, 0x9d, 0x3f, 0x8d,
  0x7f, 0x8d, 0x00, 0x00, 0xdf, 0x9c, 0xff, 0x7b, 0x00, 0x00, 0x00, 0x00, 0x00, 0x00, 0x00, 0x00,
  0x00, 0x00, 0x00, 0x00, 0x00, 0x00, 0x00, 0x00, 0x00, 0x00, 0x00, 0x00, 0x00, 0x00, 0x00, 0x00,
  0x00, 0x00, 0x00, 0x00, 0x00, 0x00, 0x00, 0x00, 0x00, 0x00, 0x00, 0x00, 0x00, 0x00, 0x00, 0x00,
  0x00, 0x00, 0x00, 0x00, 0x00, 0x00, 0x00, 0x00, 0x00, 0x00, 0x00, 0x00, 0x00, 0x00, 0x00, 0x00,
  0x00, 0x00, 0xff, 0x7b, 0xdf, 0x9c, 0x00, 0x00, 0xdf, 0x94, 0xbf, 0x8c, 0x3f, 0x9d, 0xbf, 0x8c,
  0xbf, 0x8c, 0xbf, 0x8c, 0xbf, 0x8c, 0xbf, 0x8c, 0x9f, 0x8c, 0x9f, 0x8c, 0x9f, 0x8c, 0x9f, 0x8c,
  0x9f, 0x8c, 0x9f, 0x8c, 0x9f, 0x8c, 0x9f, 0x8c, 0x7f, 0x8c, 0x7f, 0x8c, 0x7f, 0x8c, 0x7f, 0x8c,
  0x7f, 0x8c, 0x7f, 0x8c, 0x7f, 0x8c, 0xff, 0x9c, 0x9f, 0x94, 0x7f, 0x8c, 0x00, 0x00, 0x00, 0x00,
  0x7f, 0x85, 0x9f, 0x8d, 0xff, 0x95, 0x7f, 0x85, 0x5f, 0x8d, 0x5f, 0x8d, 0x5f, 0x8d, 0x5f, 0x8d,
  0x5f, 0x8d, 0x5f, 0x8d, 0x5f, 0x8d, 0x5f, 0x8d, 0x5f, 0x8d, 0x5f, 0x8d, 0x3f, 0x8d, 0x3f, 0x8d,
  0x3f, 0x8d, 0x3f, 0x8d, 0x3f, 0x8d, 0x3f, 0x8d, 0x3f, 0x8d, 0x3f, 0x8d, 0x3f, 0x8d, 0xbf, 0x9d,
  0x3f, 0x8d, 0x7f, 0x95, 0x00, 0x00, 0xdf, 0x9c, 0xff, 0x7b, 0x00, 0x00, 0x00, 0x00, 0x00, 0x00,
  0x00, 0x00, 0x00, 0x00, 0x00, 0x00, 0x00, 0x00, 0x00, 0x00, 0x00, 0x00, 0x00, 0x00, 0x00, 0x00,
  0x00, 0x00, 0x00, 0x00, 0x00, 0x00, 0x00, 0x00, 0x00, 0x00, 0x00, 0x00, 0x00, 0x00, 0x00, 0x00,
  0x00, 0x00, 0x00, 0x00, 0x00, 0x00, 0x00, 0x00, 0x00, 0x00, 0x00, 0x00, 0x00, 0x00, 0x00, 0x00,
  0x00, 0x00, 0x00, 0x00, 0xff, 0x7b, 0xdf, 0x9c, 0x00, 0x00, 0xbf, 0x8c, 0xbf, 0x8c, 0x3f, 0x9d,
  0xbf, 0x8c, 0x9f, 0x8c, 0x9f, 0x8c, 0x9f, 0x8c, 0x9f, 0x8c, 0x9f, 0x8c, 0x9f, 0x8c, 0x9f, 0x8c,
  0x9f, 0x8c, 0x9f, 0x8c, 0x7f, 0x8c, 0x7f, 0x8c, 0x7f, 0x8c, 0x7f, 0x8c, 0x7f, 0x8c, 0x7f, 0x8c,
  0x7f, 0x8c, 0x7f, 0x8c, 0x7f, 0x8c, 0x7f, 0x8c, 0xdf, 0x9c, 0x9f, 0x94, 0x5f, 0x8c, 0x00, 0x00,
  0x00, 0x00, 0x5f, 0x85, 0x9f, 0x8d, 0xdf, 0x95, 0x5f, 0x8d, 0x5f, 0x8d, 0x5f, 0x8d, 0x5f, 0x8d,
  0x5f, 0x8d, 0x5f, 0x8d, 0x5f, 0x8d, 0x5f, 0x8d, 0x5f, 0x8d, 0x3f, 0x8d, 0x3f, 0x8d, 0x3f, 0x8d,
  0x3f, 0x8d, 0x3f, 0x8d, 0x3f, 0x8d, 0x3f, 0x8d, 0x3f, 0x8d, 0x3f, 0x8d, 0x3f, 0x8d, 0x3f, 0x8d,
  0xbf, 0x9d, 0x1f, 0x8d, 0x3f, 0x8d, 0xff, 0xff, 0x3f, 0x9b, 0xff, 0x7b, 0x00, 0x00, 0x00, 0x00,
  0x00, 0x00, 0x00, 0x00, 0x00, 0x00, 0x00, 0x00, 0x00, 0x00, 0x00, 0x00, 0x00, 0x00, 0x00, 0x00,
  0x00, 0x00, 0x00, 0x00, 0x00, 0x00, 0x00, 0x00, 0x00, 0x00, 0x00, 0x00, 0x00, 0x00, 0x00, 0x00,
  0x00, 0x00, 0x00, 0x00, 0x00, 0x00, 0x00, 0x00, 0x00, 0x00, 0x00, 0x00, 0x00, 0x00, 0x00, 0x00,
  0x00, 0x00, 0x00, 0x00, 0x00, 0x00, 0xff, 0x7b, 0xdf, 0x9c, 0x1f, 0x00, 0x9f, 0x94, 0xbf, 0x8c,
  0x3f, 0x9d, 0x9f, 0x8c, 0x9f, 0x8c, 0x9f, 0x8c, 0x9f, 0x8c, 0x9f, 0x8c, 0x9f, 0x8c, 0x9f, 0x8c,
  0x9f, 0x8c, 0x9f, 0x8c, 0x7f, 0x8c, 0x7f, 0x8c, 0x7f, 0x8c, 0x7f, 0x8c, 0x7f, 0x8c, 0x7f, 0x8c,
  0x7f, 0x8c, 0x7f, 0x8c, 0x7f, 0x8c, 0x7f, 0x8c, 0x5f, 0x8c, 0xdf, 0x9c, 0x7f, 0x94, 0x3f, 0x8c,
  0x00, 0x00, 0x00, 0x00, 0x5f, 0x8d, 0x9f, 0x8d, 0xdf, 0x95, 0x5f, 0x8d, 0x5f, 0x8d, 0x5f, 0x8d,
  0x5f, 0x8d, 0x3f, 0x8d, 0x3f, 0x8d, 0x3f, 0x8d, 0x3f, 0x8d, 0x3f, 0x8d, 0x3f, 0x8d, 0x3f, 0x8d,
  0x3f, 0x8d, 0x3f, 0x8d, 0x3f, 0x8d, 0x3f, 0x8d, 0x3f, 0x8d, 0x3f, 0x8d, 0x1f, 0x8d, 0x1f, 0x8d,
  0x1f, 0x8d, 0x9f, 0x9d, 0x1f, 0x8d, 0xff, 0x8c, 0x00, 0x00, 0xff, 0x7b, 0xff, 0xff, 0x00, 0x00,
  0x00, 0x00, 0x00, 0x00, 0x00, 0x00, 0x00, 0x00, 0x00, 0x00, 0x00, 0x00, 0x00, 0x00, 0x00, 0x00,
  0x00, 0x00, 0x00, 0x00, 0x00, 0x00, 0x00, 0x00, 0x00, 0x00, 0x00, 0x00, 0x00, 0x00, 0x00, 0x00,
  0x00, 0x00, 0x00, 0x00, 0x00, 0x00, 0x00, 0x00, 0x00, 0x00, 0x00, 0x00, 0x00, 0x00, 0x00, 0x00,
  0x00, 0x00, 0x00, 0x00, 0x00, 0x00, 0x00, 0x00, 0xff, 0x7b, 0xdf, 0x9c, 0x00, 0x00, 0x9f, 0x94,
  0x9f, 0x8c, 0x3f, 0x9d, 0x9f, 0x8c, 0x9f, 0x8c, 0x9f, 0x8c, 0x9f, 0x8c, 0x9f, 0x8c, 0x7f, 0x8c,
  0x7f, 0x8c, 0x7f, 0x8c, 0x7f, 0x8c, 0x7f, 0x8c, 0x7f, 0x8c, 0x7f, 0x8c, 0x7f, 0x8c, 0x7f, 0x8c,
  0x7f, 0x8c, 0x7f, 0x8c, 0x7f, 0x8c, 0x7f, 0x8c, 0x5f, 0x8c, 0x5f, 0x8c, 0xbf, 0x9c, 0x7f, 0x94,
  0x3f, 0x8c, 0x00, 0x00, 0x00, 0x00, 0x5f, 0x8d, 0x9f, 0x8d, 0xdf, 0x95, 0x5f, 0x8d, 0x5f, 0x8d,
  0x3f, 0x8d, 0x3f, 0x8d, 0x3f, 0x8d, 0x3f, 0x8d, 0x3f, 0x8d, 0x3f, 0x8d, 0x3f, 0x8d, 0x3f, 0x8d,
  0x3f, 0x8d, 0x3f, 0x8d, 0x3f, 0x8d, 0x1f, 0x8d, 0x1f, 0x8d, 0x3f, 0x8d, 0x1f, 0x8d, 0x1f, 0x8d,
  0x1f, 0x8d, 0x1f, 0x8d, 0x9f, 0x9d, 0xff, 0x8c, 0xff, 0x8c, 0x00, 0x00, 0x5f, 0x55, 0x00, 0x00,
  0xff, 0xff, 0x00, 0x00, 0x00, 0x00, 0x00, 0x00, 0x00, 0x00, 0x00, 0x00, 0x00, 0x00, 0x00, 0x00,
  0x00, 0x00, 0x00, 0x00, 0x00, 0x00, 0x00, 0x00, 0x00, 0x00, 0x00, 0x00, 0x00, 0x00, 0x00, 0x00,
  0x00, 0x00, 0x00, 0x00, 0x00, 0x00, 0x00, 0x00, 0x00, 0x00, 0x00, 0x00, 0x00, 0x00, 0x00, 0x00,
  0x00, 0x00, 0x00, 0x00, 0x00, 0x00, 0x00, 0x00, 0xff, 0xff, 0x00, 0x00, 0xff, 0xff, 0x00, 0x00,
  0x7f, 0x8c, 0x9f, 0x8c, 0x1f, 0x9d, 0x9f, 0x8c, 0x7f, 0x8c, 0x7f, 0x8c, 0x7f, 0x8c, 0x7f, 0x8c,
  0x7f, 0x8c, 0x7f, 0x8c, 0x7f, 0x8c, 0x7f, 0x8c, 0x7f, 0x8c, 0x7f, 0x8c, 0x5f, 0x8c, 0x5f, 0x8c,
  0x5f, 0x8c, 0x5f, 0x8c, 0x5f, 0x8c, 0x5f, 0x8c, 0x5f, 0x8c, 0x5f, 0x8c, 0x5f, 0x8c, 0xbf, 0x9c,
  0x7f, 0x94, 0x5f, 0x94, 0x00, 0x00, 0x00, 0x00, 0x5f, 0x85, 0x7f, 0x8d, 0xbf, 0x95, 0x3f, 0x8d,
  0x3f, 0x8d, 0x3f, 0x8d, 0x3f, 0x8d, 0x3f, 0x8d, 0x3f, 0x8d, 0x3f, 0x8d, 0x3f, 0x8d, 0x3f, 0x8d,
  0x3f, 0x8d, 0x3f, 0x8d, 0x1f, 0x8d, 0x1f, 0x8d, 0x1f, 0x8d, 0x1f, 0x8d, 0x1f, 0x8d, 0x1f, 0x8d,
  0x1f, 0x8d, 0xff, 0x8c, 0x1f, 0x8d, 0x7f, 0x95, 0xff, 0x8c, 0x1f, 0x8d, 0xdf, 0x7c, 0xff, 0xff,
  0x00, 0x00, 0xff, 0xff, 0x00, 0x00, 0x00, 0x00, 0x00, 0x00, 0x00, 0x00, 0x00, 0x00, 0x00, 0x00,
  0x00, 0x00, 0x00, 0x00, 0x00, 0x00, 0x00, 0x00, 0x00, 0x00, 0x00, 0x00, 0x00, 0x00, 0x00, 0x00,
  0x00, 0x00, 0x00, 0x00, 0x00, 0x00, 0x00, 0x00, 0x00, 0x00, 0x00, 0x00, 0x00, 0x00, 0x00, 0x00,
  0x00, 0x00, 0x00, 0x00, 0x00, 0x00, 0x00, 0x00, 0x00, 0x00, 0xff, 0x7b, 0x00, 0x00, 0x00, 0x00,
  0x9f, 0x94, 0x7f, 0x8c, 0x7f, 0x8c, 0xff, 0x9c, 0x9f, 0x8c, 0x7f, 0x8c, 0x7f, 0x8c, 0x7f, 0x8c,
  0x7f, 0x8c, 0x7f, 0x8c, 0x7f, 0x8c, 0x7f, 0x8c, 0x7f, 0x8c, 0x7f, 0x8c, 0x5f, 0x8c, 0x5f, 0x8c,
  0x5f, 0x8c, 0x5f, 0x8c, 0x5f, 0x8c, 0x5f, 0x8c, 0x5f, 0x94, 0x5f, 0x8c, 0x5f, 0x8c, 0x3f, 0x8c,
  0x9f, 0x9c, 0x5f, 0x94, 0x3f, 0x94, 0x00, 0x00, 0x00, 0x00, 0x3f, 0x85, 0x3f, 0x8d, 0x7f, 0x8d,
  0x3f, 0x8d, 0x3f, 0x8d, 0x3f, 0x8d, 0x3f, 0x8d, 0x3f, 0x8d, 0x3f, 0x8d, 0x3f, 0x8d, 0x3f, 0x8d,
  0x1f, 0x8d, 0x1f, 0x8d, 0x1f, 0x8d, 0x1f, 0x8d, 0x1f, 0x8d, 0x1f, 0x8d, 0x1f, 0x8d, 0x1f, 0x8d,
  0x1f, 0x8d, 0xff, 0x8c, 0xff, 0x8c, 0xff, 0x8c, 0x3f, 0x95, 0xff, 0x8c, 0xff, 0x8c, 0x1f, 0x8d,
  0x00, 0x00, 0x00, 0x00, 0x5f, 0xad, 0x00, 0x00, 0x00, 0x00, 0x00, 0x00, 0x00, 0x00, 0x00, 0x00,
  0x00, 0x00, 0x00, 0x00, 0x00, 0x00, 0x00, 0x00, 0x00, 0x00, 0x00, 0x00, 0x00, 0x00, 0x00, 0x00,
  0x00, 0x00, 0x00, 0x00, 0x00, 0x00, 0x00, 0x00, 0x00, 0x00, 0x00, 0x00, 0x00, 0x00, 0x00, 0x00,
  0x00, 0x00, 0x00, 0x00, 0x00, 0x00, 0x00, 0x00, 0x00, 0x00, 0x00, 0x00, 0x5f, 0xad, 0x00, 0x00,
  0x00, 0x00, 0xbf, 0x94, 0x7f, 0x8c, 0x7f, 0x8c, 0xbf, 0x94, 0x7f, 0x8c, 0x7f, 0x8c, 0x7f, 0x8c,
  0x7f, 0x8c, 0x7f, 0x8c, 0x7f, 0x8c, 0x5f, 0x8c, 0x5f, 0x8c, 0x5f, 0x8c, 0x5f, 0x8c, 0x5f, 0x8c,
  0x5f, 0x94, 0x5f, 0x94, 0x5f, 0x8c, 0x5f, 0x8c, 0x5f, 0x8c, 0x3f, 0x94, 0x3f, 0x8c, 0x3f, 0x8c,
  0x3f, 0x94, 0x7f, 0x94, 0x3f, 0x8c, 0x3f, 0x94, 0x00, 0x00, 0x00, 0x00, 0x3f, 0x8d, 0x3f, 0x8d,
  0x5f, 0x8d, 0x3f, 0x8d, 0x3f, 0x8d, 0x3f, 0x8d, 0x3f, 0x8d, 0x3f, 0x8d, 0x3f, 0x8d, 0x1f, 0x8d,
  0x1f, 0x8d, 0x1f, 0x8d, 0x1f, 0x8d, 0x1f, 0x8d, 0x1f, 0x8d, 0x1f, 0x8d, 0x1f, 0x8d, 0x1f, 0x8d,
  0xff, 0x8c, 0xff, 0x8c, 0xff, 0x8c, 0xff, 0x8c, 0xff, 0x8c, 0x1f, 0x8d, 0xff, 0x8c, 0xff, 0x8c,
  0xff, 0x8c, 0x5f, 0xad, 0xff, 0xff, 0x7f, 0x9e, 0x00, 0x00, 0x00, 0x00, 0x00, 0x00, 0x00, 0x00,
  0x00, 0x00, 0x00, 0x00, 0x00, 0x00, 0x00, 0x00, 0x00, 0x00, 0x00, 0x00, 0x00, 0x00, 0x00, 0x00,
  0x00, 0x00, 0x00, 0x00, 0x00, 0x00, 0x00, 0x00, 0x00, 0x00, 0x00, 0x00, 0x00, 0x00, 0x00, 0x00,
  0x00, 0x00, 0x00, 0x00, 0x00, 0x00, 0x00, 0x00, 0x00, 0x00, 0x00, 0x00, 0x00, 0x00, 0xdf, 0x9c,
  0x1f, 0xf8, 0xff, 0x7b, 0x7f, 0x94, 0x7f, 0x8c, 0x7f, 0x8c, 0x9f, 0x94, 0x7f, 0x8c, 0x7f, 0x8c,
  0x7f, 0x8c, 0x7f, 0x8c, 0x7f, 0x8c, 0x5f, 0x8c, 0x5f, 0x8c, 0x5f, 0x8c, 0x5f, 0x8c, 0x5f, 0x8c,
  0x5f, 0x8c, 0x5f, 0x94, 0x5f, 0x94, 0x5f, 0x8c, 0x3f, 0x94, 0x3f, 0x94, 0x3f, 0x94, 0x3f, 0x94,
  0x3f, 0x94, 0x3f, 0x94, 0x5f, 0x94, 0x3f, 0x8c, 0x1f, 0x94, 0x00, 0x00, 0x00, 0x00, 0x1f, 0x8d,
  0x3f, 0x8d, 0x3f, 0x8d, 0x3f, 0x8d, 0x3f, 0x8d, 0x1f, 0x8d, 0x1f, 0x8d, 0x1f, 0x8d, 0x1f, 0x8d,
  0x1f, 0x8d, 0x1f, 0x8d, 0x1f, 0x8d, 0x1f, 0x8d, 0x1f, 0x8d, 0x1f, 0x8d, 0xff, 0x8c, 0xff, 0x8c,
  0xff, 0x8c, 0xff, 0x8c, 0xff, 0x8c, 0xff, 0x8c, 0xff, 0x8c, 0xff, 0x8c, 0xdf, 0x8c, 0xff, 0x8c,
  0xff, 0x8c, 0xff, 0x8c, 0x00, 0x00, 0x00, 0x00, 0x5f, 0x7d, 0x00, 0x00, 0x00, 0x00, 0x00, 0x00,
  0x00, 0x00, 0x00, 0x00, 0x00, 0x00, 0x00, 0x00, 0x00, 0x00, 0x00, 0x00, 0x00, 0x00, 0x00, 0x00,
  0x00, 0x00, 0x00, 0x00, 0x00, 0x00, 0x00, 0x00, 0x00, 0x00, 0x00, 0x00, 0x00, 0x00, 0x00, 0x00,
  0x00, 0x00, 0x00, 0x00, 0x00, 0x00, 0x00, 0x00, 0x00, 0x00, 0x00, 0x00, 0x00, 0x00, 0x00, 0x00,
  0xdf, 0x9c, 0x00, 0x00, 0x00, 0x00, 0x5f, 0x8c, 0x7f, 0x94, 0x7f, 0x94, 0x7f, 0x8c, 0x5f, 0x8c,
  0x7f, 0x8c, 0x5f, 0x8c, 0x5f, 0x8c, 0x5f, 0x8c, 0x5f, 0x8c, 0x5f, 0x8c, 0x5f, 0x8c, 0x5f, 0x8c,
  0x5f, 0x8c, 0x5f, 0x8c, 0x3f, 0x94, 0x3f, 0x94, 0x3f, 0x8c, 0x3f, 0x94, 0x3f, 0x94, 0x3f, 0x94,
  0x3f, 0x94, 0x3f, 0x94, 0x3f, 0x94, 0x3f, 0x94, 0x1f, 0x8c, 0x1f, 0x94, 0x00, 0x00, 0x00, 0x00,
  0x1f, 0x8d, 0x1f, 0x8d, 0x1f, 0x8d, 0x3f, 0x8d, 0x1f, 0x8d, 0x1f, 0x8d, 0x1f, 0x8d, 0xff, 0x8c,
  0xff, 0x8c, 0x1f, 0x8d, 0xff, 0x8c, 0xff, 0x8c, 0xff, 0x8c, 0xff, 0x8c, 0xff, 0x8c, 0xff, 0x8c,
  0xff, 0x8c, 0xff, 0x8c, 0xff, 0x8c, 0xff, 0x8c, 0xdf, 0x8c, 0xdf, 0x8c, 0xdf, 0x8c, 0xdf, 0x8c,
  0x1f, 0x95, 0x1f, 0x95, 0xdf, 0x8c, 0x5f, 0x55, 0x00, 0x00, 0xdf, 0x9c, 0x00, 0x00, 0x1f, 0x00,
  0x00, 0x00, 0x00, 0x00, 0x00, 0x00, 0x00, 0x00, 0x00, 0x00, 0x00, 0x00, 0x00, 0x00, 0x00, 0x00,
  0x00, 0x00, 0x00, 0x00, 0x00, 0x00, 0x00, 0x00, 0x00, 0x00, 0x00, 0x00, 0x00, 0x00, 0x00, 0x00,
  0x00, 0x00, 0x00, 0x00, 0x00, 0x00, 0x00, 0x00, 0x00, 0x00, 0x00, 0x00, 0x00, 0x00, 0x1f, 0x00,
  0x00, 0x00, 0xdf, 0x9c, 0x1f, 0x00, 0x7f, 0x6b, 0x5f, 0x8c, 0x9f, 0x94, 0x9f, 0x94, 0x5f, 0x8c,
  0x5f, 0x94, 0x5f, 0x94, 0x5f, 0x8c, 0x5f, 0x8c, 0x5f, 0x94, 0x5f, 0x94, 0x5f, 0x8c, 0x3f, 0x8c,
  0x3f, 0x94, 0x3f, 0x94, 0x3f, 0x94, 0x3f, 0x94, 0x3f, 0x94, 0x3f, 0x94, 0x3f, 0x94, 0x3f, 0x94,
  0x3f, 0x94, 0x1f, 0x94, 0x3f, 0x94, 0x3f, 0x94, 0x1f, 0x94, 0x1f, 0x8c, 0xff, 0x8b, 0x00, 0x00,
  0x00, 0x00, 0xff, 0x8c, 0x1f, 0x8d, 0x1f, 0x8d, 0x3f, 0x8d, 0x1f, 0x8d, 0x1f, 0x8d, 0x1f, 0x8d,
  0xff, 0x8c, 0xff, 0x8c, 0x1f, 0x8d, 0xff, 0x8c, 0xff, 0x8c, 0xff, 0x8c, 0xff, 0x8c, 0xff, 0x8c,
  0xff, 0x8c, 0xdf, 0x8c, 0xdf, 0x8c, 0xdf, 0x8c, 0xdf, 0x8c, 0xdf, 0x8c, 0xdf, 0x8c, 0xdf, 0x8c,
  0xdf, 0x8c, 0xff, 0x94, 0x1f, 0x95, 0xdf, 0x8c, 0xbf, 0x8c, 0xff, 0x9c, 0x00, 0x00, 0xff, 0xff,
  0xbf, 0x52, 0x00, 0x00, 0x00, 0x00, 0x00, 0x00, 0x00, 0x00, 0x00, 0x00, 0x00, 0x00, 0x00, 0x00,
  0x00, 0x00, 0x00, 0x00, 0x00, 0x00, 0x00, 0x00, 0x00, 0x00, 0x00, 0x00, 0x00, 0x00, 0x00, 0x00,
  0x00, 0x00, 0x00, 0x00, 0x00, 0x00, 0x00, 0x00, 0x00, 0x00, 0x00, 0x00, 0x00, 0x00, 0x00, 0x00,
  0xff, 0x7b, 0x1f, 0xf8, 0x00, 0x00, 0xff, 0xff, 0x3f, 0x8c, 0x5f, 0x8c, 0xbf, 0x9c, 0x9f, 0x94,
  0x5f, 0x94, 0x5f, 0x94, 0x5f, 0x94, 0x5f, 0x8c, 0x5f, 0x8c, 0x5f, 0x94, 0x5f, 0x94, 0x3f, 0x8c,
  0x3f, 0x8c, 0x3f, 0x94, 0x3f, 0x94, 0x3f, 0x94, 0x3f, 0x94, 0x3f, 0x94, 0x3f, 0x94, 0x1f, 0x94,
  0x3f, 0x94, 0x1f, 0x94, 0x1f, 0x94, 0x1f, 0x94, 0x3f, 0x94, 0x1f, 0x94, 0xff, 0x93, 0x3f, 0x8c,
  0x00, 0x00, 0x00, 0x00, 0xff, 0x8c, 0xff, 0x84, 0xff, 0x8c, 0x5f, 0x95, 0x1f, 0x8d, 0x1f, 0x8d,
  0x1f, 0x8d, 0xff, 0x8c, 0xff, 0x8c, 0xff, 0x8c, 0xff, 0x8c, 0xff, 0x8c, 0xff, 0x8c, 0xff, 0x8c,
  0xff, 0x8c, 0xff, 0x8c, 0xdf, 0x8c, 0xdf, 0x8c, 0xdf, 0x8c, 0xdf, 0x8c, 0xdf, 0x8c, 0xdf, 0x8c,
  0xdf, 0x8c, 0xbf, 0x8c, 0xbf, 0x8c, 0xbf, 0x8c, 0xdf, 0x8c, 0xbf, 0x8c, 0xbf, 0x8c, 0xff, 0x07,
  0x00, 0x00, 0xff, 0x7b, 0x00, 0x00, 0x00, 0x00, 0x00, 0x00, 0x00, 0x00, 0x00, 0x00, 0x00, 0x00,
  0x00, 0x00, 0x00, 0x00, 0x00, 0x00, 0x00, 0x00, 0x00, 0x00, 0x00, 0x00, 0x00, 0x00, 0x00, 0x00,
  0x00, 0x00, 0x00, 0x00, 0x00, 0x00, 0x00, 0x00, 0x00, 0x00, 0x00, 0x00, 0x00, 0x00, 0x00, 0x00,
  0x00, 0x00, 0x5f, 0xad, 0x00, 0x00, 0x1f, 0xf8, 0x5f, 0x94, 0x5f, 0x8c, 0x5f, 0x94, 0x5f, 0x94,
  0x5f, 0x94, 0x5f, 0x94, 0x5f, 0x94, 0x5f, 0x94, 0x3f, 0x8c, 0x3f, 0x8c, 0x3f, 0x8c, 0x3f, 0x94,
  0x3f, 0x94, 0x3f, 0x94, 0x3f, 0x94, 0x3f, 0x94, 0x3f, 0x94, 0x1f, 0x94, 0x1f, 0x94, 0x1f, 0x94,
  0x1f, 0x94, 0x1f, 0x94, 0x1f, 0x94, 0x1f, 0x94, 0x1f, 0x94, 0x3f, 0x94, 0x1f, 0x94, 0x1f, 0x94,
  0x1f, 0x94, 0x00, 0x00, 0x00, 0x00, 0x1f, 0x8d, 0xff, 0x84, 0xff, 0x8c, 0x5f, 0x95, 0x1f, 0x8d,
  0xff, 0x8c, 0xff, 0x8c, 0xff, 0x8c, 0xff, 0x8c, 0xff, 0x8c, 0xff, 0x8c, 0xdf, 0x8c, 0xff, 0x8c,
  0xdf, 0x8c, 0xdf, 0x8c, 0xdf, 0x8c, 0xdf, 0x8c, 0xdf, 0x8c, 0xdf, 0x8c, 0xdf, 0x8c, 0xdf, 0x8c,
  0xdf, 0x8c, 0xdf, 0x8c, 0xbf, 0x8c, 0xbf, 0x8c, 0xbf, 0x8c, 0xff, 0x94, 0xbf, 0x8c, 0x9f, 0x8c,
  0xbf, 0x8c, 0xff, 0xff, 0x9f, 0x94, 0xdf, 0x9c, 0x00, 0x00, 0x00, 0x00, 0x00, 0x00, 0x00, 0x00,
  0x00, 0x00, 0x00, 0x00, 0x00, 0x00, 0x00, 0x00, 0x00, 0x00, 0x00, 0x00, 0x00, 0x00, 0x00, 0x00,
  0x00, 0x00, 0x00, 0x00, 0x00, 0x00, 0x00, 0x00, 0x00, 0x00, 0x00, 0x00, 0x00, 0x00, 0x00, 0x00,
  0x00, 0x00, 0xdf, 0x9c, 0x9f, 0x94, 0xff, 0xff, 0x1f, 0x94, 0x1f, 0x8c, 0x5f, 0x8c, 0x7f, 0x94,
  0x5f, 0x8c, 0x5f, 0x8c, 0x3f, 0x8c, 0x3f, 0x8c, 0x3f, 0x8c, 0x3f, 0x94, 0x3f, 0x94, 0x3f, 0x94,
  0x3f, 0x94, 0x3f, 0x94, 0x3f, 0x94, 0x3f, 0x94, 0x3f, 0x94, 0x3f, 0x94, 0x1f, 0x94, 0x1f, 0x94,
  0x1f, 0x94, 0x1f, 0x94, 0x1f, 0x94, 0x1f, 0x94, 0x1f, 0x94, 0x1f, 0x94, 0x3f, 0x9c, 0xff, 0x93,
  0xff, 0x93, 0xbf, 0x8b, 0x00, 0x00, 0xff, 0xff, 0xff, 0x7f, 0x1f, 0x8d, 0xff, 0x8c, 0x5f, 0x95,
  0x1f, 0x8d, 0xff, 0x8c, 0xff, 0x8c, 0xff, 0x8c, 0xdf, 0x8c, 0xdf, 0x8c, 0xdf, 0x8c, 0xdf, 0x8c,
  0xdf, 0x8c, 0xdf, 0x8c, 0xdf, 0x8c, 0xdf, 0x8c, 0xdf, 0x8c, 0xdf, 0x8c, 0xdf, 0x8c, 0xdf, 0x8c,
  0xbf, 0x8c, 0xbf, 0x8c, 0xbf, 0x8c, 0xbf, 0x8c, 0xbf, 0x8c, 0xbf, 0x8c, 0xdf, 0x94, 0xbf, 0x8c,
  0xbf, 0x94, 0x9f, 0x8c, 0x00, 0x00, 0x00, 0x00, 0x00, 0x00, 0xff, 0xff, 0xff, 0x7b, 0x00, 0x00,
  0x00, 0x00, 0x00, 0x00, 0x00, 0x00, 0x00, 0x00, 0x00, 0x00, 0x00, 0x00, 0x00, 0x00, 0x00, 0x00,
  0x00, 0x00, 0x00, 0x00, 0x00, 0x00, 0x00, 0x00, 0x00, 0x00, 0x00, 0x00, 0x00, 0x00, 0x00, 0x00,
  0xff, 0x7b, 0xff, 0x7b, 0x00, 0x00, 0x00, 0x00, 0x00, 0x00, 0x3f, 0x94, 0x7f, 0x94, 0x5f, 0x94,
  0x7f, 0x94, 0x3f, 0x8c, 0x3f, 0x8c, 0x3f, 0x8c, 0x3f, 0x8c, 0x3f, 0x94, 0x3f, 0x94, 0x3f, 0x94,
  0x3f, 0x94, 0x1f, 0x94, 0x1f, 0x94, 0x1f, 0x94, 0x1f, 0x94, 0x1f, 0x94, 0x1f, 0x94, 0x1f, 0x94,
  0x1f, 0x94, 0x1f, 0x94, 0x1f, 0x94, 0xff, 0x93, 0xff, 0x93, 0xff, 0x93, 0x1f, 0x94, 0x7f, 0xa4,
  0xff, 0x93, 0xdf, 0x8b, 0xff, 0x7b, 0xff, 0xfb, 0xdf, 0x9c, 0x00, 0x00, 0xdf, 0x8c, 0xff, 0x8c,
  0x3f, 0x95, 0xff, 0x8c, 0xff, 0x8c, 0xff, 0x8c, 0xdf, 0x8c, 0xdf, 0x8c, 0xdf, 0x8c, 0xdf, 0x8c,
  0xdf, 0x8c, 0xdf, 0x8c, 0xdf, 0x8c, 0xdf, 0x8c, 0xdf, 0x8c, 0xdf, 0x8c, 0xbf, 0x8c, 0xbf, 0x8c,
  0xbf, 0x8c, 0xbf, 0x8c, 0xbf, 0x8c, 0xbf, 0x8c, 0xbf, 0x8c, 0xbf, 0x8c, 0xbf, 0x8c, 0xbf, 0x8c,
  0xbf, 0x94, 0xff, 0x9c, 0x9f, 0x8c, 0xdf, 0x8c, 0x00, 0x00, 0x00, 0x00, 0xff, 0xff, 0xff, 0xff,
  0x00, 0x00, 0x00, 0x00, 0x00, 0x00, 0x00, 0x00, 0x00, 0x00, 0x00, 0x00, 0x00, 0x00, 0x00, 0x00,
  0x00, 0x00, 0x00, 0x00, 0x00, 0x00, 0x00, 0x00, 0x00, 0x00, 0x00, 0x00, 0x00, 0x00, 0x00, 0x00,
  0x00, 0x00, 0xff, 0xff, 0xff, 0x7b, 0x00, 0x00, 0x00, 0x00, 0x5f, 0x94, 0x3f, 0x8c, 0x9f, 0x9c,
  0x5f, 0x94, 0x5f, 0x94, 0x3f, 0x94, 0x3f, 0x94, 0x3f, 0x94, 0x3f, 0x94, 0x3f, 0x94, 0x3f, 0x94,
  0x1f, 0x94, 0x1f, 0x94, 0x1f, 0x94, 0x1f, 0x94, 0x1f, 0x94, 0x1f, 0x94, 0x1f, 0x94, 0x1f, 0x94,
  0x1f, 0x94, 0x1f, 0x94, 0xff, 0x93, 0xff, 0x93, 0xff, 0x93, 0xff, 0x93, 0xff, 0x93, 0x1f, 0x94,
  0x7f, 0xa4, 0xff, 0x93, 0xff, 0x7b, 0x00, 0x00, 0xff, 0x9b, 0x9f, 0x94, 0x00, 0x00, 0x7f, 0x8c,
  0xdf, 0x8c, 0xff, 0x8c, 0xff, 0x8c, 0xdf, 0x8c, 0xdf, 0x8c, 0xdf, 0x8c, 0xdf, 0x8c, 0xdf, 0x8c,
  0xdf, 0x8c, 0xdf, 0x8c, 0xdf, 0x8c, 0xbf, 0x8c, 0xdf, 0x8c, 0xbf, 0x8c, 0xbf, 0x8c, 0xbf, 0x8c,
  0xbf, 0x8c, 0xbf, 0x8c, 0xbf, 0x8c, 0xbf, 0x8c, 0x9f, 0x8c, 0x9f, 0x8c, 0xbf, 0x8c, 0x9f, 0x8c,
  0x9f, 0x8c, 0x9f, 0x8c, 0xdf, 0x94, 0xbf, 0x94, 0x9f, 0x8c, 0x7f, 0x8c, 0x7f, 0x8c, 0x00, 0x00,
  0x00, 0x00, 0xff, 0xbb, 0x9f, 0x94, 0xff, 0xbb, 0x5f, 0xad, 0xff, 0x7b, 0xff, 0xff, 0x00, 0x00,
  0x00, 0x00, 0x00, 0x00, 0x00, 0x00, 0x00, 0x00, 0x1f, 0x00, 0xff, 0x7b, 0x5f, 0xad, 0x3f, 0x9b,
  0x9f, 0x94, 0xff, 0xbd, 0x00, 0x00, 0x00, 0x00, 0x7f, 0x8c, 0x5f, 0x94, 0x3f, 0x94, 0x5f, 0x94,
  0x7f, 0x9c, 0x3f, 0x94, 0x3f, 0x8c, 0x3f, 0x94, 0x3f, 0x94, 0x1f, 0x94, 0x1f, 0x94, 0x1f, 0x94,
  0x1f, 0x94, 0x1f, 0x94, 0x1f, 0x94, 0x1f, 0x94, 0x1f, 0x94, 0x1f, 0x94, 0x1f, 0x94, 0x1f, 0x94,
  0x1f, 0x94, 0x1f, 0x94, 0x1f, 0x94, 0xff, 0x93, 0xff, 0x93, 0xff, 0x93, 0xff, 0x93, 0xff, 0x93,
  0xff, 0x93, 0x1f, 0x9c, 0xff, 0x93, 0x1f, 0xf8, 0x00, 0x00, 0xff, 0x7b, 0x7f, 0x9e, 0x00, 0x00,
  0xff, 0x7b, 0xdf, 0x8c, 0xdf, 0x8c, 0xdf, 0x8c, 0xff, 0x8c, 0xdf, 0x8c, 0xdf, 0x8c, 0xdf, 0x8c,
  0xdf, 0x8c, 0xdf, 0x8c, 0xdf, 0x8c, 0xbf, 0x8c, 0xbf, 0x8c, 0xbf, 0x8c, 0xbf, 0x8c, 0xbf, 0x8c,
  0xbf, 0x8c, 0xbf, 0x8c, 0xbf, 0x8c, 0x9f, 0x8c, 0x9f, 0x8c, 0x9f, 0x8c, 0x9f, 0x8c, 0x9f, 0x8c,
  0x9f, 0x8c, 0x9f, 0x8c, 0x9f, 0x8c, 0x7f, 0x8c, 0xbf, 0x94, 0xdf, 0x9c, 0x9f, 0x8c, 0x7f, 0x8c,
  0x5f, 0x8c, 0x9f, 0x94, 0x00, 0x00, 0x00, 0x00, 0x00, 0x00, 0x00, 0x00, 0x00, 0x00, 0x00, 0x00,
  0x1f, 0x00, 0xff, 0xff, 0xff, 0xff, 0x00, 0x00, 0x00, 0x00, 0x00, 0x00, 0x00, 0x00, 0x00, 0x00,
  0x00, 0x00, 0x00, 0x00, 0x00, 0x00, 0xff, 0x7b, 0xff, 0x8b, 0x3f, 0x94, 0x3f, 0x94, 0x7f, 0x9c,
  0x5f, 0x94, 0x1f, 0x8c, 0x1f, 0x94, 0x3f, 0x94, 0x3f, 0x94, 0x1f, 0x94, 0x1f, 0x94, 0x1f, 0x94,
  0x1f, 0x94, 0x1f, 0x94, 0x1f, 0x94, 0x1f, 0x94, 0x1f, 0x94, 0x1f, 0x94, 0x1f, 0x94, 0xff, 0x93,
  0xff, 0x93, 0xff, 0x93, 0xff, 0x93, 0xff, 0x93, 0xff, 0x93, 0xff, 0x93, 0xff, 0x93, 0xdf, 0x93,
  0xff, 0x93, 0xdf, 0x93, 0xdf, 0x93, 0xff, 0x93, 0xdf, 0xcc, 0x00, 0x00, 0xdf, 0x9c, 0x5f, 0x55,
  0x00, 0x00, 0x00, 0x00, 0xdf, 0x8c, 0xdf, 0x8c, 0xdf, 0x8c, 0x1f, 0x95, 0xbf, 0x8c, 0xbf, 0x8c,
  0xbf, 0x8c, 0xbf, 0x8c, 0xbf, 0x8c, 0xbf, 0x8c, 0xbf, 0x8c, 0xbf, 0x8c, 0xbf, 0x8c, 0x9f, 0x8c,
  0x9f, 0x8c, 0xbf, 0x8c, 0xbf, 0x8c, 0x9f, 0x8c, 0x9f, 0x8c, 0x9f, 0x8c, 0x9f, 0x8c, 0x9f, 0x8c,
  0x9f, 0x8c, 0x9f, 0x8c, 0x9f, 0x8c, 0x7f, 0x8c, 0x7f, 0x8c, 0x9f, 0x94, 0xbf, 0x94, 0x9f, 0x94,
  0x7f, 0x8c, 0x7f, 0x8c, 0x5f, 0x8c, 0x5f, 0xad, 0x00, 0x00, 0x00, 0x00, 0x00, 0x00, 0x00, 0x00,
  0xff, 0x7b, 0xff, 0x7b, 0x9f, 0x94, 0x9f, 0x94, 0xdf, 0x9c, 0xdf, 0x9c, 0xff, 0x7b, 0x1f, 0x00,
  0x00, 0x00, 0x00, 0x00, 0x00, 0x00, 0xbf, 0xaa, 0x1f, 0x8c, 0x3f, 0x8c, 0x3f, 0x94, 0x3f, 0x94,
  0x5f, 0x94, 0x3f, 0x94, 0x1f, 0x94, 0x1f, 0x94, 0x1f, 0x94, 0x1f, 0x94, 0x1f, 0x94, 0x1f, 0x94,
  0x1f, 0x94, 0x1f, 0x94, 0x1f, 0x94, 0x1f, 0x94, 0x1f, 0x94, 0xff, 0x93, 0xff, 0x93, 0xff, 0x93,
  0xff, 0x93, 0xff, 0x93, 0xff, 0x93, 0xff, 0x93, 0xff, 0x93, 0xff, 0x93, 0xff, 0x93, 0xdf, 0x93,
  0xdf, 0x93, 0x1f, 0x9c, 0xdf, 0x93, 0xdf, 0x93, 0xdf, 0x93, 0xff, 0xfb, 0x00, 0x00, 0xff, 0x79,
  0x1f, 0x00, 0xff, 0x7b, 0x00, 0x00, 0xff, 0x7b, 0xdf, 0x8c, 0xdf, 0x8c, 0x3f, 0x9d, 0xbf, 0x8c,
  0xbf, 0x8c, 0xbf, 0x8c, 0xbf, 0x8c, 0xbf, 0x8c, 0xbf, 0x8c, 0xbf, 0x8c, 0xbf, 0x8c, 0xbf, 0x8c,
  0x9f, 0x8c, 0x9f, 0x8c, 0xbf, 0x8c, 0x9f, 0x8c, 0x9f, 0x8c, 0x9f, 0x8c, 0x9f, 0x8c, 0x9f, 0x8c,
  0x9f, 0x8c, 0x9f, 0x8c, 0x9f, 0x8c, 0x7f, 0x8c, 0x7f, 0x8c, 0x7f, 0x94, 0x7f, 0x8c, 0x7f, 0x8c,
  0x9f, 0x94, 0xbf, 0x94, 0x7f, 0x8c, 0x7f, 0x8c, 0x5f, 0x8c, 0x5f, 0x8c, 0x3f, 0x8c, 0x9f, 0x94,
  0x7f, 0x8c, 0x00, 0x00, 0x00, 0x00, 0x00, 0x00, 0x00, 0x00, 0x00, 0x00, 0x00, 0x00, 0x00, 0x00,
  0x9f, 0x94, 0x5f, 0x94, 0x3f, 0x94, 0x3f, 0x94, 0x3f, 0x94, 0x3f, 0x94, 0x3f, 0x94, 0x7f, 0x9c,
  0x3f, 0x94, 0x1f, 0x8c, 0x1f, 0x8c, 0x1f, 0x94, 0x1f, 0x94, 0x1f, 0x94, 0x1f, 0x94, 0x1f, 0x94,
  0x1f, 0x94, 0x1f, 0x94, 0x1f, 0x94, 0x1f, 0x94, 0xff, 0x93, 0xff, 0x93, 0xff, 0x93, 0xff, 0x93,
  0xff, 0x93, 0xff, 0x93, 0xff, 0x93, 0xff, 0x93, 0xdf, 0x93, 0xff, 0x93, 0xdf, 0x93, 0xdf, 0x93,
  0xdf, 0x93, 0xdf, 0x93, 0x1f, 0x9c, 0xdf, 0x93, 0xdf, 0x93, 0xff, 0x93, 0x00, 0x00, 0xff, 0x7b,
  0x1f, 0xf8, 0x00, 0x00, 0xff, 0x7b, 0x00, 0x00, 0x00, 0x00, 0xdf, 0x8c, 0xbf, 0x8c, 0x1f, 0x95,
  0xbf, 0x8c, 0xbf, 0x8c, 0xbf, 0x8c, 0xbf, 0x8c, 0xbf, 0x8c, 0x9f, 0x8c, 0x9f, 0x8c, 0x9f, 0x8c,
  0x9f, 0x8c, 0x9f, 0x8c, 0x9f, 0x8c, 0x9f, 0x8c, 0x9f, 0x8c, 0x9f, 0x8c, 0x9f, 0x8c, 0x9f, 0x8c,
  0x7f, 0x8c, 0x7f, 0x8c, 0x7f, 0x8c, 0x7f, 0x8c, 0x7f, 0x8c, 0x7f, 0x8c, 0x7f, 0x8c, 0x7f, 0x8c,
  0x7f, 0x8c, 0x5f, 0x8c, 0x5f, 0x8c, 0x5f, 0x8c, 0x9f, 0x94, 0x7f, 0x94, 0x5f, 0x8c, 0x5f, 0x94,
  0x5f, 0x94, 0x7f, 0x94, 0x3f, 0x8c, 0x3f, 0x84, 0x7f, 0x8c, 0x7f, 0x8c, 0x3f, 0x94, 0x3f, 0x8c,
  0xdf, 0x93, 0x3f, 0x94, 0x3f, 0x94, 0x3f, 0x94, 0x3f, 0x94, 0x3f, 0x94, 0x3f, 0x94, 0x1f, 0x94,
  0x1f, 0x94, 0x1f, 0x94, 0x1f, 0x94, 0x1f, 0x94, 0x1f, 0x94, 0x1f, 0x94, 0x1f, 0x94, 0x1f, 0x94,
  0x1f, 0x94, 0xff, 0x93, 0xff, 0x93, 0xff, 0x93, 0xff, 0x93, 0xff, 0x93, 0xff, 0x93, 0xff, 0x93,
  0xff, 0x93, 0xff, 0x93, 0xdf, 0x93, 0xdf, 0x93, 0xdf, 0x93, 0xdf, 0x93, 0xdf, 0x93, 0xdf, 0x93,
  0xdf, 0x93, 0xdf, 0x93, 0xdf, 0x93, 0xdf, 0x93, 0xbf, 0x93, 0x9f, 0x93, 0x00, 0x00, 0x00, 0x00,
  0xff, 0x7b, 0x00, 0x00, 0x00, 0x00, 0x5f, 0xad, 0x00, 0x00, 0x00, 0x00, 0xbf, 0x84, 0xbf, 0x8c,
  0xdf, 0x94, 0xbf, 0x8c, 0xbf, 0x8c, 0xbf, 0x8c, 0xbf, 0x8c, 0x9f, 0x8c, 0x9f, 0x8c, 0x9f, 0x8c,
  0x9f, 0x8c, 0x9f, 0x8c, 0x9f, 0x8c, 0x9f, 0x8c, 0x9f, 0x8c, 0x7f, 0x8c, 0x7f, 0x8c, 0x7f, 0x8c,
  0x7f, 0x8c, 0x7f, 0x8c, 0x7f, 0x8c, 0x7f, 0x8c, 0x7f, 0x8c, 0x7f, 0x8c, 0x7f, 0x8c, 0x7f, 0x8c,
  0x7f, 0x8c, 0x5f, 0x8c, 0x5f, 0x8c, 0x5f, 0x94, 0x5f, 0x94, 0x9f, 0x94, 0x9f, 0x9c, 0x7f, 0x94,
  0x5f, 0x94, 0x3f, 0x8c, 0x3f, 0x94, 0x5f, 0x94, 0x3f, 0x94, 0x3f, 0x94, 0x3f, 0x94, 0x3f, 0x94,
  0x3f, 0x94, 0x1f, 0x94, 0x3f, 0x94, 0x3f, 0x94, 0x1f, 0x94, 0x3f, 0x94, 0x7f, 0x9c, 0x5f, 0x94,
  0x1f, 0x94, 0x1f, 0x94, 0x1f, 0x94, 0x1f, 0x94, 0x1f, 0x94, 0x1f, 0x94, 0x1f, 0x94, 0x1f, 0x94,
  0xff, 0x93, 0xff, 0x93, 0xff, 0x93, 0xff, 0x93, 0xff, 0x93, 0xff, 0x93, 0xdf, 0x93, 0xdf, 0x93,
  0xdf, 0x93, 0xdf, 0x93, 0xdf, 0x93, 0xdf, 0x93, 0xdf, 0x93, 0xdf, 0x93, 0xdf, 0x93, 0xdf, 0x93,
  0xdf, 0x93, 0xdf, 0x93, 0xdf, 0x93, 0xdf, 0x93, 0xbf, 0x93, 0xbf, 0x93, 0xdf, 0x93, 0x00, 0x00,
  0x00, 0x00, 0x5f, 0xad, 0x00, 0x00, 0x00, 0x00, 0xff, 0xff, 0x00, 0x00, 0xff, 0x7b, 0x9f, 0x94,
  0xbf, 0x8c, 0x9f, 0x8c, 0xdf, 0x94, 0xdf, 0x94, 0x9f, 0x8c, 0x9f, 0x8c, 0x9f, 0x8c, 0x9f, 0x8c,
  0x9f, 0x8c, 0x9f, 0x8c, 0x9f, 0x8c, 0x9f, 0x8c, 0x9f, 0x8c, 0x7f, 0x8c, 0x7f, 0x8c, 0x7f, 0x8c,
  0x7f, 0x8c, 0x7f, 0x8c, 0x7f, 0x8c, 0x7f, 0x8c, 0x7f, 0x8c, 0x7f, 0x8c, 0x7f, 0x8c, 0x5f, 0x8c,
  0x5f, 0x8c, 0x5f, 0x8c, 0x5f, 0x94, 0x5f, 0x94, 0x5f, 0x94, 0x5f, 0x8c, 0x3f, 0x8c, 0x3f, 0x8c,
  0x5f, 0x94, 0x5f, 0x94, 0x7f, 0x9c, 0x9f, 0x9c, 0x9f, 0x9c, 0xbf, 0x9c, 0xbf, 0xa4, 0x9f, 0xa4,
  0x9f, 0x9c, 0x9f, 0x9c, 0x9f, 0x9c, 0x7f, 0x9c, 0x5f, 0x94, 0x3f, 0x94, 0x1f, 0x94, 0x1f, 0x94,
  0x1f, 0x94, 0x1f, 0x94, 0x1f, 0x94, 0x1f, 0x94, 0xff, 0x93, 0xff, 0x93, 0xff, 0x93, 0xff, 0x93,
  0xff, 0x93, 0xff, 0x93, 0xff, 0x93, 0xff, 0x93, 0xff, 0x93, 0xff, 0x93, 0xff, 0x93, 0xdf, 0x93,
  0xdf, 0x93, 0xdf, 0x93, 0xdf, 0x93, 0xdf, 0x93, 0xdf, 0x93, 0xdf, 0x93, 0xdf, 0x93, 0xdf, 0x93,
  0xbf, 0x93, 0xbf, 0x93, 0xbf, 0x93, 0xdf, 0x9b, 0xdf, 0x9b, 0xbf, 0x93, 0xbf, 0x93, 0x9f, 0x94,
  0xff, 0x7b, 0x00, 0x00, 0xff, 0xff, 0x00, 0x00, 0x00, 0x00, 0x00, 0x00, 0x00, 0x00, 0xdf, 0x9c,
  0x1f, 0x00, 0xff, 0x9c, 0x9f, 0x8c, 0xbf, 0x8c, 0xbf, 0x94, 0x9f, 0x8c, 0x9f, 0x8c, 0x9f, 0x8c,
  0x9f, 0x8c, 0x7f, 0x8c, 0x7f, 0x8c, 0x7f, 0x8c, 0x7f, 0x8c, 0x7f, 0x8c, 0x7f, 0x8c, 0x7f, 0x8c,
  0x7f, 0x8c, 0x7f, 0x8c, 0x7f, 0x8c, 0x7f, 0x8c, 0x5f, 0x8c, 0x5f, 0x8c, 0x5f, 0x8c, 0x5f, 0x8c,
  0x5f, 0x8c, 0x5f, 0x94, 0x5f, 0x94, 0x5f, 0x94, 0x5f, 0x94, 0x5f, 0x94, 0x3f, 0x8c, 0x3f, 0x8c,
  0x3f, 0x94, 0x3f, 0x94, 0x3f, 0x94, 0x3f, 0x94, 0x3f, 0x94, 0x3f, 0x94, 0x5f, 0x94, 0x5f, 0x94,
  0x3f, 0x94, 0x3f, 0x94, 0x3f, 0x94, 0x3f, 0x94, 0x3f, 0x94, 0x1f, 0x94, 0x1f, 0x94, 0x1f, 0x94,
  0x1f, 0x94, 0x1f, 0x94, 0xff, 0x93, 0xff, 0x93, 0xff, 0x93, 0xff, 0x93, 0xff, 0x93, 0xff, 0x93,
  0xff, 0x93, 0xff, 0x93, 0xff, 0x93, 0xdf, 0x93, 0xdf, 0x93, 0xff, 0x93, 0xdf, 0x93, 0xdf, 0x93,
  0xdf, 0x93, 0xdf, 0x93, 0xdf, 0x93, 0xdf, 0x93, 0xdf, 0x93, 0xdf, 0x93, 0xbf, 0x93, 0xbf, 0x93,
  0xbf, 0x93, 0xbf, 0x93, 0xbf, 0x93, 0xbf, 0x93, 0xdf, 0x9b, 0xbf, 0x93, 0x9f, 0x93, 0xff, 0x7b,
  0x00, 0x00, 0x7f, 0x93, 0x00, 0x00, 0x00, 0x00, 0x00, 0x00, 0x00, 0x00, 0x00, 0x00, 0x00, 0x00,
  0xdf, 0x9c, 0x00, 0x00, 0x00, 0x00, 0x9f, 0x8c, 0x9f, 0x8c, 0x9f, 0x8c, 0xbf, 0x94, 0x7f, 0x8c,
  0x7f, 0x8c, 0x7f, 0x8c, 0x7f, 0x8c, 0x7f, 0x8c, 0x7f, 0x8c, 0x7f, 0x8c, 0x7f, 0x8c, 0x7f, 0x8c,
  0x7f, 0x8c, 0x7f, 0x8c, 0x7f, 0x8c, 0x7f, 0x8c, 0x5f, 0x8c, 0x5f, 0x8c, 0x5f, 0x8c, 0x5f, 0x8c,
  0x5f, 0x8c, 0x5f, 0x8c, 0x5f, 0x94, 0x3f, 0x94, 0x3f, 0x8c, 0x3f, 0x8c, 0x5f, 0x94, 0x3f, 0x8c,
  0x3f, 0x8c, 0x3f, 0x94, 0x3f, 0x94, 0x3f, 0x94, 0x3f, 0x94, 0x1f, 0x94, 0x1f, 0x94, 0x3f, 0x94,
  0x3f, 0x94, 0x1f, 0x94, 0x1f, 0x94, 0x1f, 0x94, 0x1f, 0x94, 0x1f, 0x94, 0x1f, 0x94, 0x1f, 0x94,
  0xff, 0x93, 0xff, 0x93, 0xff, 0x93, 0xff, 0x93, 0xff, 0x93, 0xff, 0x93, 0xff, 0x93, 0xff, 0x93,
  0xff, 0x93, 0xff, 0x93, 0xff, 0x93, 0xff, 0x93, 0xdf, 0x93, 0xdf, 0x93, 0xdf, 0x93, 0xdf, 0x93,
  0xdf, 0x93, 0xdf, 0x93, 0xdf, 0x93, 0xbf, 0x93, 0xdf, 0x93, 0xdf, 0x93, 0xbf, 0x93, 0xbf, 0x93,
  0xbf, 0x93, 0xbf, 0x93, 0xbf, 0x93, 0xbf, 0x93, 0xdf, 0x9b, 0xbf, 0x93, 0x9f, 0x93, 0xbf, 0x93,
  0x00, 0x00, 0x00, 0x00, 0xbf, 0xaa, 0x00, 0x00, 0x00, 0x00, 0x00, 0x00, 0x00, 0x00, 0x00, 0x00,
  0x00, 0x00, 0x5f, 0xad, 0x1f, 0x00, 0x5f, 0xad, 0x7f, 0x84, 0x7f, 0x8c, 0x7f, 0x8c, 0xbf, 0x94,
  0x7f, 0x8c, 0x7f, 0x8c, 0x7f, 0x8c, 0x7f, 0x8c, 0x7f, 0x8c, 0x7f, 0x8c, 0x7f, 0x8c, 0x7f, 0x8c,
  0x7f, 0x8c, 0x7f, 0x8c, 0x5f, 0x8c, 0x5f, 0x8c, 0x5f, 0x8c, 0x5f, 0x8c, 0x5f, 0x8c, 0x5f, 0x8c,
  0x3f, 0x8c, 0x3f, 0x8c, 0x5f, 0x8c, 0x3f, 0x94, 0x3f, 0x94, 0x3f, 0x8c, 0x3f, 0x8c, 0x3f, 0x94,
  0x3f, 0x94, 0x3f, 0x94, 0x3f, 0x94, 0x3f, 0x94, 0x3f, 0x94, 0x1f, 0x94, 0x1f, 0x94, 0x1f, 0x94,
  0x1f, 0x94, 0x1f, 0x94, 0x1f, 0x94, 0x1f, 0x94, 0x1f, 0x94, 0xff, 0x93, 0xff, 0x93, 0x1f, 0x94,
  0x1f, 0x94, 0xff, 0x93, 0xff, 0x93, 0xff, 0x93, 0xff, 0x93, 0xff, 0x93, 0xff, 0x93, 0xff, 0x93,
  0xff, 0x93, 0xff, 0x93, 0xdf, 0x93, 0xdf, 0x93, 0xdf, 0x93, 0xdf, 0x93, 0xdf, 0x93, 0xdf, 0x93,
  0xdf, 0x93, 0xdf, 0x93, 0xdf, 0x93, 0xbf, 0x93, 0xbf, 0x93, 0xbf, 0x93, 0xbf, 0x93, 0xbf, 0x93,
  0xbf, 0x93, 0xbf, 0x93, 0xbf, 0x93, 0xbf, 0x93, 0xbf, 0x93, 0xdf, 0x9b, 0x9f, 0x93, 0x9f, 0x93,
  0x7f, 0x93, 0xff, 0x7b, 0x1f, 0x00, 0xff, 0xfb, 0x00, 0x00, 0x00, 0x00, 0x00, 0x00, 0x00, 0x00,
  0x00, 0x00, 0x00, 0x00, 0x1f, 0x00, 0xff, 0x7b, 0x5f, 0xad, 0x5f, 0xad, 0x9f, 0x94, 0x7f, 0x8c,
  0x7f, 0x94, 0x7f, 0x8c, 0x7f, 0x8c, 0x7f, 0x8c, 0x7f, 0x8c, 0x7f, 0x8c, 0x7f, 0x8c, 0x7f, 0x8c,
  0x7f, 0x8c, 0x7f, 0x94, 0x5f, 0x94, 0x5f, 0x8c, 0x5f, 0x8c, 0x5f, 0x8c, 0x5f, 0x94, 0x5f, 0x94,
  0x3f, 0x94, 0x3f, 0x94, 0x3f, 0x94, 0x3f, 0x94, 0x3f, 0x94, 0x3f, 0x94, 0x3f, 0x94, 0x3f, 0x94,
  0x3f, 0x94, 0x1f, 0x94, 0x1f, 0x94, 0x1f, 0x94, 0x1f, 0x94, 0x1f, 0x94, 0x1f, 0x94, 0x1f, 0x94,
  0x1f, 0x94, 0xff, 0x93, 0x1f, 0x94, 0x1f, 0x94, 0x1f, 0x94, 0xff, 0x93, 0xff, 0x93, 0xff, 0x93,
  0xff, 0x93, 0xff, 0x93, 0xff, 0x93, 0xff, 0x93, 0xdf, 0x93, 0xdf, 0x93, 0xdf, 0x93, 0xdf, 0x93,
  0xdf, 0x93, 0xdf, 0x93, 0xdf, 0x93, 0xdf, 0x93, 0xdf, 0x93, 0xdf, 0x93, 0xdf, 0x93, 0xdf, 0x93,
  0xbf, 0x93, 0xbf, 0x93, 0xbf, 0x93, 0xbf, 0x93, 0xbf, 0x93, 0xbf, 0x93, 0xbf, 0x93, 0xbf, 0x93,
  0xbf, 0x93, 0x9f, 0x93, 0x9f, 0x93, 0x9f, 0x93, 0x9f, 0x93, 0x9f, 0x93, 0xbf, 0x93, 0x9f, 0x93,
  0xbf, 0x9b, 0xff, 0x7b, 0xbf, 0xaa, 0xff, 0x7b, 0x00, 0x00, 0x00, 0x00, 0x00, 0x00, 0x00, 0x00,
  0x00, 0x00, 0x00, 0x00, 0x00, 0x00, 0x00, 0x00, 0xff, 0xff, 0x5f, 0xad, 0x00, 0x00, 0xff, 0xff,
  0x7f, 0x8c, 0x7f, 0x8c, 0x9f, 0x94, 0x9f, 0x94, 0x5f, 0x8c, 0x5f, 0x8c, 0x5f, 0x8c, 0x5f, 0x94,
  0x5f, 0x8c, 0x5f, 0x8c, 0x5f, 0x94, 0x5f, 0x94, 0x5f, 0x8c, 0x3f, 0x8c, 0x3f, 0x8c, 0x5f, 0x94,
  0x3f, 0x94, 0x3f, 0x94, 0x3f, 0x94, 0x3f, 0x94, 0x3f, 0x94, 0x3f, 0x94, 0x3f, 0x94, 0x3f, 0x94,
  0x3f, 0x94, 0x1f, 0x94, 0x1f, 0x94, 0x1f, 0x94, 0x1f, 0x94, 0x1f, 0x94, 0x1f, 0x94, 0x1f, 0x94,
  0x1f, 0x94, 0x1f, 0x94, 0xff, 0x93, 0x1f, 0x94, 0x1f, 0x94, 0xff, 0x93, 0xff, 0x93, 0xff, 0x93,
  0xff, 0x93, 0xff, 0x93, 0xff, 0x93, 0xff, 0x93, 0xff, 0x93, 0xdf, 0x93, 0xdf, 0x93, 0xdf, 0x93,
  0xdf, 0x93, 0xdf, 0x93, 0xdf, 0x93, 0xdf, 0x93, 0xdf, 0x93, 0xbf, 0x93, 0xbf, 0x93, 0xdf, 0x93,
  0xbf, 0x93, 0xbf, 0x93, 0xbf, 0x93, 0xbf, 0x93, 0xbf, 0x93, 0xbf, 0x93, 0xbf, 0x93, 0xbf, 0x93,
  0xbf, 0x93, 0x9f, 0x93, 0x9f, 0x93, 0x9f, 0x93, 0x9f, 0x93, 0xbf, 0x9b, 0x9f, 0x93, 0x7f, 0x93,
  0x9f, 0x93, 0xbf, 0xaa, 0x00, 0x00, 0xbf, 0x52, 0xff, 0xff, 0x00, 0x00, 0x00, 0x00, 0x00, 0x00,
  0x00, 0x00, 0x00, 0x00, 0x00, 0x00, 0x00, 0x00, 0x00, 0x00, 0x00, 0x00, 0x1f, 0x00, 0xff, 0x7b,
  0x00, 0x00, 0xff, 0x7b, 0x7f, 0x8c, 0x5f, 0x8c, 0x9f, 0x94, 0x5f, 0x8c, 0x5f, 0x94, 0x5f, 0x94,
  0x5f, 0x94, 0x3f, 0x8c, 0x3f, 0x8c, 0x3f, 0x8c, 0x3f, 0x94, 0x3f, 0x94, 0x3f, 0x94, 0x3f, 0x94,
  0x3f, 0x94, 0x3f, 0x94, 0x3f, 0x94, 0x3f, 0x94, 0x3f, 0x94, 0x3f, 0x94, 0x1f, 0x94, 0x1f, 0x94,
  0x1f, 0x94, 0x1f, 0x94, 0x1f, 0x94, 0x1f, 0x94, 0x1f, 0x94, 0x1f, 0x94, 0x1f, 0x94, 0x1f, 0x94,
  0xff, 0x93, 0xff, 0x93, 0xff, 0x93, 0xff, 0x93, 0xff, 0x93, 0xff, 0x93, 0xff, 0x93, 0xff, 0x93,
  0xff, 0x93, 0xdf, 0x93, 0xdf, 0x93, 0xff, 0x93, 0xff, 0x93, 0xdf, 0x93, 0xdf, 0x93, 0xdf, 0x93,
  0xdf, 0x93, 0xdf, 0x93, 0xdf, 0x93, 0xdf, 0x93, 0xbf, 0x93, 0xbf, 0x93, 0xbf, 0x93, 0xbf, 0x93,
  0xbf, 0x93, 0xbf, 0x93, 0xbf, 0x93, 0xbf, 0x93, 0xbf, 0x93, 0xbf, 0x93, 0xbf, 0x93, 0x9f, 0x93,
  0x9f, 0x93, 0x9f, 0x93, 0x9f, 0x93, 0x9f, 0x93, 0x9f, 0x93, 0x9f, 0x93, 0x9f, 0x93, 0x7f, 0x93,
  0x7f, 0x93, 0x9f, 0x99, 0x00, 0x00, 0xff, 0xff, 0x1f, 0x00, 0x00, 0x00, 0x00, 0x00, 0x00, 0x00,
  0x00, 0x00, 0x00, 0x00, 0x00, 0x00, 0x00, 0x00, 0x00, 0x00, 0x00, 0x00, 0x00, 0x00, 0x00, 0x00,
  0x5f, 0xad, 0x00, 0x00, 0x00, 0x00, 0x9f, 0x94, 0x5f, 0x8c, 0x7f, 0x94, 0x9f, 0x9c, 0x5f, 0x94,
  0x3f, 0x8c, 0x3f, 0x94, 0x3f, 0x8c, 0x3f, 0x8c, 0x3f, 0x94, 0x3f, 0x94, 0x3f, 0x94, 0x3f, 0x94,
  0x3f, 0x94, 0x3f, 0x94, 0x3f, 0x94, 0x3f, 0x94, 0x3f, 0x94, 0x3f, 0x94, 0x1f, 0x94, 0x1f, 0x94,
  0x1f, 0x94, 0x1f, 0x94, 0x1f, 0x94, 0x1f, 0x94, 0x1f, 0x94, 0x1f, 0x94, 0x1f, 0x94, 0x1f, 0x94,
  0x1f, 0x94, 0xff, 0x93, 0xff, 0x93, 0xff, 0x93, 0xff, 0x93, 0xff, 0x93, 0xff, 0x93, 0xff, 0x93,
  0xdf, 0x93, 0xdf, 0x93, 0xdf, 0x93, 0xdf, 0x93, 0xdf, 0x93, 0xdf, 0x93, 0xdf, 0x93, 0xdf, 0x93,
  0xdf, 0x93, 0xdf, 0x93, 0xdf, 0x93, 0xdf, 0x93, 0xbf, 0x93, 0xbf, 0x93, 0xbf, 0x93, 0xbf, 0x93,
  0xbf, 0x93, 0xbf, 0x93, 0xbf, 0x93, 0xbf, 0x93, 0xbf, 0x93, 0xbf, 0x93, 0xbf, 0x93, 0xbf, 0x93,
  0x9f, 0x93, 0x9f, 0x93, 0x9f, 0x93, 0x9f, 0x93, 0x9f, 0x93, 0x9f, 0x93, 0xbf, 0x9b, 0x9f, 0x93,
  0x7f, 0x93, 0x5f, 0x93, 0x00, 0x00, 0x00, 0x00, 0xff, 0x7b, 0x00, 0x00, 0x00, 0x00, 0x00, 0x00,
  0x00, 0x00, 0x00, 0x00, 0x00, 0x00, 0x00, 0x00, 0x00, 0x00, 0x00, 0x00, 0x00, 0x00, 0x00, 0x00,
  0x00, 0x00, 0xff, 0x7b, 0x1f, 0x00, 0xdf, 0x9c, 0x00, 0x00, 0x5f, 0x94, 0x3f, 0x8c, 0x7f, 0x94,
  0x7f, 0x94, 0x5f, 0x8c, 0x3f, 0x8c, 0x3f, 0x8c, 0x3f, 0x8c, 0x3f, 0x94, 0x3f, 0x94, 0x3f, 0x94,
  0x3f, 0x94, 0x3f, 0x94, 0x1f, 0x94, 0x1f, 0x94, 0x1f, 0x94, 0x1f, 0x94, 0x1f, 0x94, 0x1f, 0x94,
  0x1f, 0x94, 0x1f, 0x94, 0x1f, 0x94, 0x1f, 0x94, 0x1f, 0x94, 0xff, 0x93, 0xff, 0x93, 0xff, 0x93,
  0xff, 0x93, 0xff, 0x93, 0xff, 0x93, 0xff, 0x93, 0xff, 0x93, 0xff, 0x93, 0xdf, 0x93, 0xdf, 0x93,
  0xdf, 0x93, 0xdf, 0x93, 0xdf, 0x93, 0xdf, 0x93, 0xdf, 0x93, 0xdf, 0x93, 0xdf, 0x93, 0xdf, 0x93,
  0xdf, 0x93, 0xdf, 0x93, 0xbf, 0x93, 0xbf, 0x93, 0xbf, 0x93, 0xbf, 0x93, 0xbf, 0x93, 0xbf, 0x93,
  0xbf, 0x93, 0xbf, 0x93, 0xbf, 0x93, 0xbf, 0x93, 0x9f, 0x93, 0x9f, 0x93, 0x9f, 0x93, 0x9f, 0x93,
  0x9f, 0x93, 0x9f, 0x93, 0x9f, 0x93, 0x7f, 0x93, 0x7f, 0x93, 0x9f, 0x93, 0xbf, 0x9b, 0xbf, 0x9b,
  0x7f, 0x93, 0x7f, 0x93, 0xff, 0xbb, 0x3f, 0x9b, 0x1f, 0x00, 0xff, 0x7b, 0x00, 0x00, 0x00, 0x00,
  0x00, 0x00, 0x00, 0x00, 0x00, 0x00, 0x00, 0x00, 0x00, 0x00, 0x00, 0x00, 0x00, 0x00, 0x00, 0x00,
  0x00, 0x00, 0x00, 0x00, 0x00, 0x00, 0x00, 0x00, 0xff, 0x7b, 0x00, 0x00, 0x1f, 0x00, 0x5f, 0x8c,
  0x5f, 0x94, 0x5f, 0x94, 0x7f, 0x94, 0x3f, 0x8c, 0x3f, 0x8c, 0x3f, 0x94, 0x3f, 0x94, 0x1f, 0x94,
  0x1f, 0x94, 0x1f, 0x94, 0x1f, 0x94, 0x1f, 0x94, 0x1f, 0x94, 0x1f, 0x94, 0x1f, 0x94, 0x1f, 0x94,
  0x1f, 0x94, 0x1f, 0x94, 0x1f, 0x94, 0xff, 0x93, 0xff, 0x93, 0xff, 0x93, 0xff, 0x93, 0xff, 0x93,
  0xff, 0x93, 0xff, 0x93, 0xff, 0x93, 0xff, 0x93, 0xdf, 0x93, 0xdf, 0x93, 0xdf, 0x93, 0xdf, 0x93,
  0xdf, 0x93, 0xdf, 0x93, 0xdf, 0x93, 0xdf, 0x93, 0xdf, 0x93, 0xdf, 0x93, 0xdf, 0x93, 0xbf, 0x93,
  0xbf, 0x93, 0xbf, 0x93, 0xbf, 0x93, 0xbf, 0x93, 0xbf, 0x93, 0xbf, 0x93, 0xbf, 0x93, 0xbf, 0x93,
  0x9f, 0x93, 0x9f, 0x93, 0x9f, 0x93, 0x9f, 0x93, 0x9f, 0x93, 0x9f, 0x93, 0x9f, 0x93, 0x9f, 0x93,
  0x9f, 0x93, 0x9f, 0x93, 0x7f, 0x93, 0x7f, 0x93, 0x7f, 0x93, 0x7f, 0x93, 0xbf, 0x9b, 0x9f, 0x93,
  0x9f, 0x93, 0x7f, 0x8b, 0xbf, 0xaa, 0x00, 0x00, 0xff, 0x7b, 0x00, 0x00, 0x00, 0x00, 0x00, 0x00,
  0x00, 0x00, 0x00, 0x00, 0x00, 0x00, 0x00, 0x00, 0x00, 0x00, 0x00, 0x00, 0x00, 0x00, 0x00, 0x00,
  0x00, 0x00, 0x00, 0x00, 0x00, 0x00, 0x00, 0x00, 0x00, 0x00, 0xbf, 0x52, 0x5f, 0xad, 0x00, 0x00,
  0x7f, 0x8c, 0x3f, 0x8c, 0x3f, 0x94, 0x5f, 0x94, 0x5f, 0x94, 0x3f, 0x94, 0x1f, 0x8c, 0x3f, 0x94,
  0x1f, 0x94, 0x1f, 0x94, 0x1f, 0x94, 0x1f, 0x94, 0x1f, 0x94, 0x1f, 0x94, 0x1f, 0x94, 0x1f, 0x94,
  0x1f, 0x94, 0x1f, 0x94, 0x1f, 0x94, 0xff, 0x93, 0xff, 0x93, 0xff, 0x93, 0xff, 0x93, 0xff, 0x93,
  0xff, 0x93, 0xff, 0x93, 0xdf, 0x93, 0xdf, 0x93, 0xdf, 0x93, 0xdf, 0x93, 0xdf, 0x93, 0xdf, 0x93,
  0xdf, 0x93, 0xdf, 0x93, 0xdf, 0x93, 0xdf, 0x93, 0xdf, 0x93, 0xdf, 0x93, 0xbf, 0x93, 0xbf, 0x93,
  0xbf, 0x93, 0xbf, 0x93, 0xbf, 0x93, 0xbf, 0x93, 0xbf, 0x93, 0xbf, 0x93, 0x9f, 0x93, 0xbf, 0x93,
  0xbf, 0x93, 0x9f, 0x93, 0x9f, 0x93, 0x9f, 0x93, 0x9f, 0x93, 0x9f, 0x93, 0x9f, 0x93, 0x9f, 0x93,
  0x9f, 0x93, 0x9f, 0x93, 0x9f, 0x93, 0x7f, 0x93, 0x7f, 0x93, 0x9f, 0x9b, 0xbf, 0x9b, 0x9f, 0x9b,
  0x7f, 0x93, 0x7f, 0x8b, 0xdf, 0x83, 0x00, 0x00, 0xff, 0x7b, 0xbf, 0x52, 0x00, 0x00, 0x00, 0x00,
  0x00, 0x00, 0x00, 0x00, 0x00, 0x00, 0x00, 0x00, 0x00, 0x00, 0x00, 0x00, 0x00, 0x00, 0x00, 0x00,
  0x00, 0x00, 0x00, 0x00, 0x00, 0x00, 0x00, 0x00, 0x00, 0x00, 0x00, 0x00, 0x00, 0x00, 0xff, 0x7b,
  0xff, 0xff, 0x00, 0x00, 0x9f, 0x94, 0x3f, 0x94, 0x1f, 0x8c, 0x3f, 0x94, 0x5f, 0x94, 0x1f, 0x94,
  0x1f, 0x94, 0x1f, 0x94, 0x1f, 0x94, 0x1f, 0x94, 0x1f, 0x94, 0x1f, 0x94, 0x1f, 0x94, 0x1f, 0x94,
  0xff, 0x93, 0xff, 0x93, 0xff, 0x93, 0xff, 0x93, 0xff, 0x93, 0xff, 0x93, 0xff, 0x93, 0xff, 0x93,
  0xff, 0x93, 0xdf, 0x93, 0xdf, 0x93, 0xdf, 0x93, 0xdf, 0x93, 0xdf, 0x93, 0xdf, 0x93, 0xdf, 0x93,
  0xdf, 0x93, 0xdf, 0x93, 0xdf, 0x93, 0xdf, 0x93, 0xbf, 0x93, 0xbf, 0x93, 0xbf, 0x93, 0xbf, 0x93,
  0xbf, 0x93, 0xbf, 0x93, 0xbf, 0x93, 0xbf, 0x93, 0xbf, 0x93, 0xbf, 0x93, 0x9f, 0x93, 0x9f, 0x93,
  0x9f, 0x93, 0x9f, 0x93, 0x9f, 0x93, 0x9f, 0x93, 0x9f, 0x93, 0x9f, 0x93, 0x9f, 0x93, 0x7f, 0x93,
  0x7f, 0x93, 0x9f, 0x93, 0x9f, 0x93, 0x9f, 0x93, 0x9f, 0x93, 0x9f, 0x93, 0xbf, 0x9b, 0x9f, 0x93,
  0x7f, 0x93, 0x7f, 0x93, 0xff, 0x7a, 0x00, 0x00, 0xff, 0x7b, 0xff, 0x7b, 0x00, 0x00, 0x00, 0x00,
  0x00, 0x00, 0x00, 0x00, 0x00, 0x00, 0x00, 0x00, 0x00, 0x00, 0x00, 0x00, 0x00, 0x00, 0x00, 0x00,
  0x00, 0x00, 0x00, 0x00, 0x00, 0x00, 0x00, 0x00, 0x00, 0x00, 0x00, 0x00, 0x00, 0x00, 0x00, 0x00,
  0x1f, 0x00, 0x00, 0x00, 0x00, 0x00, 0x00, 0x00, 0x5f, 0x9c, 0x1f, 0x94, 0x1f, 0x94, 0x1f, 0x94,
  0x5f, 0x9c, 0x1f, 0x94, 0x1f, 0x94, 0x1f, 0x94, 0xff, 0x93, 0x1f, 0x94, 0xff, 0x93, 0xff, 0x93,
  0xff, 0x93, 0xff, 0x93, 0xff, 0x93, 0xff, 0x93, 0xff, 0x93, 0xff, 0x93, 0xdf, 0x93, 0xdf, 0x93,
  0xdf, 0x93, 0xdf, 0x93, 0xdf, 0x93, 0xdf, 0x93, 0xdf, 0x93, 0xdf, 0x93, 0xdf, 0x93, 0xdf, 0x93,
  0xbf, 0x93, 0xbf, 0x93, 0xdf, 0x93, 0xbf, 0x93, 0xbf, 0x93, 0xbf, 0x93, 0xbf, 0x93, 0xbf, 0x93,
  0xbf, 0x93, 0xbf, 0x93, 0xbf, 0x93, 0xbf, 0x93, 0xbf, 0x93, 0xbf, 0x93, 0x9f, 0x93, 0x9f, 0x93,
  0x9f, 0x93, 0x9f, 0x93, 0x9f, 0x93, 0x9f, 0x93, 0x7f, 0x93, 0x7f, 0x93, 0x7f, 0x93, 0x7f, 0x93,
  0x7f, 0x93, 0x7f, 0x93, 0x7f, 0x93, 0x9f, 0x93, 0x7f, 0x93, 0x7f, 0x93, 0xdf, 0xa3, 0x9f, 0x9b,
  0x9f, 0x93, 0x7f, 0x93, 0x7f, 0x7b, 0x00, 0x00, 0x00, 0x00, 0x1f, 0x00, 0x1f, 0x00, 0x00, 0x00,
  0x00, 0x00, 0x00, 0x00, 0x00, 0x00, 0x00, 0x00, 0x00, 0x00, 0x00, 0x00, 0x00, 0x00, 0x00, 0x00,
  0x00, 0x00, 0x00, 0x00, 0x00, 0x00, 0x00, 0x00, 0x00, 0x00, 0x00, 0x00, 0x00, 0x00, 0x00, 0x00,
  0x00, 0x00, 0x00, 0x00, 0x00, 0x00, 0xdf, 0x9c, 0xbf, 0xaa, 0x00, 0x00, 0xbf, 0x8b, 0xff, 0x93,
  0x1f, 0x94, 0x3f, 0x94, 0x1f, 0x94, 0x1f, 0x94, 0xff, 0x93, 0xff, 0x93, 0xff, 0x93, 0xff, 0x93,
  0xff, 0x93, 0xff, 0x93, 0xff, 0x93, 0xdf, 0x93, 0xdf, 0x93, 0xdf, 0x93, 0xdf, 0x93, 0xdf, 0x93,
  0xdf, 0x93, 0xdf, 0x93, 0xdf, 0x93, 0xdf, 0x93, 0xdf, 0x93, 0xdf, 0x93, 0xdf, 0x93, 0xdf, 0x93,
  0xbf, 0x93, 0xbf, 0x93, 0xbf, 0x93, 0xbf, 0x93, 0xbf, 0x93, 0xbf, 0x93, 0xbf, 0x93, 0xbf, 0x93,
  0xbf, 0x93, 0xbf, 0x93, 0x9f, 0x93, 0xbf, 0x93, 0x9f, 0x93, 0x9f, 0x93, 0x9f, 0x93, 0x9f, 0x93,
  0x9f, 0x93, 0x9f, 0x93, 0x9f, 0x93, 0x9f, 0x93, 0x7f, 0x93, 0x7f, 0x93, 0x7f, 0x93, 0x7f, 0x93,
  0x7f, 0x93, 0x7f, 0x93, 0x7f, 0x93, 0x7f, 0x93, 0x9f, 0x93, 0xbf, 0x9b, 0xbf, 0x9b, 0x9f, 0x9b,
  0x7f, 0x93, 0x9f, 0x93, 0x5f, 0x93, 0x00, 0x00, 0xbf, 0xaa, 0x3f, 0x9b, 0x00, 0x00, 0x00, 0x00,
  0x00, 0x00, 0x00, 0x00, 0x00, 0x00, 0x00, 0x00, 0x00, 0x00, 0x00, 0x00, 0x00, 0x00, 0x00, 0x00,
  0x00, 0x00, 0x00, 0x00, 0x00, 0x00, 0x00, 0x00, 0x00, 0x00, 0x00, 0x00, 0x00, 0x00, 0x00, 0x00,
  0x00, 0x00, 0x00, 0x00, 0x00, 0x00, 0x00, 0x00, 0x00, 0x00, 0x00, 0x00, 0xff, 0x7b, 0x00, 0x00,
  0x5f, 0xad, 0x1f, 0x8c, 0xff, 0x93, 0x1f, 0x94, 0xff, 0x93, 0xff, 0x93, 0xff, 0x93, 0xff, 0x93,
  0xff, 0x93, 0xff, 0x93, 0xff, 0x93, 0xdf, 0x93, 0xdf, 0x93, 0xdf, 0x93, 0xdf, 0x93, 0xdf, 0x93,
  0xdf, 0x93, 0xdf, 0x93, 0xdf, 0x93, 0xdf, 0x93, 0xdf, 0x93, 0xbf, 0x93, 0xbf, 0x93, 0xbf, 0x93,
  0xbf, 0x93, 0xbf, 0x93, 0xbf, 0x93, 0xbf, 0x93, 0xbf, 0x93, 0xbf, 0x93, 0x9f, 0x93, 0x9f, 0x93,
  0x9f, 0x93, 0x9f, 0x93, 0x9f, 0x93, 0x9f, 0x93, 0x9f, 0x93, 0x9f, 0x93, 0x9f, 0x93, 0x9f, 0x93,
  0x9f, 0x93, 0x7f, 0x93, 0x7f, 0x93, 0x9f, 0x93, 0x9f, 0x93, 0x7f, 0x93, 0x7f, 0x93, 0x7f, 0x93,
  0x7f, 0x93, 0x7f, 0x93, 0x9f, 0x93, 0x9f, 0x93, 0x9f, 0x93, 0x9f, 0x93, 0xbf, 0x9b, 0x7f, 0x93,
  0x7f, 0x93, 0x7f, 0x93, 0x1f, 0xf8, 0x00, 0x00, 0xff, 0x7b, 0x00, 0x00, 0x00, 0x00, 0x00, 0x00,
  0x00, 0x00, 0x00, 0x00, 0x00, 0x00, 0x00, 0x00, 0x00, 0x00, 0x00, 0x00, 0x00, 0x00, 0x00, 0x00,
  0x00, 0x00, 0x00, 0x00, 0x00, 0x00, 0x00, 0x00, 0x00, 0x00, 0x00, 0x00, 0x00, 0x00, 0x00, 0x00,
  0x00, 0x00, 0x00, 0x00, 0x00, 0x00, 0x00, 0x00, 0x00, 0x00, 0x00, 0x00, 0x00, 0x00, 0xbf, 0x52,
  0x00, 0x00, 0x00, 0x00, 0x00, 0x00, 0xdf, 0x8b, 0x1f, 0x94, 0xff, 0x93, 0xff, 0x93, 0x3f, 0x9c,
  0x1f, 0x9c, 0xdf, 0x93, 0xdf, 0x93, 0xdf, 0x93, 0xdf, 0x93, 0xdf, 0x93, 0xdf, 0x93, 0xdf, 0x93,
  0xdf, 0x93, 0xdf, 0x93, 0xdf, 0x93, 0xdf, 0x93, 0xbf, 0x93, 0xbf, 0x93, 0xbf, 0x93, 0xbf, 0x93,
  0xbf, 0x93, 0xbf, 0x93, 0xbf, 0x93, 0xbf, 0x93, 0xbf, 0x93, 0xbf, 0x93, 0x9f, 0x93, 0x9f, 0x93,
  0x9f, 0x93, 0x9f, 0x93, 0x9f, 0x93, 0x9f, 0x93, 0x9f, 0x93, 0x9f, 0x93, 0x7f, 0x93, 0x9f, 0x93,
  0x9f, 0x93, 0x7f, 0x93, 0x7f, 0x93, 0x9f, 0x93, 0x7f, 0x93, 0x7f, 0x93, 0x7f, 0x93, 0x7f, 0x93,
  0x7f, 0x93, 0x9f, 0x93, 0x7f, 0x93, 0x7f, 0x93, 0x9f, 0x9b, 0xbf, 0x9b, 0x7f, 0x93, 0x9f, 0x9b,
  0x7f, 0x93, 0x3f, 0x83, 0x00, 0x00, 0x00, 0x00, 0x00, 0x00, 0xbf, 0x52, 0x00, 0x00, 0x00, 0x00,
  0x00, 0x00, 0x00, 0x00, 0x00, 0x00, 0x00, 0x00, 0x00, 0x00, 0x00, 0x00, 0x00, 0x00, 0x00, 0x00,
  0x00, 0x00, 0x00, 0x00, 0x00, 0x00, 0x00, 0x00, 0x00, 0x00, 0x00, 0x00, 0x00, 0x00, 0x00, 0x00,
  0x00, 0x00, 0x00, 0x00, 0x00, 0x00, 0x00, 0x00, 0x00, 0x00, 0x00, 0x00, 0x00, 0x00, 0x00, 0x00,
  0x00, 0x00, 0xff, 0x7b, 0xff, 0x7b, 0xff, 0xfb, 0x00, 0x00, 0x5f, 0xad, 0xff, 0x93, 0xff, 0x93,
  0xdf, 0x93, 0xff, 0x93, 0xff, 0x93, 0xff, 0x9b, 0xff, 0x93, 0xdf, 0x93, 0xdf, 0x93, 0xdf, 0x93,
  0xdf, 0x93, 0xbf, 0x93, 0xbf, 0x93, 0xbf, 0x93, 0xbf, 0x93, 0xbf, 0x93, 0xbf, 0x93, 0xbf, 0x93,
  0xbf, 0x93, 0xbf, 0x93, 0xbf, 0x93, 0xbf, 0x93, 0x9f, 0x93, 0x9f, 0x93, 0x9f, 0x93, 0x9f, 0x93,
  0x9f, 0x93, 0x9f, 0x93, 0x9f, 0x93, 0x7f, 0x93, 0x9f, 0x93, 0x9f, 0x93, 0x7f, 0x93, 0x7f, 0x93,
  0x9f, 0x93, 0x9f, 0x93, 0x7f, 0x93, 0x7f, 0x93, 0x9f, 0x93, 0x7f, 0x93, 0x7f, 0x93, 0x7f, 0x93,
  0x7f, 0x93, 0x7f, 0x93, 0x9f, 0x9b, 0xbf, 0x9b, 0x9f, 0x9b, 0x7f, 0x93, 0x9f, 0x93, 0x7f, 0x93,
  0x5f, 0x93, 0x00, 0x00, 0x00, 0x00, 0xff, 0xbb, 0xff, 0x7b, 0xff, 0x7b, 0x00, 0x00, 0x00, 0x00,
  0x00, 0x00, 0x00, 0x00, 0x00, 0x00, 0x00, 0x00, 0x00, 0x00, 0x00, 0x00, 0x00, 0x00, 0x00, 0x00,
  0x00, 0x00, 0x00, 0x00, 0x00, 0x00, 0x00, 0x00, 0x00, 0x00, 0x00, 0x00, 0x00, 0x00, 0x00, 0x00,
  0x00, 0x00, 0x00, 0x00, 0x00, 0x00, 0x00, 0x00, 0x00, 0x00, 0x00, 0x00, 0x00, 0x00, 0x00, 0x00,
  0x00, 0x00, 0x00, 0x00, 0x00, 0x00, 0x00, 0x00, 0x00, 0x00, 0x00, 0x00, 0x00, 0x00, 0x9f, 0x8b,
  0xff, 0x93, 0xff, 0x93, 0xdf, 0x93, 0xdf, 0x93, 0xff, 0x9b, 0xdf, 0x93, 0xbf, 0x93, 0xbf, 0x93,
  0xbf, 0x93, 0xbf, 0x93, 0xbf, 0x93, 0xbf, 0x93, 0xbf, 0x93, 0xbf, 0x93, 0x9f, 0x93, 0x9f, 0x93,
  0x9f, 0x93, 0x9f, 0x93, 0x9f, 0x93, 0x9f, 0x93, 0x9f, 0x93, 0x9f, 0x93, 0x9f, 0x93, 0x9f, 0x93,
  0x9f, 0x93, 0x9f, 0x93, 0x9f, 0x93, 0x9f, 0x93, 0x7f, 0x93, 0x7f, 0x93, 0x9f, 0x93, 0x9f, 0x93,
  0x9f, 0x93, 0x9f, 0x93, 0x9f, 0x93, 0x9f, 0x93, 0x9f, 0x93, 0x7f, 0x93, 0x9f, 0x93, 0x7f, 0x93,
  0x9f, 0x93, 0x7f, 0x93, 0x7f, 0x93, 0x9f, 0x93, 0xbf, 0xa3, 0x9f, 0x9b, 0x7f, 0x93, 0x9f, 0x93,
  0x7f, 0x93, 0xbf, 0x8a, 0x00, 0x00, 0x00, 0x00, 0x00, 0x00, 0x00, 0x00, 0x00, 0x00, 0x00, 0x00,
  0x00, 0x00, 0x00, 0x00, 0x00, 0x00, 0x00, 0x00, 0x00, 0x00, 0x00, 0x00, 0x00, 0x00, 0x00, 0x00,
  0x00, 0x00, 0x00, 0x00, 0x00, 0x00, 0x00, 0x00, 0x00, 0x00, 0x00, 0x00, 0x00, 0x00, 0x00, 0x00,
  0x00, 0x00, 0x00, 0x00, 0x00, 0x00, 0x00, 0x00, 0x00, 0x00, 0x00, 0x00, 0x00, 0x00, 0x00, 0x00,
  0x00, 0x00, 0x00, 0x00, 0x00, 0x00, 0x00, 0x00, 0x00, 0x00, 0x1f, 0x00, 0xff, 0xbb, 0x5f, 0xad,
  0x00, 0x00, 0x00, 0x00, 0xdf, 0x93, 0xdf, 0x93, 0xdf, 0x93, 0xdf, 0x93, 0xbf, 0x93, 0xdf, 0x93,
  0x1f, 0x9c, 0xff, 0x9b, 0xbf, 0x9b, 0x9f, 0x93, 0xbf, 0x93, 0x9f, 0x93, 0xbf, 0x93, 0x9f, 0x93,
  0x9f, 0x93, 0x9f, 0x93, 0x9f, 0x93, 0x9f, 0x93, 0x9f, 0x93, 0x9f, 0x93, 0x9f, 0x93, 0x9f, 0x93,
  0x9f, 0x93, 0x9f, 0x93, 0x7f, 0x93, 0x7f, 0x93, 0x9f, 0x93, 0x7f, 0x93, 0x7f, 0x93, 0x9f, 0x93,
  0x9f, 0x93, 0x9f, 0x93, 0x7f, 0x93, 0x9f, 0x93, 0x7f, 0x93, 0x9f, 0x93, 0x9f, 0x93, 0x7f, 0x93,
  0x9f, 0x9b, 0xbf, 0xa3, 0xdf, 0xa3, 0xbf, 0x9b, 0x7f, 0x93, 0x9f, 0x9b, 0x9f, 0x93, 0x7f, 0x93,
  0xdf, 0x8b, 0x00, 0x00, 0x00, 0x00, 0x5f, 0xad, 0xff, 0x7b, 0x1f, 0x00, 0x00, 0x00, 0x00, 0x00,
  0x00, 0x00, 0x00, 0x00, 0x00, 0x00, 0x00, 0x00, 0x00, 0x00, 0x00, 0x00, 0x00, 0x00, 0x00, 0x00,
  0x00, 0x00, 0x00, 0x00, 0x00, 0x00, 0x00, 0x00, 0x00, 0x00, 0x00, 0x00, 0x00, 0x00, 0x00, 0x00,
  0x00, 0x00, 0x00, 0x00, 0x00, 0x00, 0x00, 0x00, 0x00, 0x00, 0x00, 0x00, 0x00, 0x00, 0x00, 0x00,
  0x00, 0x00, 0x00, 0x00, 0x00, 0x00, 0x00, 0x00, 0x00, 0x00, 0x00, 0x00, 0x00, 0x00, 0x00, 0x00,
  0x00, 0x00, 0xff, 0x7b, 0xbf, 0xaa, 0xbf, 0xaa, 0x00, 0x00, 0x00, 0x00, 0xbf, 0x93, 0xbf, 0x93,
  0xbf, 0x93, 0xbf, 0x93, 0xbf, 0x93, 0xbf, 0x93, 0x9f, 0x93, 0xbf, 0x93, 0xbf, 0x93, 0xbf, 0x93,
  0xbf, 0x93, 0xbf, 0x93, 0x9f, 0x93, 0x9f, 0x93, 0x9f, 0x93, 0x9f, 0x93, 0x9f, 0x93, 0x9f, 0x93,
  0x7f, 0x93, 0x7f, 0x93, 0x9f, 0x93, 0x7f, 0x93, 0x7f, 0x93, 0x9f, 0x93, 0x9f, 0x93, 0x7f, 0x93,
  0x9f, 0x93, 0x9f, 0x93, 0x9f, 0x93, 0x9f, 0x93, 0x9f, 0x9b, 0x9f, 0x9b, 0x9f, 0x9b, 0x9f, 0x9b,
  0x9f, 0x93, 0x7f, 0x93, 0x7f, 0x93, 0x9f, 0x93, 0x7f, 0x93, 0x7f, 0x93, 0x7f, 0x93, 0xff, 0xab,
  0x00, 0x00, 0x1f, 0x00, 0xbf, 0xaa, 0xff, 0x7b, 0x00, 0x00, 0x00, 0x00, 0x00, 0x00, 0x00, 0x00,
  0x00, 0x00, 0x00, 0x00, 0x00, 0x00, 0x00, 0x00, 0x00, 0x00, 0x00, 0x00, 0x00, 0x00, 0x00, 0x00,
  0x00, 0x00, 0x00, 0x00, 0x00, 0x00, 0x00, 0x00, 0x00, 0x00, 0x00, 0x00, 0x00, 0x00, 0x00, 0x00,
  0x00, 0x00, 0x00, 0x00, 0x00, 0x00, 0x00, 0x00, 0x00, 0x00, 0x00, 0x00, 0x00, 0x00, 0x00, 0x00,
  0x00, 0x00, 0x00, 0x00, 0x00, 0x00, 0x00, 0x00, 0x00, 0x00, 0x00, 0x00, 0x00, 0x00, 0x00, 0x00,
  0x00, 0x00, 0x00, 0x00, 0xff, 0xff, 0xff, 0x7b, 0x00, 0x00, 0x00, 0x00, 0x00, 0x00, 0x1f, 0xf8,
  0xdf, 0x9b, 0xbf, 0x93, 0x9f, 0x93, 0x9f, 0x93, 0x9f, 0x93, 0x9f, 0x93, 0x1f, 0xa4, 0xff, 0xa3,
  0xdf, 0x9b, 0xbf, 0x9b, 0xbf, 0x9b, 0x9f, 0x93, 0x7f, 0x93, 0x9f, 0x93, 0x7f, 0x93, 0x9f, 0x93,
  0x7f, 0x93, 0x7f, 0x93, 0x7f, 0x93, 0x9f, 0x93, 0x7f, 0x93, 0x7f, 0x93, 0x9f, 0x93, 0x9f, 0x93,
  0x7f, 0x93, 0x7f, 0x93, 0x7f, 0x93, 0x9f, 0x9b, 0x9f, 0x9b, 0xbf, 0x9b, 0xdf, 0xa3, 0xdf, 0xa3,
  0xbf, 0x9b, 0x7f, 0x93, 0x7f, 0x93, 0x7f, 0x93, 0x7f, 0x93, 0x7f, 0x93, 0x7f, 0x9b, 0x9f, 0x8b,
  0x00, 0x00, 0x00, 0x00, 0x00, 0x00, 0xff, 0xff, 0xff, 0xff, 0x00, 0x00, 0x00, 0x00, 0x00, 0x00,
  0x00, 0x00, 0x00, 0x00, 0x00, 0x00, 0x00, 0x00, 0x00, 0x00, 0x00, 0x00, 0x00, 0x00, 0x00, 0x00,
  0x00, 0x00, 0x00, 0x00, 0x00, 0x00, 0x00, 0x00, 0x00, 0x00, 0x00, 0x00, 0x00, 0x00, 0x00, 0x00,
  0x00, 0x00, 0x00, 0x00, 0x00, 0x00, 0x00, 0x00, 0x00, 0x00, 0x00, 0x00, 0x00, 0x00, 0x00, 0x00,
  0x00, 0x00, 0x00, 0x00, 0x00, 0x00, 0x00, 0x00, 0x00, 0x00, 0x00, 0x00, 0x00, 0x00, 0x00, 0x00,
  0x00, 0x00, 0x00, 0x00, 0x00, 0x00, 0x00, 0x00, 0x00, 0x00, 0xff, 0x7b, 0x3f, 0x9b, 0x7f, 0x93,
  0xbf, 0xaa, 0x00, 0x00, 0x00, 0x00, 0xff, 0xb9, 0x7f, 0x93, 0x9f, 0x93, 0xbf, 0x93, 0x9f, 0x93,
  0xbf, 0x93, 0x9f, 0x93, 0x9f, 0x93, 0x9f, 0x93, 0x9f, 0x93, 0x9f, 0x93, 0x9f, 0x9b, 0xbf, 0x9b,
  0xdf, 0xa3, 0xdf, 0xa3, 0xdf, 0xa3, 0xdf, 0xa3, 0xdf, 0xa3, 0xdf, 0xa3, 0xdf, 0xa3, 0xdf, 0xa3,
  0xdf, 0xa3, 0xbf, 0x9b, 0x9f, 0x9b, 0x7f, 0x93, 0x9f, 0x93, 0x7f, 0x93, 0x7f, 0x93, 0x9f, 0x93,
  0x9f, 0x93, 0x7f, 0x93, 0x7f, 0x93, 0x9f, 0x93, 0x7f, 0x93, 0x00, 0x00, 0x00, 0x00, 0x00, 0x00,
  0x00, 0x00, 0x3f, 0x9b, 0x3f, 0x9b, 0xff, 0x7b, 0x00, 0x00, 0x00, 0x00, 0x00, 0x00, 0x00, 0x00,
  0x00, 0x00, 0x00, 0x00, 0x00, 0x00, 0x00, 0x00, 0x00, 0x00, 0x00, 0x00, 0x00, 0x00, 0x00, 0x00,
  0x00, 0x00, 0x00, 0x00, 0x00, 0x00, 0x00, 0x00, 0x00, 0x00, 0x00, 0x00, 0x00, 0x00, 0x00, 0x00,
  0x00, 0x00, 0x00, 0x00, 0x00, 0x00, 0x00, 0x00, 0x00, 0x00, 0x00, 0x00, 0x00, 0x00, 0x00, 0x00,
  0x00, 0x00, 0x00, 0x00, 0x00, 0x00, 0x00, 0x00, 0x00, 0x00, 0x00, 0x00, 0x00, 0x00, 0x00, 0x00,
  0x00, 0x00, 0x00, 0x00, 0x00, 0x00, 0x00, 0x00, 0x00, 0x00, 0x00, 0x00, 0x00, 0x00, 0x00, 0x00,
  0x00, 0x00, 0x00, 0x00, 0x00, 0x00, 0x00, 0x00, 0x00, 0x00, 0xff, 0x7b, 0xff, 0xab, 0x7f, 0x93,
  0x9f, 0x8b, 0x7f, 0x93, 0x7f, 0x93, 0x9f, 0x93, 0x7f, 0x93, 0x7f, 0x93, 0x7f, 0x93, 0x7f, 0x93,
  0x7f, 0x93, 0x7f, 0x93, 0xbf, 0x9b, 0xbf, 0x9b, 0x9f, 0x9b, 0x9f, 0x9b, 0x9f, 0x9b, 0xbf, 0x9b,
  0xbf, 0x9b, 0x7f, 0x93, 0x7f, 0x93, 0x7f, 0x93, 0x7f, 0x93, 0x7f, 0x93, 0x7f, 0x93, 0x7f, 0x93,
  0x7f, 0x93, 0x9f, 0x93, 0xdf, 0x9b, 0x9f, 0x8b, 0x3f, 0x9b, 0x1f, 0x00, 0x00, 0x00, 0x00, 0x00,
  0x00, 0x00, 0x00, 0x00, 0x00, 0x00, 0x00, 0x00, 0x00, 0x00, 0x00, 0x00, 0x00, 0x00, 0x00, 0x00,
  0x00, 0x00, 0x00, 0x00, 0x00, 0x00, 0x00, 0x00, 0x00, 0x00, 0x00, 0x00, 0x00, 0x00, 0x00, 0x00,
  0x00, 0x00, 0x00, 0x00, 0x00, 0x00, 0x00, 0x00, 0x00, 0x00, 0x00, 0x00, 0x00, 0x00, 0x00, 0x00,
  0x00, 0x00, 0x00, 0x00, 0x00, 0x00, 0x00, 0x00, 0x00, 0x00, 0x00, 0x00, 0x00, 0x00, 0x00, 0x00,
  0x00, 0x00, 0x00, 0x00, 0x00, 0x00, 0x00, 0x00, 0x00, 0x00, 0x00, 0x00, 0x00, 0x00, 0x00, 0x00,
  0x00, 0x00, 0x00, 0x00, 0x00, 0x00, 0x00, 0x00, 0x00, 0x00, 0x00, 0x00, 0x00, 0x00, 0x00, 0x00,
  0x00, 0x00, 0x00, 0x00, 0x1f, 0x00, 0xff, 0x7b, 0xff, 0x7b, 0x00, 0x00, 0x00, 0x00, 0x00, 0x00,
  0x00, 0x00, 0x00, 0x00, 0x00, 0x00, 0xbf, 0x9b, 0x7f, 0x8b, 0x7f, 0x93, 0x9f, 0x93, 0x9f, 0x93,
  0x9f, 0x93, 0x7f, 0x93, 0x7f, 0x93, 0x9f, 0x93, 0x9f, 0x93, 0x7f, 0x93, 0x7f, 0x93, 0x7f, 0x93,
  0x9f, 0x93, 0x9f, 0x93, 0x7f, 0x93, 0x9f, 0x93, 0x9f, 0x93, 0x7f, 0x93, 0x9f, 0x9b, 0x5f, 0x93,
  0x9f, 0x8b, 0x9f, 0x8b, 0x00, 0x00, 0x00, 0x00, 0x00, 0x00, 0x00, 0x00, 0x00, 0x00, 0xff, 0x7b,
  0xff, 0x7b, 0xbf, 0xaa, 0x1f, 0xf8, 0x00, 0x00, 0x00, 0x00, 0x00, 0x00, 0x00, 0x00, 0x00, 0x00,
  0x00, 0x00, 0x00, 0x00, 0x00, 0x00, 0x00, 0x00, 0x00, 0x00, 0x00, 0x00, 0x00, 0x00, 0x00, 0x00,
  0x00, 0x00, 0x00, 0x00, 0x00, 0x00, 0x00, 0x00, 0x00, 0x00, 0x00, 0x00, 0x00, 0x00, 0x00, 0x00,
  0x00, 0x00, 0x00, 0x00, 0x00, 0x00, 0x00, 0x00, 0x00, 0x00, 0x00, 0x00, 0x00, 0x00, 0x00, 0x00,
  0x00, 0x00, 0x00, 0x00, 0x00, 0x00, 0x00, 0x00, 0x00, 0x00, 0x00, 0x00, 0x00, 0x00, 0x00, 0x00,
  0x00, 0x00, 0x00, 0x00, 0x00, 0x00, 0x00, 0x00, 0x00, 0x00, 0x00, 0x00, 0x00, 0x00, 0x00, 0x00,
  0x00, 0x00, 0x00, 0x00, 0x00, 0x00, 0x00, 0x00, 0x00, 0x00, 0x00, 0x00, 0xff, 0xff, 0xbf, 0xaa,
  0x3f, 0x9b, 0x7f, 0x93, 0xff, 0x9b, 0xff, 0x7b, 0x00, 0x00, 0x00, 0x00, 0x00, 0x00, 0x00, 0x00,
  0x00, 0x00, 0x00, 0x00, 0x00, 0x00, 0x00, 0x00, 0x00, 0x00, 0x00, 0x00, 0x00, 0x00, 0x00, 0x00,
  0x00, 0x00, 0x00, 0x00, 0x00, 0x00, 0x00, 0x00, 0x00, 0x00, 0x00, 0x00, 0x00, 0x00, 0x00, 0x00,
  0x00, 0x00, 0x00, 0x00, 0x00, 0x00, 0xff, 0x7b, 0xbf, 0x7a, 0x7f, 0x93, 0x3f, 0x9b, 0xff, 0x7b,
  0x1f, 0x00, 0x00, 0x00, 0x00, 0x00, 0x00, 0x00, 0x00, 0x00, 0x00, 0x00, 0x00, 0x00, 0x00, 0x00,
  0x00, 0x00, 0x00, 0x00, 0x00, 0x00, 0x00, 0x00, 0x00, 0x00, 0x00, 0x00, 0x00, 0x00, 0x00, 0x00,
  0x00, 0x00, 0x00, 0x00, 0x00, 0x00, 0x00, 0x00, 0x00, 0x00, 0x00, 0x00, 0x00, 0x00, 0x00, 0x00,
  0x00, 0x00, 0x00, 0x00, 0x00, 0x00, 0x00, 0x00, 0x00, 0x00, 0x00, 0x00, 0x00, 0x00, 0x00, 0x00,
  0x00, 0x00, 0x00, 0x00, 0x00, 0x00, 0x00, 0x00, 0x00, 0x00, 0x00, 0x00, 0x00, 0x00, 0x00, 0x00,
  0x00, 0x00, 0x00, 0x01, 0x02, 0x05, 0x07, 0x06, 0x02, 0x00, 0x00, 0x00, 0x00, 0x00, 0x00, 0x00,
  0x00, 0x00, 0x00, 0x00, 0x00, 0x00, 0x00, 0x00, 0x00, 0x00, 0x00, 0x00, 0x00, 0x00, 0x00, 0x00,
  0x04, 0x08, 0x06, 0x05, 0x03, 0x01, 0x00, 0x00, 0x00, 0x00, 0x00, 0x00, 0x00, 0x00, 0x00, 0x00,
  0x00, 0x00, 0x00, 0x00, 0x00, 0x00, 0x00, 0x00, 0x00, 0x00, 0x00, 0x00, 0x00, 0x00, 0x00, 0x00,
  0x00, 0x00, 0x00, 0x00, 0x00, 0x00, 0x00, 0x00, 0x00, 0x00, 0x00, 0x00, 0x00, 0x00, 0x00, 0x00,
  0x00, 0x00, 0x00, 0x00, 0x00, 0x00, 0x00, 0x00, 0x00, 0x01, 0x03, 0x04, 0x03, 0x00, 0x00, 0x00,
  0x00, 0x00, 0x0b, 0x19, 0x26, 0x34, 0x43, 0x4c, 0x4f, 0x58, 0x5f, 0x5f, 0x5f, 0x5f, 0x5e, 0x5f,
  0x5f, 0x59, 0x4f, 0x4b, 0x46, 0x3b, 0x2e, 0x1f, 0x0d, 0x00, 0x00, 0x00, 0x00, 0x00, 0x00, 0x04,
  0x02, 0x01, 0x00, 0x00, 0x00, 0x00, 0x00, 0x00, 0x00, 0x00, 0x00, 0x00, 0x00, 0x00, 0x00, 0x00,
  0x00, 0x00, 0x00, 0x00, 0x00, 0x00, 0x00, 0x00, 0x00, 0x00, 0x00, 0x00, 0x00, 0x00, 0x00, 0x00,
  0x00, 0x00, 0x00, 0x00, 0x00, 0x00, 0x00, 0x00, 0x00, 0x00, 0x00, 0x00, 0x00, 0x00, 0x00, 0x00,
  0x00, 0x00, 0x00, 0x00, 0x00, 0x00, 0x01, 0x05, 0x09, 0x17, 0x33, 0x52, 0x70, 0x8d, 0xac, 0xcd,
  0xdf, 0xe7, 0xfa, 0xff, 0xff, 0xff, 0xff, 0xff, 0xff, 0xff, 0xfb, 0xe7, 0xdd, 0xd2, 0xbb, 0xa0,
  0x7f, 0x56, 0x29, 0x09, 0x07, 0x06, 0x02, 0x00, 0x00, 0x00, 0x00, 0x00, 0x00, 0x00, 0x00, 0x00,
  0x00, 0x00, 0x00, 0x00, 0x00, 0x00, 0x00, 0x00, 0x00, 0x00, 0x00, 0x00, 0x00, 0x00, 0x00, 0x00,
  0x00, 0x00, 0x00, 0x00, 0x00, 0x00, 0x00, 0x00, 0x00, 0x00, 0x00, 0x00, 0x00, 0x00, 0x00, 0x00,
  0x00, 0x00, 0x00, 0x00, 0x00, 0x00, 0x00, 0x00, 0x02, 0x05, 0x05, 0x00, 0x00, 0x00, 0x00, 0x22,
  0x68, 0x98, 0xae, 0xc2, 0xd1, 0xdc, 0xe7, 0xf3, 0xff, 0xff, 0xff, 0xff, 0xff, 0xff, 0xff, 0xff,
  0xff, 0xff, 0xff, 0xff, 0xff, 0xff, 0xff, 0xf9, 0xef, 0xe3, 0xd2, 0xc2, 0xb4, 0x8e, 0x63, 0x3a,
  0x04, 0x00, 0x00, 0x03, 0x07, 0x05, 0x02, 0x00, 0x00, 0x00, 0x00, 0x00, 0x00, 0x00, 0x00, 0x00,
  0x00, 0x00, 0x00, 0x00, 0x00, 0x00, 0x00, 0x00, 0x00, 0x00, 0x00, 0x00, 0x00, 0x00, 0x00, 0x00,
  0x00, 0x00, 0x00, 0x00, 0x00, 0x00, 0x00, 0x00, 0x00, 0x00, 0x00, 0x00, 0x00, 0x00, 0x00, 0x01,
  0x01, 0x00, 0x00, 0x00, 0x09, 0x23, 0x3a, 0x51, 0x82, 0xcb, 0xfb, 0xff, 0xff, 0xff, 0xff, 0xff,
  0xff, 0xfe, 0xfc, 0xfb, 0xf8, 0xf6, 0xf6, 0xf6, 0xf6, 0xf7, 0xf7, 0xf6, 0xf8, 0xfb, 0xfc, 0xfe,
  0xff, 0xff, 0xff, 0xff, 0xff, 0xff, 0xf1, 0xc5, 0x9b, 0x62, 0x33, 0x19, 0x01, 0x00, 0x00, 0x00,
  0x02, 0x01, 0x00, 0x00, 0x00, 0x00, 0x00, 0x00, 0x00, 0x00, 0x00, 0x00, 0x00, 0x00, 0x00, 0x00,
  0x00, 0x00, 0x00, 0x00, 0x00, 0x00, 0x00, 0x00, 0x00, 0x00, 0x00, 0x00, 0x00, 0x00, 0x00, 0x00,
  0x00, 0x00, 0x00, 0x00, 0x00, 0x00, 0x00, 0x00, 0x02, 0x03, 0x01, 0x00, 0x06, 0x42, 0x94, 0xd8,
  0xf1, 0xf4, 0xfc, 0xff, 0xff, 0xff, 0xff, 0xff, 0xff, 0xff, 0xff, 0xff, 0xfe, 0xfe, 0xfe, 0xfe,
  0xfe, 0xff, 0xff, 0xff, 0xfe, 0xfe, 0xfe, 0xff, 0xff, 0xff, 0xff, 0xff, 0xff, 0xff, 0xff, 0xff,
  0xfc, 0xf7, 0xef, 0xc5, 0x75, 0x26, 0x00, 0x00, 0x03, 0x03, 0x02, 0x00, 0x00, 0x00, 0x00, 0x00,
  0x00, 0x00, 0x00, 0x00, 0x00, 0x00, 0x00, 0x00, 0x00, 0x00, 0x00, 0x00, 0x00, 0x00, 0x00, 0x00,
  0x00, 0x00, 0x00, 0x00, 0x00, 0x00, 0x00, 0x00, 0x00, 0x00, 0x00, 0x00, 0x00, 0x00, 0x01, 0x04,
  0x03, 0x00, 0x00, 0x19, 0x54, 0x8a, 0xb7, 0xe5, 0xff, 0xff, 0xff, 0xff, 0xfe, 0xfc, 0xfa, 0xfa,
  0xfb, 0xfb, 0xfc, 0xfd, 0xfd, 0xfe, 0xfe, 0xff, 0xff, 0xff, 0xfe, 0xff, 0xff, 0xff, 0xfe, 0xfe,
  0xfd, 0xfd, 0xfd, 0xfc, 0xfb, 0xfb, 0xf9, 0xfa, 0xff, 0xff, 0xff, 0xff, 0xff, 0xd4, 0xa6, 0x77,
  0x47, 0x11, 0x00, 0x00, 0x03, 0x04, 0x01, 0x00, 0x00, 0x00, 0x00, 0x00, 0x00, 0x00, 0x00, 0x00,
  0x00, 0x00, 0x00, 0x00, 0x00, 0x00, 0x00, 0x00, 0x00, 0x00, 0x00, 0x00, 0x00, 0x00, 0x00, 0x00,
  0x00, 0x00, 0x00, 0x00, 0x00, 0x00, 0x00, 0x00, 0x00, 0x00, 0x09, 0x20, 0x6a, 0xc3, 0xff, 0xff,
  0xff, 0xfa, 0xf8, 0xfa, 0xfc, 0xfd, 0xff, 0xfe, 0xfe, 0xfe, 0xfe, 0xfe, 0xfe, 0xfe, 0xff, 0xff,
  0xff, 0xff, 0xff, 0xfe, 0xff, 0xff, 0xff, 0xff, 0xff, 0xfe, 0xfe, 0xff, 0xff, 0xff, 0xfe, 0xfe,
  0xff, 0xfe, 0xfc, 0xfb, 0xf8, 0xfd, 0xff, 0xff, 0xf6, 0xb0, 0x5d, 0x1e, 0x09, 0x00, 0x00, 0x00,
  0x00, 0x00, 0x00, 0x00, 0x00, 0x00, 0x00, 0x00, 0x00, 0x00, 0x00, 0x00, 0x00, 0x00, 0x00, 0x00,
  0x00, 0x00, 0x00, 0x00, 0x00, 0x00, 0x00, 0x00, 0x00, 0x00, 0x00, 0x00, 0x00, 0x00, 0x02, 0x04,
  0x04, 0x00, 0x01, 0x52, 0xaa, 0xdf, 0xf9, 0xff, 0xff, 0xff, 0xfe, 0xfd, 0xfe, 0xfe, 0xff, 0xff,
  0xfe, 0xfe, 0xff, 0xff, 0xfe, 0xfe, 0xfe, 0xff, 0xff, 0xff, 0xfe, 0xfe, 0xff, 0xfe, 0xfe, 0xfe,
  0xfe, 0xff, 0xff, 0xff, 0xfe, 0xfe, 0xff, 0xff, 0xff, 0xfe, 0xfe, 0xfe, 0xfe, 0xfe, 0xff, 0xff,
  0xff, 0xff, 0xf4, 0xdc, 0xaa, 0x52, 0x02, 0x00, 0x03, 0x04, 0x02, 0x00, 0x00, 0x00, 0x00, 0x00,
  0x00, 0x00, 0x00, 0x00, 0x00, 0x00, 0x00, 0x00, 0x00, 0x00, 0x00, 0x00, 0x00, 0x00, 0x00, 0x00,
  0x00, 0x00, 0x00, 0x00, 0x00, 0x00, 0x03, 0x00, 0x00, 0x00, 0x1f, 0x67, 0xb7, 0xfa, 0xff, 0xff,
  0xf9, 0xf8, 0xfb, 0xfd, 0xfe, 0xff, 0xff, 0xff, 0xff, 0xfe, 0xfe, 0xff, 0xff, 0xfe, 0xfe, 0xfe,
  0xff, 0xff, 0xff, 0xfe, 0xfe, 0xff, 0xfe, 0xfe, 0xfe, 0xfe, 0xff, 0xff, 0xff, 0xfe, 0xfe, 0xfe,
  0xff, 0xff, 0xfe, 0xfe, 0xfe, 0xff, 0xff, 0xfd, 0xfb, 0xf8, 0xfc, 0xff, 0xff, 0xfb, 0xb6, 0x5f,
  0x23, 0x00, 0x00, 0x00, 0x03, 0x00, 0x00, 0x00, 0x00, 0x00, 0x00, 0x00, 0x00, 0x00, 0x00, 0x00,
  0x00, 0x00, 0x00, 0x00, 0x00, 0x00, 0x00, 0x00, 0x00, 0x00, 0x00, 0x00, 0x00, 0x00, 0x00, 0x02,
  0x00, 0x01, 0x1d, 0x79, 0xe9, 0xff, 0xfc, 0xfd, 0xfd, 0xfe, 0xfe, 0xfe, 0xfe, 0xfe, 0xfe, 0xff,
  0xff, 0xff, 0xfe, 0xfe, 0xfe, 0xfe, 0xfe, 0xfe, 0xfe, 0xfe, 0xfe, 0xfe, 0xfe, 0xfe, 0xfe, 0xff,
  0xff, 0xfe, 0xfe, 0xff, 0xfe, 0xfe, 0xfe, 0xfe, 0xfe, 0xff, 0xff, 0xff, 0xfe, 0xfe, 0xfe, 0xfe,
  0xfe, 0xff, 0xff, 0xfe, 0xfe, 0xfe, 0xfe, 0xff, 0xda, 0x81, 0x2d, 0x03, 0x00, 0x02, 0x00, 0x00,
  0x00, 0x00, 0x00, 0x00, 0x00, 0x00, 0x00, 0x00, 0x00, 0x00, 0x00, 0x00, 0x00, 0x00, 0x00, 0x00,
  0x00, 0x00, 0x00, 0x00, 0x00, 0x00, 0x05, 0x03, 0x00, 0x0d, 0x50, 0xa1, 0xdc, 0xff, 0xff, 0xfe,
  0xfd, 0xfd, 0xfe, 0xfe, 0xfe, 0xfe, 0xfe, 0xfe, 0xfe, 0xfe, 0xfe, 0xfe, 0xfe, 0xff, 0xff, 0xff,
  0xff, 0xff, 0xfe, 0xfe, 0xfe, 0xfe, 0xfe, 0xfe, 0xfe, 0xfe, 0xfe, 0xff, 0xff, 0xfe, 0xfe, 0xff,
  0xff, 0xff, 0xff, 0xff, 0xff, 0xfe, 0xfe, 0xff, 0xff, 0xfe, 0xfe, 0xfe, 0xfd, 0xfc, 0xfc, 0xff,
  0xff, 0xff, 0xdf, 0xa8, 0x50, 0x0e, 0x00, 0x03, 0x05, 0x00, 0x00, 0x00, 0x00, 0x00, 0x00, 0x00,
  0x00, 0x00, 0x00, 0x00, 0x00, 0x00, 0x00, 0x00, 0x00, 0x00, 0x00, 0x00, 0x00, 0x01, 0x01, 0x00,
  0x00, 0x0d, 0x4f, 0xb4, 0xff, 0xff, 0xfb, 0xf7, 0xfd, 0xff, 0xff, 0xfe, 0xfe, 0xfe, 0xfe, 0xfe,
  0xfe, 0xfe, 0xfe, 0xfe, 0xfe, 0xfe, 0xff, 0xff, 0xff, 0xff, 0xff, 0xfe, 0xfe, 0xfe, 0xfe, 0xfe,
  0xfe, 0xfe, 0xfe, 0xfe, 0xff, 0xff, 0xfe, 0xfe, 0xff, 0xff, 0xff, 0xff, 0xff, 0xff, 0xfe, 0xfe,
  0xff, 0xff, 0xfe, 0xfe, 0xfe, 0xfe, 0xfe, 0xfe, 0xfe, 0xf8, 0xfd, 0xff, 0xfe, 0xb4, 0x50, 0x0d,
  0x00, 0x00, 0x00, 0x01, 0x00, 0x00, 0x00, 0x00, 0x00, 0x00, 0x00, 0x00, 0x00, 0x00, 0x00, 0x00,
  0x00, 0x00, 0x00, 0x00, 0x00, 0x00, 0x02, 0x02, 0x00, 0x08, 0x54, 0xb7, 0xf9, 0xff, 0xfe, 0xfe,
  0xfd, 0xfe, 0xfe, 0xfe, 0xff, 0xfe, 0xfe, 0xfe, 0xff, 0xff, 0xfe, 0xfe, 0xfe, 0xff, 0xff, 0xff,
  0xfe, 0xfe, 0xff, 0xff, 0xfe, 0xfe, 0xfe, 0xfe, 0xfe, 0xff, 0xfe, 0xfe, 0xfe, 0xff, 0xff, 0xfe,
  0xfe, 0xfe, 0xfe, 0xfe, 0xfe, 0xff, 0xff, 0xfe, 0xfe, 0xff, 0xff, 0xfe, 0xfe, 0xfe, 0xff, 0xfe,
  0xfe, 0xff, 0xfe, 0xff, 0xfe, 0xff, 0xf9, 0xb7, 0x54, 0x08, 0x00, 0x01, 0x02, 0x00, 0x00, 0x00,
  0x00, 0x00, 0x00, 0x00, 0x00, 0x00, 0x00, 0x00, 0x00, 0x00, 0x00, 0x00, 0x00, 0x00, 0x03, 0x02,
  0x00, 0x13, 0x52, 0xb7, 0xf4, 0xff, 0xfc, 0xf8, 0xfe, 0xff, 0xfe, 0xfe, 0xfe, 0xff, 0xfe, 0xfe,
  0xfe, 0xff, 0xff, 0xfe, 0xfe, 0xff, 0xff, 0xff, 0xfe, 0xfe, 0xfe, 0xfe, 0xfe, 0xfe, 0xff, 0xff,
  0xfe, 0xfe, 0xfe, 0xfe, 0xfe, 0xfe, 0xfe, 0xff, 0xfe, 0xfe, 0xfe, 0xfe, 0xfe, 0xfe, 0xff, 0xff,
  0xfe, 0xfe, 0xff, 0xff, 0xff, 0xfe, 0xfe, 0xff, 0xfe, 0xfe, 0xff, 0xff, 0xfd, 0xfa, 0xfc, 0xff,
  0xf4, 0xb7, 0x52, 0x14, 0x00, 0x03, 0x03, 0x00, 0x00, 0x00, 0x00, 0x00, 0x00, 0x00, 0x00, 0x00,
  0x00, 0x00, 0x00, 0x00, 0x00, 0x00, 0x00, 0x04, 0x00, 0x03, 0x4f, 0xb4, 0xfb, 0xff, 0xfb, 0xfc,
  0xfe, 0xff, 0xff, 0xfe, 0xfe, 0xfe, 0xfe, 0xfe, 0xfe, 0xfe, 0xfe, 0xfe, 0xfe, 0xfe, 0xff, 0xff,
  0xff, 0xfe, 0xfe, 0xff, 0xfe, 0xfe, 0xfe, 0xff, 0xff, 0xfe, 0xfe, 0xfe, 0xfe, 0xfe, 0xfe, 0xfe,
  0xff, 0xff, 0xff, 0xfe, 0xff, 0xff, 0xfe, 0xfe, 0xff, 0xfe, 0xfe, 0xff, 0xff, 0xff, 0xfe, 0xfe,
  0xff, 0xfe, 0xfe, 0xff, 0xff, 0xfe, 0xff, 0xfc, 0xfa, 0xff, 0xfc, 0xb4, 0x4e, 0x01, 0x00, 0x04,
  0x00, 0x00, 0x00, 0x00, 0x00, 0x00, 0x00, 0x00, 0x00, 0x00, 0x00, 0x00, 0x00, 0x00, 0x02, 0x01,
  0x05, 0x04, 0x2e, 0xa6, 0xf4, 0xff, 0xfd, 0xfd, 0xfd, 0xfe, 0xfe, 0xfe, 0xfe, 0xfe, 0xfe, 0xfe,
  0xfe, 0xfe, 0xfe, 0xfe, 0xfe, 0xfe, 0xfe, 0xfe, 0xfe, 0xfe, 0xfe, 0xff, 0xff, 0xfe, 0xfe, 0xfe,
  0xfe, 0xfe, 0xfe, 0xfe, 0xff, 0xfe, 0xfe, 0xff, 0xff, 0xff, 0xff, 0xff, 0xfe, 0xfe, 0xfe, 0xfe,
  0xfe, 0xfe, 0xfe, 0xfe, 0xfe, 0xfe, 0xfe, 0xfe, 0xfe, 0xfe, 0xfe, 0xfe, 0xfe, 0xfe, 0xfe, 0xff,
  0xfd, 0xfd, 0xfd, 0xff, 0xf4, 0x9f, 0x1e, 0x00, 0x05, 0x01, 0x02, 0x00, 0x00, 0x00, 0x00, 0x00,
  0x00, 0x00, 0x00, 0x00, 0x00, 0x00, 0x00, 0x02, 0x00, 0x00, 0x1f, 0x84, 0xe6, 0xff, 0xfc, 0xf9,
  0xff, 0xff, 0xfe, 0xfe, 0xfe, 0xfe, 0xfe, 0xfe, 0xfe, 0xfe, 0xfe, 0xfe, 0xfe, 0xfe, 0xfe, 0xfe,
  0xfe, 0xfe, 0xfe, 0xfe, 0xff, 0xff, 0xfe, 0xfe, 0xfe, 0xfe, 0xfe, 0xfe, 0xfe, 0xff, 0xfe, 0xfe,
  0xff, 0xff, 0xff, 0xff, 0xff, 0xfe, 0xfe, 0xfe, 0xfe, 0xfe, 0xfe, 0xfe, 0xfe, 0xfe, 0xfe, 0xfe,
  0xfe, 0xfe, 0xfe, 0xfe, 0xfe, 0xfe, 0xfe, 0xfe, 0xfe, 0xfe, 0xff, 0xf9, 0xfc, 0xff, 0xe0, 0x7d,
  0x1c, 0x00, 0x00, 0x03, 0x00, 0x00, 0x00, 0x00, 0x00, 0x00, 0x00, 0x00, 0x00, 0x00, 0x00, 0x01,
  0x01, 0x00, 0x06, 0x61, 0xdd, 0xff, 0xfb, 0xfe, 0xfe, 0xff, 0xff, 0xff, 0xfe, 0xff, 0xff, 0xfe,
  0xfe, 0xff, 0xff, 0xff, 0xfe, 0xfe, 0xfe, 0xfe, 0xfe, 0xfe, 0xff, 0xff, 0xfe, 0xfe, 0xff, 0xfe,
  0xfe, 0xfe, 0xfe, 0xfe, 0xff, 0xff, 0xfe, 0xfe, 0xfe, 0xfe, 0xfe, 0xfe, 0xfe, 0xfe, 0xff, 0xfe,
  0xfe, 0xff, 0xff, 0xff, 0xff, 0xff, 0xfe, 0xfe, 0xfe, 0xfe, 0xfe, 0xfe, 0xfe, 0xfe, 0xfe, 0xfe,
  0xfe, 0xfe, 0xfe, 0xff, 0xff, 0xff, 0xfa, 0xff, 0xea, 0x67, 0x03, 0x00, 0x02, 0x01, 0x00, 0x00,
  0x00, 0x00, 0x00, 0x00, 0x00, 0x00, 0x00, 0x01, 0x03, 0x00, 0x03, 0x54, 0xbd, 0xff, 0xff, 0xf9,
  0xfe, 0xff, 0xfe, 0xfe, 0xfe, 0xff, 0xff, 0xfe, 0xfe, 0xfe, 0xfe, 0xfe, 0xfe, 0xff, 0xff, 0xfe,
  0xfe, 0xfe, 0xff, 0xff, 0xfe, 0xfe, 0xfe, 0xff, 0xfe, 0xfe, 0xfe, 0xfe, 0xfe, 0xff, 0xff, 0xfe,
  0xfe, 0xfe, 0xff, 0xff, 0xfe, 0xfe, 0xfe, 0xfe, 0xfe, 0xfe, 0xfe, 0xfe, 0xff, 0xfe, 0xfe, 0xff,
  0xff, 0xfe, 0xfe, 0xfe, 0xfe, 0xff, 0xff, 0xff, 0xff, 0xff, 0xfe, 0xfe, 0xfe, 0xff, 0xff, 0xf9,
  0xff, 0xff, 0xc2, 0x53, 0x01, 0x00, 0x03, 0x01, 0x00, 0x00, 0x00, 0x00, 0x00, 0x00, 0x00, 0x00,
  0x02, 0x03, 0x02, 0x1e, 0xab, 0xf9, 0xfd, 0xfc, 0xfd, 0xff, 0xff, 0xfe, 0xfe, 0xfe, 0xff, 0xff,
  0xfe, 0xfe, 0xfe, 0xfe, 0xfe, 0xfe, 0xff, 0xff, 0xfe, 0xfe, 0xfe, 0xff, 0xff, 0xfe, 0xfe, 0xff,
  0xff, 0xfe, 0xfe, 0xfe, 0xfe, 0xfe, 0xff, 0xff, 0xfe, 0xfe, 0xfe, 0xff, 0xff, 0xfe, 0xfe, 0xfe,
  0xfe, 0xfe, 0xfe, 0xfe, 0xfe, 0xfe, 0xfe, 0xfe, 0xff, 0xff, 0xfe, 0xfe, 0xfe, 0xfe, 0xff, 0xff,
  0xff, 0xff, 0xff, 0xfe, 0xfe, 0xfe, 0xff, 0xff, 0xfd, 0xfd, 0xfc, 0xfa, 0xad, 0x21, 0x03, 0x03,
  0x02, 0x00, 0x00, 0x00, 0x00, 0x00, 0x00, 0x00, 0x02, 0x01, 0x02, 0x17, 0x61, 0xdc, 0xff, 0xff,
  0xfb, 0xfe, 0xfe, 0xfe, 0xfe, 0xfe, 0xfe, 0xfe, 0xff, 0xff, 0xff, 0xfe, 0xfe, 0xff, 0xff, 0xfe,
  0xfe, 0xfe, 0xfe, 0xfe, 0xff, 0xfe, 0xfe, 0xff, 0xff, 0xfe, 0xfe, 0xfe, 0xff, 0xfe, 0xfe, 0xff,
  0xff, 0xfe, 0xff, 0xff, 0xfe, 0xfe, 0xfe, 0xfe, 0xfe, 0xfe, 0xfe, 0xfe, 0xfe, 0xfe, 0xfe, 0xfe,
  0xfe, 0xfe, 0xfe, 0xfe, 0xfe, 0xfe, 0xfe, 0xfe, 0xfe, 0xfe, 0xff, 0xff, 0xfe, 0xfe, 0xfe, 0xfe,
  0xfe, 0xff, 0xfd, 0xff, 0xff, 0xe0, 0x6e, 0x1f, 0x03, 0x01, 0x02, 0x00, 0x00, 0x00, 0x00, 0x00,
  0x00, 0x06, 0x00, 0x00, 0x41, 0xb7, 0xf6, 0xfc, 0xfd, 0xfb, 0xfe, 0xfe, 0xfe, 0xfe, 0xff, 0xff,
  0xfe, 0xff, 0xff, 0xff, 0xfe, 0xfe, 0xff, 0xff, 0xfe, 0xfe, 0xfe, 0xfe, 0xfe, 0xff, 0xfe, 0xfe,
  0xff, 0xff, 0xfe, 0xfd, 0xfc, 0xfc, 0xfa, 0xf9, 0xfa, 0xfa, 0xf9, 0xfa, 0xfa, 0xf9, 0xfa, 0xfb,
  0xfc, 0xfe, 0xff, 0xfe, 0xfe, 0xff, 0xff, 0xfe, 0xff, 0xff, 0xfe, 0xfe, 0xfe, 0xfe, 0xfe, 0xfe,
  0xfe, 0xfe, 0xfe, 0xfe, 0xfe, 0xfe, 0xfe, 0xfe, 0xfe, 0xfe, 0xff, 0xfd, 0xfe, 0xfc, 0xf8, 0xc9,
  0x50, 0x00, 0x00, 0x05, 0x00, 0x00, 0x00, 0x00, 0x00, 0x00, 0x07, 0x00, 0x03, 0x77, 0xf5, 0xff,
  0xfa, 0xfe, 0xfd, 0xfe, 0xff, 0xff, 0xfe, 0xff, 0xff, 0xfe, 0xfe, 0xfe, 0xff, 0xff, 0xff, 0xfe,
  0xfe, 0xfe, 0xfe, 0xfe, 0xfe, 0xfe, 0xff, 0xfe, 0xfe, 0xfe, 0xfe, 0xfe, 0xff, 0xff, 0xff, 0xff,
  0xff, 0xff, 0xff, 0xff, 0xff, 0xff, 0xff, 0xff, 0xff, 0xff, 0xff, 0xff, 0xfe, 0xfe, 0xff, 0xff,
  0xff, 0xff, 0xff, 0xfe, 0xfe, 0xfe, 0xfe, 0xfe, 0xfe, 0xff, 0xff, 0xfe, 0xfe, 0xfe, 0xfe, 0xfe,
  0xfe, 0xfe, 0xfe, 0xff, 0xfe, 0xfe, 0xf9, 0xff, 0xff, 0x8b, 0x08, 0x01, 0x05, 0x00, 0x00, 0x00,
  0x00, 0x01, 0x00, 0x04, 0x07, 0x2f, 0xa7, 0xff, 0xff, 0xf9, 0xfe, 0xfe, 0xfe, 0xfe, 0xfe, 0xfe,
  0xfe, 0xfe, 0xfe, 0xfe, 0xfe, 0xff, 0xff, 0xff, 0xff, 0xff, 0xfe, 0xfe, 0xfe, 0xff, 0xff, 0xfe,
  0xff, 0xff, 0xfd, 0xfa, 0xf7, 0xfc, 0xff, 0xff, 0xff, 0xff, 0xff, 0xff, 0xff, 0xff, 0xff, 0xff,
  0xff, 0xff, 0xff, 0xfc, 0xf7, 0xf9, 0xfc, 0xfe, 0xfe, 0xff, 0xfe, 0xfe, 0xfe, 0xfe, 0xfe, 0xff,
  0xff, 0xff, 0xfe, 0xfe, 0xfe, 0xff, 0xff, 0xfe, 0xfe, 0xfe, 0xfe, 0xfe, 0xfe, 0xfe, 0xfe, 0xf9,
  0xff, 0xff, 0xbd, 0x49, 0x0e, 0x02, 0x00, 0x01, 0x00, 0x00, 0x03, 0x00, 0x00, 0x13, 0x7b, 0xd6,
  0xfc, 0xfe, 0xfb, 0xfe, 0xfe, 0xfe, 0xfe, 0xfe, 0xfe, 0xfe, 0xfe, 0xfe, 0xfe, 0xfe, 0xff, 0xff,
  0xff, 0xff, 0xff, 0xfe, 0xfe, 0xfe, 0xff, 0xff, 0xfe, 0xfe, 0xfd, 0xfe, 0xff, 0xff, 0xff, 0xf3,
  0xdf, 0xcb, 0xbd, 0xb9, 0xb7, 0xb3, 0xb3, 0xb6, 0xc4, 0xcd, 0xd9, 0xf0, 0xff, 0xff, 0xff, 0xff,
  0xfd, 0xfd, 0xff, 0xfe, 0xfe, 0xfe, 0xfe, 0xfe, 0xff, 0xff, 0xff, 0xfe, 0xfe, 0xfe, 0xff, 0xff,
  0xfe, 0xfe, 0xfe, 0xfe, 0xfe, 0xfe, 0xfe, 0xfe, 0xfc, 0xfe, 0xfa, 0xe4, 0x9b, 0x20, 0x00, 0x00,
  0x03, 0x00, 0x00, 0x04, 0x00, 0x00, 0x31, 0xc7, 0xfe, 0xfb, 0xfe, 0xfd, 0xfe, 0xff, 0xff, 0xff,
  0xff, 0xff, 0xfe, 0xfe, 0xfe, 0xfe, 0xfe, 0xfe, 0xfe, 0xff, 0xff, 0xff, 0xfe, 0xfe, 0xfe, 0xfe,
  0xfe, 0xff, 0xfd, 0xfc, 0xfb, 0xff, 0xff, 0xe0, 0xb1, 0x7e, 0x47, 0x24, 0x1a, 0x15, 0x09, 0x09,
  0x11, 0x33, 0x4a, 0x6d, 0xaa, 0xe3, 0xff, 0xff, 0xfc, 0xfd, 0xfe, 0xff, 0xfe, 0xfe, 0xff, 0xff,
  0xff, 0xfe, 0xfe, 0xfe, 0xfe, 0xfe, 0xfe, 0xfe, 0xfe, 0xff, 0xff, 0xff, 0xfe, 0xfe, 0xfe, 0xfe,
  0xff, 0xff, 0xfe, 0xfb, 0xfe, 0xda, 0x37, 0x00, 0x00, 0x04, 0x00, 0x01, 0x02, 0x00, 0x16, 0x66,
  0xee, 0xff, 0xfb, 0xfe, 0xff, 0xfe, 0xfe, 0xff, 0xfe, 0xfe, 0xff, 0xfe, 0xfe, 0xfe, 0xff, 0xff,
  0xff, 0xff, 0xfe, 0xfe, 0xfe, 0xff, 0xfe, 0xfe, 0xff, 0xfc, 0xf9, 0xff, 0xff, 0xfc, 0xbd, 0x7b,
  0x56, 0x3f, 0x23, 0x08, 0x00, 0x00, 0x00, 0x00, 0x00, 0x00, 0x00, 0x09, 0x1b, 0x3a, 0x57, 0x7d,
  0xae, 0xe7, 0xff, 0xff, 0xf9, 0xfb, 0xff, 0xff, 0xfe, 0xff, 0xfe, 0xfe, 0xfe, 0xfe, 0xfe, 0xff,
  0xfe, 0xfe, 0xff, 0xff, 0xff, 0xff, 0xff, 0xff, 0xff, 0xff, 0xff, 0xfd, 0xfa, 0xff, 0xf1, 0x52,
  0x02, 0x00, 0x02, 0x01, 0x04, 0x00, 0x02, 0x3b, 0xa0, 0xf6, 0xfe, 0xfc, 0xfe, 0xff, 0xfe, 0xfe,
  0xfe, 0xfe, 0xfe, 0xfe, 0xfe, 0xfe, 0xfe, 0xff, 0xff, 0xff, 0xff, 0xfe, 0xfe, 0xfe, 0xff, 0xfe,
  0xfe, 0xfe, 0xff, 0xff, 0xfc, 0xe5, 0xb2, 0x58, 0x01, 0x00, 0x00, 0x00, 0x01, 0x04, 0x05, 0x05,
  0x07, 0x07, 0x06, 0x02, 0x00, 0x00, 0x00, 0x00, 0x04, 0x45, 0x96, 0xdf, 0xfc, 0xff, 0xff, 0xfd,
  0xfe, 0xfe, 0xfe, 0xfe, 0xfe, 0xfe, 0xfe, 0xfe, 0xff, 0xff, 0xfe, 0xff, 0xff, 0xff, 0xff, 0xff,
  0xff, 0xff, 0xfe, 0xfe, 0xfd, 0xfb, 0xfe, 0xf3, 0x88, 0x26, 0x00, 0x00, 0x03, 0x05, 0x00, 0x05,
  0x65, 0xcc, 0xfd, 0xff, 0xfc, 0xfd, 0xfe, 0xfe, 0xfe, 0xfe, 0xff, 0xff, 0xfe, 0xff, 0xff, 0xfe,
  0xfe, 0xfe, 0xfe, 0xfe, 0xff, 0xfe, 0xfe, 0xff, 0xff, 0xfe, 0xf8, 0xff, 0xff, 0xd0, 0x71, 0x26,
  0x0b, 0x00, 0x00, 0x00, 0x00, 0x00, 0x00, 0x00, 0x00, 0x01, 0x01, 0x01, 0x00, 0x00, 0x00, 0x00,
  0x00, 0x00, 0x07, 0x21, 0x6f, 0xd0, 0xff, 0xff, 0xf8, 0xfe, 0xff, 0xfe, 0xfe, 0xfe, 0xfe, 0xfe,
  0xfe, 0xfe, 0xff, 0xff, 0xfe, 0xfe, 0xfe, 0xff, 0xff, 0xfe, 0xfe, 0xfe, 0xff, 0xff, 0xfd, 0xff,
  0xfe, 0xd2, 0x6d, 0x04, 0x00, 0x05, 0x08, 0x00, 0x01, 0x92, 0xed, 0xfe, 0xfc, 0xfd, 0xfd, 0xfe,
  0xfe, 0xfe, 0xfe, 0xff, 0xff, 0xff, 0xff, 0xff, 0xfe, 0xfe, 0xfe, 0xfe, 0xfe, 0xff, 0xfe, 0xfe,
  0xff, 0xfc, 0xfd, 0xff, 0xf1, 0xb0, 0x61, 0x1b, 0x00, 0x00, 0x04, 0x07, 0x04, 0x03, 0x02, 0x01,
  0x00, 0x00, 0x00, 0x00, 0x00, 0x01, 0x02, 0x03, 0x05, 0x07, 0x04, 0x00, 0x00, 0x1c, 0x61, 0xb0,
  0xf1, 0xff, 0xfe, 0xfb, 0xfe, 0xfe, 0xfe, 0xfe, 0xfe, 0xfe, 0xfe, 0xfe, 0xff, 0xfe, 0xfe, 0xfe,
  0xfe, 0xfe, 0xfe, 0xfe, 0xfe, 0xff, 0xff, 0xff, 0xfd, 0xff, 0xfa, 0x9b, 0x09, 0x00, 0x07, 0x08,
  0x00, 0x0a, 0xb5, 0xff, 0xff, 0xf8, 0xfe, 0xfe, 0xfe, 0xfe, 0xfe, 0xfe, 0xfe, 0xff, 0xff, 0xfe,
  0xfe, 0xfe, 0xff, 0xff, 0xfe, 0xfe, 0xfe, 0xfe, 0xfe, 0xff, 0xfa, 0xff, 0xfd, 0xba, 0x2c, 0x00,
  0x00, 0x02, 0x02, 0x00, 0x00, 0x00, 0x00, 0x00, 0x00, 0x00, 0x00, 0x00, 0x00, 0x00, 0x00, 0x00,
  0x00, 0x00, 0x00, 0x00, 0x02, 0x01, 0x00, 0x00, 0x2c, 0xba, 0xfd, 0xff, 0xf9, 0xfe, 0xfe, 0xfe,
  0xfe, 0xfe, 0xfe, 0xfe, 0xfe, 0xfe, 0xfe, 0xfe, 0xfe, 0xfe, 0xfe, 0xfe, 0xfe, 0xfe, 0xfe, 0xfe,
  0xfe, 0xfb, 0xff, 0xff, 0xae, 0x19, 0x00, 0x05, 0x02, 0x02, 0x2f, 0xc6, 0xff, 0xff, 0xf9, 0xfe,
  0xfe, 0xfe, 0xfe, 0xfe, 0xfe, 0xfe, 0xfe, 0xfe, 0xff, 0xff, 0xfe, 0xff, 0xff, 0xfe, 0xfe, 0xff,
  0xff, 0xfe, 0xfd, 0xfe, 0xff, 0xc7, 0x64, 0x00, 0x00, 0x00, 0x02, 0x02, 0x00, 0x00, 0x00, 0x00,
  0x00, 0x00, 0x00, 0x00, 0x00, 0x00, 0x00, 0x00, 0x00, 0x00, 0x00, 0x00, 0x00, 0x02, 0x01, 0x00,
  0x00, 0x00, 0x64, 0xc6, 0xfc, 0xfb, 0xfb, 0xfd, 0xfe, 0xfe, 0xfe, 0xfe, 0xff, 0xff, 0xff, 0xfe,
  0xfe, 0xff, 0xff, 0xff, 0xff, 0xff, 0xff, 0xfe, 0xfe, 0xfe, 0xfa, 0xff, 0xff, 0xc3, 0x36, 0x02,
  0x01, 0x00, 0x0d, 0x5b, 0xd1, 0xfe, 0xff, 0xfb, 0xfe, 0xfe, 0xfe, 0xfe, 0xfe, 0xfe, 0xfe, 0xfe,
  0xfe, 0xff, 0xff, 0xfe, 0xff, 0xff, 0xfe, 0xfe, 0xff, 0xff, 0xfe, 0xfc, 0xfd, 0xe3, 0x73, 0x1f,
  0x01, 0x07, 0x05, 0x00, 0x00, 0x00, 0x00, 0x00, 0x00, 0x00, 0x00, 0x00, 0x00, 0x00, 0x00, 0x00,
  0x00, 0x00, 0x00, 0x00, 0x00, 0x00, 0x00, 0x00, 0x05, 0x07, 0x01, 0x1f, 0x76, 0xec, 0xff, 0xfb,
  0xfd, 0xfe, 0xfe, 0xfe, 0xfe, 0xff, 0xff, 0xff, 0xfe, 0xfe, 0xff, 0xff, 0xff, 0xff, 0xff, 0xff,
  0xfe, 0xfe, 0xfe, 0xfa, 0xff, 0xfe, 0xd1, 0x55, 0x0b, 0x00, 0x00, 0x21, 0x83, 0xe3, 0xff, 0xff,
  0xfc, 0xff, 0xfe, 0xfe, 0xff, 0xfe, 0xfe, 0xfe, 0xfe, 0xfe, 0xfe, 0xfe, 0xfe, 0xff, 0xff, 0xfe,
  0xfe, 0xff, 0xfd, 0xff, 0xfe, 0xe6, 0x98, 0x26, 0x01, 0x00, 0x03, 0x00, 0x00, 0x00, 0x00, 0x00,
  0x00, 0x00, 0x00, 0x00, 0x00, 0x00, 0x00, 0x00, 0x00, 0x00, 0x00, 0x00, 0x00, 0x00, 0x00, 0x00,
  0x00, 0x00, 0x04, 0x00, 0x01, 0x2f, 0xb7, 0xf9, 0xfe, 0xff, 0xfc, 0xfe, 0xfe, 0xfe, 0xfe, 0xfe,
  0xff, 0xff, 0xff, 0xff, 0xff, 0xff, 0xff, 0xff, 0xff, 0xff, 0xff, 0xff, 0xfc, 0xff, 0xff, 0xde,
  0x73, 0x1a, 0x00, 0x00, 0x30, 0xa4, 0xf1, 0xff, 0xff, 0xfc, 0xfe, 0xff, 0xff, 0xff, 0xfe, 0xfe,
  0xfe, 0xfe, 0xfe, 0xfe, 0xfe, 0xfe, 0xfe, 0xfe, 0xfe, 0xfe, 0xfe, 0xf8, 0xff, 0xff, 0xba, 0x3f,
  0x03, 0x00, 0x01, 0x02, 0x00, 0x00, 0x00, 0x00, 0x00, 0x00, 0x00, 0x00, 0x00, 0x00, 0x00, 0x00,
  0x00, 0x00, 0x00, 0x00, 0x00, 0x00, 0x00, 0x00, 0x00, 0x00, 0x00, 0x03, 0x01, 0x00, 0x08, 0x52,
  0xc5, 0xff, 0xff, 0xf9, 0xfe, 0xff, 0xff, 0xfe, 0xfe, 0xff, 0xff, 0xff, 0xff, 0xff, 0xff, 0xff,
  0xff, 0xff, 0xff, 0xff, 0xff, 0xfd, 0xff, 0xff, 0xe9, 0x90, 0x28, 0x00, 0x00, 0x3c, 0xbd, 0xfa,
  0xff, 0xff, 0xfc, 0xfe, 0xff, 0xff, 0xff, 0xfe, 0xfe, 0xfe, 0xfe, 0xfe, 0xfe, 0xfe, 0xfe, 0xfe,
  0xfe, 0xfe, 0xfe, 0xfe, 0xf8, 0xff, 0xfa, 0x87, 0x06, 0x01, 0x05, 0x00, 0x01, 0x00, 0x00, 0x00,
  0x00, 0x00, 0x00, 0x00, 0x00, 0x00, 0x00, 0x00, 0x00, 0x00, 0x00, 0x00, 0x00, 0x00, 0x00, 0x00,
  0x00, 0x00, 0x00, 0x00, 0x01, 0x00, 0x05, 0x00, 0x04, 0x88, 0xfc, 0xff, 0xf9, 0xfe, 0xff, 0xff,
  0xff, 0xff, 0xff, 0xff, 0xff, 0xff, 0xff, 0xff, 0xff, 0xff, 0xff, 0xff, 0xff, 0xff, 0xfd, 0xff,
  0xff, 0xf4, 0xaf, 0x36, 0x00, 0x00, 0x46, 0xd3, 0xff, 0xfd, 0xff, 0xfd, 0xff, 0xff, 0xff, 0xff,
  0xfe, 0xfe, 0xfe, 0xfe, 0xfe, 0xfe, 0xfe, 0xfe, 0xfe, 0xfe, 0xff, 0xfd, 0xfe, 0xfd, 0xfa, 0xd2,
  0x5b, 0x00, 0x00, 0x05, 0x00, 0x00, 0x00, 0x00, 0x00, 0x00, 0x00, 0x00, 0x00, 0x00, 0x00, 0x00,
  0x00, 0x00, 0x00, 0x00, 0x00, 0x00, 0x00, 0x00, 0x00, 0x00, 0x00, 0x00, 0x00, 0x00, 0x00, 0x06,
  0x00, 0x00, 0x63, 0xdf, 0xfe, 0xfe, 0xfe, 0xfd, 0xff, 0xff, 0xff, 0xff, 0xff, 0xff, 0xff, 0xff,
  0xff, 0xff, 0xff, 0xff, 0xff, 0xff, 0xff, 0xfe, 0xff, 0xfe, 0xfd, 0xd0, 0x46, 0x00, 0x00, 0x4a,
  0xde, 0xff, 0xfc, 0xff, 0xfe, 0xff, 0xff, 0xff, 0xff, 0xfe, 0xfe, 0xfe, 0xfe, 0xfe, 0xfe, 0xfe,
  0xfe, 0xfe, 0xfe, 0xff, 0xfc, 0xfe, 0xff, 0xef, 0xa0, 0x3a, 0x02, 0x01, 0x05, 0x00, 0x00, 0x00,
  0x00, 0x00, 0x00, 0x00, 0x00, 0x00, 0x00, 0x00, 0x00, 0x00, 0x00, 0x00, 0x00, 0x00, 0x00, 0x00,
  0x00, 0x00, 0x00, 0x00, 0x00, 0x00, 0x00, 0x00, 0x05, 0x01, 0x03, 0x47, 0xb5, 0xf5, 0xff, 0xfe,
  0xfc, 0xff, 0xff, 0xff, 0xff, 0xff, 0xff, 0xff, 0xff, 0xff, 0xff, 0xff, 0xff, 0xff, 0xff, 0xff,
  0xfe, 0xff, 0xfe, 0xff, 0xe0, 0x4c, 0x00, 0x00, 0x4f, 0xe8, 0xff, 0xfb, 0xff, 0xfe, 0xfe, 0xff,
  0xff, 0xfe, 0xfe, 0xfe, 0xfe, 0xfe, 0xfe, 0xfe, 0xfe, 0xff, 0xff, 0xfe, 0xfe, 0xfb, 0xff, 0xff,
  0xe2, 0x73, 0x1d, 0x00, 0x00, 0x03, 0x00, 0x00, 0x00, 0x00, 0x00, 0x00, 0x00, 0x00, 0x00, 0x00,
  0x00, 0x00, 0x00, 0x00, 0x00, 0x00, 0x00, 0x00, 0x00, 0x00, 0x00, 0x00, 0x00, 0x00, 0x00, 0x00,
  0x00, 0x03, 0x00, 0x00, 0x27, 0x82, 0xe6, 0xff, 0xff, 0xfc, 0xff, 0xff, 0xff, 0xff, 0xff, 0xff,
  0xff, 0xff, 0xff, 0xff, 0xff, 0xff, 0xff, 0xff, 0xff, 0xfe, 0xff, 0xfc, 0xff, 0xe8, 0x50, 0x00,
  0x00, 0x59, 0xf8, 0xff, 0xf8, 0xfe, 0xfe, 0xfe, 0xff, 0xff, 0xfe, 0xff, 0xff, 0xfe, 0xfe, 0xff,
  0xfe, 0xfe, 0xff, 0xff, 0xfe, 0xfe, 0xfa, 0xff, 0xff, 0xd8, 0x54, 0x08, 0x00, 0x00, 0x02, 0x00,
  0x00, 0x00, 0x00, 0x00, 0x00, 0x00, 0x00, 0x00, 0x00, 0x00, 0x00, 0x00, 0x00, 0x00, 0x00, 0x00,
  0x00, 0x00, 0x00, 0x00, 0x00, 0x00, 0x00, 0x00, 0x00, 0x00, 0x01, 0x00, 0x01, 0x0a, 0x4c, 0xd6,
  0xff, 0xff, 0xfb, 0xff, 0xff, 0xff, 0xff, 0xff, 0xff, 0xff, 0xff, 0xff, 0xff, 0xff, 0xff, 0xff,
  0xff, 0xff, 0xff, 0xff, 0xf9, 0xff, 0xf8, 0x5b, 0x00, 0x00, 0x5f, 0xff, 0xff, 0xf6, 0xfe, 0xfe,
  0xfe, 0xff, 0xff, 0xfe, 0xff, 0xff, 0xfe, 0xfe, 0xff, 0xfe, 0xfe, 0xff, 0xff, 0xfe, 0xfe, 0xfa,
  0xff, 0xff, 0xd0, 0x38, 0x00, 0x02, 0x00, 0x01, 0x00, 0x00, 0x00, 0x00, 0x00, 0x00, 0x00, 0x00,
  0x00, 0x00, 0x00, 0x00, 0x00, 0x00, 0x00, 0x00, 0x00, 0x00, 0x00, 0x00, 0x00, 0x00, 0x00, 0x00,
  0x00, 0x00, 0x00, 0x01, 0x00, 0x03, 0x00, 0x32, 0xce, 0xff, 0xff, 0xfb, 0xff, 0xff, 0xff, 0xff,
  0xff, 0xff, 0xff, 0xff, 0xff, 0xff, 0xff, 0xff, 0xff, 0xff, 0xff, 0xff, 0xff, 0xf6, 0xff, 0xff,
  0x63, 0x00, 0x00, 0x5e, 0xff, 0xff, 0xf6, 0xfe, 0xff, 0xff, 0xff, 0xff, 0xff, 0xfe, 0xfe, 0xff,
  0xff, 0xfe, 0xff, 0xff, 0xff, 0xfe, 0xfe, 0xfe, 0xf9, 0xff, 0xff, 0xc8, 0x1a, 0x00, 0x05, 0x02,
  0x00, 0x00, 0x00, 0x00, 0x00, 0x00, 0x00, 0x00, 0x00, 0x00, 0x00, 0x00, 0x00, 0x00, 0x00, 0x00,
  0x00, 0x00, 0x00, 0x00, 0x00, 0x00, 0x00, 0x00, 0x00, 0x00, 0x00, 0x00, 0x00, 0x01, 0x05, 0x00,
  0x2f, 0xce, 0xff, 0xff, 0xfb, 0xff, 0xff, 0xff, 0xff, 0xff, 0xff, 0xff, 0xff, 0xff, 0xff, 0xff,
  0xff, 0xff, 0xff, 0xff, 0xff, 0xff, 0xf7, 0xff, 0xff, 0x63, 0x00, 0x00, 0x5e, 0xfe, 0xff, 0xf6,
  0xff, 0xff, 0xfe, 0xff, 0xff, 0xfe, 0xfe, 0xfe, 0xff, 0xff, 0xfe, 0xff, 0xff, 0xff, 0xfe, 0xff,
  0xff, 0xf9, 0xff, 0xff, 0xc6, 0x13, 0x01, 0x05, 0x02, 0x00, 0x00, 0x00, 0x00, 0x00, 0x00, 0x00,
  0x00, 0x00, 0x00, 0x00, 0x00, 0x00, 0x00, 0x00, 0x00, 0x00, 0x00, 0x00, 0x00, 0x00, 0x00, 0x00,
  0x00, 0x00, 0x00, 0x00, 0x00, 0x00, 0x02, 0x07, 0x01, 0x2a, 0xcd, 0xff, 0xff, 0xfb, 0xff, 0xff,
  0xff, 0xff, 0xff, 0xff, 0xff, 0xff, 0xff, 0xff, 0xff, 0xff, 0xff, 0xff, 0xff, 0xff, 0xff, 0xf8,
  0xff, 0xfe, 0x64, 0x00, 0x00, 0x5e, 0xff, 0xff, 0xf6, 0xff, 0xff, 0xfe, 0xfe, 0xfe, 0xfe, 0xff,
  0xff, 0xfe, 0xfe, 0xff, 0xfe, 0xfe, 0xff, 0xff, 0xff, 0xff, 0xfa, 0xff, 0xff, 0xc7, 0x18, 0x00,
  0x05, 0x02, 0x00, 0x00, 0x00, 0x00, 0x00, 0x00, 0x00, 0x00, 0x00, 0x00, 0x00, 0x00, 0x00, 0x00,
  0x00, 0x00, 0x00, 0x00, 0x00, 0x00, 0x00, 0x00, 0x00, 0x00, 0x00, 0x00, 0x00, 0x00, 0x00, 0x03,
  0x09, 0x00, 0x24, 0xcb, 0xff, 0xff, 0xfb, 0xff, 0xff, 0xff, 0xff, 0xff, 0xff, 0xff, 0xff, 0xff,
  0xff, 0xff, 0xff, 0xff, 0xff, 0xff, 0xff, 0xff, 0xf8, 0xff, 0xff, 0x66, 0x00, 0x00, 0x5e, 0xff,
  0xff, 0xf7, 0xff, 0xff, 0xff, 0xfe, 0xfe, 0xff, 0xff, 0xfe, 0xfe, 0xff, 0xff, 0xfe, 0xfe, 0xff,
  0xff, 0xfe, 0xfe, 0xfa, 0xff, 0xff, 0xc6, 0x17, 0x00, 0x05, 0x02, 0x00, 0x00, 0x00, 0x00, 0x00,
  0x00, 0x00, 0x00, 0x00, 0x00, 0x00, 0x00, 0x00, 0x00, 0x00, 0x00, 0x00, 0x00, 0x00, 0x00, 0x00,
  0x00, 0x00, 0x00, 0x00, 0x00, 0x00, 0x00, 0x01, 0x04, 0x0a, 0x00, 0x27, 0xcc, 0xff, 0xff, 0xfb,
  0xff, 0xff, 0xff, 0xff, 0xff, 0xff, 0xff, 0xff, 0xff, 0xff, 0xff, 0xff, 0xff, 0xff, 0xff, 0xff,
  0xff, 0xf8, 0xff, 0xff, 0x68, 0x00, 0x00, 0x5e, 0xff, 0xff, 0xf7, 0xff, 0xff, 0xff, 0xfe, 0xfe,
  0xff, 0xff, 0xfe, 0xfe, 0xff, 0xff, 0xfe, 0xfe, 0xff, 0xff, 0xfe, 0xfe, 0xfa, 0xff, 0xff, 0xc6,
  0x17, 0x00, 0x05, 0x02, 0x00, 0x00, 0x00, 0x00, 0x00, 0x00, 0x00, 0x00, 0x00, 0x00, 0x00, 0x00,
  0x00, 0x00, 0x00, 0x00, 0x00, 0x00, 0x00, 0x00, 0x00, 0x00, 0x00, 0x00, 0x00, 0x00, 0x00, 0x00,
  0x01, 0x06, 0x0b, 0x00, 0x2b, 0xcc, 0xff, 0xff, 0xfb, 0xff, 0xff, 0xff, 0xff, 0xff, 0xff, 0xff,
  0xff, 0xff, 0xff, 0xff, 0xff, 0xff, 0xff, 0xff, 0xff, 0xff, 0xf8, 0xff, 0xff, 0x6b, 0x00, 0x00,
  0x5e, 0xff, 0xff, 0xf7, 0xff, 0xfe, 0xfe, 0xfe, 0xfe, 0xfe, 0xfe, 0xfe, 0xfe, 0xff, 0xff, 0xfe,
  0xfe, 0xfe, 0xfe, 0xfe, 0xff, 0xfa, 0xff, 0xff, 0xc6, 0x17, 0x00, 0x05, 0x02, 0x00, 0x00, 0x00,
  0x00, 0x00, 0x00, 0x00, 0x00, 0x00, 0x00, 0x00, 0x00, 0x00, 0x00, 0x00, 0x00, 0x00, 0x00, 0x00,
  0x00, 0x00, 0x00, 0x00, 0x00, 0x00, 0x00, 0x00, 0x00, 0x02, 0x07, 0x0d, 0x00, 0x2d, 0xcc, 0xff,
  0xff, 0xfb, 0xff, 0xff, 0xff, 0xff, 0xff, 0xff, 0xff, 0xff, 0xff, 0xff, 0xff, 0xff, 0xff, 0xff,
  0xff, 0xff, 0xff, 0xf8, 0xff, 0xff, 0x6d, 0x00, 0x00, 0x5e, 0xff, 0xff, 0xf6, 0xfe, 0xfe, 0xfe,
  0xff, 0xff, 0xfe, 0xfe, 0xfe, 0xfe, 0xfe, 0xfe, 0xfe, 0xfe, 0xff, 0xff, 0xfe, 0xfe, 0xfa, 0xff,
  0xff, 0xc6, 0x17, 0x00, 0x05, 0x02, 0x00, 0x00, 0x00, 0x00, 0x00, 0x00, 0x00, 0x00, 0x00, 0x00,
  0x00, 0x00, 0x00, 0x00, 0x00, 0x00, 0x00, 0x00, 0x00, 0x00, 0x00, 0x00, 0x00, 0x00, 0x00, 0x00,
  0x00, 0x00, 0x02, 0x07, 0x0e, 0x00, 0x2e, 0xcd, 0xff, 0xff, 0xfb, 0xff, 0xff, 0xff, 0xff, 0xff,
  0xff, 0xff, 0xff, 0xff, 0xff, 0xff, 0xff, 0xff, 0xff, 0xff, 0xff, 0xff, 0xf8, 0xff, 0xff, 0x6e,
  0x02, 0x00, 0x5e, 0xff, 0xff, 0xf6, 0xfe, 0xfe, 0xfe, 0xff, 0xff, 0xfe, 0xfe, 0xfe, 0xfe, 0xfe,
  0xfe, 0xfe, 0xfe, 0xff, 0xff, 0xfe, 0xfe, 0xfa, 0xff, 0xff, 0xc6, 0x17, 0x00, 0x05, 0x02, 0x00,
  0x00, 0x00, 0x00, 0x00, 0x00, 0x00, 0x00, 0x00, 0x00, 0x00, 0x00, 0x00, 0x00, 0x00, 0x00, 0x00,
  0x00, 0x00, 0x00, 0x00, 0x00, 0x00, 0x00, 0x00, 0x00, 0x00, 0x00, 0x02, 0x07, 0x10, 0x00, 0x2f,
  0xcd, 0xff, 0xff, 0xfb, 0xff, 0xff, 0xff, 0xff, 0xff, 0xff, 0xff, 0xff, 0xff, 0xff, 0xff, 0xff,
  0xff, 0xff, 0xff, 0xff, 0xff, 0xf8, 0xff, 0xff, 0x6e, 0x03, 0x00, 0x5e, 0xff, 0xff, 0xf6, 0xfe,
  0xff, 0xff, 0xfe, 0xfe, 0xfe, 0xfe, 0xfe, 0xfe, 0xff, 0xff, 0xfe, 0xfe, 0xff, 0xfe, 0xfe, 0xff,
  0xfa, 0xff, 0xff, 0xc6, 0x17, 0x00, 0x05, 0x02, 0x00, 0x00, 0x00, 0x00, 0x00, 0x00, 0x00, 0x00,
  0x00, 0x00, 0x00, 0x00, 0x00, 0x00, 0x00, 0x00, 0x00, 0x00, 0x00, 0x00, 0x00, 0x00, 0x00, 0x00,
  0x00, 0x00, 0x00, 0x00, 0x02, 0x08, 0x11, 0x00, 0x31, 0xcd, 0xff, 0xff, 0xfb, 0xff, 0xff, 0xff,
  0xff, 0xff, 0xff, 0xff, 0xff, 0xff, 0xff, 0xff, 0xff, 0xff, 0xff, 0xff, 0xff, 0xff, 0xf8, 0xff,
  0xff, 0x6e, 0x03, 0x00, 0x5e, 0xff, 0xff, 0xf7, 0xff, 0xff, 0xff, 0xfe, 0xfe, 0xfe, 0xfe, 0xfe,
  0xfe, 0xff, 0xff, 0xfe, 0xfe, 0xff, 0xfe, 0xff, 0xff, 0xfa, 0xff, 0xff, 0xc6, 0x17, 0x00, 0x05,
  0x02, 0x00, 0x00, 0x00, 0x00, 0x00, 0x00, 0x00, 0x00, 0x00, 0x00, 0x00, 0x00, 0x00, 0x00, 0x00,
  0x00, 0x00, 0x00, 0x00, 0x00, 0x00, 0x00, 0x00, 0x00, 0x00, 0x00, 0x00, 0x00, 0x03, 0x08, 0x10,
  0x00, 0x31, 0xcd, 0xff, 0xff, 0xfb, 0xff, 0xff, 0xff, 0xff, 0xff, 0xff, 0xff, 0xff, 0xff, 0xff,
  0xff, 0xff, 0xff, 0xff, 0xff, 0xff, 0xff, 0xf8, 0xff, 0xff, 0x6e, 0x03, 0x00, 0x5e, 0xff, 0xff,
  0xf7, 0xff, 0xff, 0xff, 0xfe, 0xfe, 0xfe, 0xff, 0xff, 0xfe, 0xfe, 0xfe, 0xfe, 0xfe, 0xfe, 0xff,
  0xff, 0xfe, 0xf9, 0xff, 0xff, 0xc6, 0x17, 0x00, 0x05, 0x02, 0x00, 0x00, 0x00, 0x00, 0x00, 0x00,
  0x00, 0x00, 0x00, 0x00, 0x00, 0x00, 0x00, 0x00, 0x00, 0x00, 0x00, 0x00, 0x00, 0x00, 0x00, 0x00,
  0x00, 0x00, 0x00, 0x00, 0x00, 0x00, 0x03, 0x08, 0x0f, 0x00, 0x30, 0xcd, 0xff, 0xff, 0xfb, 0xff,
  0xff, 0xff, 0xff, 0xff, 0xff, 0xff, 0xff, 0xff, 0xff, 0xff, 0xff, 0xff, 0xff, 0xff, 0xff, 0xff,
  0xf8, 0xff, 0xff, 0x6e, 0x02, 0x00, 0x5e, 0xff, 0xff, 0xf6, 0xfe, 0xfe, 0xfe, 0xfe, 0xfe, 0xfe,
  0xff, 0xff, 0xfe, 0xfe, 0xff, 0xfe, 0xfe, 0xfe, 0xfe, 0xfe, 0xfe, 0xf9, 0xff, 0xff, 0xc6, 0x17,
  0x00, 0x05, 0x02, 0x00, 0x00, 0x00, 0x00, 0x00, 0x00, 0x00, 0x00, 0x00, 0x00, 0x00, 0x00, 0x00,
  0x00, 0x00, 0x00, 0x00, 0x00, 0x00, 0x00, 0x00, 0x00, 0x00, 0x00, 0x00, 0x00, 0x00, 0x00, 0x02,
  0x07, 0x0e, 0x00, 0x2e, 0xcc, 0xff, 0xff, 0xfb, 0xff, 0xff, 0xff, 0xff, 0xff, 0xff, 0xff, 0xff,
  0xff, 0xff, 0xff, 0xff, 0xff, 0xff, 0xff, 0xff, 0xff, 0xf7, 0xff, 0xff, 0x6d, 0x00, 0x00, 0x5e,
  0xff, 0xff, 0xf6, 0xfe, 0xfe, 0xfe, 0xfe, 0xfe, 0xfe, 0xff, 0xff, 0xfe, 0xfe, 0xff, 0xfe, 0xfe,
  0xfe, 0xfe, 0xfe, 0xfe, 0xf9, 0xff, 0xff, 0xc6, 0x17, 0x00, 0x05, 0x02, 0x00, 0x00, 0x00, 0x00,
  0x00, 0x00, 0x00, 0x00, 0x00, 0x00, 0x00, 0x00, 0x00, 0x00, 0x00, 0x00, 0x00, 0x00, 0x00, 0x00,
  0x00, 0x00, 0x00, 0x00, 0x00, 0x00, 0x00, 0x00, 0x02, 0x06, 0x0c, 0x00, 0x2b, 0xcc, 0xff, 0xff,
  0xfb, 0xff, 0xff, 0xff, 0xff, 0xff, 0xff, 0xff, 0xff, 0xff, 0xff, 0xff, 0xff, 0xff, 0xff, 0xff,
  0xff, 0xff, 0xf7, 0xff, 0xff, 0x6b, 0x00, 0x00, 0x5d, 0xff, 0xff, 0xf7, 0xfe, 0xfe, 0xfe, 0xff,
  0xff, 0xfe, 0xfe, 0xfe, 0xff, 0xff, 0xff, 0xfe, 0xfe, 0xfe, 0xff, 0xff, 0xfe, 0xf9, 0xff, 0xff,
  0xc6, 0x17, 0x00, 0x05, 0x02, 0x00, 0x00, 0x00, 0x00, 0x00, 0x00, 0x00, 0x00, 0x00, 0x00, 0x00,
  0x00, 0x00, 0x00, 0x00, 0x00, 0x00, 0x00, 0x00, 0x00, 0x00, 0x00, 0x00, 0x00, 0x00, 0x00, 0x00,
  0x00, 0x01, 0x05, 0x0b, 0x00, 0x28, 0xcc, 0xff, 0xff, 0xfa, 0xfe, 0xfe, 0xfe, 0xfe, 0xff, 0xff,
  0xff, 0xff, 0xff, 0xff, 0xff, 0xff, 0xfe, 0xfe, 0xfe, 0xff, 0xff, 0xf7, 0xff, 0xff, 0x69, 0x00,
  0x00, 0x5d, 0xff, 0xff, 0xf7, 0xff, 0xff, 0xff, 0xfe, 0xfe, 0xfe, 0xfe, 0xfe, 0xff, 0xff, 0xfe,
  0xff, 0xff, 0xfe, 0xff, 0xff, 0xfe, 0xf9, 0xff, 0xff, 0xc6, 0x17, 0x00, 0x05, 0x02, 0x00, 0x00,
  0x00, 0x00, 0x00, 0x00, 0x00, 0x00, 0x00, 0x00, 0x00, 0x00, 0x00, 0x00, 0x00, 0x00, 0x00, 0x00,
  0x00, 0x00, 0x00, 0x00, 0x00, 0x00, 0x00, 0x00, 0x00, 0x00, 0x00, 0x04, 0x0a, 0x00, 0x26, 0xcb,
  0xff, 0xff, 0xfa, 0xfe, 0xfe, 0xfe, 0xfe, 0xfe, 0xfe, 0xff, 0xfe, 0xfe, 0xff, 0xff, 0xff, 0xfe,
  0xfe, 0xfe, 0xff, 0xff, 0xf7, 0xff, 0xff, 0x67, 0x00, 0x00, 0x5e, 0xff, 0xff, 0xf6, 0xff, 0xff,
  0xff, 0xfe, 0xfe, 0xfe, 0xfe, 0xfe, 0xfe, 0xfe, 0xfe, 0xff, 0xff, 0xfe, 0xfe, 0xfe, 0xfe, 0xf9,
  0xff, 0xff, 0xc6, 0x17, 0x00, 0x05, 0x02, 0x00, 0x00, 0x00, 0x00, 0x00, 0x00, 0x00, 0x00, 0x00,
  0x00, 0x00, 0x00, 0x00, 0x00, 0x00, 0x00, 0x00, 0x00, 0x00, 0x00, 0x00, 0x00, 0x00, 0x00, 0x00,
  0x00, 0x00, 0x00, 0x00, 0x03, 0x09, 0x00, 0x23, 0xca, 0xff, 0xff, 0xfa, 0xfe, 0xfe, 0xfe, 0xfe,
  0xfe, 0xfe, 0xff, 0xfe, 0xfe, 0xff, 0xff, 0xff, 0xfe, 0xfe, 0xfe, 0xff, 0xff, 0xf7, 0xff, 0xff,
  0x66, 0x00, 0x00, 0x5e, 0xff, 0xff, 0xf6, 0xff, 0xfe, 0xfe, 0xff, 0xff, 0xff, 0xfe, 0xfe, 0xfe,
  0xfe, 0xff, 0xff, 0xff, 0xfe, 0xfe, 0xfe, 0xfe, 0xf9, 0xff, 0xff, 0xc6, 0x17, 0x00, 0x05, 0x02,
  0x00, 0x00, 0x00, 0x00, 0x00, 0x00, 0x00, 0x00, 0x00, 0x00, 0x00, 0x00, 0x00, 0x00, 0x00, 0x00,
  0x00, 0x00, 0x00, 0x00, 0x00, 0x00, 0x00, 0x00, 0x00, 0x00, 0x00, 0x00, 0x00, 0x02, 0x07, 0x00,
  0x21, 0xc9, 0xff, 0xff, 0xfa, 0xfe, 0xff, 0xff, 0xff, 0xfe, 0xfe, 0xff, 0xff, 0xfe, 0xfe, 0xfe,
  0xfe, 0xff, 0xff, 0xfe, 0xfe, 0xfe, 0xf6, 0xff, 0xff, 0x64, 0x00, 0x00, 0x5e, 0xff, 0xff, 0xf6,
  0xff, 0xfe, 0xfe, 0xff, 0xff, 0xff, 0xfe, 0xfe, 0xfe, 0xfe, 0xff, 0xff, 0xff, 0xfe, 0xfe, 0xfe,
  0xfe, 0xfa, 0xff, 0xff, 0xc6, 0x17, 0x00, 0x05, 0x02, 0x00, 0x00, 0x00, 0x00, 0x00, 0x00, 0x00,
  0x00, 0x00, 0x00, 0x00, 0x00, 0x00, 0x00, 0x00, 0x00, 0x00, 0x00, 0x00, 0x00, 0x00, 0x00, 0x00,
  0x00, 0x00, 0x00, 0x00, 0x00, 0x01, 0x02, 0x07, 0x00, 0x1e, 0xc9, 0xff, 0xff, 0xf9, 0xfe, 0xff,
  0xff, 0xff, 0xfe, 0xfe, 0xff, 0xff, 0xfe, 0xfe, 0xfe, 0xfe, 0xff, 0xff, 0xfe, 0xfe, 0xfe, 0xf6,
  0xff, 0xff, 0x63, 0x00, 0x00, 0x5e, 0xff, 0xff, 0xf6, 0xfe, 0xff, 0xff, 0xff, 0xff, 0xfe, 0xfe,
  0xfe, 0xfe, 0xfe, 0xfe, 0xfe, 0xfe, 0xfe, 0xfe, 0xfe, 0xfe, 0xfa, 0xff, 0xff, 0xc6, 0x17, 0x00,
  0x05, 0x02, 0x00, 0x00, 0x00, 0x00, 0x00, 0x00, 0x00, 0x00, 0x00, 0x00, 0x00, 0x00, 0x00, 0x00,
  0x00, 0x00, 0x00, 0x00, 0x00, 0x00, 0x00, 0x00, 0x00, 0x00, 0x00, 0x00, 0x00, 0x00, 0x01, 0x03,
  0x06, 0x00, 0x1c, 0xc8, 0xff, 0xff, 0xf9, 0xfe, 0xff, 0xff, 0xff, 0xff, 0xff, 0xfe, 0xfe, 0xfe,
  0xff, 0xff, 0xfe, 0xff, 0xff, 0xfe, 0xfe, 0xfe, 0xf6, 0xff, 0xff, 0x61, 0x00, 0x00, 0x5e, 0xff,
  0xff, 0xf6, 0xfe, 0xfe, 0xfe, 0xfe, 0xfe, 0xfe, 0xfe, 0xfe, 0xff, 0xff, 0xfe, 0xfe, 0xfe, 0xfe,
  0xfe, 0xfe, 0xfe, 0xf9, 0xff, 0xff, 0xc6, 0x17, 0x00, 0x05, 0x02, 0x00, 0x00, 0x00, 0x00, 0x00,
  0x00, 0x00, 0x00, 0x00, 0x00, 0x00, 0x00, 0x00, 0x00, 0x00, 0x00, 0x00, 0x00, 0x00, 0x00, 0x00,
  0x00, 0x00, 0x00, 0x00, 0x00, 0x00, 0x00, 0x00, 0x02, 0x05, 0x00, 0x1a, 0xc7, 0xff, 0xff, 0xfa,
  0xfe, 0xfe, 0xfe, 0xfe, 0xff, 0xff, 0xfe, 0xff, 0xff, 0xfe, 0xfe, 0xfe, 0xff, 0xff, 0xfe, 0xfe,
  0xfe, 0xf7, 0xff, 0xff, 0x60, 0x00, 0x00, 0x5e, 0xff, 0xff, 0xf6, 0xfe, 0xfe, 0xfe, 0xfe, 0xfe,
  0xfe, 0xfe, 0xfe, 0xff, 0xff, 0xfe, 0xfe, 0xfe, 0xfe, 0xfe, 0xfe, 0xfe, 0xf9, 0xff, 0xff, 0xc6,
  0x17, 0x00, 0x05, 0x02, 0x00, 0x00, 0x00, 0x00, 0x00, 0x00, 0x00, 0x00, 0x00, 0x00, 0x00, 0x00,
  0x00, 0x00, 0x00, 0x00, 0x00, 0x00, 0x00, 0x00, 0x00, 0x00, 0x00, 0x00, 0x00, 0x00, 0x00, 0x00,
  0x00, 0x02, 0x05, 0x00, 0x18, 0xc7, 0xff, 0xff, 0xfa, 0xfe, 0xfe, 0xfe, 0xfe, 0xff, 0xff, 0xfe,
  0xff, 0xff, 0xfe, 0xfe, 0xfe, 0xff, 0xff, 0xfe, 0xfe, 0xfe, 0xf7, 0xff, 0xff, 0x5e, 0x00, 0x00,
  0x5e, 0xff, 0xff, 0xf6, 0xfe, 0xfe, 0xfe, 0xfe, 0xfe, 0xfe, 0xfe, 0xfe, 0xfe, 0xfe, 0xfe, 0xfe,
  0xfe, 0xfe, 0xff, 0xff, 0xff, 0xfb, 0xff, 0xff, 0xc6, 0x17, 0x00, 0x05, 0x02, 0x00, 0x00, 0x00,
  0x00, 0x00, 0x00, 0x00, 0x00, 0x00, 0x00, 0x00, 0x00, 0x00, 0x00, 0x00, 0x00, 0x00, 0x00, 0x00,
  0x00, 0x00, 0x00, 0x00, 0x00, 0x00, 0x00, 0x00, 0x00, 0x00, 0x02, 0x05, 0x00, 0x17, 0xc6, 0xff,
  0xff, 0xfa, 0xfe, 0xfe, 0xfe, 0xfe, 0xfe, 0xfe, 0xff, 0xff, 0xff, 0xfe, 0xfe, 0xfe, 0xfe, 0xfe,
  0xff, 0xff, 0xfe, 0xf7, 0xff, 0xff, 0x5d, 0x00, 0x00, 0x5e, 0xff, 0xff, 0xf7, 0xfe, 0xff, 0xff,
  0xfe, 0xfe, 0xff, 0xfe, 0xfe, 0xfe, 0xfe, 0xfe, 0xfe, 0xfe, 0xfe, 0xfe, 0xfe, 0xff, 0xfb, 0xff,
  0xff, 0xc6, 0x17, 0x00, 0x05, 0x02, 0x00, 0x00, 0x00, 0x00, 0x00, 0x00, 0x00, 0x00, 0x00, 0x00,
  0x00, 0x00, 0x00, 0x00, 0x00, 0x00, 0x00, 0x00, 0x00, 0x00, 0x00, 0x00, 0x00, 0x00, 0x00, 0x00,
  0x00, 0x00, 0x00, 0x02, 0x05, 0x00, 0x17, 0xc6, 0xff, 0xff, 0xfa, 0xfe, 0xff, 0xff, 0xfe, 0xfe,
  0xfe, 0xfe, 0xff, 0xff, 0xfe, 0xfe, 0xfe, 0xfe, 0xfe, 0xff, 0xfe, 0xff, 0xf7, 0xff, 0xff, 0x5d,
  0x00, 0x00, 0x5e, 0xff, 0xff, 0xf7, 0xfe, 0xff, 0xff, 0xfe, 0xfe, 0xff, 0xfe, 0xfe, 0xfe, 0xfe,
  0xfe, 0xfe, 0xfe, 0xfe, 0xfe, 0xfe, 0xfe, 0xfa, 0xff, 0xff, 0xc6, 0x17, 0x00, 0x05, 0x02, 0x00,
  0x00, 0x00, 0x00, 0x00, 0x00, 0x00, 0x00, 0x00, 0x00, 0x00, 0x00, 0x00, 0x00, 0x00, 0x00, 0x00,
  0x00, 0x00, 0x00, 0x00, 0x00, 0x00, 0x00, 0x00, 0x00, 0x00, 0x00, 0x00, 0x02, 0x05, 0x00, 0x17,
  0xc6, 0xff, 0xff, 0xfa, 0xfe, 0xff, 0xff, 0xfe, 0xfe, 0xfe, 0xfe, 0xff, 0xff, 0xfe, 0xfe, 0xfe,
  0xfe, 0xfe, 0xfe, 0xfe, 0xff, 0xf7, 0xff, 0xff, 0x5d, 0x00, 0x00, 0x5d, 0xff, 0xff, 0xf7, 0xff,
  0xfe, 0xfe, 0xff, 0xff, 0xfe, 0xfe, 0xfe, 0xff, 0xff, 0xff, 0xfe, 0xfe, 0xff, 0xff, 0xff, 0xfe,
  0xfa, 0xff, 0xff, 0xc7, 0x17, 0x00, 0x05, 0x02, 0x00, 0x00, 0x00, 0x00, 0x00, 0x00, 0x00, 0x00,
  0x00, 0x00, 0x00, 0x00, 0x00, 0x00, 0x00, 0x00, 0x00, 0x00, 0x00, 0x00, 0x00, 0x00, 0x00, 0x00,
  0x00, 0x00, 0x00, 0x00, 0x00, 0x02, 0x05, 0x00, 0x17, 0xc6, 0xff, 0xff, 0xfb, 0xff, 0xff, 0xff,
  0xff, 0xfe, 0xfe, 0xff, 0xff, 0xfe, 0xfe, 0xfe, 0xff, 0xfe, 0xfe, 0xfe, 0xff, 0xff, 0xf6, 0xff,
  0xff, 0x5e, 0x00, 0x00, 0x5d, 0xff, 0xff, 0xf7, 0xff, 0xfe, 0xfe, 0xff, 0xff, 0xfe, 0xfe, 0xfe,
  0xff, 0xff, 0xff, 0xfe, 0xfe, 0xff, 0xff, 0xff, 0xfe, 0xfa, 0xff, 0xff, 0xc7, 0x17, 0x00, 0x05,
  0x02, 0x00, 0x00, 0x00, 0x00, 0x00, 0x00, 0x00, 0x00, 0x00, 0x00, 0x00, 0x00, 0x00, 0x00, 0x00,
  0x00, 0x00, 0x00, 0x00, 0x00, 0x00, 0x00, 0x00, 0x00, 0x00, 0x00, 0x00, 0x00, 0x00, 0x02, 0x05,
  0x00, 0x17, 0xc6, 0xff, 0xff, 0xfa, 0xff, 0xff, 0xfe, 0xff, 0xfe, 0xfe, 0xff, 0xff, 0xfe, 0xfe,
  0xfe, 0xff, 0xfe, 0xfe, 0xff, 0xff, 0xff, 0xf6, 0xff, 0xff, 0x5e, 0x00, 0x00, 0x5e, 0xff, 0xff,
  0xf6, 0xff, 0xff, 0xfe, 0xfe, 0xfe, 0xfe, 0xfe, 0xfe, 0xff, 0xff, 0xfe, 0xff, 0xff, 0xff, 0xfe,
  0xfe, 0xfe, 0xfa, 0xff, 0xff, 0xc7, 0x17, 0x00, 0x05, 0x02, 0x00, 0x00, 0x00, 0x00, 0x00, 0x00,
  0x00, 0x00, 0x00, 0x00, 0x00, 0x00, 0x00, 0x00, 0x00, 0x00, 0x00, 0x00, 0x00, 0x00, 0x00, 0x00,
  0x00, 0x00, 0x00, 0x00, 0x00, 0x00, 0x00, 0x02, 0x05, 0x00, 0x17, 0xc6, 0xff, 0xff, 0xf9, 0xfe,
  0xfe, 0xfe, 0xfe, 0xfe, 0xfe, 0xfe, 0xfe, 0xfe, 0xff, 0xff, 0xfe, 0xfe, 0xfe, 0xff, 0xff, 0xff,
  0xf7, 0xff, 0xff, 0x5d, 0x00, 0x00, 0x5e, 0xff, 0xff, 0xf6, 0xfe, 0xfe, 0xfe, 0xff, 0xff, 0xfe,
  0xff, 0xff, 0xff, 0xff, 0xff, 0xfe, 0xfe, 0xff, 0xff, 0xff, 0xfe, 0xf9, 0xff, 0xff, 0xc7, 0x17,
  0x00, 0x05, 0x02, 0x00, 0x00, 0x00, 0x00, 0x00, 0x00, 0x00, 0x00, 0x00, 0x00, 0x00, 0x00, 0x00,
  0x00, 0x00, 0x00, 0x00, 0x00, 0x00, 0x00, 0x00, 0x00, 0x00, 0x00, 0x00, 0x00, 0x00, 0x00, 0x00,
  0x02, 0x05, 0x00, 0x17, 0xc6, 0xff, 0xff, 0xfa, 0xfe, 0xfe, 0xff, 0xff, 0xfe, 0xfe, 0xff, 0xff,
  0xff, 0xff, 0xff, 0xfe, 0xfe, 0xfe, 0xfe, 0xfe, 0xfe, 0xf6, 0xff, 0xff, 0x5e, 0x00, 0x00, 0x5e,
  0xff, 0xff, 0xf6, 0xfe, 0xfe, 0xfe, 0xff, 0xff, 0xfe, 0xff, 0xff, 0xff, 0xff, 0xff, 0xfe, 0xfe,
  0xff, 0xff, 0xff, 0xfe, 0xf9, 0xff, 0xff, 0xc6, 0x16, 0x00, 0x05, 0x02, 0x00, 0x00, 0x00, 0x00,
  0x00, 0x00, 0x00, 0x00, 0x00, 0x00, 0x00, 0x00, 0x00, 0x00, 0x00, 0x00, 0x00, 0x00, 0x00, 0x00,
  0x00, 0x00, 0x00, 0x00, 0x00, 0x00, 0x00, 0x00, 0x00, 0x02, 0x05, 0x00, 0x17, 0xc6, 0xff, 0xff,
  0xfa, 0xfe, 0xfe, 0xff, 0xff, 0xfe, 0xfe, 0xff, 0xff, 0xff, 0xff, 0xff, 0xfe, 0xfe, 0xfe, 0xfe,
  0xfe, 0xfe, 0xf6, 0xff, 0xff, 0x5e, 0x00, 0x00, 0x5e, 0xff, 0xff, 0xf6, 0xfe, 0xff, 0xff, 0xfe,
  0xfe, 0xfe, 0xfe, 0xfe, 0xff, 0xff, 0xfe, 0xfe, 0xfe, 0xfe, 0xff, 0xff, 0xfe, 0xf9, 0xff, 0xff,
  0xc6, 0x16, 0x00, 0x05, 0x02, 0x00, 0x00, 0x00, 0x00, 0x00, 0x00, 0x00, 0x00, 0x00, 0x00, 0x00,
  0x00, 0x00, 0x00, 0x00, 0x00, 0x00, 0x00, 0x00, 0x00, 0x00, 0x00, 0x00, 0x00, 0x00, 0x00, 0x00,
  0x00, 0x00, 0x02, 0x05, 0x00, 0x18, 0xc6, 0xff, 0xff, 0xf9, 0xfe, 0xfe, 0xfe, 0xfe, 0xfe, 0xfe,
  0xfe, 0xfe, 0xfe, 0xff, 0xff, 0xfe, 0xfe, 0xfe, 0xff, 0xff, 0xfe, 0xf6, 0xff, 0xff, 0x5e, 0x00,
  0x00, 0x5e, 0xfe, 0xff, 0xf6, 0xfe, 0xff, 0xff, 0xfe, 0xfe, 0xfe, 0xfe, 0xfe, 0xff, 0xff, 0xfe,
  0xfe, 0xfe, 0xff, 0xff, 0xff, 0xfe, 0xfa, 0xff, 0xff, 0xc9, 0x1f, 0x01, 0x05, 0x02, 0x00, 0x00,
  0x00, 0x00, 0x00, 0x00, 0x00, 0x00, 0x00, 0x00, 0x00, 0x00, 0x00, 0x00, 0x00, 0x00, 0x00, 0x00,
  0x00, 0x00, 0x00, 0x00, 0x00, 0x00, 0x00, 0x00, 0x00, 0x00, 0x00, 0x02, 0x05, 0x01, 0x13, 0xc5,
  0xff, 0xff, 0xf9, 0xff, 0xff, 0xff, 0xfe, 0xfe, 0xfe, 0xfe, 0xff, 0xfe, 0xff, 0xff, 0xfe, 0xff,
  0xff, 0xff, 0xff, 0xfe, 0xf6, 0xff, 0xfe, 0x5e, 0x00, 0x00, 0x5e, 0xff, 0xff, 0xf6, 0xfe, 0xfe,
  0xfe, 0xfe, 0xfe, 0xfe, 0xff, 0xff, 0xfe, 0xfe, 0xfe, 0xfe, 0xfe, 0xff, 0xff, 0xff, 0xfe, 0xfa,
  0xff, 0xff, 0xcb, 0x27, 0x00, 0x04, 0x01, 0x00, 0x00, 0x00, 0x00, 0x00, 0x00, 0x00, 0x00, 0x00,
  0x00, 0x00, 0x00, 0x00, 0x00, 0x00, 0x00, 0x00, 0x00, 0x00, 0x00, 0x00, 0x00, 0x00, 0x00, 0x00,
  0x00, 0x00, 0x00, 0x00, 0x02, 0x05, 0x00, 0x1a, 0xc7, 0xff, 0xff, 0xfa, 0xff, 0xff, 0xff, 0xfe,
  0xfe, 0xfe, 0xfe, 0xff, 0xff, 0xfe, 0xfe, 0xfe, 0xff, 0xff, 0xfe, 0xfe, 0xfe, 0xf6, 0xff, 0xff,
  0x5e, 0x00, 0x00, 0x5f, 0xff, 0xff, 0xf6, 0xfe, 0xfe, 0xff, 0xff, 0xff, 0xfe, 0xfe, 0xfe, 0xfe,
  0xfe, 0xff, 0xff, 0xff, 0xfe, 0xff, 0xff, 0xfe, 0xfa, 0xff, 0xff, 0xcd, 0x2d, 0x00, 0x03, 0x00,
  0x01, 0x00, 0x00, 0x00, 0x00, 0x00, 0x00, 0x00, 0x00, 0x00, 0x00, 0x00, 0x00, 0x00, 0x00, 0x00,
  0x00, 0x00, 0x00, 0x00, 0x00, 0x00, 0x00, 0x00, 0x00, 0x00, 0x00, 0x00, 0x01, 0x00, 0x02, 0x00,
  0x39, 0xd1, 0xff, 0xff, 0xfa, 0xfe, 0xfe, 0xfe, 0xff, 0xff, 0xff, 0xfe, 0xfe, 0xfe, 0xfe, 0xfe,
  0xfe, 0xfe, 0xfe, 0xff, 0xff, 0xfe, 0xf7, 0xff, 0xff, 0x5e, 0x00, 0x00, 0x59, 0xf8, 0xff, 0xf8,
  0xfe, 0xfe, 0xff, 0xff, 0xff, 0xfe, 0xfe, 0xfe, 0xfe, 0xfe, 0xff, 0xff, 0xff, 0xfe, 0xff, 0xff,
  0xfe, 0xfb, 0xff, 0xff, 0xd5, 0x4a, 0x0a, 0x01, 0x00, 0x01, 0x00, 0x00, 0x00, 0x00, 0x00, 0x00,
  0x00, 0x00, 0x00, 0x00, 0x00, 0x00, 0x00, 0x00, 0x00, 0x00, 0x00, 0x00, 0x00, 0x00, 0x00, 0x00,
  0x00, 0x00, 0x00, 0x00, 0x00, 0x02, 0x00, 0x00, 0x07, 0x55, 0xd9, 0xff, 0xff, 0xfb, 0xfe, 0xfe,
  0xfe, 0xff, 0xff, 0xff, 0xfe, 0xfe, 0xfe, 0xfe, 0xfe, 0xfe, 0xfe, 0xfe, 0xff, 0xff, 0xfe, 0xf8,
  0xff, 0xf8, 0x59, 0x00, 0x00, 0x4f, 0xe7, 0xff, 0xfb, 0xff, 0xff, 0xff, 0xfe, 0xfe, 0xff, 0xfe,
  0xfe, 0xfe, 0xfe, 0xfe, 0xfe, 0xfe, 0xfe, 0xfe, 0xfe, 0xff, 0xfd, 0xff, 0xff, 0xe6, 0x82, 0x27,
  0x00, 0x00, 0x03, 0x00, 0x00, 0x00, 0x00, 0x00, 0x00, 0x00, 0x00, 0x00, 0x00, 0x00, 0x00, 0x00,
  0x00, 0x00, 0x00, 0x00, 0x00, 0x00, 0x00, 0x00, 0x00, 0x00, 0x00, 0x00, 0x00, 0x00, 0x03, 0x00,
  0x00, 0x1d, 0x72, 0xe1, 0xff, 0xff, 0xfc, 0xff, 0xff, 0xff, 0xfe, 0xfe, 0xfe, 0xff, 0xff, 0xfe,
  0xfe, 0xfe, 0xfe, 0xfe, 0xfe, 0xff, 0xfe, 0xfe, 0xfa, 0xff, 0xe8, 0x4f, 0x00, 0x00, 0x4b, 0xdf,
  0xff, 0xfc, 0xff, 0xff, 0xff, 0xfe, 0xfe, 0xfe, 0xfe, 0xfe, 0xfe, 0xfe, 0xfe, 0xff, 0xff, 0xff,
  0xff, 0xff, 0xfe, 0xfd, 0xfe, 0xff, 0xf6, 0xb5, 0x47, 0x03, 0x01, 0x05, 0x00, 0x00, 0x00, 0x00,
  0x00, 0x00, 0x00, 0x00, 0x00, 0x00, 0x00, 0x00, 0x00, 0x00, 0x00, 0x00, 0x00, 0x00, 0x00, 0x00,
  0x00, 0x00, 0x00, 0x00, 0x00, 0x00, 0x00, 0x05, 0x01, 0x02, 0x3a, 0xa0, 0xef, 0xff, 0xfe, 0xfd,
  0xfe, 0xfe, 0xfe, 0xfe, 0xfe, 0xfe, 0xfe, 0xff, 0xff, 0xfe, 0xfe, 0xfe, 0xfe, 0xfe, 0xfe, 0xfd,
  0xff, 0xfc, 0xff, 0xde, 0x4a, 0x00, 0x00, 0x45, 0xd0, 0xfd, 0xfd, 0xff, 0xfe, 0xff, 0xfe, 0xfe,
  0xfe, 0xfe, 0xfe, 0xfe, 0xfe, 0xfe, 0xff, 0xff, 0xff, 0xff, 0xff, 0xfe, 0xfd, 0xfe, 0xfe, 0xfe,
  0xdf, 0x63, 0x00, 0x00, 0x06, 0x00, 0x00, 0x00, 0x00, 0x00, 0x00, 0x00, 0x00, 0x00, 0x00, 0x00,
  0x00, 0x00, 0x00, 0x00, 0x00, 0x00, 0x00, 0x00, 0x00, 0x00, 0x00, 0x00, 0x00, 0x00, 0x00, 0x00,
  0x05, 0x00, 0x00, 0x5d, 0xd3, 0xfb, 0xfe, 0xfe, 0xfd, 0xfe, 0xfe, 0xfe, 0xfe, 0xfe, 0xfe, 0xfe,
  0xff, 0xff, 0xfe, 0xfe, 0xfe, 0xfe, 0xfe, 0xfe, 0xfd, 0xff, 0xfe, 0xff, 0xd3, 0x46, 0x00, 0x00,
  0x36, 0xaf, 0xf4, 0xff, 0xff, 0xfd, 0xff, 0xfe, 0xfe, 0xff, 0xff, 0xff, 0xff, 0xff, 0xfe, 0xfe,
  0xfe, 0xfe, 0xfe, 0xfe, 0xff, 0xff, 0xfe, 0xf9, 0xff, 0xfc, 0x88, 0x03, 0x00, 0x05, 0x00, 0x01,
  0x00, 0x00, 0x00, 0x00, 0x00, 0x00, 0x00, 0x00, 0x00, 0x00, 0x00, 0x00, 0x00, 0x00, 0x00, 0x00,
  0x00, 0x00, 0x00, 0x00, 0x00, 0x00, 0x00, 0x01, 0x00, 0x05, 0x01, 0x07, 0x89, 0xfa, 0xff, 0xf9,
  0xff, 0xfe, 0xfe, 0xfe, 0xfe, 0xfe, 0xfe, 0xfe, 0xff, 0xff, 0xfe, 0xfe, 0xfe, 0xfe, 0xfe, 0xfe,
  0xfe, 0xfc, 0xff, 0xff, 0xfa, 0xbe, 0x3c, 0x00, 0x00, 0x28, 0x90, 0xe9, 0xff, 0xff, 0xfc, 0xff,
  0xff, 0xff, 0xff, 0xff, 0xff, 0xff, 0xff, 0xfe, 0xfe, 0xfe, 0xfe, 0xfe, 0xfe, 0xff, 0xff, 0xfe,
  0xf9, 0xff, 0xff, 0xc4, 0x51, 0x08, 0x00, 0x01, 0x03, 0x00, 0x00, 0x00, 0x00, 0x00, 0x00, 0x00,
  0x00, 0x00, 0x00, 0x00, 0x00, 0x00, 0x00, 0x00, 0x00, 0x00, 0x00, 0x00, 0x00, 0x00, 0x00, 0x00,
  0x02, 0x01, 0x00, 0x02, 0x40, 0xba, 0xff, 0xff, 0xf8, 0xff, 0xfe, 0xfe, 0xfe, 0xfe, 0xfe, 0xfe,
  0xfe, 0xff, 0xff, 0xfe, 0xff, 0xff, 0xff, 0xfe, 0xfe, 0xfe, 0xfc, 0xff, 0xff, 0xf1, 0xa4, 0x30,
  0x00, 0x00, 0x1a, 0x73, 0xde, 0xff, 0xff, 0xfb, 0xff, 0xff, 0xff, 0xff, 0xfe, 0xfe, 0xff, 0xff,
  0xfe, 0xfe, 0xfe, 0xff, 0xff, 0xfe, 0xfe, 0xfe, 0xfe, 0xfc, 0xff, 0xfd, 0xf8, 0xb7, 0x2f, 0x01,
  0x00, 0x04, 0x00, 0x00, 0x00, 0x00, 0x00, 0x00, 0x00, 0x00, 0x00, 0x00, 0x00, 0x00, 0x00, 0x00,
  0x00, 0x00, 0x00, 0x00, 0x00, 0x00, 0x00, 0x00, 0x00, 0x03, 0x00, 0x01, 0x25, 0x98, 0xe6, 0xfe,
  0xff, 0xfb, 0xff, 0xfe, 0xfe, 0xfe, 0xfe, 0xfe, 0xfe, 0xfe, 0xfe, 0xfe, 0xfe, 0xff, 0xff, 0xff,
  0xfe, 0xfe, 0xfe, 0xfb, 0xff, 0xff, 0xe3, 0x83, 0x21, 0x00, 0x00, 0x0b, 0x55, 0xd1, 0xfe, 0xff,
  0xfa, 0xfe, 0xfe, 0xfe, 0xfe, 0xfe, 0xfe, 0xff, 0xff, 0xfe, 0xfe, 0xfe, 0xff, 0xff, 0xff, 0xfe,
  0xfe, 0xff, 0xfe, 0xfd, 0xfc, 0xff, 0xec, 0x76, 0x1f, 0x01, 0x07, 0x05, 0x00, 0x00, 0x00, 0x00,
  0x00, 0x00, 0x00, 0x00, 0x00, 0x00, 0x00, 0x00, 0x00, 0x00, 0x00, 0x00, 0x00, 0x00, 0x00, 0x00,
  0x00, 0x05, 0x07, 0x01, 0x1f, 0x73, 0xe2, 0xfd, 0xfb, 0xfd, 0xfe, 0xfe, 0xff, 0xff, 0xff, 0xff,
  0xfe, 0xfe, 0xfe, 0xfe, 0xfe, 0xfe, 0xfe, 0xfe, 0xfe, 0xfe, 0xfe, 0xfe, 0xfa, 0xff, 0xfe, 0xd2,
  0x5c, 0x0d, 0x00, 0x01, 0x02, 0x36, 0xc2, 0xff, 0xff, 0xfa, 0xfe, 0xfe, 0xfe, 0xfe, 0xfe, 0xfe,
  0xff, 0xff, 0xfe, 0xfe, 0xfe, 0xff, 0xff, 0xff, 0xfe, 0xfe, 0xff, 0xfe, 0xfd, 0xfd, 0xfb, 0xfb,
  0xc6, 0x64, 0x00, 0x00, 0x00, 0x01, 0x02, 0x00, 0x00, 0x00, 0x00, 0x00, 0x00, 0x00, 0x00, 0x00,
  0x00, 0x00, 0x00, 0x00, 0x00, 0x00, 0x00, 0x00, 0x02, 0x02, 0x00, 0x00, 0x00, 0x64, 0xc7, 0xff,
  0xfe, 0xfb, 0xfd, 0xfe, 0xfe, 0xff, 0xff, 0xff, 0xff, 0xfe, 0xfe, 0xfe, 0xfe, 0xfe, 0xfe, 0xfe,
  0xfe, 0xfe, 0xfe, 0xfe, 0xfe, 0xf9, 0xff, 0xff, 0xc7, 0x30, 0x02, 0x02, 0x05, 0x00, 0x19, 0xad,
  0xff, 0xff, 0xfb, 0xff, 0xfe, 0xfe, 0xff, 0xff, 0xfe, 0xfe, 0xff, 0xff, 0xfe, 0xfe, 0xfe, 0xff,
  0xff, 0xff, 0xff, 0xfe, 0xfe, 0xfe, 0xff, 0xfa, 0xff, 0xfd, 0xbb, 0x2d, 0x00, 0x00, 0x01, 0x02,
  0x00, 0x00, 0x00, 0x00, 0x00, 0x00, 0x00, 0x00, 0x00, 0x00, 0x00, 0x00, 0x00, 0x00, 0x00, 0x00,
  0x00, 0x02, 0x02, 0x00, 0x00, 0x2d, 0xbb, 0xfd, 0xff, 0xf9, 0xfe, 0xfe, 0xfe, 0xfe, 0xfe, 0xfe,
  0xfe, 0xfe, 0xfe, 0xfe, 0xfe, 0xfe, 0xfe, 0xfe, 0xff, 0xff, 0xfe, 0xfe, 0xfe, 0xfe, 0xf9, 0xff,
  0xff, 0xb5, 0x0a, 0x00, 0x08, 0x07, 0x00, 0x09, 0x9b, 0xfa, 0xff, 0xfd, 0xff, 0xff, 0xff, 0xff,
  0xff, 0xfe, 0xfe, 0xff, 0xff, 0xff, 0xff, 0xfe, 0xfe, 0xfe, 0xff, 0xff, 0xfe, 0xfe, 0xfe, 0xff,
  0xfc, 0xfe, 0xff, 0xf2, 0xb0, 0x60, 0x1b, 0x00, 0x00, 0x04, 0x07, 0x04, 0x03, 0x02, 0x01, 0x00,
  0x00, 0x00, 0x00, 0x00, 0x01, 0x02, 0x03, 0x05, 0x07, 0x04, 0x00, 0x00, 0x1b, 0x61, 0xb0, 0xf2,
  0xff, 0xfd, 0xfb, 0xfe, 0xff, 0xfe, 0xff, 0xfe, 0xfe, 0xfe, 0xfe, 0xff, 0xff, 0xff, 0xfe, 0xfe,
  0xfe, 0xff, 0xff, 0xff, 0xfe, 0xfe, 0xfe, 0xfc, 0xfd, 0xeb, 0x91, 0x01, 0x00, 0x08, 0x05, 0x00,
  0x04, 0x6d, 0xd2, 0xfd, 0xff, 0xfe, 0xff, 0xff, 0xff, 0xfe, 0xfe, 0xff, 0xff, 0xfe, 0xff, 0xff,
  0xfe, 0xfe, 0xfe, 0xfe, 0xfe, 0xfe, 0xfe, 0xfe, 0xff, 0xff, 0xfe, 0xf8, 0xff, 0xff, 0xcf, 0x6f,
  0x21, 0x07, 0x00, 0x00, 0x00, 0x00, 0x00, 0x00, 0x01, 0x01, 0x01, 0x00, 0x00, 0x00, 0x00, 0x00,
  0x00, 0x00, 0x00, 0x0c, 0x28, 0x71, 0xd0, 0xff, 0xff, 0xf8, 0xfe, 0xff, 0xfe, 0xff, 0xff, 0xff,
  0xfe, 0xfe, 0xfe, 0xfe, 0xff, 0xff, 0xff, 0xfe, 0xfe, 0xfe, 0xfe, 0xfe, 0xff, 0xfe, 0xfe, 0xfd,
  0xff, 0xfc, 0xca, 0x64, 0x05, 0x00, 0x05, 0x03, 0x00, 0x00, 0x26, 0x88, 0xf3, 0xfe, 0xfc, 0xfe,
  0xff, 0xfe, 0xfe, 0xfe, 0xff, 0xff, 0xfe, 0xfe, 0xfe, 0xff, 0xff, 0xfe, 0xfe, 0xfe, 0xfe, 0xfe,
  0xfe, 0xff, 0xfe, 0xfe, 0xfe, 0xff, 0xff, 0xfc, 0xe0, 0x97, 0x45, 0x03, 0x00, 0x00, 0x00, 0x00,
  0x02, 0x06, 0x07, 0x07, 0x05, 0x05, 0x04, 0x01, 0x00, 0x00, 0x00, 0x03, 0x59, 0xb3, 0xe6, 0xfc,
  0xff, 0xff, 0xfd, 0xfe, 0xff, 0xff, 0xff, 0xff, 0xff, 0xff, 0xff, 0xff, 0xff, 0xff, 0xff, 0xff,
  0xfe, 0xfe, 0xfe, 0xfe, 0xfe, 0xfe, 0xfe, 0xfd, 0xfb, 0xfd, 0xf6, 0x9f, 0x3b, 0x02, 0x00, 0x04,
  0x01, 0x02, 0x00, 0x02, 0x52, 0xf1, 0xff, 0xfa, 0xfd, 0xff, 0xfe, 0xfe, 0xfe, 0xfe, 0xff, 0xff,
  0xfe, 0xfe, 0xff, 0xff, 0xfe, 0xfe, 0xfe, 0xfe, 0xfe, 0xfe, 0xff, 0xfe, 0xfe, 0xff, 0xfb, 0xf7,
  0xff, 0xff, 0xe8, 0xae, 0x7c, 0x57, 0x3b, 0x1a, 0x09, 0x00, 0x00, 0x00, 0x00, 0x00, 0x00, 0x00,
  0x07, 0x23, 0x3e, 0x55, 0x7b, 0xbe, 0xfd, 0xff, 0xff, 0xf9, 0xfb, 0xfe, 0xfe, 0xff, 0xff, 0xff,
  0xff, 0xfe, 0xff, 0xff, 0xff, 0xff, 0xff, 0xff, 0xff, 0xfe, 0xfe, 0xfe, 0xfe, 0xfe, 0xfe, 0xfe,
  0xfd, 0xfa, 0xff, 0xef, 0x67, 0x16, 0x00, 0x02, 0x01, 0x00, 0x04, 0x00, 0x00, 0x37, 0xda, 0xfe,
  0xfa, 0xfd, 0xfe, 0xfe, 0xfe, 0xfe, 0xfe, 0xfe, 0xff, 0xff, 0xff, 0xff, 0xfe, 0xfe, 0xfe, 0xfe,
  0xfe, 0xfe, 0xfe, 0xff, 0xff, 0xff, 0xfe, 0xfe, 0xfe, 0xfe, 0xfe, 0xfc, 0xff, 0xff, 0xe3, 0xaa,
  0x6d, 0x4a, 0x32, 0x11, 0x09, 0x09, 0x15, 0x19, 0x23, 0x46, 0x7e, 0xb0, 0xdf, 0xff, 0xff, 0xfc,
  0xfc, 0xfd, 0xfe, 0xfe, 0xfe, 0xfe, 0xff, 0xff, 0xfe, 0xfe, 0xfe, 0xfe, 0xfe, 0xfe, 0xfe, 0xfe,
  0xfe, 0xfe, 0xfe, 0xfe, 0xfe, 0xfe, 0xfe, 0xff, 0xfd, 0xfe, 0xfb, 0xfe, 0xc8, 0x31, 0x00, 0x00,
  0x04, 0x00, 0x00, 0x03, 0x00, 0x00, 0x20, 0x9a, 0xe3, 0xfa, 0xfe, 0xfc, 0xfe, 0xfe, 0xff, 0xff,
  0xfe, 0xfe, 0xff, 0xff, 0xfe, 0xfe, 0xfe, 0xfe, 0xfe, 0xff, 0xfe, 0xfe, 0xfe, 0xff, 0xff, 0xfe,
  0xfe, 0xff, 0xfe, 0xfd, 0xff, 0xff, 0xff, 0xff, 0xf0, 0xda, 0xcd, 0xc2, 0xb6, 0xb3, 0xb3, 0xb8,
  0xb9, 0xbd, 0xca, 0xdf, 0xf2, 0xff, 0xff, 0xff, 0xfe, 0xfc, 0xfd, 0xfe, 0xff, 0xff, 0xff, 0xfe,
  0xfe, 0xfe, 0xfe, 0xff, 0xfe, 0xfe, 0xfe, 0xfe, 0xfe, 0xfe, 0xfe, 0xfe, 0xff, 0xff, 0xfe, 0xfe,
  0xfe, 0xfa, 0xfe, 0xfb, 0xd6, 0x7b, 0x13, 0x00, 0x00, 0x03, 0x00, 0x00, 0x01, 0x00, 0x02, 0x0e,
  0x48, 0xbc, 0xff, 0xff, 0xfa, 0xfe, 0xfe, 0xff, 0xff, 0xfe, 0xfe, 0xff, 0xff, 0xfe, 0xfe, 0xfe,
  0xfe, 0xfe, 0xff, 0xfe, 0xfe, 0xfe, 0xff, 0xff, 0xfe, 0xfe, 0xff, 0xff, 0xfe, 0xfc, 0xf9, 0xf7,
  0xfb, 0xff, 0xff, 0xff, 0xff, 0xff, 0xff, 0xff, 0xff, 0xff, 0xff, 0xff, 0xff, 0xff, 0xfc, 0xf8,
  0xfa, 0xfd, 0xfe, 0xfe, 0xfe, 0xff, 0xff, 0xff, 0xfe, 0xfe, 0xfe, 0xfe, 0xff, 0xfe, 0xfe, 0xfe,
  0xfe, 0xfe, 0xfe, 0xfe, 0xfe, 0xff, 0xff, 0xfe, 0xfe, 0xfe, 0xf9, 0xff, 0xff, 0xa7, 0x2f, 0x07,
  0x04, 0x00, 0x01, 0x00, 0x00, 0x00, 0x00, 0x05, 0x01, 0x08, 0x8a, 0xff, 0xff, 0xf8, 0xfe, 0xfe,
  0xfe, 0xff, 0xff, 0xfe, 0xff, 0xff, 0xfe, 0xfe, 0xfe, 0xff, 0xff, 0xfe, 0xfe, 0xfe, 0xfe, 0xfe,
  0xfe, 0xfe, 0xfe, 0xfe, 0xfe, 0xfe, 0xfe, 0xfe, 0xfe, 0xff, 0xff, 0xff, 0xff, 0xff, 0xff, 0xff,
  0xff, 0xff, 0xff, 0xff, 0xff, 0xff, 0xff, 0xff, 0xff, 0xff, 0xff, 0xff, 0xff, 0xfe, 0xfe, 0xfe,
  0xff, 0xff, 0xfe, 0xfe, 0xfe, 0xff, 0xfe, 0xfe, 0xff, 0xff, 0xfe, 0xfe, 0xfe, 0xfe, 0xfe, 0xfe,
  0xfe, 0xfd, 0xfe, 0xfb, 0xff, 0xf7, 0x77, 0x02, 0x00, 0x07, 0x00, 0x00, 0x00, 0x00, 0x00, 0x00,
  0x05, 0x00, 0x00, 0x51, 0xc9, 0xf8, 0xfb, 0xfe, 0xfd, 0xfe, 0xfe, 0xff, 0xfe, 0xfe, 0xfe, 0xff,
  0xff, 0xfe, 0xff, 0xff, 0xfe, 0xfe, 0xfe, 0xfe, 0xfe, 0xfe, 0xff, 0xff, 0xfe, 0xfe, 0xff, 0xfe,
  0xfe, 0xfe, 0xfe, 0xfd, 0xfa, 0xfa, 0xf9, 0xf9, 0xf8, 0xf8, 0xf8, 0xf9, 0xf9, 0xfa, 0xfb, 0xfd,
  0xfe, 0xff, 0xff, 0xff, 0xff, 0xff, 0xfe, 0xff, 0xff, 0xff, 0xff, 0xff, 0xfe, 0xfe, 0xff, 0xff,
  0xfe, 0xff, 0xff, 0xff, 0xfe, 0xfe, 0xfe, 0xfe, 0xfe, 0xfe, 0xfb, 0xfd, 0xfd, 0xf6, 0xb8, 0x41,
  0x00, 0x00, 0x06, 0x00, 0x00, 0x00, 0x00, 0x00, 0x00, 0x03, 0x01, 0x03, 0x20, 0x6f, 0xe0, 0xff,
  0xfe, 0xfc, 0xfe, 0xfe, 0xfe, 0xfe, 0xfe, 0xfe, 0xff, 0xff, 0xfe, 0xfe, 0xfe, 0xfe, 0xfe, 0xfe,
  0xfe, 0xfe, 0xfe, 0xff, 0xff, 0xfe, 0xff, 0xff, 0xfe, 0xfe, 0xfe, 0xfe, 0xfe, 0xfe, 0xfe, 0xfe,
  0xfe, 0xfe, 0xfe, 0xfe, 0xfe, 0xfe, 0xfe, 0xfe, 0xfe, 0xfe, 0xfe, 0xfe, 0xfe, 0xff, 0xff, 0xfe,
  0xff, 0xff, 0xff, 0xff, 0xff, 0xfe, 0xfe, 0xff, 0xff, 0xfe, 0xfe, 0xff, 0xff, 0xfe, 0xfe, 0xfe,
  0xfe, 0xfe, 0xfe, 0xfb, 0xff, 0xff, 0xdc, 0x61, 0x17, 0x02, 0x01, 0x02, 0x00, 0x00, 0x00, 0x00,
  0x00, 0x00, 0x01, 0x02, 0x03, 0x03, 0x21, 0xad, 0xf9, 0xfb, 0xfc, 0xfe, 0xfe, 0xfe, 0xff, 0xfe,
  0xfe, 0xff, 0xff, 0xfe, 0xfe, 0xfe, 0xfe, 0xff, 0xff, 0xfe, 0xfe, 0xff, 0xfe, 0xfe, 0xfe, 0xff,
  0xff, 0xff, 0xff, 0xfe, 0xfe, 0xfe, 0xff, 0xff, 0xfe, 0xfe, 0xfe, 0xff, 0xff, 0xff, 0xff, 0xff,
  0xff, 0xff, 0xff, 0xfe, 0xfe, 0xfe, 0xff, 0xff, 0xfe, 0xfe, 0xfe, 0xfe, 0xfe, 0xfe, 0xfe, 0xfe,
  0xff, 0xfe, 0xfe, 0xfe, 0xfe, 0xfe, 0xff, 0xff, 0xfe, 0xfe, 0xfe, 0xfd, 0xfc, 0xfd, 0xfa, 0xac,
  0x1e, 0x02, 0x03, 0x02, 0x00, 0x00, 0x00, 0x00, 0x00, 0x00, 0x00, 0x00, 0x01, 0x03, 0x00, 0x01,
  0x54, 0xc1, 0xff, 0xff, 0xfa, 0xfe, 0xff, 0xff, 0xfe, 0xfe, 0xfe, 0xff, 0xfe, 0xfe, 0xfe, 0xfe,
  0xff, 0xff, 0xfe, 0xfe, 0xff, 0xfe, 0xfe, 0xfe, 0xff, 0xfe, 0xff, 0xff, 0xfe, 0xfe, 0xfe, 0xff,
  0xff, 0xfe, 0xfe, 0xfe, 0xff, 0xff, 0xff, 0xff, 0xff, 0xff, 0xff, 0xff, 0xfe, 0xfe, 0xfe, 0xff,
  0xff, 0xfe, 0xfe, 0xfe, 0xfe, 0xfe, 0xfe, 0xfe, 0xfe, 0xff, 0xfe, 0xfe, 0xfe, 0xfe, 0xfe, 0xff,
  0xff, 0xfe, 0xfe, 0xfe, 0xfa, 0xff, 0xfe, 0xbd, 0x55, 0x03, 0x00, 0x03, 0x01, 0x00, 0x00, 0x00,
  0x00, 0x00, 0x00, 0x00, 0x00, 0x00, 0x01, 0x02, 0x00, 0x04, 0x67, 0xeb, 0xff, 0xfa, 0xfe, 0xfe,
  0xfe, 0xfe, 0xfe, 0xfe, 0xfe, 0xfe, 0xfe, 0xfe, 0xff, 0xff, 0xff, 0xff, 0xff, 0xff, 0xff, 0xff,
  0xff, 0xfe, 0xfe, 0xfe, 0xfe, 0xfe, 0xfe, 0xfe, 0xfe, 0xff, 0xff, 0xfe, 0xfe, 0xfe, 0xfe, 0xfe,
  0xff, 0xff, 0xfe, 0xff, 0xff, 0xfe, 0xfe, 0xfe, 0xfe, 0xfe, 0xff, 0xfe, 0xfe, 0xfe, 0xfe, 0xfe,
  0xff, 0xff, 0xfe, 0xfe, 0xfe, 0xff, 0xff, 0xfe, 0xfe, 0xfe, 0xfe, 0xfd, 0xff, 0xfb, 0xff, 0xdb,
  0x60, 0x05, 0x00, 0x01, 0x01, 0x00, 0x00, 0x00, 0x00, 0x00, 0x00, 0x00, 0x00, 0x00, 0x00, 0x00,
  0x03, 0x00, 0x00, 0x1c, 0x7e, 0xe0, 0xff, 0xfc, 0xf8, 0xfe, 0xfe, 0xfe, 0xff, 0xfe, 0xfe, 0xff,
  0xff, 0xff, 0xfe, 0xfe, 0xfe, 0xfe, 0xfe, 0xff, 0xff, 0xfe, 0xfe, 0xff, 0xff, 0xff, 0xff, 0xff,
  0xff, 0xfe, 0xff, 0xff, 0xfe, 0xfe, 0xfe, 0xfe, 0xfe, 0xff, 0xff, 0xfe, 0xff, 0xff, 0xfe, 0xff,
  0xff, 0xfe, 0xfe, 0xff, 0xfe, 0xfe, 0xff, 0xfe, 0xfe, 0xff, 0xff, 0xfe, 0xfe, 0xfe, 0xfe, 0xff,
  0xff, 0xfe, 0xfe, 0xfe, 0xf8, 0xfc, 0xff, 0xe5, 0x83, 0x1f, 0x00, 0x00, 0x02, 0x00, 0x00, 0x00,
  0x00, 0x00, 0x00, 0x00, 0x00, 0x00, 0x00, 0x00, 0x00, 0x02, 0x01, 0x05, 0x00, 0x1e, 0x9f, 0xf5,
  0xff, 0xfc, 0xfc, 0xfd, 0xfe, 0xff, 0xfe, 0xfe, 0xff, 0xff, 0xff, 0xfe, 0xfe, 0xfe, 0xfe, 0xfe,
  0xff, 0xff, 0xfe, 0xfe, 0xff, 0xff, 0xff, 0xff, 0xff, 0xff, 0xfe, 0xff, 0xff, 0xfe, 0xfe, 0xfe,
  0xfe, 0xfe, 0xff, 0xff, 0xfe, 0xff, 0xff, 0xfe, 0xff, 0xff, 0xfe, 0xfe, 0xff, 0xfe, 0xfe, 0xff,
  0xfe, 0xfe, 0xff, 0xff, 0xfe, 0xfe, 0xfe, 0xfe, 0xff, 0xff, 0xfe, 0xfd, 0xfd, 0xfc, 0xff, 0xf5,
  0xa5, 0x2e, 0x04, 0x05, 0x01, 0x02, 0x00, 0x00, 0x00, 0x00, 0x00, 0x00, 0x00, 0x00, 0x00, 0x00,
  0x00, 0x00, 0x00, 0x00, 0x04, 0x00, 0x01, 0x4e, 0xb4, 0xfb, 0xff, 0xfa, 0xfc, 0xfe, 0xfe, 0xfe,
  0xfe, 0xfe, 0xfe, 0xfe, 0xff, 0xff, 0xff, 0xfe, 0xfe, 0xfe, 0xfe, 0xfe, 0xfe, 0xfe, 0xfe, 0xfe,
  0xfe, 0xfe, 0xfe, 0xfe, 0xfe, 0xfe, 0xfe, 0xfe, 0xff, 0xfe, 0xfe, 0xfe, 0xff, 0xff, 0xfe, 0xfe,
  0xfe, 0xfe, 0xfe, 0xfe, 0xfe, 0xfe, 0xfe, 0xfe, 0xfe, 0xfe, 0xfe, 0xfe, 0xfe, 0xff, 0xfe, 0xfe,
  0xfe, 0xfe, 0xfe, 0xfe, 0xfc, 0xfb, 0xff, 0xfb, 0xb5, 0x50, 0x03, 0x00, 0x04, 0x00, 0x00, 0x00,
  0x00, 0x00, 0x00, 0x00, 0x00, 0x00, 0x00, 0x00, 0x00, 0x00, 0x00, 0x00, 0x00, 0x03, 0x03, 0x00,
  0x14, 0x51, 0xb7, 0xf5, 0xff, 0xfc, 0xf8, 0xfd, 0xff, 0xfe, 0xfe, 0xfe, 0xfe, 0xff, 0xff, 0xff,
  0xfe, 0xfe, 0xfe, 0xfe, 0xff, 0xff, 0xfe, 0xfe, 0xfe, 0xfe, 0xff, 0xff, 0xfe, 0xfe, 0xff, 0xff,
  0xff, 0xff, 0xfe, 0xfe, 0xfe, 0xff, 0xff, 0xfe, 0xfe, 0xfe, 0xfe, 0xfe, 0xfe, 0xfe, 0xff, 0xff,
  0xff, 0xfe, 0xfe, 0xff, 0xff, 0xff, 0xff, 0xff, 0xff, 0xfe, 0xfe, 0xfd, 0xf8, 0xfc, 0xff, 0xf5,
  0xb7, 0x52, 0x13, 0x00, 0x02, 0x03, 0x00, 0x00, 0x00, 0x00, 0x00, 0x00, 0x00, 0x00, 0x00, 0x00,
  0x00, 0x00, 0x00, 0x00, 0x00, 0x00, 0x00, 0x02, 0x01, 0x00, 0x07, 0x54, 0xb8, 0xf9, 0xff, 0xfe,
  0xff, 0xff, 0xff, 0xfe, 0xfe, 0xfe, 0xff, 0xff, 0xfe, 0xfe, 0xfe, 0xfe, 0xfe, 0xff, 0xff, 0xff,
  0xff, 0xfe, 0xfe, 0xff, 0xff, 0xfe, 0xfe, 0xff, 0xff, 0xff, 0xfe, 0xfe, 0xfe, 0xfe, 0xff, 0xff,
  0xfe, 0xfe, 0xfe, 0xff, 0xff, 0xfe, 0xfe, 0xff, 0xff, 0xff, 0xfe, 0xfe, 0xff, 0xff, 0xff, 0xfe,
  0xff, 0xff, 0xfe, 0xfe, 0xfe, 0xfe, 0xff, 0xf9, 0xb8, 0x55, 0x08, 0x00, 0x02, 0x02, 0x00, 0x00,
  0x00, 0x00, 0x00, 0x00, 0x00, 0x00, 0x00, 0x00, 0x00, 0x00, 0x00, 0x00, 0x00, 0x00, 0x00, 0x00,
  0x01, 0x00, 0x00, 0x00, 0x0d, 0x4f, 0xb3, 0xfd, 0xff, 0xfd, 0xf8, 0xfe, 0xff, 0xff, 0xfe, 0xfe,
  0xfe, 0xff, 0xff, 0xfe, 0xff, 0xff, 0xff, 0xfe, 0xfe, 0xff, 0xff, 0xfe, 0xfe, 0xfe, 0xff, 0xff,
  0xfe, 0xfe, 0xfe, 0xfe, 0xfe, 0xfe, 0xfe, 0xfe, 0xfe, 0xff, 0xff, 0xff, 0xff, 0xff, 0xfe, 0xfe,
  0xfe, 0xff, 0xff, 0xfe, 0xfe, 0xfe, 0xfe, 0xfe, 0xfe, 0xfe, 0xfe, 0xfe, 0xf8, 0xfb, 0xff, 0xff,
  0xb3, 0x4e, 0x0e, 0x00, 0x00, 0x01, 0x01, 0x00, 0x00, 0x00, 0x00, 0x00, 0x00, 0x00, 0x00, 0x00,
  0x00, 0x00, 0x00, 0x00, 0x00, 0x00, 0x00, 0x00, 0x00, 0x00, 0x00, 0x05, 0x03, 0x00, 0x0d, 0x50,
  0xa7, 0xe0, 0xff, 0xff, 0xff, 0xfd, 0xfd, 0xfd, 0xfe, 0xfe, 0xff, 0xff, 0xfe, 0xff, 0xff, 0xff,
  0xfe, 0xfe, 0xff, 0xff, 0xfe, 0xfe, 0xfe, 0xff, 0xff, 0xfe, 0xfe, 0xfe, 0xfe, 0xfe, 0xfe, 0xfe,
  0xfe, 0xfe, 0xff, 0xff, 0xff, 0xff, 0xff, 0xfe, 0xfe, 0xfe, 0xff, 0xff, 0xfe, 0xfe, 0xfe, 0xfe,
  0xfe, 0xfe, 0xfd, 0xfc, 0xff, 0xff, 0xff, 0xdd, 0xa2, 0x4f, 0x0c, 0x00, 0x03, 0x05, 0x00, 0x00,
  0x00, 0x00, 0x00, 0x00, 0x00, 0x00, 0x00, 0x00, 0x00, 0x00, 0x00, 0x00, 0x00, 0x00, 0x00, 0x00,
  0x00, 0x00, 0x00, 0x00, 0x00, 0x00, 0x02, 0x00, 0x03, 0x2d, 0x81, 0xd9, 0xfe, 0xfd, 0xfe, 0xfe,
  0xfe, 0xfe, 0xfe, 0xff, 0xff, 0xff, 0xfe, 0xfe, 0xfe, 0xfe, 0xfe, 0xff, 0xff, 0xfe, 0xff, 0xff,
  0xff, 0xfe, 0xfe, 0xff, 0xff, 0xff, 0xfe, 0xfe, 0xfe, 0xfe, 0xfe, 0xfe, 0xfe, 0xfe, 0xff, 0xff,
  0xfe, 0xfe, 0xfe, 0xff, 0xff, 0xfe, 0xfe, 0xfe, 0xfe, 0xfe, 0xff, 0xfe, 0xfd, 0xfc, 0xff, 0xe9,
  0x7a, 0x1e, 0x01, 0x00, 0x02, 0x00, 0x00, 0x00, 0x00, 0x00, 0x00, 0x00, 0x00, 0x00, 0x00, 0x00,
  0x00, 0x00, 0x00, 0x00, 0x00, 0x00, 0x00, 0x00, 0x00, 0x00, 0x00, 0x00, 0x00, 0x00, 0x00, 0x03,
  0x00, 0x00, 0x00, 0x23, 0x5f, 0xb6, 0xfa, 0xff, 0xff, 0xfc, 0xf7, 0xfb, 0xfd, 0xff, 0xff, 0xff,
  0xff, 0xff, 0xff, 0xff, 0xfe, 0xfe, 0xfe, 0xff, 0xff, 0xfe, 0xfe, 0xfe, 0xff, 0xff, 0xfe, 0xfe,
  0xfe, 0xfe, 0xfe, 0xff, 0xff, 0xff, 0xfe, 0xfe, 0xfe, 0xfe, 0xfe, 0xff, 0xfe, 0xfe, 0xfe, 0xfe,
  0xfd, 0xfb, 0xf8, 0xf9, 0xff, 0xff, 0xf9, 0xb6, 0x66, 0x20, 0x00, 0x00, 0x00, 0x03, 0x00, 0x00,
  0x00, 0x00, 0x00, 0x00, 0x00, 0x00, 0x00, 0x00, 0x00, 0x00, 0x00, 0x00, 0x00, 0x00, 0x00, 0x00,
  0x00, 0x00, 0x00, 0x00, 0x00, 0x00, 0x00, 0x00, 0x00, 0x02, 0x04, 0x02, 0x00, 0x03, 0x52, 0xaa,
  0xdd, 0xf4, 0xff, 0xff, 0xff, 0xff, 0xfe, 0xfe, 0xfe, 0xff, 0xff, 0xff, 0xff, 0xfe, 0xfe, 0xfe,
  0xff, 0xff, 0xfe, 0xfe, 0xfe, 0xff, 0xff, 0xfe, 0xfe, 0xfe, 0xfe, 0xfe, 0xff, 0xff, 0xff, 0xfe,
  0xfe, 0xfe, 0xfe, 0xfe, 0xff, 0xfe, 0xfe, 0xfd, 0xfc, 0xfe, 0xff, 0xff, 0xff, 0xf9, 0xdf, 0xaa,
  0x51, 0x00, 0x00, 0x04, 0x04, 0x02, 0x00, 0x00, 0x00, 0x00, 0x00, 0x00, 0x00, 0x00, 0x00, 0x00,
  0x00, 0x00, 0x00, 0x00, 0x00, 0x00, 0x00, 0x00, 0x00, 0x00, 0x00, 0x00, 0x00, 0x00, 0x00, 0x00,
  0x00, 0x00, 0x00, 0x00, 0x00, 0x00, 0x00, 0x09, 0x1e, 0x5e, 0xb0, 0xf5, 0xff, 0xff, 0xfd, 0xf9,
  0xfc, 0xfc, 0xfd, 0xfe, 0xfe, 0xfe, 0xfe, 0xfe, 0xfe, 0xfe, 0xfe, 0xfe, 0xfe, 0xfe, 0xff, 0xff,
  0xfe, 0xfe, 0xfe, 0xff, 0xff, 0xfe, 0xfe, 0xfe, 0xfe, 0xff, 0xff, 0xff, 0xfe, 0xfe, 0xfe, 0xfd,
  0xfa, 0xf7, 0xfa, 0xff, 0xff, 0xff, 0xc3, 0x6a, 0x20, 0x09, 0x00, 0x00, 0x00, 0x00, 0x00, 0x00,
  0x00, 0x00, 0x00, 0x00, 0x00, 0x00, 0x00, 0x00, 0x00, 0x00, 0x00, 0x00, 0x00, 0x00, 0x00, 0x00,
  0x00, 0x00, 0x00, 0x00, 0x00, 0x00, 0x00, 0x00, 0x00, 0x00, 0x00, 0x00, 0x00, 0x01, 0x04, 0x03,
  0x00, 0x00, 0x11, 0x47, 0x76, 0xa4, 0xd3, 0xff, 0xff, 0xff, 0xff, 0xfe, 0xf8, 0xf9, 0xfa, 0xfb,
  0xfc, 0xfd, 0xfd, 0xfd, 0xfd, 0xfe, 0xfe, 0xff, 0xff, 0xfe, 0xfe, 0xfe, 0xff, 0xfe, 0xfd, 0xfd,
  0xfd, 0xfc, 0xfd, 0xfc, 0xfb, 0xfa, 0xfa, 0xfe, 0xff, 0xff, 0xff, 0xff, 0xe4, 0xb6, 0x8a, 0x54,
  0x19, 0x00, 0x00, 0x03, 0x04, 0x01, 0x00, 0x00, 0x00, 0x00, 0x00, 0x00, 0x00, 0x00, 0x00, 0x00,
  0x00, 0x00, 0x00, 0x00, 0x00, 0x00, 0x00, 0x00, 0x00, 0x00, 0x00, 0x00, 0x00, 0x00, 0x00, 0x00,
  0x00, 0x00, 0x00, 0x00, 0x00, 0x00, 0x00, 0x00, 0x00, 0x02, 0x03, 0x03, 0x00, 0x00, 0x25, 0x75,
  0xc6, 0xef, 0xf6, 0xfc, 0xfe, 0xff, 0xff, 0xff, 0xff, 0xff, 0xff, 0xff, 0xff, 0xfe, 0xfe, 0xfe,
  0xfe, 0xfe, 0xff, 0xfe, 0xfe, 0xfe, 0xfe, 0xfe, 0xff, 0xff, 0xff, 0xff, 0xff, 0xff, 0xff, 0xff,
  0xff, 0xfb, 0xf4, 0xf1, 0xd8, 0x93, 0x41, 0x06, 0x00, 0x01, 0x03, 0x02, 0x00, 0x00, 0x00, 0x00,
  0x00, 0x00, 0x00, 0x00, 0x00, 0x00, 0x00, 0x00, 0x00, 0x00, 0x00, 0x00, 0x00, 0x00, 0x00, 0x00,
  0x00, 0x00, 0x00, 0x00, 0x00, 0x00, 0x00, 0x00, 0x00, 0x00, 0x00, 0x00, 0x00, 0x00, 0x00, 0x00,
  0x00, 0x00, 0x01, 0x02, 0x00, 0x00, 0x00, 0x01, 0x19, 0x34, 0x62, 0x9a, 0xc5, 0xf2, 0xff, 0xff,
  0xff, 0xff, 0xff, 0xff, 0xfe, 0xfc, 0xfb, 0xf8, 0xf6, 0xf6, 0xf6, 0xf7, 0xf6, 0xf6, 0xf6, 0xf8,
  0xfb, 0xfc, 0xff, 0xff, 0xff, 0xff, 0xff, 0xff, 0xff, 0xfb, 0xcb, 0x83, 0x52, 0x3a, 0x23, 0x09,
  0x00, 0x00, 0x00, 0x01, 0x01, 0x00, 0x00, 0x00, 0x00, 0x00, 0x00, 0x00, 0x00, 0x00, 0x00, 0x00,
  0x00, 0x00, 0x00, 0x00, 0x00, 0x00, 0x00, 0x00, 0x00, 0x00, 0x00, 0x00, 0x00, 0x00, 0x00, 0x00,
  0x00, 0x00, 0x00, 0x00, 0x00, 0x00, 0x00, 0x00, 0x00, 0x00, 0x00, 0x00, 0x00, 0x02, 0x05, 0x07,
  0x03, 0x00, 0x00, 0x04, 0x3a, 0x63, 0x8e, 0xb5, 0xc3, 0xd1, 0xe2, 0xee, 0xf8, 0xff, 0xff, 0xff,
  0xff, 0xff, 0xff, 0xff, 0xff, 0xff, 0xff, 0xff, 0xff, 0xff, 0xff, 0xff, 0xf3, 0xe7, 0xdd, 0xd1,
  0xc2, 0xaf, 0x98, 0x68, 0x23, 0x00, 0x00, 0x00, 0x00, 0x05, 0x05, 0x02, 0x00, 0x00, 0x00, 0x00,
  0x00, 0x00, 0x00, 0x00, 0x00, 0x00, 0x00, 0x00, 0x00, 0x00, 0x00, 0x00, 0x00, 0x00, 0x00, 0x00,
  0x00, 0x00, 0x00, 0x00, 0x00, 0x00, 0x00, 0x00, 0x00, 0x00, 0x00, 0x00, 0x00, 0x00, 0x00, 0x00,
  0x00, 0x00, 0x00, 0x00, 0x00, 0x00, 0x00, 0x00, 0x00, 0x00, 0x00, 0x00, 0x00, 0x02, 0x06, 0x07,
  0x09, 0x2a, 0x57, 0x7f, 0xa0, 0xbb, 0xd2, 0xdd, 0xe7, 0xfb, 0xff, 0xff, 0xff, 0xff, 0xff, 0xff,
  0xff, 0xfa, 0xe7, 0xde, 0xcc, 0xac, 0x8d, 0x71, 0x52, 0x33, 0x17, 0x09, 0x05, 0x01, 0x00, 0x00,
  0x00, 0x00, 0x00, 0x00, 0x00, 0x00, 0x00, 0x00, 0x00, 0x00, 0x00, 0x00, 0x00, 0x00, 0x00, 0x00,
  0x00, 0x00, 0x00, 0x00, 0x00, 0x00, 0x00, 0x00, 0x00, 0x00, 0x00, 0x00, 0x00, 0x00, 0x00, 0x00,
  0x00, 0x00, 0x00, 0x00, 0x00, 0x00, 0x00, 0x00, 0x00, 0x00, 0x00, 0x00, 0x00, 0x00, 0x00, 0x00,
  0x00, 0x00, 0x01, 0x02, 0x04, 0x00, 0x00, 0x00, 0x00, 0x00, 0x00, 0x0d, 0x20, 0x2e, 0x3b, 0x46,
  0x4b, 0x4f, 0x59, 0x5f, 0x5f, 0x5e, 0x5f, 0x5f, 0x5f, 0x5f, 0x58, 0x4f, 0x4b, 0x43, 0x34, 0x26,
  0x19, 0x0b, 0x00, 0x00, 0x00, 0x00, 0x00, 0x02, 0x04, 0x03, 0x01, 0x00, 0x00, 0x00, 0x00, 0x00,
  0x00, 0x00, 0x00, 0x00, 0x00, 0x00, 0x00, 0x00, 0x00, 0x00, 0x00, 0x00, 0x00, 0x00, 0x00, 0x00,
  0x00, 0x00, 0x00, 0x00, 0x00, 0x00, 0x00, 0x00, 0x00, 0x00, 0x00, 0x00, 0x00, 0x00, 0x00, 0x00,
  0x00, 0x00, 0x00, 0x00, 0x00, 0x00, 0x00, 0x00, 0x00, 0x00, 0x00, 0x00, 0x00, 0x00, 0x01, 0x03,
  0x05, 0x07, 0x08, 0x04, 0x00, 0x00, 0x00, 0x00, 0x00, 0x00, 0x00, 0x00, 0x00, 0x00, 0x00, 0x00,
  0x00, 0x00, 0x00, 0x00, 0x00, 0x00, 0x00, 0x00, 0x00, 0x00, 0x00, 0x02, 0x06, 0x07, 0x05, 0x02,
  0x01, 0x00, 0x00, 0x00, 0x00, 0x00, 0x00, 0x00, 0x00, 0x00, 0x00, 0x00, 0x00, 0x00, 0x00, 0x00,
  0x00, 0x00, 0x00, 0x00, 0x00, 0x00, 0x00, 0x00, 0x00, 0x00, 0x00, 0x00
};

const lv_image_dsc_t velaguard_img_icon_rainbow_rain_blue_0 =
{
  .header.magic = LV_IMAGE_HEADER_MAGIC,
  .header.cf = LV_COLOR_FORMAT_RGB565A8,
  .header.flags = 0,
  .header.w = 89,
  .header.h = 116,
  .header.stride = 178,
  .data_size = sizeof(velaguard_img_icon_rainbow_rain_blue_0_data),
  .data = velaguard_img_icon_rainbow_rain_blue_0_data,
};
